Time,Learning rate,Train loss,Validation loss,MAE_energy,MAE_energy_grad
45.21175575256348,0.0003,304695.3953227281,3704.5788760577693,156.40068421576433,28.576141798448234
90.03135919570923,0.0003,2363.574813537042,1724.6386883997516,92.70596884952229,19.827789993484956
134.86986112594604,0.0003,1419.1813751387465,1192.193987231694,79.93070682598527,16.420613573995105
179.70963644981384,0.0003,1066.889260036003,936.1101213669839,67.90517515923567,14.632997339690437
224.49491477012634,0.0003,873.8353456479821,779.9020102849082,65.30266066630175,13.537598280916844
269.2390968799591,0.0003,757.3288924865167,951.1986610555389,91.9473831857086,12.490540415482114
313.99499225616455,0.0003,646.6023405259207,623.4178769847053,61.440679115246816,11.772162408443892
358.8051702976227,0.0003,555.8884471900259,533.4980317470729,49.669958029583,11.146773048201453
403.6394741535187,0.0003,515.067111267201,473.1290191961278,48.95093333250398,10.606771943852168
448.4779076576233,0.0003,484.6272114071038,435.7928874652269,45.98981964694467,10.226759709636342
493.25189542770386,0.0003,465.7654251849065,424.59132368841944,50.24240987012341,9.914783581472598
538.1512894630432,0.0003,410.1401412991661,497.27177609441634,56.078529775826034,9.54053467780147
582.8950459957123,0.0003,397.73843092510174,404.0036352356868,50.56861393436505,9.390965034697544
627.7799246311188,0.0003,362.86713778247383,364.55010555423684,43.74522261892914,9.159053288863223
672.60338306427,0.0003,345.6339262415151,330.9687736187691,42.510498902144704,8.798937850430388
717.3455305099487,0.0003,458.61154908560667,320.12753279124973,41.026726323024484,8.609538199997038
763.0478644371033,0.0003,333.5604129867693,293.6920675017884,38.12376887813495,8.531714351111505
807.909511089325,0.0003,312.7366581150743,303.32917369489167,40.948380585688696,8.192984081329463
852.6808400154114,0.0003,340.2192552576951,423.16798701427524,64.90389738629578,8.079225447045527
897.4471817016602,0.0003,351.1912042669911,261.9916762232018,35.601781371292795,7.883433727320738
942.2313439846039,0.0003,276.34429599782806,310.99568667543974,46.32632084743233,7.7762716983041145
986.9800353050232,0.0003,327.05862683572406,247.6138338581981,37.40517982434315,7.637824564553226
1031.7949495315552,0.0003,280.7873902256589,664.6248879561688,95.89977498631569,7.5280325955786545
1076.5909700393677,0.0003,410.3986989061255,231.2097080486472,32.908738446083795,7.667867353460871
1121.4524765014648,0.0003,280.7028280734147,226.4921249675231,35.13094101438097,7.365873509436942
1166.321818113327,0.0003,361.090686591032,235.7591279883657,37.05155721287819,7.152441182603845
1211.0839097499847,0.0003,293.38087827477517,353.83121806390756,54.78702991266919,7.079797225430387
1255.8698189258575,0.0003,366.35763370812697,198.4420584159224,29.74530301428145,6.829544320189726
1300.6665225028992,0.0003,420.06749225331566,204.76695205410124,31.387283150253783,7.27442080273237
1345.4826261997223,0.0003,368.9873978800678,295.084168899706,52.06847701346039,7.2443503588209746
1390.2375755310059,0.0003,681.7555673512387,650.0486110315818,90.55507034982087,7.326979700332662
1434.9863467216492,0.0003,1191.1715469888434,3762.4790763213323,247.20043541003184,7.948843672263681
1479.7172853946686,0.0003,2880.0268678314264,346.37212704439577,58.31752587579618,6.958986071625997
1524.407324552536,0.0003,449.5230678593092,302.5007853074425,54.35390267341759,6.350646784677801
1569.1854915618896,0.0003,257.8436684419114,227.2827478505966,41.82524250783738,6.52641134604754
1613.9424951076508,0.0003,596.4057862551051,429.52483240130726,75.65147712853305,6.275506088111032
1658.719561100006,0.0003,3193.595131240039,1843.4595649507762,157.20306901871018,12.719376887882019
1703.4633524417877,0.0003,507.04273877308884,406.1698129747468,67.54864206496318,5.95912450088348
1748.3556163311005,0.0003,293.0841626109973,206.68925129832377,42.10613461634156,5.822455361770019
1793.1600983142853,0.0003,206.38646833909667,157.8083423519609,29.703537317749802,5.749349305370469
1837.9617612361908,0.0003,311.1606715801635,464.74563995556537,80.0571315498109,5.721904999432401
1882.7157459259033,0.0003,1776.8153660063751,625.3151592732719,92.63939216759555,6.8320376509071705
1927.4313526153564,0.0003,529.9301556585482,328.955155786127,62.66218510524482,5.967150929997828
1972.130132675171,0.0003,508.5347573035402,264.16276849251,51.371509799835785,6.130670679341388
2016.9438529014587,0.0003,492.33523447283414,911.878317894808,114.31093921053942,6.161979120395048
2061.724381685257,0.0003,2893.5668451250144,1965.0210997884462,182.01485059215764,7.394103592281647
2106.4777040481567,0.0003,422.2658010180531,744.9297586744245,108.19220849298368,5.674579067090145
2151.298397541046,0.0003,313.1882577753675,986.0238845619142,120.14752376094745,5.546537741599542
2196.138714313507,0.0003,266.6909033325418,126.14976993462282,25.140444304836784,5.260567558413291
2241.053993701935,0.0003,488.47762168787,1428.3586698031884,150.53545108479298,5.655873148518321
2285.7378492355347,0.0003,314.34958633950936,208.44275448493443,46.8510452950836,5.270895800017768
2330.577540397644,0.0003,993.4990070391657,631.2337163871398,97.07348399557125,6.1562721641050695
2375.4834339618683,0.0003,882.887358718622,389.1132886722567,72.03687098800756,5.629033281015557
2420.330403804779,0.0003,597.3504671802069,132.15506349196227,28.23893708636047,5.214426919840283
2465.078078508377,0.0003,849.9675601590961,1293.956710766989,148.3387913017516,6.25705438580905
2509.7584331035614,0.0003,1253.0132922785747,523.7953535559392,86.49944951731688,5.435753863371634
2554.5626475811005,0.0003,235.54518450405212,371.38056097511884,73.21335869078423,4.9897746047786855
2599.2917988300323,0.0003,458.96241381702526,420.84941094350376,78.38239403985868,5.293634120444405
2644.1071326732635,0.0003,227.6677764781403,107.1771164280237,22.626379627786623,4.975371468550106
2688.9291388988495,0.0003,709.6312583714887,461.55552605161506,78.5705412457703,5.917449505325555
2733.6630260944366,0.0003,298.4899374039447,202.228296808687,45.94026049960191,5.0530392124200425
2778.45077085495,0.0003,283.2294588460731,527.1548894842889,87.8183665281648,5.178552572887053
2823.1990609169006,0.0003,1017.8697736340577,124.05026459882565,29.81003849491192,4.943977918566888
2867.9380271434784,0.0003,1809.5146280479778,2470.1866793265813,201.57926390824045,5.668840353046277
2912.6753318309784,0.0003,340.5173817785711,177.59548394140603,43.30186728702229,4.793606465440654
2957.4429199695587,0.0003,194.31626523544227,535.0589449082017,90.77401472929937,4.721295771884624
3002.1873018741608,0.0003,455.2447398868415,578.7313321986376,97.30046200114451,4.851158641317223
3046.8960399627686,0.0003,789.4414939505155,502.28210961387725,88.26454860419985,4.723522223332741
3091.6618118286133,0.0003,221.28429865880526,136.9660247867804,34.871424661624204,4.670431001613954
3136.4674689769745,0.0003,203.28147489342751,386.91481850449435,75.34893044635749,4.510240896213378
3181.1955432891846,0.0003,521.0668439243226,1645.3252949757814,170.31630548367835,6.206602389219577
3226.044538497925,0.0003,462.71276312934026,115.37034321134053,28.112487209830313,4.9113172820174915
3270.8333320617676,0.0003,322.8107523044385,272.3316769344833,61.9314154558121,4.5914625779831
3315.6287548542023,0.0003,309.32189782425786,93.485261054492,23.457682032494027,4.485556514920438
3361.0070691108704,0.0003,176.37203893887323,799.8317582995088,116.6776267665207,4.386245746095909
3405.834512233734,0.0003,708.3166079661885,1132.4875037277573,128.10237236265922,5.713410278407072
3450.626561641693,0.0003,539.5490648891539,79.31517605070988,19.241406949766123,4.339635296360459
3495.431445121765,0.0003,135.92548427894468,108.56649188322073,29.97445612621915,4.25788093572317
3540.204346895218,0.0003,251.0035280321465,1301.9133559902311,141.07947539311306,4.781822534154624
3584.9869532585144,0.0003,321.2665214163358,101.5932530670419,29.652610438644505,4.264133712020256
3629.780161380768,0.0003,156.741894061535,233.23205927830966,56.13179620633459,4.325670876766959
3674.6034877300262,0.0003,225.69742089777046,145.01277008598885,41.39123472954817,4.22776579342869
3719.3559181690216,0.0003,372.26761431806943,550.6879120993688,94.15855518511147,4.315601154692806
3764.120553970337,0.0003,250.46065051525235,175.07581119641284,47.1796603646248,4.1302082716378425
3808.895532846451,0.0003,302.90919445155964,721.2071411797967,111.84656461484873,4.492977680422293
3853.617367506027,0.0003,232.6501612428759,469.05281875997156,87.76917017068074,4.102222695735114
3898.592720270157,0.0003,175.94675817159572,93.06343321683875,26.456290897442276,4.068889755710535
3943.4376981258392,0.0003,505.2637471628102,519.5674578592806,79.6266222133758,5.57220133058665
3988.1335847377777,0.0003,1145.842390239,560.3766779794989,76.63722211509753,6.67370936118021
4032.837744474411,0.0003,215.94281893314994,91.61362661882701,23.768724886171377,4.3458724097148185
4077.635556936264,0.0003,88.04426280092889,58.63736532500953,14.40461363579817,4.094734953086749
4122.497371435165,0.0003,147.99831208609493,90.94471518040494,28.858940756245023,4.003538807080668
4167.560231208801,0.0003,89.43516615848506,68.92951000026548,21.789472912830913,3.8949535479225896
4212.413724660873,0.0003,90.79912557410846,60.80602883395638,19.704354333573846,3.8313575815120826
4257.261945724487,0.0003,75.90823481547594,55.30451891640865,16.873912641197254,3.8743450406696676
4302.193166255951,0.0003,312.91119845308674,613.9287033446167,98.64298181230096,4.438813759204967
4346.886455774307,0.0003,172.55278790861314,62.143710755703154,21.34462066456011,3.6780270738322276
4391.6254670619965,0.0003,137.19574077168448,155.64940810539068,42.50987074542198,4.0364247247147205
4436.352013349533,0.0003,216.10962358485153,301.52529917493075,64.91432063594745,4.011213525625839
4481.192621946335,0.0003,193.0005612343821,492.55530472578977,91.91493067650279,3.97593500287501
4525.9533677101135,0.0003,211.7321283309186,47.46553361048153,13.27987033333748,3.7271342321132432
4570.764301538467,0.0003,64.05083595512126,70.66348706181934,25.04363679339172,3.5806861340618337
4615.533822059631,0.0003,153.56001688361386,44.33817036711641,12.044132810944964,3.677704005394654
4660.320704936981,0.0003,300.40523475410725,125.79534419099744,35.334040900552345,3.9543945852335542
4705.2055830955505,0.0003,93.63184028097406,39.0948081829231,10.19990125522492,3.4142362730617744
4750.040056705475,0.0003,66.15968629180408,44.63738670556982,15.274489326234077,3.408599086659954
4794.890070676804,0.0003,51.23818521690716,42.42963471926662,13.3533546787918,3.4403812411158494
4839.673622608185,0.0003,88.60307316319756,63.0087644479874,24.08208793105593,3.3600287485563256
4884.509852409363,0.0003,63.023985690757875,49.596320518885875,17.708445049698945,3.3373668765547264
4929.284180164337,0.0003,124.94113999663806,130.267647307576,36.44830065684713,3.656188103998855
4973.951299667358,0.0003,437.21090539261724,378.4457872583696,62.77265562798567,4.724447532303759
5018.735353469849,0.0003,123.18379178351175,39.24724726691627,12.438795811355494,3.351746020949321
5064.041964292526,0.0003,58.921731545147786,43.592931651368694,14.399738753980891,3.2405948000572535
5108.796413898468,0.0003,118.02698280876452,47.02735173546909,16.364105652244227,3.5341091464182064
5153.534797668457,0.0003,79.89254023789925,33.38077856803556,10.044332905180136,3.16615232678374
5198.305443286896,0.0003,39.27008569574964,80.43456308798213,29.037522081508758,3.1299800368815642
5242.998232603073,0.0003,41.64035883696787,41.90153139932719,16.124470238169287,3.1213672538226525
5287.729412317276,0.0003,81.5769067371695,100.5702392205783,31.64378895364749,3.3668508662663865
5332.453562498093,0.0003,60.764386521358524,59.32726733079597,23.65404414280205,3.1911988991673574
5377.13948392868,0.0003,97.27181171215732,43.672862742698975,15.541368015556579,3.165150800745775
5421.796878814697,0.0003,149.74176538672387,47.88873297775619,19.559490422534335,3.126516583130972
5466.511501073837,0.0003,65.78512583247951,197.92400649341184,52.40635006655553,3.329557145139876
5511.340334177017,0.0003,298.0318061244944,41.095931133639894,14.498116307349722,3.129274510384585
5556.149140834808,0.0003,42.184743055055264,88.64666959052684,33.79299705165207,2.9732638618971117
5600.855205774307,0.0003,52.21376480213714,44.944019564348665,18.708755629229696,2.9202056858255845
5646.268267154694,0.0003,56.97975733119499,27.242339770044374,7.5116781441269405,2.9286694781301823
5691.172219514847,0.0003,31.975791740070058,147.91377780085574,49.15630147168591,2.8359657989504363
5736.007189035416,0.0003,45.43255824938498,28.158862169306868,9.486099029346637,2.860621727054213
5780.786078929901,0.0003,46.48699416975289,51.2628239922432,21.155984633135947,3.027753593145384
5825.551321983337,0.0003,146.30978500352313,74.71071437138907,30.205388199144107,3.1060971956931613
5870.391327381134,0.0003,64.70289393079302,218.3230027615191,58.925483382887144,3.094281514365178
5915.196580648422,0.0003,48.34440213952125,46.08514003920855,20.449384866702328,2.775751505061498
5960.087732553482,0.0003,29.460789120088727,25.657570220090516,8.774239393100617,2.728826859471245
6004.986660957336,0.0003,30.231897147062263,23.437614946471545,7.086807892428841,2.6714170652195373
6049.924606561661,0.0003,22.61403754048443,23.901310779053688,8.537022526249006,2.6638609793912384
6094.7242159843445,0.0003,58.355390049112735,76.56579151637067,27.402082737236267,2.886531982325476
6139.531525373459,0.0003,55.32489628470444,37.89065371461176,16.493741291799363,2.712771132402225
6184.308871984482,0.0003,84.58321204055203,56.72079535590278,26.030011025204022,2.6211406462849443
6229.078879833221,0.0003,156.75930102892045,39.92346094642536,16.53376791401274,2.9300874178833016
6273.814738988876,0.0003,51.45707672619429,26.12793696994777,8.639276161922771,2.824042651789416
6319.0729286670685,0.0003,24.517394494228675,42.89830897814062,20.88888923013286,2.5666502286743365
6363.803589344025,0.0003,46.130509573514345,33.00822914293439,15.225244801515228,2.5580666083027324
6408.561245203018,0.0003,35.98899055995142,24.76636505614974,9.650999052205663,2.548843151707978
6453.1905653476715,0.0003,27.716975675211145,20.78588365872475,6.841007616565486,2.4529424083390095
6497.948328733444,0.0003,27.772086650382843,27.254753481158428,12.629748185273188,2.497386656129077
6542.608158588409,0.0003,93.53644707129084,55.65169947140026,18.23802770140824,3.27104456326996
6587.402869462967,0.0003,170.19317251806484,80.60774221955755,28.337166483690783,2.8658658476281786
6632.099568128586,0.0003,26.439313450450236,20.477803974065754,6.928090439328722,2.4121350249003
6676.875505924225,0.0003,19.47047991031723,20.0527954843987,7.093240123189938,2.379797503060096
6721.666309833527,0.0003,16.499281290189817,29.220413824992846,14.3313856380001,2.2958140881961717
6766.2669088840485,0.0003,17.1522930166109,21.302105238425792,9.490124803287967,2.3440461692035854
6810.939837932587,0.0003,19.855414103593112,18.59018155165516,6.567708475878284,2.2843680515453486
6855.758908510208,0.0003,32.063094008815746,44.845911272451566,21.26136754515824,2.4844396607303265
6900.392020225525,0.0003,38.00449595494783,33.503611634269596,15.003216552734376,2.3779738499035084
6945.140591144562,0.0003,17.97291368856239,17.249725534655532,5.485921939922746,2.2795242190276297
6989.941259860992,0.0003,24.121547800421933,92.77816628295928,35.47581631605792,2.420698875723071
7034.687611103058,0.0003,23.31712000834703,35.047551331455686,18.587710551851114,2.2746986252393784
7079.428488492966,0.0003,73.36108568188054,52.16133294465897,21.856620526161922,2.4690159307011568
7124.056299448013,0.0003,29.677603163310955,34.91827070574658,18.28628264020203,2.2373094110610143
7168.704732179642,0.0003,17.60134083690539,19.31632887075027,8.85135569967282,2.1002517792979547
7213.449617862701,0.0003,25.956351506384344,22.178798474092897,11.245398454605395,2.1641345680451907
7258.644863367081,0.0003,1729.8194272178553,1995.5315389951747,157.37219844745223,7.3940007458984836
7303.320301771164,0.0003,798.7869117222631,74.54425354455778,19.955309669834794,4.325197009125997
7348.119345188141,0.0003,61.77908519334915,45.01237965276303,14.235638971996915,3.4672595680451908
7392.983256340027,0.0003,37.24156587736203,32.68614871918209,9.531338034465815,3.222884592723387
7437.698341369629,0.0003,29.806209607289354,39.59372048774508,16.32258258017765,2.9749530960031194
7482.517594337463,0.0003,27.007257688067217,26.163356670297397,8.199216203628831,2.851392976215154
7527.492477178574,0.0003,21.83234536148377,23.443842408940057,6.353626557368382,2.778304314088042
7572.257728099823,0.0003,21.10519586121884,21.79077866944451,6.787318605070661,2.617298332093254
7617.012651443481,0.0003,18.986136215501794,20.76514043195698,6.427136113841063,2.5353762291284156
7661.888188123703,0.0003,17.522456585687802,20.709886814479834,7.073148136989326,2.494281464237592
7706.682614564896,0.0003,18.29400503370497,20.19582272027799,8.065636876586137,2.401926707762033
7751.529318809509,0.0003,18.214789763695556,31.072950482272446,16.58995489618581,2.3328892260547462
7796.256935596466,0.0003,17.533130745809586,17.238572953194133,5.503839043295308,2.294801788583126
7840.976531028748,0.0003,16.817293046211283,18.712018599574584,7.628138314994278,2.246629386395157
7885.666192531586,0.0003,15.71297336918843,18.484750215105183,8.22406466538739,2.2037946197213336
7930.303355693817,0.0003,15.407946528589356,18.83241182737118,8.542711177753036,2.186557663073521
7975.018821716309,0.0003,17.48360062270868,16.3302164947611,5.725499069311057,2.1804182175370665
8019.718547821045,0.0003,15.076556620571782,35.31899569786377,18.929273238455416,2.1428770319409893
8064.398324728012,0.0003,15.810683363339505,16.553993405258733,7.37128698263958,2.069745182970317
8109.039436578751,0.0003,14.010933901746851,15.46276827299095,6.143552792300085,2.08613139735968
8153.792723894119,0.0003,14.567106818457987,17.489690680956848,9.183969543845791,2.0210954504819654
8198.615730047226,0.0003,12.31227443535254,17.05760178935384,8.427969496417198,2.023867806768489
8243.1998295784,0.0003,16.373764633567824,28.06004241838525,15.626431604859176,2.046230189577904
8287.826984405518,0.0003,15.318091469297427,13.605663384015287,4.600026892400851,1.9792697444079208
8332.549527406693,0.0003,15.108385822942347,17.529867920042978,8.905819430017168,2.0804851108729667
8377.224472284317,0.0003,19.979202535938477,22.58010230169452,11.508916225554836,2.113913112080964
8421.946573972702,0.0003,18.015992712496843,14.394265584125533,6.019709058627961,1.956692233278054
8466.608631134033,0.0003,15.130030529182031,14.425345899052768,6.127224274653538,1.9246932731555515
8511.338942050934,0.0003,29.781673143383365,14.624593673648215,5.930170047055384,1.9098226779051173
8556.204637289047,0.0003,15.727449213177346,13.527227245385939,4.717699680206882,1.896411751695392
8601.045067548752,0.0003,13.251941562784609,17.694251235043712,9.436744894039858,1.888677670520167
8645.815979719162,0.0003,41.53967222099096,31.455827275782053,18.552705101450538,1.9611703040785655
8690.633447170258,0.0003,13.855441969296537,13.572580577513246,6.0193264906573445,1.826878758797777
8735.268158912659,0.0003,25.963303888039512,95.54871645676414,38.9327166320412,2.1324814188605585
8780.013192415237,0.0003,19.493965241687544,13.582215252659157,5.199256547089595,1.940586660108436
8824.65262746811,0.0003,29.496525417390416,16.741646329522332,7.735489241484624,1.9731721939656874
8869.430674791336,0.0003,15.15315348950023,21.987348711239278,12.447724729890277,1.853857113397546
8914.200221061707,0.0003,14.46936184686824,14.797761482142972,7.188942470672024,1.8655698982147793
8958.893688201904,0.0003,14.561464888497998,14.355356012275225,7.193508639001543,1.81855622988727
9003.564300060272,0.0003,12.028330629206312,26.90608499125264,16.344646400403064,1.7745682472434454
9048.302319049835,0.0003,40.76307623816318,19.36334146487433,10.37920573046253,1.878322606801064
9093.057502031326,0.0003,17.511430969307767,48.06357697733373,25.221380148723625,2.016842329152847
9137.730543851852,0.0003,15.623884510255685,25.66030551672716,15.312546981519954,1.8375067248084973
9182.40280532837,0.0003,25.700409405261876,79.3565752095844,32.77728699119228,1.8764847444017512
9227.137833356857,0.0003,36.43465572801878,12.94038766604751,5.685112708996815,1.7922479461571112
9271.912984371185,0.0003,12.094508837785009,12.808249096937073,5.246225937764356,1.7767795717284116
9316.635811805725,0.0003,19.035793167558957,34.46965117365284,18.4721896614998,1.9312658364612947
9361.409037590027,0.0003,28.51664027507622,13.384412873726099,5.530421535224671,1.7743684541084261
9406.11576795578,0.0003,15.179789312810845,25.38169250605768,15.495639446282842,1.78100735934662
9450.760637998581,0.0003,53.32634733787217,208.51655317395537,60.18894198472333,2.461533015724947
9495.44228553772,0.0003,35.59376554992898,14.7159173477885,7.330034535401945,1.7933410283034235
9540.17249250412,0.0003,11.130397955055445,36.013987930033956,17.899318583300158,1.842860605516564
9584.933577299118,0.0003,31.560981938791187,18.312394039214603,10.635728104706782,1.7782047992613816
9629.639709711075,0.0003,16.794431467525296,21.211414468923866,12.213006222475865,1.9008769281383262
9674.286180257797,0.0003,18.837859815934532,17.585409933513613,10.274716730785977,1.7247927841262438
9718.942352771759,0.0003,12.649633376672185,11.188077741639644,4.396164941484002,1.6411251769118198
9763.757004261017,0.0003,17.528700358489825,17.49520100677389,8.002678831064017,2.093498937912126
9808.460527658463,0.0003,17.27305641104832,15.694809708079013,8.810430830451333,1.7363305002763958
9853.275557041168,0.0003,11.253908260185645,12.52244076675726,5.647278201352259,1.7604968862285792
9898.06753396988,0.0003,26.888514480173914,33.452491800199326,18.11602989245372,2.1122247802715095
9942.81300854683,0.0003,28.719019249532174,26.888670083601536,13.424097690460789,1.9860039267637506
9987.77569437027,0.0003,13.330881201460931,13.246864696589444,6.17614176561878,1.6806297251034017
10032.516240358353,0.0003,27.150056190699175,311.37259744455736,71.59386833822651,2.0746099379713536
10077.215346574783,0.0003,35.96980389940717,14.645680664196254,8.088944997605244,1.7533075222535635
10122.020231723785,0.0003,12.579636404075693,11.775702620512838,5.9875896478154855,1.6160234603273316
10166.898167133331,0.0003,14.353522615484852,13.541763275659811,6.893037676963077,1.752898157248233
10211.774668216705,0.0003,29.107679301055185,18.622270425409255,9.451283507134505,1.8956948462363283
10256.65783238411,0.0003,13.995852629864801,14.7329962778532,8.801992564596189,1.6789499921029771
10301.421599149704,0.0003,16.813991828216665,12.305392415838144,7.069830895685087,1.6312071254898621
10346.203055143356,0.0003,10.460414475126562,14.885499261324227,9.90178284857683,1.5934048407207515
10391.011375904083,0.0003,14.644622535566597,19.27664459764435,12.23532452431454,1.8234174682453308
10435.708179235458,0.0003,11.890151839264972,10.278282364576638,4.20743380989998,1.5730499983342217
10480.477082490921,0.0003,13.020542918484937,15.16714266944457,8.39199481162296,1.6994946560908257
10525.203976154327,0.0003,11.56828560368828,18.233372147765042,11.670727519624553,1.5266011560809543
10570.036587953568,0.0003,19.08902526674809,18.718731792931646,11.351234348564391,1.7701641069207534
10614.950332641602,0.0003,12.727454972397434,16.20817487238143,10.023897265780503,1.656895365681513
10659.783758163452,0.0003,20.989944460787193,25.021666465927375,14.725628370540157,1.744447035655058
10704.654295921326,0.0003,15.414689414575017,14.807118623151059,7.908536835688694,1.6900863675175708
10749.433611631393,0.0003,16.482394406052887,11.48406944799073,6.206331532472258,1.5387198933716832
10794.228823423386,0.0003,19.557609917340166,21.160917769763966,9.839638572741466,2.141703579850006
10838.959098815918,0.0003,11.469179624547072,11.541544763704692,5.6075279090055234,1.5898680657353115
10883.765045166016,0.0003,18.39415795790042,12.791265698197723,6.0441618512390525,1.7417847017084715
10928.483921766281,0.0003,12.013246173545962,36.66310874262965,21.593891352756767,1.7270381568101951
10973.19245481491,0.0003,14.438520308357337,13.517568400368761,7.805575036698846,1.497614559272092
11017.883713960648,0.0003,7.66790258411067,17.4037088369764,10.281232039336187,1.590760903598328
11062.636933326721,0.0003,42.877725001545336,29.92927136777052,15.644901290213227,2.0786288902091723
11107.391902923584,0.0003,16.11874122897567,10.297902404231163,4.849936544819243,1.5309095604257976
11152.112612485886,0.0003,10.413342863961864,12.814408351922594,8.596387301888436,1.471734137626599
11197.434142827988,0.0003,23.652735408581453,22.292435874658803,11.177445274401622,2.0679120364200823
11243.015072345734,0.0003,12.282619819050495,14.110029769875771,6.887548031169138,1.683194641870015
11287.71767950058,0.0003,7.811681532034674,9.730179017213135,4.699565659055285,1.3958961971824904
11332.409209012985,0.0003,8.969512441944337,11.107416739663758,4.641190887256792,1.601141663489349
11377.041982650757,0.0003,10.255583278468398,11.334224484300647,6.368506811834445,1.5325267920380736
11421.65473484993,0.0003,24344.49623184621,558.3206482584288,72.2343795096039,7.912907174815407
11466.366425991058,0.0003,350.23739508401286,215.73778362332914,39.57226375895701,6.119868708910803
11511.030948638916,0.0003,179.26764072772585,140.98303334864923,27.24588747449741,5.705773063008371
11555.854809522629,0.0003,122.39266966939624,104.6901123166169,21.51865288801254,5.236176616298468
11600.567358732224,0.0003,98.22738659134328,88.51027272325419,18.66246337890625,4.898263834905334
11645.274252653122,0.0003,81.17511938265329,75.5333412132453,16.640095354796973,4.627284152155887
11690.017484664917,0.0003,73.81754003778398,67.38025077109482,15.324965672584096,4.436273216013188
11734.763933181763,0.0003,65.16134812818851,64.65273281134465,16.546811865545383,4.230589673161968
11779.459124565125,0.0003,60.681799264987745,56.35679628344628,13.476679982956806,4.092264634787373
11824.17917561531,0.0003,53.94755909125879,55.24749309844356,14.286019372636346,3.9866471909426084
11868.885758399963,0.0003,50.16423240758899,49.47344651808532,12.814947354262042,3.8300921067406026
11913.611948728561,0.0003,47.049963088461176,47.19052182007559,12.614916292421377,3.7212004060797206
11958.292654514313,0.0003,44.2759494607783,42.88055286411989,11.563337347917496,3.6191481518498776
12002.960803747177,0.0003,40.31779120606803,40.77969554611022,10.957143251455513,3.5538241410136817
12047.680838346481,0.0003,38.16411464114441,42.42571492216593,12.883220113766422,3.468112045489319
12092.309608221054,0.0003,35.796838923664474,36.351963150939,10.203798388827378,3.3856062414860224
12136.949768066406,0.0003,34.27869082035697,36.78334758951042,11.28783582942501,3.3066330518785043
12181.627435207367,0.0003,34.05464564186193,33.09655066614212,9.621036991192277,3.2438032046488785
12226.267518758774,0.0003,29.895108439405544,31.051177368850908,8.272793734605145,3.1772646332449854
12271.01130104065,0.0003,28.386073411618426,31.55825598056326,9.974534189017715,3.111678887001007
12315.749183893204,0.0003,28.334234842185765,28.921219109664225,8.115644282444267,3.0664540794292425
12360.507061004639,0.0003,26.772237688075,28.159614177632463,8.101574784783041,2.9872546061853433
12405.153684139252,0.0003,26.245422701670606,26.97445238290085,7.972897785939988,2.961344235235035
12449.843599319458,0.0003,24.668446389703803,27.98883476401923,9.454762219471537,2.9007590511912165
12494.464134931564,0.0003,24.017137914494306,25.970474936786463,8.336893885910131,2.8461571575406697
12539.036164999008,0.0003,22.887494332151988,24.63664575064812,7.599843407892118,2.7933287316209134
12583.621618270874,0.0003,22.21643352821225,23.167544716078364,6.417303447358927,2.754162162895838
12628.230409383774,0.0003,21.682165907423787,26.324282958648183,10.217419355841958,2.7310543944464185
12672.85551071167,0.0003,22.092562106050863,22.755428156144415,7.6514601203286725,2.6802813885063768
12717.538925409317,0.0003,19.903720367237085,21.133033277118017,5.997438613016894,2.643433613955273
12762.118195533752,0.0003,18.945403835942837,23.778257739987314,9.67202502208151,2.5823205478682976
12806.815218925476,0.0003,18.213063091701933,20.64011743482722,6.663971608155852,2.5583185264155412
12851.44383096695,0.0003,18.278516287186974,20.407078535662418,7.149825184816009,2.539088851686508
12896.092068195343,0.0003,19.014341508625634,24.878218896590656,12.016048475131868,2.4708304336452658
12940.774311542511,0.0003,17.473376524600393,19.425736075209034,7.237346517963774,2.437220334340204
12985.476297140121,0.0003,25.23017044692743,28.72845310101829,15.010572377587579,2.429795204903064
13030.244635343552,0.0003,18.567863347621564,17.382947659170533,5.119358398048741,2.3599566458074213
13075.180322170258,0.0003,16.785377509389853,22.124727002694918,10.900225013684315,2.3258681480987917
13119.934021234512,0.0003,17.342327889892356,18.71518380165778,7.7433856745434415,2.2937603686984227
13164.682062625885,0.0003,18.6533217869604,27.212041022511517,14.54019983376667,2.279976042098535
13209.401762485504,0.0003,16.412754754724833,27.201028733478285,14.942660619650677,2.2542622831095023
13254.084431648254,0.0003,16.67376316431876,23.87521439086654,13.029936577863754,2.207223346622542
13298.876690387726,0.0003,16.850790080086128,30.16393626072316,17.31461788104598,2.2018021754138535
13343.620501041412,0.0003,16.32708225076533,20.662615449494645,10.924740192389033,2.1608835048776456
13389.017872095108,0.0003,17.433047350551696,24.099571848808097,13.056340930720044,2.17289848963269
13433.753466129303,0.0003,26.39621947241611,16.69213047276117,7.186155865906151,2.1585098364205755
13478.43847155571,0.0003,18.232350204551153,16.55717955731408,7.42427191278737,2.092321996169944
13523.186389923096,0.0003,22.042464084312563,29.33717601073915,14.070706682144456,2.15474201182209
13567.903856515884,0.0003,17.365508638878772,14.644555729267525,5.687469482421875,2.0457519685488728
13612.655614852905,0.0003,15.412079507101646,14.512947290877374,5.280435268134828,2.039460327948551
13657.471925020218,0.0003,16.81382032856481,53.22593230315504,26.356840680359277,2.043327779196774
13702.24519109726,0.0003,19.197726900416864,13.082373984056016,4.192427908539012,1.9796332658076186
13746.90793800354,0.0003,31.243302092004996,21.181259919297382,11.553005514934565,2.045064437855366
13791.666659832,0.0003,19.375661574817094,13.86260209859646,4.9798131760518265,1.996478841685669
13836.342315673828,0.0003,22.087644906382742,23.006605262141804,14.546447520650876,1.9322262925822278
13881.073141336441,0.0003,13.048942829958945,37.75018194361734,21.57201829655155,1.9006063587074549
13925.785051107407,0.0003,40.681504760631015,69.75786513161586,30.189439324057027,2.1190291875197427
13970.926207780838,0.0003,61.54103924937153,13.924406623795145,5.332370957295606,1.9775680478127715
14015.711803674698,0.0003,15.97820996769139,21.329400730246025,12.654515590789211,1.937052175568092
14060.468402147293,0.0003,12.744168816932998,12.532231308910639,4.74829205555521,1.852708482173705
14105.164476156235,0.0003,12.72819877582821,13.472929139578973,6.660761246407867,1.8146687661642187
14149.945061206818,0.0003,11.58259256845832,12.909417818304883,5.703114795077378,1.82646431548236
14194.678344011307,0.0003,25.47424411808424,64.94991207253845,31.275949660380174,1.8477010100785753
14239.384058952332,0.0003,33.0377642681907,12.778830672180277,5.175790696842656,1.8279810644199637
14284.177411556244,0.0003,13.398884368507371,17.536583076825895,10.039233437313396,1.7832923096879196
14328.925788164139,0.0003,13.779208028338212,12.961227114825869,6.121877099298368,1.7505240839145049
14373.740839004517,0.0003,26.6609275831768,29.425459634238187,17.253803462131767,2.1074301807554487
14418.603718996048,0.0003,24.84899542327353,11.271719511095819,4.0082097241832955,1.7277045992137527
14463.548408985138,0.0003,11.60848201828142,15.662685027232076,9.720910877786624,1.6930287604327074
14508.452822208405,0.0003,10.0670601337551,18.52062647778173,12.09569064583748,1.7449683124247315
14553.376109600067,0.0003,31.221181727063676,22.736245683255678,13.394237503732086,1.8471222870950308
14598.316608667374,0.0003,17.539830418710064,17.98452095103134,11.813061873320562,1.7400700953318724
14643.221118450165,0.0003,17.17578546058502,11.238011768953802,4.43764534725505,1.6921302234487285
14688.086739063263,0.0003,9.199775294875403,10.302684816176562,3.7387024411729946,1.6231391059027778
14733.009006500244,0.0003,17.625287499974984,26.24199729816407,15.222526715515526,1.8137066134172886
14777.81909418106,0.0003,16.59689343006016,48.0008410191937,26.589720124651674,1.6306468186103213
14822.783606767654,0.0003,14.011279855530118,12.894125272425056,7.604748991948025,1.6268838756675452
14867.701704740524,0.0003,15.874562472637017,17.302445652981387,11.022272622661227,1.6833471068516543
14912.698425292969,0.0003,32.648933767794695,16.642422214002863,9.211447376810062,1.7858202824234481
14957.595793485641,0.00015,8.448047017095735,10.279081435408024,4.243305983816742,1.5760230346284452
15002.358370304108,0.00015,6.601994875958274,10.60140458432116,5.416179584090117,1.5387677575046395
15047.032305955887,0.00015,6.453069645198968,9.549993037002626,3.583631012546029,1.5182143096212883
15091.978154182434,0.00015,7.00405758421712,9.580368162709597,3.403838032522019,1.5149075547053916
15136.88995051384,0.00015,6.532052281384911,10.185733198628158,4.364841378570362,1.5489221720637882
15181.793057918549,0.00015,6.711787037944967,10.299833845939718,4.81427187585527,1.523331337484206
15226.737313508987,0.00015,6.9074638787080245,11.803788192937002,7.309619898704966,1.5147547851022665
15271.675952672958,0.00015,6.256268403308639,13.810276060007217,9.6414406162918,1.4855423731571558
15316.593253135681,0.00015,6.161207103381826,9.641231229750925,4.22264535503023,1.49387647575614
15361.615155935287,0.00015,6.438513553077406,16.15039356749534,11.656799199778563,1.5252297115920892
15406.59934592247,0.00015,9.86750624748744,13.748347255658889,9.289036219894506,1.5200311261463022
15451.613935470581,0.00015,8.793852066429151,9.254777497348275,3.519054796741267,1.475095452564188
15496.666947603226,0.00015,8.565383179461369,9.614595552700669,4.1469349271932225,1.4940505823591614
15541.569685935974,0.00015,7.495643338479631,9.114991330546921,3.8055273554127687,1.4480392864546316
15586.460033655167,0.00015,8.289707570866375,14.85899440175237,9.276616187611962,1.5558838218382296
15631.48089003563,0.00015,9.742148392057159,16.077354376882603,11.19736409764381,1.4714588677705225
15676.460139513016,0.00015,8.27981735413626,10.038109426130138,5.102354343681578,1.4580239979264145
15721.451723098755,0.00015,7.383807353591224,9.698969634724182,4.190281604353789,1.4860086773165422
15766.449805498123,0.00015,9.018750415517115,10.152558778434306,5.441702037252439,1.4938331732335348
15811.44168806076,0.00015,12.336963390913166,16.594735346787125,9.29090603385002,1.5686573719325
15856.296781301498,0.00015,11.459776045933014,9.22947168826944,3.573152180082479,1.4496292544439262
15901.315128087997,0.00015,8.094168548722953,20.151258544316367,14.324732922596537,1.4379966487009397
15946.182706356049,0.00015,11.4744495940773,11.284699854029492,6.257138722413664,1.5055701985947
15991.166687965393,0.00015,12.621693506918318,26.186675660278638,16.87121859993904,1.4828871361199953
16036.142692565918,0.00015,11.547035667197083,9.552522304740965,4.015058646232459,1.4582661026002182
16081.061769247055,0.00015,9.939808802092227,9.7312856819245,4.587609615447415,1.469316017568408
16126.037331581116,0.00015,10.190560153273285,13.949517150875291,9.031647214464321,1.4952554895105326
16171.063942670822,0.00015,12.259326864808852,8.874190908019449,3.1427225683904756,1.4615997818138968
16216.043350696564,0.00015,8.241699017939888,12.910766871058525,8.451131531539236,1.417067633373312
16261.064188718796,0.00015,9.152755846742723,8.59831710610732,2.840617603860843,1.3920422032631978
16305.966993570328,0.00015,6.258452923224055,10.461074826864799,6.756709746342556,1.3759026262382286
16350.935044050217,0.00015,8.498439551876325,26.731364105358363,18.278046937201434,1.4396202580845772
16395.78379225731,0.00015,11.237348387671299,10.50092394602183,6.1066635034646195,1.4179982500845227
16440.636968374252,0.00015,7.323677884294687,15.762865810579555,10.279360339899732,1.372340210992409
16485.313988685608,0.00015,8.095240743390415,11.546623826879824,7.517428724932823,1.4313021654654554
16530.059613227844,0.00015,10.307404463234713,20.170287868497045,13.289698878974672,1.4669916553763918
16574.79114484787,0.00015,10.405954376943342,14.392358527514528,10.347147520028862,1.4305698573415166
16619.585339784622,0.00015,7.576577712234469,10.922414967280037,6.156977212504976,1.447025849330974
16664.288031578064,0.00015,24.062997315967888,12.546440758148208,6.912290011849373,1.5838716573383085
16708.968403100967,0.00015,8.47047992803577,11.85137526564789,6.247619726095989,1.5057310946507543
16753.652443647385,0.00015,7.900937937647918,10.291140604324179,6.120676640796054,1.3699102222641752
16798.359452724457,0.00015,8.673648387790813,11.689778253383135,7.237996892260898,1.381966007018479
16843.434613466263,0.00015,9.761314535922692,32.798108084488184,20.931674291525677,1.4013982588915541
16888.534756183624,0.00015,10.455607127622176,10.53244873036482,6.28391945225418,1.4285824720642817
16933.231019496918,0.00015,11.69188756195791,12.46267546536487,8.323075837542296,1.489840597746017
16977.862581014633,0.00015,9.502088893827844,8.41079173866422,3.1975560473788316,1.350866146851309
17022.594289302826,0.00015,8.378021011804188,10.429317134580632,6.758351980804638,1.345124723989798
17067.275769472122,0.00015,8.318962741983826,31.115209109340903,20.889959522417396,1.3387502610490454
17111.963621139526,0.00015,20.921555997504562,13.708252117741704,8.52005543313968,1.4879027153882127
17156.755917549133,0.00015,7.761876090280779,9.29043454886669,5.244127173940088,1.3485618511176756
17202.0192091465,0.00015,7.97981945725738,65.42380569664061,32.69825637720193,1.407449703522319
17246.737646102905,0.00015,10.90366462714468,9.790785953428642,5.574728466446992,1.3177782478202984
17291.479824781418,0.00015,8.080605715697798,8.527568978479309,3.693110715052125,1.3071356117786563
17336.19888305664,0.00015,6.8513131198987285,11.268608872152228,6.608900850138087,1.4654821691548459
17380.96545934677,0.00015,8.682703261384113,8.433666616388757,3.795660837744452,1.353900057315111
17425.57095193863,0.00015,12.140971928302925,11.857251746799674,5.986846496193272,1.5684383143804785
17470.3386323452,0.00015,7.837913063358522,8.05064777716786,3.3459211118661676,1.317284429399999
17515.077912807465,0.00015,6.394628362707753,10.508842253216182,7.119597465369352,1.2874667538423952
17559.83621287346,0.00015,7.4681737446394125,17.74636750170417,12.045408484586485,1.3599094063413093
17604.555928707123,0.00015,21.930283986284433,25.57316314590624,16.833943088798765,1.580619263861743
17649.247702121735,0.00015,9.91505318243864,13.21852187814376,8.846008650664311,1.4028176716245162
17693.927968978882,0.00015,15.860382711691935,13.961400103348744,10.193396384852708,1.3696446636639472
17738.685173988342,0.00015,6.078237271265471,8.421978342055823,4.151668806136794,1.2585947968953595
17783.53941631317,0.00015,5.6115491971292135,8.464789064764778,3.501329507038092,1.3003368342439587
17828.347805023193,0.00015,6.155952660590139,8.630836979943524,3.897739629077304,1.299628413842864
17873.171718120575,0.00015,7.432412060492677,10.626387467437434,6.6416812775241345,1.295155876356684
17917.890763282776,0.00015,5.863190147003841,8.427086289012017,3.454807451576184,1.33778107308818
17962.79571199417,0.00015,5.484311129182632,13.723705696986203,10.285722788428046,1.3056149355374664
18007.575299024582,0.00015,10.685404632651741,8.802357509988543,4.0347484515730745,1.3359917611841585
18052.479122161865,0.00015,8.953897126341996,9.769265048319173,5.514201354980469,1.2889825079402097
18097.59234237671,0.00015,7.970706681041335,14.509037687179179,11.481761840042795,1.2815827739094705
18142.39572620392,0.00015,13.02143984518416,19.60603990398914,13.79967122655006,1.4165348388266998
18187.207107305527,0.00015,7.961970764257434,14.197839864049865,10.60823513930011,1.2590008322721709
18231.899926662445,0.00015,5.022422136678505,7.8441632915859225,2.8197648115218823,1.248982521821695
18276.534153223038,0.00015,8.680050725884776,19.270926977508697,14.165504290343849,1.4155468163892837
18321.23256444931,0.00015,10.216411314549125,8.963646956942878,4.579784505078747,1.3355192354201215
18365.80378818512,0.00015,8.3957271401348,8.310162118147177,4.390414496743755,1.2388830567370241
18410.433203697205,0.00015,7.654838522405572,9.536870781433748,4.938125085526971,1.3135066004920832
18455.153495788574,0.00015,9.799165460972187,18.63994516979544,12.975339580948946,1.406931721677451
18499.992830514908,0.00015,13.413068668872715,14.61787761099896,9.477318986054438,1.444818515773069
18544.820273160934,0.00015,6.93853781166841,12.109187063846619,8.215288412495024,1.3527230211017087
18589.57868027687,0.00015,11.944412502434735,17.86832844070619,11.7912832855419,1.4020702095456496
18634.373119592667,0.00015,11.036162933669237,25.121630447178028,17.15407316365819,1.3962177058809375
18679.1929602623,0.00015,6.3417956228030405,9.520089736410691,6.67719464150204,1.2269959628784401
18724.0501036644,0.00015,7.4830449052195736,7.559046322981404,2.8337387182150677,1.2161755975516761
18768.887130975723,0.00015,5.1484158222358305,8.742585820051428,4.7358368989009,1.2729388134198798
18813.75131392479,0.00015,4.514771447589923,12.18237933434742,8.885412675408041,1.2455941938990562
18858.547525405884,0.00015,11.27656504313151,8.585615937875307,3.584962764667098,1.3148785693926202
18903.31226181984,0.00015,11.646462440143301,74.9792062350456,33.55754200151772,1.3896869142784343
18948.11879301071,0.00015,83.16486120041603,8.913377105644658,4.017477164298866,1.375029417181207
18992.89396929741,0.00015,4.771074396143845,8.302279385569197,3.7937110171955863,1.2547670601913548
19038.968986988068,0.00015,4.468945796285605,7.621753803346711,2.2910898731013014,1.234316717041035
19083.794408082962,0.00015,3.9819930359748326,8.275300944244034,3.7010775183416476,1.2306855653065278
19128.56873512268,0.00015,3.8958647866066687,8.382919530545442,4.692209824483106,1.2086562976597666
19173.247401237488,0.00015,4.85075958561159,7.502893143405115,3.468474991913814,1.1807279038370893
19218.084585666656,0.00015,4.687705605668448,8.57927956896296,4.603146799658514,1.2160534250560195
19262.881006240845,0.00015,4.237421953308995,8.68138482051561,4.963268401516471,1.220998337923478
19307.623874664307,0.00015,5.950788478121732,9.24764241517028,6.098020458828872,1.1992193496030512
19352.416544675827,0.00015,3.9198645726361994,11.797535916748444,9.062483652685858,1.1837446108988787
19397.183135986328,0.00015,4.467612815207254,8.122883808869826,4.960905738393213,1.163976851234897
19441.989264011383,0.00015,3.6867510842929554,7.4972887429601345,3.488440077471885,1.1624237250935303
19486.831310749054,0.00015,5.104595101639656,8.040701619597641,2.9803110790860123,1.2686298113999694
19531.634345054626,0.00015,5.262532488070768,8.873033893935856,5.006318499328224,1.2204416074544193
19576.48302602768,0.00015,6.200778598646432,12.996882358452517,8.940907705513535,1.2906225611001294
19621.22358608246,0.00015,7.107629577622822,8.945662561035698,4.740004569861539,1.264541814196009
19666.16242957115,0.00015,5.281530765540396,8.848865922280776,4.950066429186778,1.203060443380814
19710.872512340546,0.00015,6.490691990756815,8.639831043899525,3.7858116878825387,1.2647958781551074
19755.532145261765,0.00015,4.262291835652892,8.057670537252275,3.891722826137664,1.161650819408661
19800.225655078888,0.00015,5.982003147180832,9.65185926566613,6.815364113582927,1.1775847730747304
19844.897669315338,0.00015,18.020437310085054,27.816656537520267,17.1770001648338,1.422565887313803
19889.49416422844,0.00015,7.525641270934559,9.34205865078248,6.278671760316108,1.189231680603678
19934.144789218903,0.00015,6.90690719104204,9.756747041768696,5.742195605624254,1.2291224271437948
19978.80234694481,0.00015,4.55644596044266,10.599287762717594,7.647381601515849,1.192682768264333
20023.518598794937,0.00015,4.505139497329629,7.997876501998413,5.0948188247194715,1.1577502376818782
20068.182889938354,0.00015,4.818412376014695,12.845198771728212,9.580848023238456,1.2777555095615671
20112.932282924652,0.00015,7.990104214263527,12.400634522292322,7.629693059253086,1.3226210739303237
20157.665538549423,0.00015,12.164737564879037,11.812087689291044,8.271641569684265,1.265533162405976
20202.613668441772,0.00015,4.8548259172283235,11.64199336399204,7.576725166466585,1.1925040402834537
20247.24620962143,0.00015,6.573172812817961,15.212875542937791,12.122795736713774,1.2201452126766958
20292.029634952545,0.00015,11.601573271829574,10.889170947726715,6.572548398546353,1.3666547401571014
20336.8244907856,0.00015,8.209682406058946,10.988291463442986,7.840714919946755,1.2158458216574617
20381.566299676895,0.00015,5.340001573024117,7.837854209857879,4.3397407871902365,1.148065823227612
20426.290410280228,0.00015,4.211336310965116,13.578323454948377,10.55492683945188,1.2683706614188481
20470.8978869915,0.00015,7.830201529066853,8.020255477483225,3.5051311614407097,1.1932022558647735
20515.555921554565,0.00015,8.463094171409399,9.766176539251404,5.455302069597184,1.3084347645761767
20560.210552692413,0.00015,5.92698021282481,11.101134675940301,8.27293285199791,1.1787953022277007
20604.968177080154,0.00015,6.691680484869007,8.528176567199191,4.054772268890575,1.2022629751786702
20649.659650087357,0.00015,7.152799045062456,8.889623340547043,5.079580601005797,1.2818534185317214
20694.419719934464,0.00015,4.572616106912304,11.816838155248046,8.778368285355295,1.2084313578282941
20739.11263513565,0.00015,5.882989433858347,9.122385943712597,5.166551859667346,1.1956719109376235
20783.930237293243,0.00015,9.487262071460105,9.139105527543874,6.3889512760624,1.19815325730598
20828.68900513649,0.00015,5.321415925677357,7.702678726386527,2.8307768317544535,1.1698392955855643
20873.48142838478,0.00015,5.7232805952131205,21.572402599382617,15.349049173342953,1.235258774409821
20918.25409436226,0.00015,8.09752179364689,9.515633841584402,6.301638035865347,1.1919859562554291
20963.051511764526,0.00015,6.880061535843952,10.310414661962369,6.9322176404819364,1.2046699553448037
21007.892063379288,0.00015,5.161624128136696,10.241708831317164,7.352740925588425,1.1983296678499862
21052.69691514969,0.00015,5.524082705666242,12.556022809631196,8.908390953890077,1.2281943669394841
21097.472908258438,0.00015,12.28619376740169,9.211190024170088,4.8242158245888485,1.2446892020243525
21142.332857370377,0.00015,7.37563308010553,15.628045784706924,11.424653654645203,1.2494403756268262
21187.101531505585,0.00015,16.65758011892628,15.003476417846969,12.097295948198646,1.2119051957011815
21231.859177589417,0.00015,4.5841706366269745,9.114500317757685,5.095076980104872,1.254694529429983
21276.663170337677,0.00015,4.823897046469599,7.655314038766275,3.5046091456322155,1.138617424873401
21321.40704011917,0.00015,8.53180022752133,8.239349408681798,3.4406654455099894,1.2587891473312998
21366.201369047165,0.00015,6.354989973530309,13.688867245429897,10.791143623886594,1.1374685314437238
21410.968367099762,0.00015,6.023232158111961,10.592978440740893,7.434662156803593,1.1865074776477236
21455.640241861343,0.00015,4.710934870186616,16.51943719055494,12.755776608218053,1.18613518970438
21500.279219150543,0.00015,7.483004254200419,10.473258951155955,5.831315904362187,1.308087534642018
21544.981513261795,0.00015,9.658014294011128,18.71968379582141,13.129524415617535,1.2934920916406312
21589.635833263397,0.00015,7.321902672189181,22.08856212369245,14.14929424698945,1.2827429055583937
21634.320707798004,0.00015,12.508207866967485,11.380409414806063,7.640954978602707,1.2391228671097636
21678.936141490936,0.00015,4.728337161441101,9.802120821839175,6.22375000388759,1.1744384013711207
21723.671626091003,0.00015,4.536418064131329,7.932980352825137,4.2486501219925605,1.091856210638277
21768.385601758957,0.00015,7.7990213512288635,8.140079064144397,4.198932088864077,1.143018700211739
21813.215942382812,0.00015,6.072966563115354,8.631244365097476,4.8969244598583055,1.1891557103186943
21857.858351945877,0.00015,4.971406475963488,8.562616103804244,3.3368868882489053,1.2463953484067756
21902.577315092087,0.00015,4.6817048336855915,7.362197481583317,2.6728651350470867,1.1304744414090262
21947.30134153366,0.00015,4.8193149207068275,8.28425280690278,4.534094811700712,1.2252014280655255
21992.050179719925,0.00015,4.171790580193636,8.514877804894212,4.895913793478802,1.165239619116718
22036.77036333084,0.00015,10.900618821719087,24.755241612929414,17.046082631493828,1.3027101248161475
22081.484669923782,0.00015,6.652990940316345,8.630660889008068,3.9394803089700687,1.2159348289708451
22126.19854283333,0.00015,16.655411361388605,16.522457960346134,11.85461896179588,1.3287397685740445
22170.844279527664,0.00015,6.985412957325225,8.465714094283541,4.091705409736391,1.1467473173258214
22215.573328495026,0.00015,4.9316027151430895,12.236230917932636,9.200719009690983,1.1886987048265616
22260.36062479019,0.00015,5.119768359491734,9.154337423623272,5.109789392750734,1.1892851763781538
22305.07737636566,0.00015,4.608905261548708,9.023334266641811,5.355983282198572,1.1517520690354033
22349.758890867233,0.00015,3.530144680870904,8.59572536366383,5.782146147709743,1.0861963029439854
22394.452843666077,0.00015,3.985845049265738,8.665680743269208,4.379176330566406,1.1619872025043434
22439.105577230453,0.00015,5.256635959639141,7.657622618450426,3.5031336110108975,1.0871711090504816
22483.820210695267,0.00015,5.095562788350118,8.075204799017673,4.705426112861391,1.1409570181397082
22528.459688425064,0.00015,4.330035874622116,16.904749202750864,11.663119448522094,1.1947904327568506
22573.105387687683,0.00015,12.665261337752767,8.719366121427676,4.929541977803418,1.1470673260526485
22617.719462394714,0.00015,4.3945063596214755,11.641283986896623,7.825534271434614,1.2382805944854103
22662.382090568542,0.00015,4.666098727033438,9.428232772879566,5.284956836093004,1.1960065048640725
22707.11535358429,0.00015,11.027846455530607,22.31417609325265,13.903238264922123,1.5551807515929776
22751.809967279434,0.00015,9.44147331223896,13.38759927092161,10.226707157207903,1.1977219826894792
22796.528875350952,0.00015,6.592374287537538,9.641864572839978,5.885249095357907,1.149978429714029
22841.28257703781,0.00015,3.7149263402803347,11.130987212545525,8.558702563632066,1.1487503809696558
22886.002055883408,0.00015,5.587584971860458,8.185717914387446,4.629029817034485,1.1139677241582266
22930.79033088684,0.00015,3.7396161547558338,7.750277584781299,3.25576117448746,1.1039922361623185
22975.54668021202,0.00015,7.508904159525053,10.71899494850305,6.908017492598029,1.2535674183645267
23020.275168418884,0.00015,5.893421463193355,14.074609472333071,9.851068931628184,1.1728345268326028
23065.075366020203,0.00015,5.996632319069951,8.661174707134819,5.116888602675906,1.115205331847706
23109.831823349,0.00015,6.423977846308919,23.171977904644432,15.763312739475518,1.2530544724140953
23154.60478401184,0.00015,7.063328666721754,7.594930499821753,3.474311585638933,1.058852915404994
23199.39299917221,0.00015,4.990496642211747,8.677101249633822,5.16229636805832,1.0764156628039119
23244.09870314598,0.00015,3.755553451218457,9.017213144914654,5.613873835278165,1.1617561567472656
23288.80241560936,0.00015,4.7904675235296645,11.057342355552372,6.301158939045705,1.2696068231202617
23333.697913646698,0.00015,5.650194201790787,10.99723993306814,8.060066952067576,1.1459674419784758
23378.390208005905,0.00015,4.097025631034309,8.494502038544486,4.707104103428543,1.129466607007127
23423.32679581642,0.00015,7.588793356257927,9.616961615968446,5.473243237149184,1.2378427338752664
23468.044813394547,0.00015,8.060942909886927,13.909799676256647,10.285616307349722,1.243969466284648
23512.674494743347,0.00015,7.595184807699234,10.715211552156992,5.849788631755076,1.2835373333296316
23557.4547290802,0.00015,7.7250878710998645,12.550190710936697,9.357914996299014,1.1586283496024343
23602.22940349579,0.00015,3.837789519193611,7.800760444728325,3.779350251604797,1.1276195018520987
23646.952263593674,0.00015,5.605663909460461,8.571008210316622,4.454529673582429,1.1528247222623242
23691.670820474625,0.00015,3.1156185570527515,7.255970701643766,3.0453701821102457,1.060057448527452
23736.482666492462,0.00015,4.300942587895906,10.777419852713392,6.807133824050806,1.1910505176560156
23781.25060582161,0.00015,6.284809283480618,12.02916867672564,9.125096800980295,1.1494311020233654
23826.061863660812,0.00015,4.824642744220671,16.88121543930368,12.3130967838749,1.1493114744667041
23870.868621349335,0.00015,15.488320394769609,9.886389086117143,6.018286531290431,1.1593513494191987
23915.642993688583,0.00015,5.807868536096236,16.852384583889606,13.461422049164012,1.1570909866589671
23960.519279956818,0.00015,5.323689406209088,11.594585461267446,8.773423115918591,1.129122164937959
24005.244168281555,0.00015,3.802642039609954,7.158389205656976,2.838931867271472,1.058191158002769
24050.03363966942,0.00015,4.445907504180742,8.652716820140045,4.894583586674587,1.068904437309361
24094.849720716476,0.00015,4.82157786513504,9.002390350399637,6.030787610096537,1.0724916117268322
24139.67622089386,0.00015,4.3729521518630845,20.429179341294308,14.632371880598129,1.1589286408359987
24184.536049365997,0.00015,6.047045046557929,8.408736377552035,3.704566100296701,1.1798200739698086
24229.310966730118,0.00015,4.788589953594521,9.515155969482834,5.392651804541327,1.0994481569706034
24274.03335094452,0.00015,4.240743992671724,8.59297385515124,4.064467110603478,1.1258278378074904
24318.79607772827,0.00015,4.572056157211137,10.916513872858303,7.348264541140028,1.101763056616718
24363.518058776855,0.00015,5.836756039534327,8.830830529933008,4.551684443965839,1.193553164392571
24408.300272464752,0.00015,4.3561107354085955,8.085525027385568,3.9776684511998655,1.0623487496483357
24453.065641880035,0.00015,5.027290889604496,11.026822360752035,7.526376848160082,1.1187930711645147
24497.838646650314,0.00015,5.648388418256694,10.75206683336686,6.78679461631046,1.1535505619996496
24542.603534698486,0.00015,4.582751470489363,7.811449856939996,2.986386458281499,1.072048279497848
24587.341332435608,0.00015,3.5082880540406554,7.937853723633094,4.544310512664212,1.0076102120535715
24632.016221284866,0.00015,4.3462111341063006,9.186371197956937,5.168013496155951,1.1439588700841032
24676.734673023224,0.00015,4.709893100856649,9.20494987378892,5.624424826263622,1.1278810502454246
24721.48906636238,0.00015,8.608034265584198,20.612299298980286,11.748855999017218,1.6401754442383816
24766.190945386887,0.00015,9.750806834528355,8.217603918659378,4.073959365164399,1.1822104522649648
24810.988273382187,0.00015,5.249739524618958,9.795817159211232,5.666881721642366,1.2553994196922136
24855.67021226883,0.00015,3.871493590116935,8.869227529232944,5.374803035274433,1.0378993240642027
24900.483904361725,0.00015,4.055186108378982,8.070045715055034,3.9682576464999255,1.0572386509602285
24945.205409526825,0.00015,4.6289047373231424,8.094333513967518,3.9214435164336185,1.042605934242478
24990.004536628723,0.00015,4.379244555106797,11.458467868763359,7.662783852352458,1.1090192233123815
25034.76601791382,0.00015,5.38858686657334,8.672363556552572,3.1283936615962133,1.1691126268150813
25079.39821100235,0.00015,4.059927254470103,7.762873240258281,3.135380515323323,1.0927328225872128
25124.11365556717,0.00015,3.4108173933185513,8.893738737967139,5.1187594857185506,1.107561881348466
25168.779990196228,0.00015,7.473792923126498,7.776538392667718,3.523664195066804,1.0608415018163153
25213.811210632324,0.00015,3.8918858620204126,12.46937479149304,9.406186379596686,1.0776352881858071
25258.661535978317,0.00015,6.954972080585084,10.543093031499374,6.904404872238256,1.1222424043596502
25303.3144364357,0.00015,4.822308467906681,16.963544182324405,12.816658787818472,1.0891250245239577
25348.01517701149,0.00015,4.042008144868528,7.112692026932695,2.082190935171334,1.001524160108436
25392.803397893906,0.00015,8.509565425831113,11.613199223322033,8.585154578336486,1.083603156634363
25437.520434856415,0.00015,7.981857254466073,10.853301148616824,6.388542340515525,1.2700447222900872
25482.279608011246,0.00015,5.9484880011372665,8.533302073104775,4.3834237845839965,1.1196769593253968
25526.956326961517,0.00015,7.692553228367873,15.412869898613751,11.67184082808768,1.1175169153611901
25571.830664157867,0.00015,5.08495232655051,8.513981877252181,4.240456035638311,1.1005269874585406
25616.479056358337,0.00015,3.7351305669774124,7.7557042397302745,3.6057916240327677,1.061593263299697
25661.235321998596,0.00015,4.034112322829895,8.662941815462815,4.259369285243332,1.0868020504804845
25705.940567731857,0.00015,4.337670580111784,8.808434075276677,4.771745630738082,1.094309099961502
25750.765919685364,0.00015,4.415677677130222,8.252892394530155,4.0343873042209895,1.0872486255787037
25795.59152698517,0.00015,3.937207787935851,11.968728866003271,8.983962662812251,1.1163811707829898
25840.342133522034,0.00015,4.07716613050367,13.873897213270471,11.030873059315287,1.0663404440471256
25885.381726503372,0.00015,6.8871748081756206,21.034781084510282,14.389061800233877,1.284795836510651
25929.946761608124,0.00015,9.696943135773983,9.025637415985562,4.541078895520252,1.1136047233142323
25974.694777965546,0.00015,3.359927836141951,7.4920809816732366,3.4692126328778117,1.0486787602167733
26019.487015008926,0.00015,3.3649834620713754,9.003521703188241,5.522246264803941,1.0586802837097993
26064.194841623306,0.00015,5.93925399120171,8.750574516001766,3.8413099349684017,1.2260068472740464
26108.934312343597,0.00015,4.099331563939162,8.408796386610302,4.02125818531984,1.07537193705024
26153.775661945343,0.00015,5.194251800495419,12.805812660435087,9.752318033594994,1.0877064080484236
26198.52543258667,0.00015,4.346338908919871,7.888688886789766,2.790578868890264,1.0939313596791587
26243.25044465065,0.00015,3.806355269228826,7.7454364191663965,3.366985870166949,1.0606209500766257
26288.02041578293,0.00015,4.7488906896830905,11.9137852262304,8.34029714013361,1.1538916551604577
26332.80117082596,0.00015,5.341986588962743,9.67182486585406,5.198557529327975,1.1450197818879313
26377.414645671844,0.00015,3.504635003920244,7.781647050745028,2.876830150822925,1.0887849647626204
26422.181854486465,0.00015,4.364887431757915,15.395509737155303,11.208411033290208,1.1792602625821784
26466.904399633408,0.00015,6.359222584778276,8.665495498427225,4.311504038428045,1.089298115079365
26511.669795513153,0.00015,3.3917336104346103,7.9405186737072295,3.9617675100921823,1.024379137068255
26556.43909597397,0.00015,6.313176531869857,9.69255953835978,6.184381929628409,1.107374458159352
26601.19555068016,0.00015,6.097375076498924,7.98304718316265,3.406882899582006,1.1202983273889728
26645.889414548874,0.00015,4.5587977861011835,8.483826946460983,3.8926565376816282,1.1303783352582326
26690.653568983078,0.00015,4.359119171566434,8.8954631994754,5.422074413906996,1.1069420518161919
26735.372406959534,0.00015,4.841822895369678,10.594204627866006,6.714817722587829,1.1142197425262081
26780.465372800827,0.00015,3.5865016529034612,9.904857405269635,4.32686438104909,1.2115117616283662
26825.143637418747,0.00015,4.761448335821294,11.753755055070346,8.345485983684565,1.0765361136097784
26869.826842546463,0.00015,2.982877327184208,7.641987994846307,3.2002022907232783,1.0227958938874575
26914.48263859749,0.00015,3.2562835950451903,7.9972783083713495,3.7172623652561456,1.0453289996878208
26959.226692199707,0.00015,3.7859686071538317,8.659978614353902,4.921644640880026,1.0910328650337104
27003.861627340317,0.00015,5.77967224902794,8.891219508820194,4.792206160429936,1.0923837456442984
27048.65916800499,0.00015,6.576049353559595,8.823346766801954,3.9477908675078375,1.1647076034756771
27093.413333415985,0.00015,4.428030233695859,10.589930738586014,8.062723964035131,1.0530617717618505
27138.0694129467,0.00015,3.7455879670023267,7.4192417830603015,2.7895968856325575,0.9963247764772368
27182.833278894424,0.00015,3.361661124272859,9.727882212119429,6.277878857266371,1.1035974910603235
27227.53945660591,0.00015,3.858173255017112,10.324831471762876,5.656836870521497,1.128527123497098
27272.20270895958,0.00015,5.034372367928372,8.49344329448764,2.722693152943994,1.1553708161202914
27316.969771385193,0.00015,5.090967500752655,10.937673842762917,7.204963032910778,1.0862849921399944
27361.605136156082,0.00015,5.126933947808104,8.236873035028744,3.562878816446681,1.0872799514641573
27406.909165620804,0.00015,5.536979405693235,8.612249181327648,4.678386576464222,1.104662995322248
27451.68888616562,0.00015,6.530284556057067,14.664894170564544,8.937630681323398,1.2928352139661317
27496.465680599213,0.00015,5.907235850141348,8.401939592833656,4.337407621152841,1.0917471792821607
27541.2755753994,0.00015,4.238525251656065,8.984917593747907,4.575806538770153,1.1110620458440683
27586.02676129341,0.00015,5.227273651984654,11.519238129556815,8.772281914000299,1.0745324715707179
27630.683762311935,0.00015,3.7189490313087004,7.5063427518312755,2.8764718997250696,1.0143329171201285
27675.461398363113,0.00015,4.475111588493722,8.512419026069127,4.950073825325935,1.0671325331736654
27720.259103775024,0.00015,3.5586755922800424,13.66729741425233,10.394379556254975,1.0627333786178237
27764.942738056183,0.00015,202.23659581946978,93.00534754149639,30.85887388970442,3.5706041500088843
27809.66427564621,0.00015,40.97173230843466,10.0477748908129,4.688773166146248,1.4831308371646232
27854.378467559814,0.00015,4.852762169221277,8.582822670029453,3.834911079163764,1.2926832251965619
27899.090224981308,0.00015,3.680485711245372,7.810151302890737,3.0423879441182327,1.2111883654334972
27943.85295677185,0.00015,3.1354177255230957,7.558046545052636,2.4447199924736265,1.1558691171035942
27988.60827946663,0.00015,2.879765233489768,7.32864877162627,2.2241604167185014,1.1238252657995982
28033.315818548203,0.00015,2.709601828352784,7.42815030622584,2.503495093667583,1.1105830671172905
28077.973188638687,0.00015,2.6510458838527104,7.330052296749875,2.6330768123553816,1.072702675856827
28122.745299100876,0.00015,2.527322744671764,7.257147664397962,1.9093760909548232,1.064781503105751
28167.553342103958,0.00015,2.355824647357989,7.266773831858451,1.8895510606705004,1.04983395044248
28212.30360031128,0.00015,2.3400495513540798,7.513763411964067,3.452411413496467,1.0334171582254896
28257.00893163681,0.00015,2.3895926941070833,7.164725716310043,2.0334518724186403,1.0194829829183694
28301.80907845497,0.00015,2.309253128630216,7.109041211351459,1.7212591474982584,1.0118371667826542
28346.63198184967,0.00015,2.2073065337370434,7.662310980033378,4.165054058876766,1.0082376802588002
28391.422419548035,0.00015,2.3892503290228504,7.319931658284129,2.3067022918895552,1.0046754115397714
28436.11332321167,0.00015,2.1656162887757375,7.327881494242838,2.3700063668998186,1.006100741255898
28480.938473939896,0.00015,2.2208229815373657,7.2111709648047375,2.371690895906679,1.0015783326053265
28525.72179055214,0.00015,2.228881710344325,7.415043478965534,2.87295392273338,0.9939884897036395
28570.452476263046,0.00015,2.2307016655829868,7.249674685581463,2.0561461722015575,0.9913152298712292
28615.193828344345,0.00015,2.1291553900758644,7.254886389733264,2.1386323843791986,0.9910194404805092
28659.936500310898,0.00015,2.5142693845300728,7.417659028800453,2.436536694180434,0.9939747451050798
28704.70186972618,0.00015,2.0728997923637347,7.549504564577187,2.8861819419131916,0.9946300476165798
28749.441653490067,0.00015,2.019284552520307,7.778851467748017,3.2983066534540457,0.9899202485526238
28794.310552358627,0.00015,2.2814096925037153,7.5017010970862374,2.847718696837213,0.9849165591622739
28839.088153123856,0.00015,2.0322014224985256,7.1792476595252985,1.844791166949424,0.9752471270723515
28883.87665104866,0.00015,2.0592071257436646,7.263173762217316,2.260988689835664,0.9734117189967819
28928.70037341118,0.00015,2.089918865662455,7.311605119490562,1.9993733545777144,0.9720982046457939
28973.535496234894,0.00015,2.048637492843447,7.619051872195579,3.669564216759554,0.960534821243485
29018.31054544449,0.00015,2.7566488538717744,8.107586220547192,3.8362455817544534,1.0174962705075812
29063.278564453125,0.00015,2.21518509427055,7.665022276386043,3.463179861664013,0.9791668826008845
29108.27749824524,0.00015,2.18891141479784,7.671536324798595,3.0946071357484075,0.9690369245198857
29153.42640686035,0.00015,2.3507765782986834,7.27809156880111,2.011628105989687,0.9647676698199232
29198.405689001083,0.00015,2.73326484978959,7.811252388946255,3.433211804043715,0.9619720273415907
29243.420883893967,0.00015,2.369039071626785,7.481859979435212,3.101253815669163,0.9691237397153617
29288.390737771988,0.00015,2.886264466110257,8.092683651785634,4.226355359508733,0.9945632410399639
29333.3367934227,0.00015,3.4457214216499814,8.58994089414429,5.210114954079792,1.0005472390033958
29378.282272815704,0.00015,3.65566410558037,9.772060366858524,5.748387933232982,1.0486589096926084
29423.36013865471,0.00015,3.084879664645169,7.585453245465266,3.077251123319006,0.9687185526515488
29468.303178548813,0.00015,2.55046957464166,7.657822251867779,2.9444569873202378,0.9748361271365148
29513.337994098663,0.00015,3.171445930850962,7.566799079917161,2.7530718347828858,0.9782442226800028
29558.451573610306,0.00015,2.86333844457602,7.570877375565443,2.571057571119564,0.9778042489992992
29603.410477876663,0.00015,2.6980784224247887,9.723648938972277,6.162843157531349,0.9831860854766347
29648.316353559494,0.00015,3.3270523053917946,8.821398192846049,5.000243139570686,1.024454536669949
29693.32195520401,0.00015,3.308817377246794,8.463672359925654,4.331485986405877,0.9625684550030107
29738.256890773773,0.00015,4.041332047624015,9.051230830034637,5.798016114447527,1.0034416887382285
29783.29887342453,0.00015,3.824072402856823,8.411303786806686,4.1907489071985715,0.9994912223511658
29828.297605991364,0.00015,4.251146527239968,7.762056944127954,3.275744074924736,1.0224261181073797
29873.223047733307,0.00015,3.6969500577297802,9.001576686577614,5.958202347482086,1.011636826100154
29918.242795944214,0.00015,3.846378381135034,11.83331454506815,8.981324427902319,1.0681055983105308
29963.244878530502,0.00015,3.8184135600300215,10.388387139909387,5.895386393358753,1.031376566371392
30008.275990009308,0.00015,3.18608782200214,14.71863079211125,11.972725138087181,1.0093987662598467
30053.281723737717,0.00015,4.31790309768774,7.99855212460364,4.175499195657718,1.0311166104929224
30098.441380739212,0.00015,5.492588055720095,7.827926398238648,2.90634607205725,1.0497931041716022
30143.43847799301,0.00015,2.7972202307973837,7.753623336233027,3.635266978269929,0.9685576353876698
30188.44639325142,0.00015,2.673230176414948,7.2519862559586725,2.1989402479426876,0.9677658508826157
30233.47569513321,0.00015,3.917119039082136,8.321720976017291,4.280421651852358,0.9845664507478727
30278.520983695984,0.00015,3.0121812085636326,14.15470995626244,10.719450057691828,1.012996278527995
30323.353265047073,0.00015,3.2943576652929867,9.943031635727257,7.44555772915008,0.9582770246300738
30368.12313246727,0.00015,5.231177706970326,10.650159348811169,6.660011330379802,1.1310701518603659
30412.91388487816,0.00015,6.783028142439211,8.217765075136377,3.754283501691879,1.0544263757631733
30457.62443304062,0.00015,3.752789607160947,8.351418379228054,4.312867075926179,1.0227082805065693
30502.259553670883,0.00015,3.3288815512248946,10.79181380435715,7.9616891460054235,1.0287680386047195
30546.913489341736,0.00015,3.3769338286422426,7.231629620087539,2.00898837435777,0.9934779055337154
30591.601413965225,0.00015,4.211231410264535,8.452536242100278,5.122960210909509,1.0442240835751797
30636.312670707703,0.00015,2.683220577326846,11.082233782318411,7.475759975166078,1.0568332556741342
30681.074177503586,0.00015,3.1191389219357015,9.356862263723562,6.090587824924736,1.0210313141633105
30725.839090824127,0.00015,3.9168469268333284,8.75417845000082,4.599259316997164,1.0369841736413419
30770.629482746124,0.00015,3.766187611564261,8.02442639214652,2.8518136188482783,1.0772927798846788
30815.37123823166,0.00015,2.7671058314311265,12.164695173890296,8.72147234291028,1.01790445558665
30860.17495560646,0.00015,5.667243401643791,8.713709437047891,4.2994683818452675,1.0949773855178473
30904.920238256454,0.00015,4.424649180566895,8.30199024760308,4.066778039628533,0.9824225864261283
30949.607412576675,0.00015,7.600658108931856,21.388552244114553,9.952515775838476,1.6469496399759633
30994.32620382309,0.00015,9.120174203327228,8.217111082151584,3.055575882249577,1.141655632813734
31039.219123363495,0.00015,5.311549655726699,8.70768337834929,4.720640194643835,1.0032021733470544
31084.163632154465,0.00015,6.0260056711068355,8.012618870905749,2.9221287526902118,1.0669924574177723
31129.125514745712,0.00015,5.549063375782229,9.114517308919527,4.6713674946195765,1.0625361959732587
31174.04927587509,0.00015,2.9783129890976925,8.805898551629127,5.415755865983902,1.0139738570756092
31219.003317832947,0.00015,2.6845078004079657,9.318360713397515,6.118484613698,0.9815021803186449
31263.907274484634,0.00015,2.647587476098038,7.6363299980629,2.9139262982994127,0.948667803483204
31308.73540496826,0.00015,2.6136231563130363,9.332162501805769,3.628989366665008,1.0884280486364062
31353.57504916191,0.00015,4.5295265852645015,8.316823654936208,3.109907424829568,1.049306953344019
31398.37887454033,0.00015,3.1904097788103725,7.651456081920878,2.5503261687649283,0.9728524763644575
31443.17813563347,0.00015,3.3737690764046757,8.248864662147366,4.195415559999502,1.0181888139597153
31487.897279262543,0.00015,2.5320572517825823,8.21130662573313,3.5314876094745222,1.005088370307441
31532.633529424667,0.00015,2.775697455206421,7.956624482458052,2.799170048221661,0.9919905332896529
31577.356649160385,0.00015,2.7874949144318237,7.47567325651688,2.200862947694815,1.0202996576979932
31622.119201660156,0.00015,2.6082644660616183,7.883747059495153,3.136191864985569,1.0404204833039663
31666.95185661316,0.00015,5.62672500975145,19.276852227206255,12.347553053934863,1.221069559583654
31711.75694680214,0.00015,5.713322065176208,9.050922430592447,5.181505589576284,1.070622284627211
31756.550700187683,0.00015,3.29350140116471,7.82006758662994,3.121450718193297,1.0262093665785654
31801.307326316833,0.00015,4.097316640713176,9.165720870646783,5.1719833568402915,1.0181386073260927
31846.031147241592,0.00015,3.061718007732176,8.716747954614183,5.525988808407146,1.0015194172675808
31890.715149641037,0.00015,3.639902356847822,11.272748347894469,7.99506058419586,1.0960566093145385
31935.551382780075,0.00015,4.91855542021371,21.123459683987406,15.558921940311505,1.183769476109655
31980.211092710495,7.5e-05,3.1443082566469744,7.24751470800656,2.2003356593429664,0.9096763400569079
32024.939404964447,7.5e-05,1.7219441502906367,7.235553912245473,1.8598604821855096,0.9102110625876076
32069.58470916748,7.5e-05,1.7191310183815183,7.305762778834352,2.3219625072114787,0.9158997319485164
32114.34621334076,7.5e-05,1.6863106414485716,7.20478373867334,2.050167496796626,0.9105119110085732
32159.172817230225,7.5e-05,2.10157962965835,7.349608012353942,2.230851762613673,0.9337592250182619
32203.93014240265,7.5e-05,1.7607515614323712,7.335484623733897,2.7527773037078274,0.9096926083866382
32248.779362678528,7.5e-05,1.8153905917169402,8.174171627655156,4.4654549179563094,0.9260195488332149
32293.613224744797,7.5e-05,1.7750107192819453,7.126268215462993,1.7978411437599522,0.9101188953083047
32338.403119325638,7.5e-05,1.967886255912225,8.863888101141702,5.898791814913416,0.9134854138749458
32383.25010895729,7.5e-05,2.5446772081170144,7.432000398534194,2.6583261866478405,0.9203128451091517
32428.06859064102,7.5e-05,2.051274432684337,8.487403972226279,5.2169843248500944,0.9575895055044716
32472.896164894104,7.5e-05,3.089013798510442,7.865119565129139,2.8902119970625373,0.9892734291711087
32517.811495542526,7.5e-05,2.402867240506226,7.4709754921028155,2.9491072539311305,0.9313285479997088
32562.64390206337,7.5e-05,2.044024916077355,7.666111440213476,3.5371158089607384,0.9149071189809879
32607.418303489685,7.5e-05,1.8241772179612261,7.275551076004274,2.1438889060050816,0.9068632512505675
32652.230217695236,7.5e-05,1.764253861656606,7.273797809481762,2.2343067873815063,0.9115700079556336
32697.13725709915,7.5e-05,1.8359532015788316,8.635171948233873,4.486945620008335,0.9726840881622394
32741.934497356415,7.5e-05,2.154888404653372,7.809208506414942,3.503705660097159,0.9231304434702726
32786.735703229904,7.5e-05,1.9683362365854677,7.35109588026125,2.103094982949032,0.9280906047638791
32831.630810022354,7.5e-05,1.7639884692506496,7.233249387495949,1.956221224547951,0.9077591430403784
32876.51889896393,7.5e-05,1.7301863980423557,7.698062584869558,3.1593286113374552,0.9201052301426893
32921.400505781174,7.5e-05,2.438702687018556,7.862608918248972,2.9159492006727086,0.967662584198921
32966.34176015854,7.5e-05,2.6070613937082623,7.752443460242157,2.47272544423486,0.9630661197515646
33011.11812663078,7.5e-05,2.0762732170101508,7.795947623902434,3.5557671322184765,0.9570627783237828
33055.92963576317,7.5e-05,2.3259730737717423,7.773705382009333,3.8768992721654807,0.9443678707004413
33100.78982257843,7.5e-05,2.2740061376915603,7.955858673458556,3.426713562011719,0.9319661014896993
33145.6723177433,7.5e-05,2.2797494030606766,8.27527327866273,4.610998272743954,0.9449393637436577
33190.502975940704,7.5e-05,2.626258361317855,8.82457187188742,5.2010158077167095,0.9394869591927515
33235.42191720009,7.5e-05,2.403709494264182,7.377422816378899,2.410535178214881,0.9125041027501382
33280.31487894058,7.5e-05,2.3736823817637016,7.338445216760452,1.8462476110762092,0.9412557689139867
33325.18137574196,7.5e-05,2.4198562190398056,10.935773913088186,7.717706318266073,0.9993789307739576
33369.982335329056,7.5e-05,2.5327374614218763,7.709477656928602,3.2064219966815535,0.9140271176360262
33414.753846645355,7.5e-05,2.4912495091747497,7.58439543980384,2.855029593303705,0.9313612697456418
33459.541326999664,7.5e-05,2.07327240225613,7.594066077294268,2.7153604009348875,0.9281315088742794
33504.41175055504,7.5e-05,1.8324164722352296,7.800142903803536,3.129294552165232,0.9508282137643874
33549.25577259064,7.5e-05,2.201932811563349,7.892045403713017,2.9123037156026075,0.9308704397006782
33594.03210949898,7.5e-05,3.0659285312576157,8.501694089523058,4.328556201716138,0.9576801843800591
33638.79084467888,7.5e-05,1.8753365352071265,7.741811502965472,2.875836346863182,0.946923056931365
33683.63349509239,7.5e-05,2.2834441827294607,10.425959448937528,7.095892878246914,0.9442188972979842
33728.58831715584,7.5e-05,2.9199243898600176,9.737524097560565,6.361620471735669,0.9783591690912995
33773.42592167854,7.5e-05,2.4020587192858502,7.814763290389006,3.032719149255449,0.932981746155137
33818.191415309906,7.5e-05,1.8977271683663401,7.734872526152104,2.9861580429563097,0.9298269260252556
33862.92500090599,7.5e-05,2.1697871844842354,7.638384551274441,2.8453932452353703,0.9101203933519407
33907.748687028885,7.5e-05,2.5361402318343003,8.635375996591694,4.673888508984997,0.9462454669238135
33952.65123438835,7.5e-05,2.4976290460492745,9.04979638795778,5.731301821568969,0.94495298687922
33997.47293663025,7.5e-05,1.881150087893335,7.679493062650386,2.628878327387913,0.945465175131905
34042.22173857689,7.5e-05,2.2543448618418096,8.86156319681713,4.7772076649271,0.9769394131771697
34087.15764904022,7.5e-05,2.8308396246481027,7.588155769742628,3.7319654428275526,0.9276781029284382
34132.0093255043,7.5e-05,2.047745576538892,7.877986822882921,3.873368835449219,0.9641066720434287
34176.84674358368,7.5e-05,2.192765398016827,7.884984465397752,3.5008983441978505,0.9192652132597183
34221.675818920135,7.5e-05,1.9897366786915096,11.01631944885019,8.264383585741566,0.9418443034085525
34266.471876621246,7.5e-05,2.9947726767354106,9.17797545006252,5.502289304308071,0.9409228311258687
34311.27124261856,7.5e-05,1.8810906831901146,7.7863390446725935,3.651317290287868,0.9169513007414564
34356.03318023682,7.5e-05,2.870866290337401,7.386213201528702,2.1781232748821284,0.9382623538279584
34400.88860797882,7.5e-05,1.9931886704241644,7.331977242294913,1.9929317522960104,0.9097348023183931
34445.67839360237,7.5e-05,1.8292436953233673,7.790170753705391,3.522510786117262,0.908566492160971
34490.42683029175,7.5e-05,2.320120855585039,8.379211682093931,4.385786175575985,0.9298041064055961
34535.37756752968,7.5e-05,2.063811284075669,7.774776527334293,3.0361806395706856,0.9344357584905334
34580.192923784256,7.5e-05,1.7854500691095987,7.220961968397761,1.9683961734650242,0.8919563462758134
34624.99927854538,7.5e-05,1.7158235343210466,8.994161677806758,5.76965928776249,0.9689608713315861
34669.81906628609,7.5e-05,2.237783684235453,7.391200858663818,2.4892933353496964,0.9035453892183428
34714.532405138016,7.5e-05,1.9252254261996578,7.734183191287238,2.8799348284484476,0.913837508112957
34759.26428461075,7.5e-05,1.9146047199141567,7.259828035629804,2.0443885681735483,0.9248476294895809
34804.06353855133,7.5e-05,2.5557746736078313,8.490316029460304,4.103558699492436,0.9524024648274007
34849.00037741661,7.5e-05,2.772271926372646,9.65117977451188,5.813426033554563,1.0235826810577568
34893.85883426666,7.5e-05,2.5263636395796616,7.908310712047506,3.1321710477209397,0.9231139881260858
34938.89372634888,7.5e-05,2.5297940450939325,8.099453184418813,3.7016945225417994,0.9345640793274451
34983.95327973366,7.5e-05,1.7063516295455627,7.4763347566593765,2.6422419554109027,0.9041869702670922
35028.82739186287,7.5e-05,1.7170368214556861,8.44061290554118,4.5454471272268115,0.9228806577078644
35073.731120824814,7.5e-05,2.6058428180239455,8.174074389397378,4.090587436165779,0.9476627048907249
35118.649961948395,7.5e-05,2.0930404822900215,7.638684767971839,3.2027096499303345,0.928176253528982
35163.62563920021,7.5e-05,2.4861076976866454,7.480316695063297,2.5126378636451285,0.9646244398820629
35208.49025249481,7.5e-05,1.9138782595893291,8.80117397114045,4.735697149774831,0.9369055061066197
35253.28769803047,7.5e-05,2.44045271482624,11.712496637874406,8.863289044617089,0.9486914945516712
35298.13795232773,7.5e-05,2.823615652789618,8.037825163448346,4.464685972177299,0.9292980568542456
35343.04225182533,7.5e-05,2.115303321310297,8.419440450919124,5.018293334572179,0.9147075706999477
35387.95035457611,7.5e-05,2.5510071617223744,7.780020365119687,3.4127798870110966,0.9339946453712341
35432.86485624313,7.5e-05,2.489129731390211,7.883391486861304,3.119841363020004,0.9628807440815516
35477.74994850159,7.5e-05,1.9612867932502038,8.280908714428639,4.366703708915954,0.9159451899573314
35522.58540940285,7.5e-05,1.821654929663097,8.04494501439013,3.6395389143828374,0.9318682215935452
35567.47965669632,7.5e-05,2.024238868141869,8.077807795315154,4.3403587487093205,0.9038592688837558
35612.34902501106,3.75e-05,1.570135999377308,7.250981314886636,1.6912244590224734,0.8677906331900764
35657.2249109745,3.75e-05,1.3253678542451564,7.167805202186348,1.545692047799469,0.8624245599106403
35702.05966114998,3.75e-05,1.3893918014614959,7.306598225195694,1.9342776741951135,0.8705475386121229
35746.87504315376,3.75e-05,1.385545189827952,7.197339910117689,1.980096182853553,0.8593419331449154
35791.75173687935,3.75e-05,1.4641046124946442,7.509465598331416,2.2165449276091946,0.877699937348229
35836.630273103714,3.75e-05,1.372331792973864,7.262799178839464,2.1450102034647753,0.862110587701991
35881.453107595444,3.75e-05,1.3872517649810387,7.415937407235347,2.3821317660580776,0.87846005664263
35926.3209798336,3.75e-05,1.3994656972763535,7.240344313461333,2.0999485088761447,0.858015281510355
35971.26977133751,3.75e-05,1.4369490513384668,7.2423525815777126,2.344052252799842,0.8655995679619019
36016.15470004082,3.75e-05,1.4039017055421146,7.271139441613082,1.8808117447385362,0.8676140298476614
36061.027992486954,3.75e-05,1.444227593670343,7.507501889743728,2.735453135496492,0.8644355996246447
36105.89979839325,3.75e-05,1.4489304199027668,7.399213887786052,2.033881973460981,0.8824426586684633
36150.7424557209,3.75e-05,1.3858995675606371,7.43933087798324,2.4996431678723376,0.8766657821075673
36195.60969257355,3.75e-05,1.5176512343418838,7.44884295688368,2.7648921213332254,0.8756364815308378
36240.40263128281,3.75e-05,1.6530337721923662,7.38579629674621,1.8500977801669176,0.8585742735047481
36285.26745867729,3.75e-05,1.4944845637119968,7.3271284113221755,1.960939064754802,0.8802473904349779
36330.18440580368,3.75e-05,1.5754845006001235,7.517883129217025,2.9424696126561254,0.8811983936499299
36375.08977365494,3.75e-05,1.4623745450990882,7.334910767283437,2.28964531770937,0.8705495070838762
36419.93540072441,3.75e-05,1.5552687112968042,7.737614161695414,3.187144470214844,0.8800752079600757
36464.77596497536,3.75e-05,1.51717223191739,7.64192800678311,2.540745631904359,0.8955420785611872
36509.53505682945,3.75e-05,1.582797705844886,7.545009335554259,2.837045997571034,0.8761433871071231
36554.34890985489,3.75e-05,1.4050406853792228,7.2991101256819935,1.943348161733834,0.885201794768099
36599.10918998718,3.75e-05,1.4329620941089152,7.2838616300041545,2.4081590348747883,0.8650267503936172
36644.30819630623,3.75e-05,1.5514162480505438,7.360055339322274,2.653806144568571,0.8592841630297174
36690.181128025055,3.75e-05,1.5939165319467068,8.266000474569669,4.810906904670084,0.873900771440417
36735.08686876297,3.75e-05,1.5097952687675185,7.507782404865029,2.6015650658091163,0.8696788024781845
36779.976825237274,3.75e-05,1.6294366118252168,7.377373535998538,2.1859313381705316,0.8739637085529692
36824.80069589615,3.75e-05,1.5112466403261127,7.382526882907503,1.7403554636961336,0.8791621571118861
36869.5785241127,3.75e-05,1.4347810298584416,7.235004632220509,1.9411713642679203,0.8612880634186458
36915.073630809784,3.75e-05,1.4571022587830034,7.978463487392409,2.6885472777542794,0.9213628098193309
36959.819355010986,3.75e-05,1.6998269634385794,7.36129826420547,2.4170502729476637,0.8899136105034106
37004.70400381088,3.75e-05,1.626643072364543,7.324001216470447,2.5642086928057823,0.866720592381594
37049.57670021057,3.75e-05,1.8436916510264079,7.528543098134978,2.0694228081186865,0.902910671792945
37094.42901802063,3.75e-05,1.4816666021155964,8.03425910030601,4.194320134448398,0.8685513250957514
37139.26881957054,3.75e-05,1.6805925093061937,7.382567569633932,2.0884451896521696,0.8748663559990227
37184.17362308502,3.75e-05,1.3629431883928338,7.223580497182734,1.6519898408537457,0.8584440555314943
37229.09519195557,3.75e-05,1.503896570509683,7.70614763652225,3.3422830180757366,0.8663214090602296
37273.96767497063,3.75e-05,1.590585383865134,7.614389205944818,3.1421962470765328,0.8680947264082612
37318.820324897766,3.75e-05,1.5134148487410692,7.541595417683341,2.209156852770763,0.8921008197634102
37363.7550535202,3.75e-05,1.4798050460919656,7.35437565490381,2.0526958174006955,0.8625848621475953
37408.69467115402,3.75e-05,1.487109650245347,7.644761814920859,3.465029848912719,0.8698835466763405
37453.63752770424,3.75e-05,1.7056308400652664,7.284190187542339,2.2318015906461484,0.8752799413615208
37498.490797281265,3.75e-05,1.4469123568474052,7.194913338428706,1.918360677342506,0.8591492214954494
37543.38246178627,3.75e-05,1.5304617079229303,7.3437732124464175,2.09297082986042,0.8727113016576344
37588.309557914734,3.75e-05,1.5639992779938467,7.245664682396213,1.9866663015572128,0.8717504059563295
37633.196892499924,3.75e-05,1.4892746191424315,7.319789796591765,1.919142789901442,0.8610203107725263
37678.06753373146,3.75e-05,1.4551211901701213,7.351103202654439,1.9560501074335377,0.8699018258934741
37722.92307806015,3.75e-05,1.5020670355777705,8.664511756347949,4.640848011575686,0.8897977810754018
37767.6427731514,3.75e-05,1.4556651599637362,7.408256960299251,2.2879346082164984,0.8757202736472647
37812.366300821304,3.75e-05,1.523931192656901,7.45308509641167,2.194101151387403,0.8526746364130489
37857.09330677986,3.75e-05,1.435564527528968,7.343191897103753,2.100831567557754,0.8672144493615751
37902.11268925667,3.75e-05,1.5810479449878407,7.484423979682624,2.6015317297285527,0.883754578576611
37946.81046271324,3.75e-05,1.5576106521384094,7.464818609723884,2.130417895468937,0.8609857902174396
37991.584955215454,3.75e-05,1.5011505258105058,7.160339197522796,1.824989403888678,0.8711681489779525
38036.311957120895,3.75e-05,1.465489635571756,7.403423229672564,2.276660958065349,0.8900088027897467
38081.02242612839,3.75e-05,1.5408643482812767,7.241513021448104,2.183394404125821,0.8666879323311518
38125.78229403496,3.75e-05,1.4123158204750936,7.494041693111755,2.0278024661313196,0.8829941623726605
38170.477702617645,3.75e-05,1.5080431867818362,7.437858937188253,2.046904638010985,0.8753608665656094
38215.16289949417,3.75e-05,1.6099596517984984,7.960554739265921,3.6452245141290556,0.8736939257396056
38259.93391227722,3.75e-05,1.5761001000638868,7.462613428172781,1.9821608549470355,0.8699650772674327
38305.23265457153,3.75e-05,1.5370860486734108,7.324435028677387,1.728871244685665,0.860939086730904
38349.98089361191,3.75e-05,1.3399006836618448,7.866634537998011,3.6068730445424464,0.8529624632294874
38394.64775419235,3.75e-05,1.7143475050917523,7.99507138934132,3.2456759604678793,0.9085401925300334
38439.44445371628,3.75e-05,1.7434653234394957,7.547872756573014,2.61964511263902,0.8782302081636707
38484.145760297775,3.75e-05,1.4084989406589168,7.261148789007498,1.8776472249608132,0.8606275534221255
38528.87705183029,3.75e-05,1.3967707515848573,7.4500579493047505,2.8352354207615944,0.8744978391925541
38573.67742371559,3.75e-05,1.5751260204176216,7.501846481007836,3.1491303753700985,0.8697823140158583
38618.33782505989,3.75e-05,1.5315734567972263,7.648067345322096,2.739271973045009,0.8754432917413182
38663.11386370659,3.75e-05,1.5413878856026626,8.070478431717024,3.7833517086733677,0.8795281328353274
38707.97291016579,3.75e-05,1.5571116620291343,7.386385721551443,2.640838234287918,0.8684625607083629
38752.70917272568,3.75e-05,1.4445207408217133,7.707229171954916,3.1430603804861663,0.8638305114587035
38797.43761587143,3.75e-05,1.3809783454366937,7.779978088890877,3.5149132115066433,0.8566270654879126
38843.64849948883,3.75e-05,1.4064855638097544,7.861781564738281,3.832388723579941,0.849124244075999
38888.50498700142,3.75e-05,1.508539640881759,8.053908877089192,4.13590137457392,0.8653834081699636
38933.35819196701,3.75e-05,1.5621409038376939,8.086508933629675,3.8577209569845987,0.8826517620386412
38978.16028261185,3.75e-05,1.3843307062576378,7.379838934122062,1.6381540286313196,0.8617237936063729
39022.95211672783,3.75e-05,1.3867585035404004,7.415069108646477,2.1349383724722895,0.8555130917060284
39067.758231163025,3.75e-05,1.6692430593494074,7.593646502184151,2.517655002083748,0.8662355559288133
39112.586918115616,3.75e-05,1.4836978739510902,7.464409130801807,2.4347940189823225,0.857494037516411
39157.3444814682,3.75e-05,1.3131601843894722,7.4645873863136165,2.05617073447841,0.884323704055368
39202.173864126205,3.75e-05,1.742905451430649,9.031042047948867,5.959860365557822,0.8850477141357942
39246.867819309235,1.875e-05,1.3086464610907549,7.34487688721596,2.486409531125597,0.8378054235272052
39291.61247134209,1.875e-05,1.1966232062688942,7.3100135072546815,1.6079940261354873,0.8440301939274363
39336.44631743431,1.875e-05,1.1816025516808792,7.348038000767899,2.019507351043118,0.8406632839800254
39381.210097789764,1.875e-05,1.154949906462963,7.295804486560527,1.678092421999403,0.8355800710300185
39426.02711439133,1.875e-05,1.1573451365495206,7.303126505510809,2.174170699392914,0.8371431282174199
39470.91017985344,1.875e-05,1.186986009041034,7.187020115919007,1.8267901791129142,0.8393778063736378
39516.20203900337,1.875e-05,1.1735195058291075,7.224258279156499,1.43328578244349,0.8398560621063828
39560.89743280411,1.875e-05,1.187763737850502,7.583973963467947,2.5015460797935534,0.8595740836368752
39605.64495897293,1.875e-05,1.252035494146017,7.269921584085276,1.6680656651782382,0.8384501838217149
39650.357085227966,1.875e-05,1.2161392798189257,7.4457514319253795,2.1126931889041973,0.8419251110056118
39695.47998261452,1.875e-05,1.2179433790495269,7.247457823993979,1.7625122434774023,0.8428647294745272
39740.16710233688,1.875e-05,1.2168788205296182,7.410290042034005,1.9697063980588487,0.8498059773213545
39784.83351778984,1.875e-05,1.1836450127304576,7.333028303596878,2.178143402877127,0.8384730959846107
39829.61322283745,1.875e-05,1.1682320177012238,7.347416605697483,1.8039501603241939,0.8395478680660438
39874.40513110161,1.875e-05,1.2188852529056737,7.313547876874747,1.6405666934456795,0.8448355032408641
39919.2069132328,1.875e-05,1.21773594541845,7.521347802816706,2.238696653524022,0.8448973626103116
39963.99401688576,1.875e-05,1.2822690168147963,7.330747690033613,1.6711991522722183,0.847663123263272
40008.67226409912,1.875e-05,1.2220149598703576,7.357751762073375,1.8023103774732845,0.8393330193032852
40053.390677690506,1.875e-05,1.1694745048582011,7.432460322947164,2.4731187856880723,0.8374261370016238
40098.19250178337,1.875e-05,1.233259681013764,7.217649788552623,1.5986089937246528,0.8417204535667397
40142.94018340111,1.875e-05,1.2260462112114077,7.493309697582947,2.3307434179220987,0.8550217218255202
40187.67633104324,1.875e-05,1.2680843391922219,7.310172822418385,1.6285278636179152,0.8433484780339374
40232.43696522713,1.875e-05,1.2270200422335626,7.343730325773412,1.648904992364774,0.8495635178984788
40277.194872140884,1.875e-05,1.1904864682091607,7.349333869120262,1.944587615189279,0.8474288481328477
40321.91623520851,1.875e-05,1.233282691142598,7.401866630241504,2.325685537544785,0.8342502883493002
40366.6525285244,1.875e-05,1.2094715508389777,7.27351508586222,1.6495775259224472,0.8394761682658138
40412.16969394684,1.875e-05,1.2173909372753566,7.32762772979908,2.0613266671539114,0.8377702455295447
40456.95809531212,1.875e-05,1.2674074864344085,7.322780248322947,1.9042402352497076,0.8419515186036582
40501.704021692276,1.875e-05,1.2811621917401506,7.217948135220307,1.5363803693443348,0.8363170602993218
40546.46998953819,1.875e-05,1.255907612767593,7.348943671460571,2.064043936759803,0.8537475826935511
40591.20332694054,1.875e-05,1.2305734985295975,7.1866317143346485,2.053687971564615,0.832855929769555
40635.921877384186,1.875e-05,1.2324336474493336,7.374154300882872,1.8914576755207815,0.8404347735220228
40680.70279431343,1.875e-05,1.2186850096575768,7.3730990979491295,2.3928614233709444,0.8425358828686429
40725.43594837189,1.875e-05,1.2448426257934293,7.763101064150606,3.4655168569771346,0.8421995229087696
40770.18578219414,1.875e-05,1.2280065194070882,7.317940572697076,1.7668753144088065,0.8479362646249161
40814.99334049225,1.875e-05,1.1970740031674911,7.563933931756036,2.8193440334052795,0.8364099274368485
40859.69994974136,1.875e-05,1.2599824338228542,7.402566480212967,2.1178314719230507,0.8512276766434445
40904.46294093132,1.875e-05,1.2985847537417663,7.273349084506185,1.6291704165707728,0.8394003367956843
40949.29871916771,1.875e-05,1.1644525563564891,7.260387961402998,1.6497783029155366,0.8403960345377527
40994.03901100159,1.875e-05,1.1893249606391336,7.3487441106758755,1.8312271191056366,0.8433419055361832
41038.74684858322,1.875e-05,1.244434736204929,7.515659011220853,2.5245824388637663,0.848905024573314
41083.526134967804,1.875e-05,1.2220060702230109,7.5395905071060625,2.5281049351783316,0.8489644546828111
41128.25052976608,1.875e-05,1.2573113118364512,7.438757720611525,2.558975428684502,0.8397287553891011
41172.97580695152,1.875e-05,1.1935225230965676,7.281809810596855,1.8554322260959892,0.835905724894254
41217.69067311287,1.875e-05,1.2842574486966993,7.3629078609744,1.954871711002034,0.8500727254877646
41262.394953250885,1.875e-05,1.2616705458455182,7.475136668759482,2.16145801908651,0.8535211197546494
41307.152749061584,1.875e-05,1.1801697992887654,7.239587400875168,1.5715535959620384,0.8365850134557865
41351.827323913574,1.875e-05,1.1790776465325625,7.646990438999934,2.683123118406648,0.8597052116186182
41396.57073521614,1.875e-05,1.25074694269559,7.386948292624242,1.7479591636900689,0.8551665847659027
41441.26617407799,1.875e-05,1.2221377158208406,7.226196843180942,1.536042012986104,0.8307217535678503
41485.9287610054,1.875e-05,1.1785133913783645,7.245888119335848,1.713091001085415,0.8353303720268943
41530.71591544151,1.875e-05,1.1378562513379233,7.785707780722333,3.171459173700612,0.8533706656604132
41575.46564912796,1.875e-05,1.3580950670120713,7.382597736441335,1.8710441224893946,0.837530275134126
41620.185708999634,1.875e-05,1.176788706032522,7.296420710308804,1.7277444778733952,0.8396726067085208
41664.86193728447,1.875e-05,1.163297302996526,7.3673384816520615,2.0638913075635386,0.8412729164044608
41709.51184487343,1.875e-05,1.1533796342127094,7.688723028392426,2.6862765172484573,0.837560837537881
41754.277131557465,1.875e-05,1.2852585909362264,7.232170529875025,1.8626417876808508,0.8317332222197544
41798.987652778625,1.875e-05,1.206805569964897,7.300742683803772,1.8208424319127563,0.8364484504869009
41843.764924526215,1.875e-05,1.191425549180564,7.383542606514852,1.64409031716122,0.8429631145025123
41888.51903915405,1.875e-05,1.1995061166950913,7.925260319401375,3.9374954903960986,0.8468878943575772
41933.325330019,1.875e-05,1.2067698225297563,7.271337657154412,1.539763162697956,0.8366659637236684
41978.0450398922,1.875e-05,1.1879105679975832,7.38458440796907,1.6609661272376965,0.8373362061838624
42022.85701966286,1.875e-05,1.145206641499462,7.383746901215944,1.9917756949260736,0.8315962987178444
42067.60185003281,1.875e-05,1.21178399847722,7.746835841061634,3.2090401521913563,0.8474669065387349
42112.44402837753,1.875e-05,1.252114595741522,7.661444734741912,3.591125381372537,0.8354577076639372
42157.18547511101,1.875e-05,1.2255782467419984,7.331927069615651,2.1616193637726413,0.8361924951754126
42201.86173129082,1.875e-05,1.246433271584398,7.3973947145622,1.9884973003606128,0.8443498074175255
42246.644416332245,1.875e-05,1.1729209041117754,7.276625064644478,1.4821545351842407,0.8349352066243683
42291.396092653275,1.875e-05,1.1338171294912398,7.286576483656913,1.5296243679751256,0.8349551516197534
42336.17083597183,1.875e-05,1.1327872538610018,7.522734891817598,2.6512054929308073,0.8320529687407456
42380.827886343,1.875e-05,1.1279697158514694,7.67025031193939,2.726380711452217,0.8453680124458314
42425.561960458755,1.875e-05,1.3756578504279229,8.61948611784309,4.7577460416563,0.8467891584364882
42470.337114572525,1.875e-05,1.2825143784990294,7.285315081785709,1.6488955066462232,0.8400908404406539
42515.09412956238,1.875e-05,1.176451171812464,7.697279053540965,2.745868046268536,0.8544019154290551
42559.773248910904,1.875e-05,1.167870252835946,7.3786247813681864,2.3933107120975565,0.8313715960284145
42604.54203796387,1.875e-05,1.207051871600264,7.603487189294489,3.4306681444690486,0.8384174273720683
42649.295085430145,1.875e-05,1.240153245891161,7.602069139198171,2.7380917397274334,0.8388064078016416
42694.04580569267,1.875e-05,1.2232533313103278,7.31125912553353,1.9286050249816507,0.8338727620731906
42738.757779836655,1.875e-05,1.18486696210281,7.555746279088165,2.933634132336659,0.8329365214323966
42783.51435112953,1.875e-05,1.1722593794972085,7.453801468197584,1.9352483494266584,0.8546398460173092
42828.21020960808,1.875e-05,1.204303488184194,7.487114134605279,2.050211387682872,0.8417379789420951
42873.38533115387,9.375e-06,1.0626483900516628,7.316858017470028,1.5133004814196545,0.8350335010371012
42918.09018611908,9.375e-06,1.0599610721261559,7.2841726009610195,1.3866162342630375,0.8267343817093846
42962.81580162048,9.375e-06,1.0586016129491975,7.260037748685411,1.3846220660361515,0.8220996371379709
43007.530829668045,9.375e-06,1.035486809065216,7.323273308704714,1.5214011076908962,0.8287832696790107
43052.344766139984,9.375e-06,1.033844377629744,7.309027220157333,1.5715449922403713,0.8277374443506673
43097.163991212845,9.375e-06,1.0447216569617364,7.277781696399788,1.414586437735588,0.8277442154307826
43141.885367155075,9.375e-06,1.042718714443061,7.347200558762278,1.5728485496180833,0.8309274810378909
43186.67429351807,9.375e-06,1.0459445453515253,7.296712002672875,1.62802203233075,0.8281416770623569
43231.36800789833,9.375e-06,1.0828313057105614,7.319542821276614,1.6618998290626865,0.8251692422991689
43276.081839323044,9.375e-06,1.0639000222114048,7.34780290907973,1.581247193646279,0.8312051685860133
43320.837426662445,9.375e-06,1.0567818078404132,7.358198706777817,1.5604797144604337,0.8288363008093215
43365.57248663902,9.375e-06,1.0478683307305494,7.36211509261756,1.5389549352560834,0.8321328412655226
43410.32031297684,9.375e-06,1.0970573484789043,7.383634388517413,1.884944495425862,0.8314798754707365
43455.00387716293,9.375e-06,1.1085147921070593,7.304889679915305,1.594943689236975,0.8261952209593155
43499.66527676582,9.375e-06,1.0533030136903996,7.3515200410288,1.7230888561078697,0.8294239831349206
43544.349378824234,9.375e-06,1.0683948980654523,7.308180408640457,1.6488145524529134,0.8262310525435816
43588.9593102932,9.375e-06,1.0902446783739794,7.3021621326224215,1.7431038510267902,0.8275271880460051
43633.62777018547,9.375e-06,1.0778654187103438,7.323242224994019,1.6566204775670532,0.8271075256776633
43678.26354908943,9.375e-06,1.0764102979435948,7.321120865337658,1.7548635106177846,0.8295489107198383
43722.94016480446,9.375e-06,1.0666169773685477,7.294259289829857,1.5870659263270677,0.8275154755426736
43767.62933969498,9.375e-06,1.0768516580046634,7.367070467487327,1.4843676354475082,0.8306828526329167
43812.325885772705,9.375e-06,1.1157688051842167,7.337613311889357,1.4370814997679109,0.8281241709668423
43856.9925904274,9.375e-06,1.0508152421489223,7.278348958930029,1.5213739480182624,0.8252610374775429
43901.725452661514,9.375e-06,1.087928087637507,7.283359912469245,1.77363845193462,0.8255225704469962
43946.99598360062,9.375e-06,1.0746568012758682,7.38908726719425,1.664852706034472,0.8346261565590944
43991.64091920853,9.375e-06,1.1033346167461902,7.483049662275299,2.1425172793637417,0.830685303100692
44036.24874782562,9.375e-06,1.10712992102722,7.382994324780843,1.4208356140525478,0.83457749616871
44080.89719796181,9.375e-06,1.103849408318219,7.470406110036489,1.9383518170399272,0.8342245112020502
44125.57484650612,9.375e-06,1.0873805841678696,7.374260821327782,1.545127010952895,0.8330580384134635
44170.28263306618,9.375e-06,1.1286518423500826,7.308883328399396,1.6253578380414635,0.8262482077459923
44214.95379090309,9.375e-06,1.0892495347068176,7.423417152259282,2.211437402713071,0.824441869814494
44259.63881778717,9.375e-06,1.0434683351568836,7.312450986404437,1.8124428500035765,0.8244939388807451
44304.299077510834,9.375e-06,1.0909481384715096,7.347584310263657,1.7217040262404522,0.8278727232821508
44348.956060647964,9.375e-06,1.0429922496903354,7.3218912159258425,1.6686465949769234,0.824837937513573
44393.650354623795,9.375e-06,1.0548236970693037,7.4988831506637394,2.3072983079655156,0.8266022318960752
44438.52950167656,9.375e-06,1.0695023797031744,7.427648407761674,1.7083099681101028,0.8299335107695649
44483.46918654442,9.375e-06,1.0752419514734237,7.457586047350584,2.0089008209811654,0.8315679110801399
44528.29217624664,9.375e-06,1.107990591100439,7.311995010357902,1.7756289172324404,0.8250283240142294
44573.097469329834,9.375e-06,1.070095755927984,7.434054055351749,1.7366774759474832,0.8305947013444681
44617.89543509483,9.375e-06,1.0816838898945376,7.33211380176368,1.628052822040145,0.8210589479592365
44662.67716670036,9.375e-06,1.0716966982964826,7.327791088329506,1.9420384012210141,0.8245802971439924
44707.38748574257,9.375e-06,1.0754033713175735,7.470973610996607,1.8581969242946357,0.8389094277033731
44752.083996772766,9.375e-06,1.0833893857584191,7.399391746199038,1.495248092359798,0.8383498014022152
44796.88084626198,9.375e-06,1.0629647327033982,7.593269749231119,2.409171023034746,0.8409272018657951
44841.64851498604,9.375e-06,1.0580472415913649,7.372866177564547,1.4549516653559011,0.8268169804036613
44886.350521326065,9.375e-06,1.0661386883323962,7.3291008315756265,1.7616487418010736,0.8266031149127873
44930.99842429161,9.375e-06,1.0676000287189726,7.400863583684956,1.99105788552837,0.8266844989770887
44975.64964771271,9.375e-06,1.0813571843510335,7.545383585874743,2.3690548842120323,0.8350019283696843
45020.277247190475,9.375e-06,1.0626245303232162,7.385989545595304,2.0874082577456337,0.8282806075957021
45064.98031401634,9.375e-06,1.0963362096003062,7.3403454006862034,1.5464774648095392,0.8237649854491185
45110.42291760445,9.375e-06,1.0566883199853323,7.311279440095599,1.4784600251799176,0.8248705647882858
45155.24440407753,9.375e-06,1.0701059788736924,7.338097777233336,1.7223146061988392,0.8262112232272417
45200.07615303993,9.375e-06,1.0525118302994956,7.46340246262129,1.948118435805011,0.8316857841712815
45244.86194229126,9.375e-06,1.0286698351792298,7.411790861029445,1.6826950583488318,0.8251288452485834
45289.515416145325,9.375e-06,1.068898614464779,7.535055144057401,2.4257640182592306,0.8391915978144989
45334.232622385025,9.375e-06,1.041491709445995,7.44107374247994,2.061757259004435,0.8317854011810984
45378.8742890358,9.375e-06,1.070866507237509,7.386355004907078,1.7212077924400377,0.8344315188535251
45423.591495513916,9.375e-06,1.0894922109249512,7.408533310737691,1.9927622971261383,0.8269233472857686
45468.338940143585,9.375e-06,1.0701392160087335,7.27876586069628,1.4393109679981402,0.8246713230567154
45514.17966222763,9.375e-06,1.0731858503623086,7.473996569155178,2.6518025683749253,0.8268996870650468
45558.914904356,9.375e-06,1.0528533760967151,7.435774615030666,1.523715722636812,0.8304198158358752
45603.71062994003,9.375e-06,1.0494870759967463,7.316598803040767,1.5506734957360917,0.826668728067253
45648.46800112724,9.375e-06,1.06027047914234,7.390933371025136,1.9487218188632065,0.8293299090793552
45693.14295768738,9.375e-06,1.0508412282757855,7.444582234477297,2.1007154525465266,0.8274128123179983
45737.82955932617,9.375e-06,1.0712989438209812,7.380757615572467,1.70474163954425,0.8236466920574459
45782.492267370224,9.375e-06,1.0540487687444426,7.553534522589787,2.459381385365869,0.8269827542594567
45827.16334795952,9.375e-06,1.0675437096906708,7.352917986745322,1.5613569636253795,0.8230428030976072
45871.83456325531,9.375e-06,1.1087289298166993,7.331220210623724,1.4679756553309737,0.8239832409597597
45916.64838171005,9.375e-06,1.050270908386981,7.3974381036539265,1.6963128423994513,0.8267889822187426
45961.4527797699,9.375e-06,1.0948027354554835,7.399457314556115,1.6966385446536314,0.8242086222995884
46006.13197684288,9.375e-06,1.1086046801890181,7.360532208201841,1.5185732847566058,0.8240697631016545
46050.84436058998,9.375e-06,1.0662536149467927,7.38212214615977,1.7714344340524855,0.8228645956724315
46095.485090494156,9.375e-06,1.0785612161476539,7.435178055087697,2.4747528513525703,0.823075301197386
46140.171033382416,9.375e-06,1.0731698436815231,7.385235910708236,1.5046618224708896,0.8260972812956546
46184.868612766266,9.375e-06,1.0450582196369413,7.3681190411023865,1.575472383438402,0.8251635065465085
46229.61325621605,9.375e-06,1.0555058501891534,7.391313119941175,1.4486997665113703,0.8275171875925432
46274.41885590553,9.375e-06,1.0751053989476411,7.451526574595961,1.938564016257122,0.8265835169545378
46319.20687031746,9.375e-06,1.121054885600217,7.441128017252244,1.5942203400241342,0.8292401749159708
46363.937822818756,9.375e-06,1.0282027221551142,7.417028048196073,1.6900073349096214,0.8264896569052061
46408.75675749779,9.375e-06,1.0227371140473094,7.385347492455928,1.5017276472346799,0.8288513333012517
46453.611178159714,9.375e-06,1.0708470218168582,7.322923169839837,1.545359717205072,0.8231884140958156
46498.33960866928,4.6875e-06,1.0126234688394056,7.381928675955885,1.4214490951246517,0.8224671417527936
46543.16442608833,4.6875e-06,0.9942980811895569,7.38027745489542,1.450863977906051,0.8224065027972736
46587.95257782936,4.6875e-06,0.9935022610349951,7.422649943063226,1.5900644095839969,0.826807808983357
46632.733613967896,4.6875e-06,0.9891685556627146,7.359382921501066,1.4019170748959682,0.819597551444785
46677.79842543602,4.6875e-06,0.982275089909253,7.36772651487096,1.806398901969764,0.8208823156970604
46722.53819727898,4.6875e-06,0.9885425578049624,7.344153409285501,1.4099459654206683,0.8215350096460899
46767.395768880844,4.6875e-06,0.9974771712212832,7.3755874576288445,1.4107494888791612,0.8207339650334636
46812.18407726288,4.6875e-06,0.9844306842876914,7.369968063439896,1.734080986460303,0.8187514999716201
46857.01045179367,4.6875e-06,0.9930042900457191,7.367179786478335,1.4468789361844396,0.8204465681574765
46901.74738121033,4.6875e-06,0.9956083284049738,7.361111063715463,1.6641250464566955,0.8208586265565773
46946.5223505497,4.6875e-06,1.0009070365589607,7.414768314350275,1.5496422615780192,0.8233655283540137
46991.330240249634,4.6875e-06,1.0052970655194615,7.3655957250339785,1.4112933578005262,0.8206213881146105
47036.048082113266,4.6875e-06,0.9826432272819005,7.342517739950947,1.3739444890599342,0.8187689829313255
47080.81204032898,4.6875e-06,1.0156377076668384,7.367998528260243,1.7219745320119675,0.8194128235774254
47125.59055900574,4.6875e-06,0.9908760192832877,7.360740690264084,1.4262191092132763,0.8222783631908661
47170.27674102783,4.6875e-06,0.9911410684794024,7.373140265652987,1.6730303746120185,0.8207058029698976
47215.048790454865,4.6875e-06,0.9821994080786713,7.390779744920728,1.461968039251437,0.8250704909542071
47259.77819919586,4.6875e-06,0.9964015666470067,7.345960947891683,1.5778471977088102,0.8201163970265242
47304.54299616814,4.6875e-06,0.9890471353339801,7.327471787984324,1.509109625846717,0.8173852745356798
47349.2455406189,4.6875e-06,0.9912664777811325,7.41520133076672,1.9839526838557735,0.8218493327478431
47394.050295591354,4.6875e-06,1.001631934894673,7.330272367468831,1.7006317989082094,0.8190685704506979
47438.90177130699,4.6875e-06,0.9898516556604312,7.366460658876401,1.496460485762092,0.821792833174159
47483.61400771141,4.6875e-06,1.0022507274954262,7.364602778427297,1.3924897090644592,0.8188906117354695
47528.32208776474,4.6875e-06,0.9858837656201778,7.392247384522544,1.521207576192868,0.8210327562954078
47573.08106970787,4.6875e-06,0.9998401789500196,7.404326583858464,1.5036438377040207,0.825948911352217
47617.79820752144,4.6875e-06,1.0040880108357344,7.360009183846388,1.5989889861671789,0.8201729486557786
47662.57566833496,4.6875e-06,0.9993086663751655,7.36768745535557,1.4566310566701708,0.8224524331621901
47707.34405398369,4.6875e-06,0.9984864583215209,7.388606733892857,1.9779886913906997,0.8193519918234966
47751.98696446419,4.6875e-06,0.9924082903914113,7.329849610947738,1.3944301896793827,0.8189189858772852
47796.755241155624,4.6875e-06,0.9854376178838733,7.429617174472099,1.531660636367312,0.8249844180326048
47841.56180548668,4.6875e-06,1.0062743324833925,7.511766804278504,2.422647143321432,0.8214953259496169
47886.30759930611,4.6875e-06,1.0124844826744337,7.372166820211847,1.3672788291979747,0.8205789628247651
47931.02799201012,4.6875e-06,1.0021285190391194,7.443986765820391,2.0004978301418816,0.8226116460881358
47975.716770887375,4.6875e-06,0.9988281715545932,7.367174109523541,1.351145287531956,0.8210924890984068
48020.549558877945,4.6875e-06,0.9800680797391034,7.421450553858797,1.6035199037782706,0.8234586634813285
48065.39324092865,4.6875e-06,0.9900961520459048,7.422156468643111,1.391313985350785,0.8222352553946537
48110.176394701004,4.6875e-06,0.9879579760120649,7.384307226618442,1.6657912479084769,0.819698491051686
48154.939970970154,4.6875e-06,0.9923714196312841,7.359918544411631,1.3835406430967294,0.8203466947257759
48199.7601211071,4.6875e-06,1.0043045739658543,7.379406822639968,1.4577702783475257,0.8216334216658523
48244.63481283188,4.6875e-06,0.9942746479437434,7.3873407811808995,1.6080836982484077,0.8194020056587105
48289.50387477875,4.6875e-06,0.9902208580345404,7.345914794420976,1.4001007444539648,0.8179677513042427
48334.55013513565,4.6875e-06,0.9846699466253673,7.369266302792898,1.708483160225449,0.8187734385025517
48379.37123990059,4.6875e-06,0.9874541510649718,7.400127327868622,1.474387648758615,0.8223734475100933
48424.20431995392,4.6875e-06,0.9916793802396847,7.410402525163211,1.6155576669486464,0.8172021199033355
48469.03288769722,4.6875e-06,1.0084686933319424,7.454845544428261,1.6557888201087902,0.8242668127153172
48513.79030132294,4.6875e-06,0.9953310588887047,7.452936412395106,1.7220007392251568,0.8197061547884338
48558.6130797863,4.6875e-06,0.9880986650567671,7.411349890362564,1.533186631901249,0.8206578250858801
48603.33953118324,4.6875e-06,0.9985563732452949,7.416838044302352,1.5030142304244314,0.824970804536963
48648.23599457741,4.6875e-06,0.9927507982445111,7.359285976372181,1.5341075848621928,0.8188695003097114
48693.05499815941,4.6875e-06,0.9950306133277212,7.352670640534232,1.3508141730241714,0.8207641726881466
48737.86135458946,4.6875e-06,0.9917878099478008,7.397555257025219,1.557934050347395,0.8186311821966556
48782.71779823303,4.6875e-06,0.9915517412682483,7.417006480352089,1.6473764285919772,0.8178084901786948
48827.52467131615,4.6875e-06,0.9981998749986589,7.430022805913651,1.5697025712128658,0.8218143649004481
48872.35542678833,4.6875e-06,0.9958032137926376,7.42588606910439,1.4666562706042248,0.8222641520201571
48917.025859832764,4.6875e-06,0.9982856834955337,7.419840273956528,1.6147232833181977,0.8205723170636154
48961.78845214844,4.6875e-06,0.9868424989486653,7.4166536654660105,1.3804935601106874,0.8259167564336057
49006.59065628052,4.6875e-06,0.9908814809361443,7.406486202139223,1.4552737509369091,0.8227362478437426
49051.45528268814,4.6875e-06,0.9994720697837232,7.3904310154084545,1.877007607138081,0.8197706400722085
49096.201436042786,4.6875e-06,0.9854016783458939,7.359067149411952,1.3694949131862373,0.8187556856250741
49141.35035562515,4.6875e-06,0.9930965289392106,7.379842969259078,1.6391450189481116,0.8181493558373806
49186.17653274536,4.6875e-06,0.9852394433620849,7.402466731059046,1.889095870096972,0.8199478912172767
49230.9612159729,4.6875e-06,0.9988427881768926,7.394189652902937,1.5695125919998072,0.8225005074454118
49275.745665073395,4.6875e-06,0.9768016436929476,7.3967448877683895,1.4167428909593327,0.8209723429140261
49320.45516896248,4.6875e-06,0.980941937030556,7.361063285682812,1.3872103502795954,0.8193864988826947
49365.21268939972,4.6875e-06,0.9818523685788848,7.428018577413462,1.8528202202669375,0.817811006197929
49409.82919931412,4.6875e-06,0.9940342213721006,7.416570813292662,1.4935719848438433,0.8217376774053838
49454.59827041626,4.6875e-06,0.996078832987662,7.387988233634065,1.6522392564518436,0.8202213391283908
49499.22541189194,4.6875e-06,0.9883178036503887,7.466342812713021,1.913874901935553,0.8208120387490869
49543.885835170746,4.6875e-06,0.9926910872342156,7.5221430400117715,1.9424093404393288,0.8244405934890281
49588.52470207214,4.6875e-06,1.0052588280215724,7.4170701006412845,1.5631058516775727,0.8177130819581409
49633.16429710388,4.6875e-06,0.9922475899394961,7.389527287355562,1.4389979830213413,0.8216833641656549
49677.83394265175,4.6875e-06,1.0047627036471618,7.386722226725797,1.3489483316992499,0.8193736739325446
49722.49721288681,4.6875e-06,0.9900751219203998,7.37198649599947,1.6740272935029048,0.8197995868252981
49767.156863451004,4.6875e-06,0.9750811477827895,7.381260566049434,1.57488876877317,0.819412682834587
49811.94496130943,4.6875e-06,0.9834864408592058,7.408542994627086,1.4487018123553816,0.8206533405948926
49856.57507610321,4.6875e-06,0.9951261381199669,7.45529502785847,1.6884017409792371,0.8249723662040739
49901.12106990814,4.6875e-06,0.9834927036028308,7.37583552211756,1.3888151691218091,0.8217831701179125
49945.790086984634,4.6875e-06,0.9879766222340596,7.3954979951278315,1.4010135431957853,0.8186192788228994
49990.73625898361,4.6875e-06,0.9875706008440376,7.426780681620275,1.4232737304298742,0.8213157149520256
50035.38999938965,4.6875e-06,0.9779206432714271,7.454588933794229,1.7153437669110145,0.8220276616360164
50080.144810676575,4.6875e-06,0.985290759943005,7.417171199009391,1.4208986707553741,0.8224829377264224
50124.825098752975,2.34375e-06,0.9609560798860421,7.38007503714897,1.3559103850346461,0.8183611352494718
50169.47738933563,2.34375e-06,0.9708174605621449,7.385478600702193,1.3571249797845342,0.8174493722946528
50214.1351146698,2.34375e-06,0.9635399391850922,7.433430693585057,1.6609372667446258,0.8177920502583808
50258.833587646484,2.34375e-06,0.9598823944293302,7.383328095535282,1.6068470681548879,0.8173843953749358
50303.65754985809,2.34375e-06,0.9587948393734861,7.377494399679184,1.4700451383165494,0.8165443823479329
50348.32769036293,2.34375e-06,0.9617611408667921,7.3957451701474906,1.6052239363360556,0.8171773144600657
50393.04224538803,2.34375e-06,0.9600178802382533,7.398874571661733,1.3847346506301006,0.820813627407975
50437.74074268341,2.34375e-06,0.9570513920488688,7.370591513265001,1.392011098193515,0.818091614641944
50482.3393740654,2.34375e-06,0.9570969798960104,7.387342740912709,1.3910649973875397,0.8168556438109551
50526.992085933685,2.34375e-06,0.95709579006136,7.377080855333418,1.346746896634436,0.8166771606840549
50571.59158039093,2.34375e-06,0.9531717710590536,7.350148970587676,1.4384169997682996,0.8162825524689301
50616.31194400787,2.34375e-06,0.9572802430293599,7.370282627829611,1.3738457819458785,0.8182666351094231
50661.041397333145,2.34375e-06,0.9506707889351905,7.387411870066234,1.4562835280302984,0.8161476745581369
50705.73165130615,2.34375e-06,0.954168681933363,7.365667247422016,1.30384455881301,0.8160593805988657
50750.360849142075,2.34375e-06,0.953948090028676,7.390331589692691,1.3919443239831621,0.8161302764297313
50795.062011003494,2.34375e-06,0.9493576922594741,7.402033978309487,1.3274996860771422,0.8171071724709784
50839.77668619156,2.34375e-06,0.9578085094418899,7.38914051189775,1.3066105447757017,0.8174286271858713
50884.47873711586,2.34375e-06,0.9628347411833175,7.4018841190096385,1.3484359947739133,0.8189030125291202
50929.098271369934,2.34375e-06,0.9581135129885161,7.387925246738478,1.3763205995984897,0.8188645183988292
50973.77447915077,2.34375e-06,0.9514951545249786,7.390907313964345,1.5549612421898324,0.817464206204222
51018.50672841072,2.34375e-06,0.9500811477610757,7.406396754063071,1.3635368687332057,0.8182492832526357
51063.2885260582,2.34375e-06,0.9544587007202955,7.391504792352617,1.4572341675970963,0.8178110833172925
51108.030851364136,2.34375e-06,0.9610658850174784,7.411932728884204,1.4982608236325015,0.8185118689014007
51152.70423221588,2.34375e-06,0.9606769330080307,7.365260974526603,1.3940966709404234,0.817498183067796
51197.421128988266,2.34375e-06,0.9502843885473866,7.386569921198232,1.3754606526368742,0.8164614944560432
51242.11241054535,2.34375e-06,0.9550097394727836,7.445318876265124,1.591503114153625,0.8202081922048982
51286.70549750328,2.34375e-06,0.9617247439255914,7.428168216471253,1.514983989934253,0.8163940439327421
51331.39202213287,2.34375e-06,0.9575307220709128,7.395418312859688,1.4096814100909385,0.8199257386801113
51376.02540111542,2.34375e-06,0.9582531638484184,7.426012622872339,1.7871549496984787,0.8179129714923645
51420.589844703674,2.34375e-06,0.9727553152430036,7.380882576499836,1.4095118601610706,0.8160004787570087
51465.337419748306,2.34375e-06,0.9618305769123014,7.4010551397226,1.3433776162991857,0.8183088232572258
51510.03234577179,2.34375e-06,0.9580047110607932,7.384770509897886,1.3684156187021048,0.8159022402558141
51554.739399671555,2.34375e-06,0.9550990834262202,7.409226384989827,1.6264416469889842,0.8177851538592997
51599.481999874115,2.34375e-06,0.9495529031492973,7.397564717848361,1.3385611200028924,0.81785571229295
51644.177750349045,2.34375e-06,0.9500258398837731,7.395583949990534,1.7176528347525628,0.8172232563928867
51688.839196681976,2.34375e-06,0.9624489327597487,7.422831381392462,1.5204013168432151,0.8166370200553532
51733.50568270683,2.34375e-06,0.9579122737022914,7.387080519460892,1.43947956303882,0.8174870046160566
51778.11955165863,2.34375e-06,0.9560899587928272,7.416372171975628,1.3250960477598155,0.820795294207287
51822.81416797638,2.34375e-06,0.953783211942579,7.384636201990693,1.3497203097981252,0.8153013608791361
51867.546181201935,2.34375e-06,0.958532970850585,7.385653474471547,1.3566967812313395,0.8172283231350687
51912.168261528015,2.34375e-06,0.952810290168109,7.382421516694325,1.471446400539131,0.8169370394431612
51956.73077750206,2.34375e-06,0.9494489980742796,7.380440602808647,1.3376861718050235,0.8153756403220751
52001.40725684166,2.34375e-06,0.9526094491364526,7.40600771460593,1.7880517825958835,0.8155241857120646
52046.12862563133,2.34375e-06,0.9520378295189696,7.398384690228245,1.676529856396329,0.8166672971174633
52090.894505262375,2.34375e-06,0.9630986955430773,7.474361016100206,1.764952259914131,0.8209525695092247
52135.6472594738,2.34375e-06,0.963011286601777,7.423563888400009,1.5131243833311045,0.8172601830721147
52180.37702417374,2.34375e-06,0.9511915275307953,7.404568018147347,1.36846929416535,0.8182094433894516
52225.07734680176,2.34375e-06,0.9616131761686398,7.396802113604641,1.3809919782504914,0.8173404276978204
52269.857187747955,2.34375e-06,0.9559291209245205,7.3711614308665645,1.3064910256938569,0.815731954917254
52314.42967915535,2.34375e-06,0.9511516374099884,7.40780057024261,1.3706066544648188,0.8205357239256347
52359.1096060276,2.34375e-06,0.9524445259505934,7.389427374980089,1.4415285511381308,0.8170825135544993
52403.88029718399,2.34375e-06,0.9595472415939706,7.403516442367348,1.4013585339685914,0.8186225448279436
52448.618676900864,2.34375e-06,0.9517955521633933,7.401203506610258,1.3889288398110942,0.8194097484428058
52493.34858894348,2.34375e-06,0.9526935322688577,7.427895559560798,1.4933911025903788,0.8166843212169559
52539.652235507965,2.34375e-06,0.9481427853658986,7.45151893066812,1.6117901528716847,0.8179782626734877
52584.37722492218,2.34375e-06,0.9618745464661951,7.414710772390531,1.3739117227542172,0.8179397126316582
52629.166533470154,2.34375e-06,0.9544138862352771,7.4097932300644445,1.7330739889934563,0.8166959662408444
52673.96063685417,2.34375e-06,0.9712335385911451,7.420129562971915,1.5653488888102731,0.819863065701379
52718.732209682465,2.34375e-06,0.9511565804698645,7.408368965297817,1.492868610552162,0.8190978430330984
52763.539763212204,2.34375e-06,0.9493142476281616,7.380010063262438,1.3279608295221996,0.8169707810926765
52808.36176991463,2.34375e-06,0.9552988512268483,7.390675432239768,1.4025846930825787,0.8159285726624812
52853.12784385681,2.34375e-06,0.9495857785308296,7.452060491184125,1.8484216264858366,0.8192018384947781
52897.95450401306,2.34375e-06,0.9543568240923092,7.377794053322386,1.4264969892562576,0.8166119543342316
52942.77568650246,2.34375e-06,0.9572611817353844,7.409667327200116,1.4122340257000772,0.8171520501565832
52987.51170897484,2.34375e-06,0.9689603767325535,7.449628825386506,1.602818961659814,0.8182560736125918
53032.2920691967,2.34375e-06,0.952978436000143,7.387833980518731,1.579703094093663,0.8145910279178266
53077.119537591934,2.34375e-06,0.9552376183438606,7.395314697478231,1.4098507875090192,0.8162000405339375
53121.88587284088,2.34375e-06,0.9546574194357478,7.4071423018777915,1.3911519651959656,0.8158770819914564
53166.864589214325,2.34375e-06,0.958666555629619,7.403894194130987,1.3634798062075475,0.8179887586188601
53211.71273589134,2.34375e-06,0.9483207261193212,7.406006217799292,1.3072700719165196,0.816440292415033
53256.40983104706,2.34375e-06,0.9528738793345314,7.425946247501414,1.6399745042157021,0.8170030189146036
53301.208668231964,2.34375e-06,0.9558319114379327,7.398112497592927,1.518999063285293,0.8188168509202499
53345.949892520905,2.34375e-06,0.9468884850243184,7.435364172978866,1.4755312415444928,0.8183665663806464
53390.70241856575,2.34375e-06,0.9623365409170126,7.401865125583603,1.4207366020056853,0.8162470023703408
53435.47232961655,2.34375e-06,0.9536982590166381,7.397369310003524,1.4258940629898362,0.8180740969785251
53480.2664809227,2.34375e-06,0.9497428019950082,7.3662135465934195,1.3662340249225593,0.8158749727768647
53525.12057900429,2.34375e-06,0.9490470331440424,7.385472064700575,1.4423320017043193,0.8162770789221058
53569.862984895706,2.34375e-06,0.954000481143458,7.392026529202555,1.3412035729475082,0.816360441098081
53614.63366436958,2.34375e-06,0.9542556143414996,7.401252439976077,1.478241992148624,0.818755199773084
53659.41728925705,2.34375e-06,0.9596890064536548,7.410336726899679,1.430060132749521,0.8162188885063768
53704.196640491486,2.34375e-06,0.9509091564432085,7.411219811993057,1.4738095641895463,0.8175951066838427
53748.8744263649,1.171875e-06,0.9367677477105285,7.39111587900145,1.655350562417583,0.8147797428562791
53793.6021027565,1.171875e-06,0.9453811961445001,7.386258929545663,1.3093108790695287,0.8159295231586364
53838.29241728783,1.171875e-06,0.9363426137491654,7.389718277085536,1.2853666900829146,0.8155750112285793
53883.051934719086,1.171875e-06,0.9322205023687394,7.3887276104800765,1.378951892731296,0.815465735018484
53927.87290811539,1.171875e-06,0.9330885942950709,7.405467960586539,1.3593582687863879,0.8173447232463674
53972.67542862892,1.171875e-06,0.9309259959908782,7.386691010967021,1.322027976649582,0.814948522439267
54017.40749168396,1.171875e-06,0.936892343566283,7.406033209922952,1.330160852906051,0.8155097663190742
54062.14391088486,1.171875e-06,0.9343582472948863,7.394517168759227,1.3890200742490733,0.816023888339799
54106.862228393555,1.171875e-06,0.9340590095042314,7.387020788800516,1.3918220034070834,0.8147344660779683
54151.60403442383,1.171875e-06,0.9340270132314964,7.394129909556275,1.3103612717549513,0.8156559017289544
54196.402315855026,1.171875e-06,0.934945512035071,7.429913707136459,1.4817588393095953,0.8159146005617991
54241.075070142746,1.171875e-06,0.9353283278711941,7.390478081580051,1.5718778039239774,0.8152173065568734
54285.77759695053,1.171875e-06,0.9379018545150757,7.41748667236076,1.3873222691238307,0.8173124950643608
54330.51760172844,1.171875e-06,0.9368211976383118,7.408071960168154,1.307749867287411,0.8155602775741827
54375.26942515373,1.171875e-06,0.9379610925315724,7.407032246794133,1.3228684686551428,0.8171831504678986
54419.943538188934,1.171875e-06,0.9371499227261499,7.423640880333928,1.380094154017746,0.8165214354813235
54464.66235613823,1.171875e-06,0.9354825846701589,7.403445824795045,1.331551596769102,0.8155324297720228
54509.41280269623,1.171875e-06,0.9347153243905643,7.409678587013159,1.3335437349453094,0.8176035628220505
54554.185004234314,1.171875e-06,0.9411709610013146,7.407024304066414,1.3860695480541059,0.8170877403193605
54599.062598228455,1.171875e-06,0.9328548397088529,7.392103201313286,1.3316275857816076,0.8163220279431217
54643.85561013222,1.171875e-06,0.9337856680969071,7.401969455062877,1.435603347097992,0.8159408519931345
54688.61568784714,1.171875e-06,0.9359649355511414,7.391119989730882,1.3130465124822726,0.8153997381951847
54733.50231766701,1.171875e-06,0.9392836024852398,7.406654406520208,1.3312759253629454,0.8165461368134526
54778.26515007019,1.171875e-06,0.9356429347357897,7.41268430635619,1.3393295992711547,0.8159842836906737
54823.07235002518,1.171875e-06,0.9313583984183917,7.391847863482005,1.488342931468016,0.8146963999601448
54867.76185846329,1.171875e-06,0.9333186631211383,7.4050047496121465,1.3716254993608803,0.8160752421239537
54912.504831790924,1.171875e-06,0.9355779630238893,7.403422699802664,1.3006171694227084,0.8152699906500483
54957.25733590126,1.171875e-06,0.9336247021600415,7.4032758335173625,1.3435310436661836,0.8152628262611792
55001.99596738815,1.171875e-06,0.9416476406903432,7.422186798638174,1.3610089781937327,0.8162002391162985
55046.69542360306,1.171875e-06,0.9312003808811932,7.412802450635992,1.3328773255560808,0.8163593074434375
55091.40665245056,1.171875e-06,0.9336597844768308,7.4310407219665136,1.4424972145420731,0.81679251197201
55136.1019859314,1.171875e-06,0.941828343429635,7.398889446710416,1.4044306906924886,0.8154241021300985
55180.79956626892,1.171875e-06,0.9350158032172364,7.3997376781536826,1.3883999356798307,0.8157437098362355
55225.49885368347,1.171875e-06,0.9335316912072604,7.395773340943469,1.441915516944448,0.8165002585041065
55270.2094168663,1.171875e-06,0.940700329848326,7.403203200655677,1.3017818863984125,0.8163841360225164
55314.94933915138,1.171875e-06,0.9362953626175831,7.401062110362249,1.3812887252516048,0.81663421676649
55359.697821855545,1.171875e-06,0.9320898842724729,7.397542063598524,1.3638667550056602,0.8159509874054826
55404.483035326004,1.171875e-06,0.9324932108377064,7.401967187855261,1.375388095637036,0.8155432804664673
55449.16988706589,1.171875e-06,0.9388083873333609,7.390411192487975,1.410260328062021,0.8153573784567983
55493.980184555054,1.171875e-06,0.9342658373827492,7.400473410787811,1.3161153125155503,0.8161790794909382
55538.671057224274,1.171875e-06,0.9305547145763599,7.3936909769982755,1.3674327097121317,0.815432594900004
55583.217955589294,1.171875e-06,0.9323030843977936,7.449694152433029,1.4907068459091672,0.8180799908258806
55627.75299620628,1.171875e-06,0.9392868351198068,7.412235838546201,1.3517591585778885,0.8169514626921197
55672.34324550629,1.171875e-06,0.9318685470165885,7.411870118595079,1.3533249290126144,0.8171347850590795
55716.83262658119,1.171875e-06,0.9294010503913102,7.397698141810624,1.3449033895115943,0.8151754056786997
55761.281727313995,1.171875e-06,0.9325434373810426,7.405217848013883,1.4614515948447453,0.8167554561178483
55805.81303477287,1.171875e-06,0.9414641679310408,7.385870420720955,1.4573270178144904,0.815217341260587
55850.220989227295,1.171875e-06,0.9350143589608656,7.408997825010499,1.3482824143330763,0.8150583365569227
55894.66832566261,1.171875e-06,0.9346236607633219,7.420260853954922,1.318296153074617,0.8169656487990355
55939.154198646545,1.171875e-06,0.934836734622337,7.4097079387238685,1.3265620480677125,0.8159111629661712
55983.61776590347,1.171875e-06,0.9312826526403861,7.400313313971535,1.393167065662943,0.8161040731979982
56028.14958333969,1.171875e-06,0.9327563224377311,7.404663694512078,1.3898269118776747,0.8163290727969774
56072.7022664547,1.171875e-06,0.9329467409295462,7.414147936741455,1.3687036939487336,0.8169776524279644
56117.16298651695,1.171875e-06,0.9304452454348948,7.408945948076147,1.4608561181718376,0.8156991097803393
56161.55293393135,1.171875e-06,0.9343173980712891,7.412172174933849,1.3710667701283838,0.816288760577692
56205.98897743225,1.171875e-06,0.9352924830709433,7.419239245283466,1.601385432443801,0.8170466029228856
56250.52407693863,1.171875e-06,0.940294726168523,7.411900179760627,1.5846815291483691,0.8165357064195392
56294.96839308739,1.171875e-06,0.9366598989142746,7.401715015382231,1.3691070265071408,0.8158140002800975
56339.39958167076,1.171875e-06,0.9301012260449172,7.4228831021036195,1.5945505324442675,0.8171530835560541
56383.858931303024,1.171875e-06,0.9449506079781468,7.4155470664058925,1.3477861926813794,0.8176691952563571
56428.3626537323,1.171875e-06,0.9371465844100507,7.39855808393844,1.4141077296749043,0.8150073433057925
56472.866998910904,1.171875e-06,0.9343855957733043,7.3900546814135195,1.3793477441095243,0.8156039252059395
56517.34018659592,1.171875e-06,0.9355208568234261,7.392741210656662,1.3309084849752437,0.81522252175383
56561.87927722931,1.171875e-06,0.9286595056400055,7.405452176706115,1.3221470292206783,0.8150993332105593
56606.37575149536,1.171875e-06,0.9321031435156998,7.414908207719627,1.357711864884492,0.8157558098643687
56650.88037061691,1.171875e-06,0.9357712004788369,7.396729879988169,1.3976158360766757,0.8159469155030897
56695.39436030388,1.171875e-06,0.9334952056950776,7.402989141440059,1.4035089747920917,0.816393074156746
56739.87021970749,1.171875e-06,0.9371621184010324,7.465269612350952,1.6344167721499303,0.8170822783404407
56784.38473415375,1.171875e-06,0.9334148861888545,7.39991770143109,1.4295194978167296,0.8156236504111387
56828.845086336136,1.171875e-06,0.9383343472289691,7.401553056907157,1.341297623458182,0.8161207194126096
56873.38519048691,1.171875e-06,0.9376745467628937,7.413834413937612,1.458834437959513,0.8164972200011845
56917.820724487305,1.171875e-06,0.9356118391771786,7.406488111837587,1.5445602101125535,0.8157891678450505
56962.24773144722,1.171875e-06,0.9410617492455168,7.401377965448818,1.4229866538078162,0.8163640714921178
57006.71934270859,1.171875e-06,0.9319330502946086,7.407470435379976,1.3722747535462592,0.8156979375660142
57051.24146819115,1.171875e-06,0.935263946429845,7.409167076936408,1.3421229781618544,0.81508172107592
57095.825395822525,1.171875e-06,0.9360109135752819,7.409864689715805,1.315381712214962,0.8150355439290403
57140.362407684326,1.171875e-06,0.9347277739008919,7.431784915071165,1.4044849663023735,0.8157232809168443
57184.83355641365,1.171875e-06,0.9343697403949467,7.4071050198884185,1.525089922376499,0.8157807367706359
57229.28868436813,1.171875e-06,0.9313976741662225,7.407491650995952,1.6281879157777046,0.8148039564084341
57273.74130153656,1.171875e-06,0.9425674270193868,7.4119835466040564,1.3606589542073049,0.8165565170797797
57318.193846940994,1.171875e-06,0.9303960779759836,7.388861245494464,1.350160780985644,0.8151274027308892
