 Time | Epoch | Learning rate | Train loss | Validation loss | MAE_energy | MAE_energy_grad | GPU Memory (MB)
55:13 |     1 |     3.000e-04 | 304695.3953 |       3704.5789 |   156.4007 |         28.5761 |            3026
55:58 |     2 |     3.000e-04 |  2363.5748 |       1724.6387 |    92.7060 |         19.8278 |            3026
56:43 |     3 |     3.000e-04 |  1419.1814 |       1192.1940 |    79.9307 |         16.4206 |            3026
57:28 |     4 |     3.000e-04 |  1066.8893 |        936.1101 |    67.9052 |         14.6330 |            3104
58:12 |     5 |     3.000e-04 |   873.8353 |        779.9020 |    65.3027 |         13.5376 |            3104
58:57 |     6 |     3.000e-04 |   757.3289 |        951.1987 |    91.9474 |         12.4905 |            3104
59:42 |     7 |     3.000e-04 |   646.6023 |        623.4179 |    61.4407 |         11.7722 |            3104
00:27 |     8 |     3.000e-04 |   555.8884 |        533.4980 |    49.6700 |         11.1468 |            3104
01:11 |     9 |     3.000e-04 |   515.0671 |        473.1290 |    48.9509 |         10.6068 |            3104
01:56 |    10 |     3.000e-04 |   484.6272 |        435.7929 |    45.9898 |         10.2268 |            3104
02:41 |    11 |     3.000e-04 |   465.7654 |        424.5913 |    50.2424 |          9.9148 |            3104
03:26 |    12 |     3.000e-04 |   410.1401 |        497.2718 |    56.0785 |          9.5405 |            3104
04:11 |    13 |     3.000e-04 |   397.7384 |        404.0036 |    50.5686 |          9.3910 |            3104
04:56 |    14 |     3.000e-04 |   362.8671 |        364.5501 |    43.7452 |          9.1591 |            3168
05:40 |    15 |     3.000e-04 |   345.6339 |        330.9688 |    42.5105 |          8.7989 |            3168
06:25 |    16 |     3.000e-04 |   458.6115 |        320.1275 |    41.0267 |          8.6095 |            3168
07:11 |    17 |     3.000e-04 |   333.5604 |        293.6921 |    38.1238 |          8.5317 |            3168
07:56 |    18 |     3.000e-04 |   312.7367 |        303.3292 |    40.9484 |          8.1930 |            3168
08:40 |    19 |     3.000e-04 |   340.2193 |        423.1680 |    64.9039 |          8.0792 |            3168
09:25 |    20 |     3.000e-04 |   351.1912 |        261.9917 |    35.6018 |          7.8834 |            3168
10:10 |    21 |     3.000e-04 |   276.3443 |        310.9957 |    46.3263 |          7.7763 |            3168
10:55 |    22 |     3.000e-04 |   327.0586 |        247.6138 |    37.4052 |          7.6378 |            3168
11:40 |    23 |     3.000e-04 |   280.7874 |        664.6249 |    95.8998 |          7.5280 |            3175
12:24 |    24 |     3.000e-04 |   410.3987 |        231.2097 |    32.9087 |          7.6679 |            3175
13:09 |    25 |     3.000e-04 |   280.7028 |        226.4921 |    35.1309 |          7.3659 |            3175
13:54 |    26 |     3.000e-04 |   361.0907 |        235.7591 |    37.0516 |          7.1524 |            3175
14:39 |    27 |     3.000e-04 |   293.3809 |        353.8312 |    54.7870 |          7.0798 |            3175
15:24 |    28 |     3.000e-04 |   366.3576 |        198.4421 |    29.7453 |          6.8295 |            3175
16:08 |    29 |     3.000e-04 |   420.0675 |        204.7670 |    31.3873 |          7.2744 |            3175
16:53 |    30 |     3.000e-04 |   368.9874 |        295.0842 |    52.0685 |          7.2444 |            3175
17:38 |    31 |     3.000e-04 |   681.7556 |        650.0486 |    90.5551 |          7.3270 |            3175
18:23 |    32 |     3.000e-04 |  1191.1715 |       3762.4791 |   247.2004 |          7.9488 |            3175
19:08 |    33 |     3.000e-04 |  2880.0269 |        346.3721 |    58.3175 |          6.9590 |            3175
19:52 |    34 |     3.000e-04 |   449.5231 |        302.5008 |    54.3539 |          6.3506 |            3175
20:37 |    35 |     3.000e-04 |   257.8437 |        227.2827 |    41.8252 |          6.5264 |            3175
21:22 |    36 |     3.000e-04 |   596.4058 |        429.5248 |    75.6515 |          6.2755 |            3175
22:07 |    37 |     3.000e-04 |  3193.5951 |       1843.4596 |   157.2031 |         12.7194 |            3175
22:51 |    38 |     3.000e-04 |   507.0427 |        406.1698 |    67.5486 |          5.9591 |            3175
23:36 |    39 |     3.000e-04 |   293.0842 |        206.6893 |    42.1061 |          5.8225 |            3175
24:21 |    40 |     3.000e-04 |   206.3865 |        157.8083 |    29.7035 |          5.7493 |            3175
25:06 |    41 |     3.000e-04 |   311.1607 |        464.7456 |    80.0571 |          5.7219 |            3175
25:51 |    42 |     3.000e-04 |  1776.8154 |        625.3152 |    92.6394 |          6.8320 |            3175
26:35 |    43 |     3.000e-04 |   529.9302 |        328.9552 |    62.6622 |          5.9672 |            3175
27:20 |    44 |     3.000e-04 |   508.5348 |        264.1628 |    51.3715 |          6.1307 |            3175
28:05 |    45 |     3.000e-04 |   492.3352 |        911.8783 |   114.3109 |          6.1620 |            3175
28:50 |    46 |     3.000e-04 |  2893.5668 |       1965.0211 |   182.0149 |          7.3941 |            3175
29:34 |    47 |     3.000e-04 |   422.2658 |        744.9298 |   108.1922 |          5.6746 |            3175
30:19 |    48 |     3.000e-04 |   313.1883 |        986.0239 |   120.1475 |          5.5465 |            3175
31:04 |    49 |     3.000e-04 |   266.6909 |        126.1498 |    25.1404 |          5.2606 |            3175
31:49 |    50 |     3.000e-04 |   488.4776 |       1428.3587 |   150.5355 |          5.6559 |            3175
32:34 |    51 |     3.000e-04 |   314.3496 |        208.4428 |    46.8510 |          5.2709 |            3175
33:18 |    52 |     3.000e-04 |   993.4990 |        631.2337 |    97.0735 |          6.1563 |            3175
34:03 |    53 |     3.000e-04 |   882.8874 |        389.1133 |    72.0369 |          5.6290 |            3175
34:48 |    54 |     3.000e-04 |   597.3505 |        132.1551 |    28.2389 |          5.2144 |            3175
35:33 |    55 |     3.000e-04 |   849.9676 |       1293.9567 |   148.3388 |          6.2571 |            3175
36:18 |    56 |     3.000e-04 |  1253.0133 |        523.7954 |    86.4994 |          5.4358 |            3175
37:02 |    57 |     3.000e-04 |   235.5452 |        371.3806 |    73.2134 |          4.9898 |            3175
37:47 |    58 |     3.000e-04 |   458.9624 |        420.8494 |    78.3824 |          5.2936 |            3175
38:32 |    59 |     3.000e-04 |   227.6678 |        107.1771 |    22.6264 |          4.9754 |            3175
39:17 |    60 |     3.000e-04 |   709.6313 |        461.5555 |    78.5705 |          5.9174 |            3175
40:01 |    61 |     3.000e-04 |   298.4899 |        202.2283 |    45.9403 |          5.0530 |            3175
40:46 |    62 |     3.000e-04 |   283.2295 |        527.1549 |    87.8184 |          5.1786 |            3175
41:31 |    63 |     3.000e-04 |  1017.8698 |        124.0503 |    29.8100 |          4.9440 |            3175
42:16 |    64 |     3.000e-04 |  1809.5146 |       2470.1867 |   201.5793 |          5.6688 |            3175
43:00 |    65 |     3.000e-04 |   340.5174 |        177.5955 |    43.3019 |          4.7936 |            3175
43:45 |    66 |     3.000e-04 |   194.3163 |        535.0589 |    90.7740 |          4.7213 |            3175
44:30 |    67 |     3.000e-04 |   455.2447 |        578.7313 |    97.3005 |          4.8512 |            3175
45:15 |    68 |     3.000e-04 |   789.4415 |        502.2821 |    88.2645 |          4.7235 |            3175
45:59 |    69 |     3.000e-04 |   221.2843 |        136.9660 |    34.8714 |          4.6704 |            3175
46:44 |    70 |     3.000e-04 |   203.2815 |        386.9148 |    75.3489 |          4.5102 |            3175
47:29 |    71 |     3.000e-04 |   521.0668 |       1645.3253 |   170.3163 |          6.2066 |            3175
48:14 |    72 |     3.000e-04 |   462.7128 |        115.3703 |    28.1125 |          4.9113 |            3175
48:59 |    73 |     3.000e-04 |   322.8108 |        272.3317 |    61.9314 |          4.5915 |            3175
49:43 |    74 |     3.000e-04 |   309.3219 |         93.4853 |    23.4577 |          4.4856 |            3175
50:29 |    75 |     3.000e-04 |   176.3720 |        799.8318 |   116.6776 |          4.3862 |            3175
51:14 |    76 |     3.000e-04 |   708.3166 |       1132.4875 |   128.1024 |          5.7134 |            3175
51:58 |    77 |     3.000e-04 |   539.5491 |         79.3152 |    19.2414 |          4.3396 |            3175
52:43 |    78 |     3.000e-04 |   135.9255 |        108.5665 |    29.9745 |          4.2579 |            3175
53:28 |    79 |     3.000e-04 |   251.0035 |       1301.9134 |   141.0795 |          4.7818 |            3175
54:13 |    80 |     3.000e-04 |   321.2665 |        101.5933 |    29.6526 |          4.2641 |            3175
54:58 |    81 |     3.000e-04 |   156.7419 |        233.2321 |    56.1318 |          4.3257 |            3175
55:42 |    82 |     3.000e-04 |   225.6974 |        145.0128 |    41.3912 |          4.2278 |            3175
56:27 |    83 |     3.000e-04 |   372.2676 |        550.6879 |    94.1586 |          4.3156 |            3175
57:12 |    84 |     3.000e-04 |   250.4607 |        175.0758 |    47.1797 |          4.1302 |            3175
57:57 |    85 |     3.000e-04 |   302.9092 |        721.2071 |   111.8466 |          4.4930 |            3175
58:42 |    86 |     3.000e-04 |   232.6502 |        469.0528 |    87.7692 |          4.1022 |            3175
59:26 |    87 |     3.000e-04 |   175.9468 |         93.0634 |    26.4563 |          4.0689 |            3175
00:11 |    88 |     3.000e-04 |   505.2637 |        519.5675 |    79.6266 |          5.5722 |            3175
00:56 |    89 |     3.000e-04 |  1145.8424 |        560.3767 |    76.6372 |          6.6737 |            3175
01:41 |    90 |     3.000e-04 |   215.9428 |         91.6136 |    23.7687 |          4.3459 |            3175
02:25 |    91 |     3.000e-04 |    88.0443 |         58.6374 |    14.4046 |          4.0947 |            3175
03:10 |    92 |     3.000e-04 |   147.9983 |         90.9447 |    28.8589 |          4.0035 |            3175
03:55 |    93 |     3.000e-04 |    89.4352 |         68.9295 |    21.7895 |          3.8950 |            3175
04:40 |    94 |     3.000e-04 |    90.7991 |         60.8060 |    19.7044 |          3.8314 |            3175
05:25 |    95 |     3.000e-04 |    75.9082 |         55.3045 |    16.8739 |          3.8743 |            3175
06:10 |    96 |     3.000e-04 |   312.9112 |        613.9287 |    98.6430 |          4.4388 |            3175
06:55 |    97 |     3.000e-04 |   172.5528 |         62.1437 |    21.3446 |          3.6780 |            3175
07:39 |    98 |     3.000e-04 |   137.1957 |        155.6494 |    42.5099 |          4.0364 |            3175
08:24 |    99 |     3.000e-04 |   216.1096 |        301.5253 |    64.9143 |          4.0112 |            3175
09:09 |   100 |     3.000e-04 |   193.0006 |        492.5553 |    91.9149 |          3.9759 |            3175
09:54 |   101 |     3.000e-04 |   211.7321 |         47.4655 |    13.2799 |          3.7271 |            3175
10:39 |   102 |     3.000e-04 |    64.0508 |         70.6635 |    25.0436 |          3.5807 |            3175
11:23 |   103 |     3.000e-04 |   153.5600 |         44.3382 |    12.0441 |          3.6777 |            3175
12:08 |   104 |     3.000e-04 |   300.4052 |        125.7953 |    35.3340 |          3.9544 |            3175
12:53 |   105 |     3.000e-04 |    93.6318 |         39.0948 |    10.1999 |          3.4142 |            3175
13:38 |   106 |     3.000e-04 |    66.1597 |         44.6374 |    15.2745 |          3.4086 |            3175
14:23 |   107 |     3.000e-04 |    51.2382 |         42.4296 |    13.3534 |          3.4404 |            3175
15:07 |   108 |     3.000e-04 |    88.6031 |         63.0088 |    24.0821 |          3.3600 |            3175
15:52 |   109 |     3.000e-04 |    63.0240 |         49.5963 |    17.7084 |          3.3374 |            3175
16:37 |   110 |     3.000e-04 |   124.9411 |        130.2676 |    36.4483 |          3.6562 |            3175
17:22 |   111 |     3.000e-04 |   437.2109 |        378.4458 |    62.7727 |          4.7244 |            3175
18:07 |   112 |     3.000e-04 |   123.1838 |         39.2472 |    12.4388 |          3.3517 |            3175
18:52 |   113 |     3.000e-04 |    58.9217 |         43.5929 |    14.3997 |          3.2406 |            3175
19:37 |   114 |     3.000e-04 |   118.0270 |         47.0274 |    16.3641 |          3.5341 |            3175
20:21 |   115 |     3.000e-04 |    79.8925 |         33.3808 |    10.0443 |          3.1662 |            3175
21:06 |   116 |     3.000e-04 |    39.2701 |         80.4346 |    29.0375 |          3.1300 |            3175
21:51 |   117 |     3.000e-04 |    41.6404 |         41.9015 |    16.1245 |          3.1214 |            3175
22:36 |   118 |     3.000e-04 |    81.5769 |        100.5702 |    31.6438 |          3.3669 |            3175
23:20 |   119 |     3.000e-04 |    60.7644 |         59.3273 |    23.6540 |          3.1912 |            3175
24:05 |   120 |     3.000e-04 |    97.2718 |         43.6729 |    15.5414 |          3.1652 |            3175
24:50 |   121 |     3.000e-04 |   149.7418 |         47.8887 |    19.5595 |          3.1265 |            3175
25:34 |   122 |     3.000e-04 |    65.7851 |        197.9240 |    52.4064 |          3.3296 |            3175
26:19 |   123 |     3.000e-04 |   298.0318 |         41.0959 |    14.4981 |          3.1293 |            3175
27:04 |   124 |     3.000e-04 |    42.1847 |         88.6467 |    33.7930 |          2.9733 |            3175
27:49 |   125 |     3.000e-04 |    52.2138 |         44.9440 |    18.7088 |          2.9202 |            3175
28:34 |   126 |     3.000e-04 |    56.9798 |         27.2423 |     7.5117 |          2.9287 |            3175
29:19 |   127 |     3.000e-04 |    31.9758 |        147.9138 |    49.1563 |          2.8360 |            3175
30:04 |   128 |     3.000e-04 |    45.4326 |         28.1589 |     9.4861 |          2.8606 |            3175
30:49 |   129 |     3.000e-04 |    46.4870 |         51.2628 |    21.1560 |          3.0278 |            3175
31:33 |   130 |     3.000e-04 |   146.3098 |         74.7107 |    30.2054 |          3.1061 |            3175
32:18 |   131 |     3.000e-04 |    64.7029 |        218.3230 |    58.9255 |          3.0943 |            3175
33:03 |   132 |     3.000e-04 |    48.3444 |         46.0851 |    20.4494 |          2.7758 |            3175
33:48 |   133 |     3.000e-04 |    29.4608 |         25.6576 |     8.7742 |          2.7288 |            3175
34:33 |   134 |     3.000e-04 |    30.2319 |         23.4376 |     7.0868 |          2.6714 |            3175
35:18 |   135 |     3.000e-04 |    22.6140 |         23.9013 |     8.5370 |          2.6639 |            3175
36:03 |   136 |     3.000e-04 |    58.3554 |         76.5658 |    27.4021 |          2.8865 |            3175
36:47 |   137 |     3.000e-04 |    55.3249 |         37.8907 |    16.4937 |          2.7128 |            3175
37:32 |   138 |     3.000e-04 |    84.5832 |         56.7208 |    26.0300 |          2.6211 |            3175
38:17 |   139 |     3.000e-04 |   156.7593 |         39.9235 |    16.5338 |          2.9301 |            3175
39:02 |   140 |     3.000e-04 |    51.4571 |         26.1279 |     8.6393 |          2.8240 |            3175
39:47 |   141 |     3.000e-04 |    24.5174 |         42.8983 |    20.8889 |          2.5667 |            3175
40:32 |   142 |     3.000e-04 |    46.1305 |         33.0082 |    15.2252 |          2.5581 |            3175
41:16 |   143 |     3.000e-04 |    35.9890 |         24.7664 |     9.6510 |          2.5488 |            3175
42:01 |   144 |     3.000e-04 |    27.7170 |         20.7859 |     6.8410 |          2.4529 |            3175
42:46 |   145 |     3.000e-04 |    27.7721 |         27.2548 |    12.6297 |          2.4974 |            3175
43:30 |   146 |     3.000e-04 |    93.5364 |         55.6517 |    18.2380 |          3.2710 |            3175
44:15 |   147 |     3.000e-04 |   170.1932 |         80.6077 |    28.3372 |          2.8659 |            3175
45:00 |   148 |     3.000e-04 |    26.4393 |         20.4778 |     6.9281 |          2.4121 |            3175
45:45 |   149 |     3.000e-04 |    19.4705 |         20.0528 |     7.0932 |          2.3798 |            3175
46:29 |   150 |     3.000e-04 |    16.4993 |         29.2204 |    14.3314 |          2.2958 |            3175
47:14 |   151 |     3.000e-04 |    17.1523 |         21.3021 |     9.4901 |          2.3440 |            3175
47:59 |   152 |     3.000e-04 |    19.8554 |         18.5902 |     6.5677 |          2.2844 |            3175
48:44 |   153 |     3.000e-04 |    32.0631 |         44.8459 |    21.2614 |          2.4844 |            3175
49:28 |   154 |     3.000e-04 |    38.0045 |         33.5036 |    15.0032 |          2.3780 |            3175
50:13 |   155 |     3.000e-04 |    17.9729 |         17.2497 |     5.4859 |          2.2795 |            3175
50:58 |   156 |     3.000e-04 |    24.1215 |         92.7782 |    35.4758 |          2.4207 |            3175
51:42 |   157 |     3.000e-04 |    23.3171 |         35.0476 |    18.5877 |          2.2747 |            3175
52:27 |   158 |     3.000e-04 |    73.3611 |         52.1613 |    21.8566 |          2.4690 |            3175
53:12 |   159 |     3.000e-04 |    29.6776 |         34.9183 |    18.2863 |          2.2373 |            3175
53:57 |   160 |     3.000e-04 |    17.6013 |         19.3163 |     8.8514 |          2.1003 |            3175
54:42 |   161 |     3.000e-04 |    25.9564 |         22.1788 |    11.2454 |          2.1641 |            3175
55:26 |   162 |     3.000e-04 |  1729.8194 |       1995.5315 |   157.3722 |          7.3940 |            3175
56:11 |   163 |     3.000e-04 |   798.7869 |         74.5443 |    19.9553 |          4.3252 |            3175
56:56 |   164 |     3.000e-04 |    61.7791 |         45.0124 |    14.2356 |          3.4673 |            3175
57:41 |   165 |     3.000e-04 |    37.2416 |         32.6861 |     9.5313 |          3.2229 |            3175
58:26 |   166 |     3.000e-04 |    29.8062 |         39.5937 |    16.3226 |          2.9750 |            3175
59:10 |   167 |     3.000e-04 |    27.0073 |         26.1634 |     8.1992 |          2.8514 |            3175
59:55 |   168 |     3.000e-04 |    21.8323 |         23.4438 |     6.3536 |          2.7783 |            3175
00:40 |   169 |     3.000e-04 |    21.1052 |         21.7908 |     6.7873 |          2.6173 |            3175
01:25 |   170 |     3.000e-04 |    18.9861 |         20.7651 |     6.4271 |          2.5354 |            3175
02:10 |   171 |     3.000e-04 |    17.5225 |         20.7099 |     7.0731 |          2.4943 |            3175
02:54 |   172 |     3.000e-04 |    18.2940 |         20.1958 |     8.0656 |          2.4019 |            3175
03:39 |   173 |     3.000e-04 |    18.2148 |         31.0730 |    16.5900 |          2.3329 |            3175
04:24 |   174 |     3.000e-04 |    17.5331 |         17.2386 |     5.5038 |          2.2948 |            3175
05:09 |   175 |     3.000e-04 |    16.8173 |         18.7120 |     7.6281 |          2.2466 |            3175
05:53 |   176 |     3.000e-04 |    15.7130 |         18.4848 |     8.2241 |          2.2038 |            3175
06:38 |   177 |     3.000e-04 |    15.4079 |         18.8324 |     8.5427 |          2.1866 |            3175
07:23 |   178 |     3.000e-04 |    17.4836 |         16.3302 |     5.7255 |          2.1804 |            3175
08:08 |   179 |     3.000e-04 |    15.0766 |         35.3190 |    18.9293 |          2.1429 |            3175
08:52 |   180 |     3.000e-04 |    15.8107 |         16.5540 |     7.3713 |          2.0697 |            3175
09:37 |   181 |     3.000e-04 |    14.0109 |         15.4628 |     6.1436 |          2.0861 |            3175
10:22 |   182 |     3.000e-04 |    14.5671 |         17.4897 |     9.1840 |          2.0211 |            3175
11:06 |   183 |     3.000e-04 |    12.3123 |         17.0576 |     8.4280 |          2.0239 |            3175
11:51 |   184 |     3.000e-04 |    16.3738 |         28.0600 |    15.6264 |          2.0462 |            3175
12:36 |   185 |     3.000e-04 |    15.3181 |         13.6057 |     4.6000 |          1.9793 |            3175
13:20 |   186 |     3.000e-04 |    15.1084 |         17.5299 |     8.9058 |          2.0805 |            3175
14:05 |   187 |     3.000e-04 |    19.9792 |         22.5801 |    11.5089 |          2.1139 |            3175
14:50 |   188 |     3.000e-04 |    18.0160 |         14.3943 |     6.0197 |          1.9567 |            3175
15:34 |   189 |     3.000e-04 |    15.1300 |         14.4253 |     6.1272 |          1.9247 |            3175
16:19 |   190 |     3.000e-04 |    29.7817 |         14.6246 |     5.9302 |          1.9098 |            3175
17:04 |   191 |     3.000e-04 |    15.7274 |         13.5272 |     4.7177 |          1.8964 |            3175
17:49 |   192 |     3.000e-04 |    13.2519 |         17.6943 |     9.4367 |          1.8887 |            3175
18:34 |   193 |     3.000e-04 |    41.5397 |         31.4558 |    18.5527 |          1.9612 |            3175
19:18 |   194 |     3.000e-04 |    13.8554 |         13.5726 |     6.0193 |          1.8269 |            3175
20:03 |   195 |     3.000e-04 |    25.9633 |         95.5487 |    38.9327 |          2.1325 |            3175
20:48 |   196 |     3.000e-04 |    19.4940 |         13.5822 |     5.1993 |          1.9406 |            3175
21:33 |   197 |     3.000e-04 |    29.4965 |         16.7416 |     7.7355 |          1.9732 |            3175
22:17 |   198 |     3.000e-04 |    15.1532 |         21.9873 |    12.4477 |          1.8539 |            3175
23:02 |   199 |     3.000e-04 |    14.4694 |         14.7978 |     7.1889 |          1.8656 |            3175
23:47 |   200 |     3.000e-04 |    14.5615 |         14.3554 |     7.1935 |          1.8186 |            3175
24:31 |   201 |     3.000e-04 |    12.0283 |         26.9061 |    16.3446 |          1.7746 |            3175
25:16 |   202 |     3.000e-04 |    40.7631 |         19.3633 |    10.3792 |          1.8783 |            3175
26:01 |   203 |     3.000e-04 |    17.5114 |         48.0636 |    25.2214 |          2.0168 |            3179
26:46 |   204 |     3.000e-04 |    15.6239 |         25.6603 |    15.3125 |          1.8375 |            3179
27:30 |   205 |     3.000e-04 |    25.7004 |         79.3566 |    32.7773 |          1.8765 |            3179
28:15 |   206 |     3.000e-04 |    36.4347 |         12.9404 |     5.6851 |          1.7922 |            3179
29:00 |   207 |     3.000e-04 |    12.0945 |         12.8082 |     5.2462 |          1.7768 |            3179
29:44 |   208 |     3.000e-04 |    19.0358 |         34.4697 |    18.4722 |          1.9313 |            3179
30:29 |   209 |     3.000e-04 |    28.5166 |         13.3844 |     5.5304 |          1.7744 |            3179
31:14 |   210 |     3.000e-04 |    15.1798 |         25.3817 |    15.4956 |          1.7810 |            3179
31:59 |   211 |     3.000e-04 |    53.3263 |        208.5166 |    60.1889 |          2.4615 |            3179
32:43 |   212 |     3.000e-04 |    35.5938 |         14.7159 |     7.3300 |          1.7933 |            3179
33:28 |   213 |     3.000e-04 |    11.1304 |         36.0140 |    17.8993 |          1.8429 |            3179
34:13 |   214 |     3.000e-04 |    31.5610 |         18.3124 |    10.6357 |          1.7782 |            3179
34:57 |   215 |     3.000e-04 |    16.7944 |         21.2114 |    12.2130 |          1.9009 |            3179
35:42 |   216 |     3.000e-04 |    18.8379 |         17.5854 |    10.2747 |          1.7248 |            3179
36:27 |   217 |     3.000e-04 |    12.6496 |         11.1881 |     4.3962 |          1.6411 |            3179
37:12 |   218 |     3.000e-04 |    17.5287 |         17.4952 |     8.0027 |          2.0935 |            3179
37:56 |   219 |     3.000e-04 |    17.2731 |         15.6948 |     8.8104 |          1.7363 |            3179
38:41 |   220 |     3.000e-04 |    11.2539 |         12.5224 |     5.6473 |          1.7605 |            3179
39:26 |   221 |     3.000e-04 |    26.8885 |         33.4525 |    18.1160 |          2.1122 |            3179
40:11 |   222 |     3.000e-04 |    28.7190 |         26.8887 |    13.4241 |          1.9860 |            3179
40:56 |   223 |     3.000e-04 |    13.3309 |         13.2469 |     6.1761 |          1.6806 |            3179
41:40 |   224 |     3.000e-04 |    27.1501 |        311.3726 |    71.5939 |          2.0746 |            3179
42:25 |   225 |     3.000e-04 |    35.9698 |         14.6457 |     8.0889 |          1.7533 |            3179
43:10 |   226 |     3.000e-04 |    12.5796 |         11.7757 |     5.9876 |          1.6160 |            3179
43:55 |   227 |     3.000e-04 |    14.3535 |         13.5418 |     6.8930 |          1.7529 |            3179
44:40 |   228 |     3.000e-04 |    29.1077 |         18.6223 |     9.4513 |          1.8957 |            3179
45:24 |   229 |     3.000e-04 |    13.9959 |         14.7330 |     8.8020 |          1.6789 |            3179
46:09 |   230 |     3.000e-04 |    16.8140 |         12.3054 |     7.0698 |          1.6312 |            3179
46:54 |   231 |     3.000e-04 |    10.4604 |         14.8855 |     9.9018 |          1.5934 |            3179
47:39 |   232 |     3.000e-04 |    14.6446 |         19.2766 |    12.2353 |          1.8234 |            3179
48:24 |   233 |     3.000e-04 |    11.8902 |         10.2783 |     4.2074 |          1.5730 |            3179
49:08 |   234 |     3.000e-04 |    13.0205 |         15.1671 |     8.3920 |          1.6995 |            3179
49:53 |   235 |     3.000e-04 |    11.5683 |         18.2334 |    11.6707 |          1.5266 |            3179
50:38 |   236 |     3.000e-04 |    19.0890 |         18.7187 |    11.3512 |          1.7702 |            3179
51:23 |   237 |     3.000e-04 |    12.7275 |         16.2082 |    10.0239 |          1.6569 |            3179
52:08 |   238 |     3.000e-04 |    20.9899 |         25.0217 |    14.7256 |          1.7444 |            3179
52:52 |   239 |     3.000e-04 |    15.4147 |         14.8071 |     7.9085 |          1.6901 |            3179
53:37 |   240 |     3.000e-04 |    16.4824 |         11.4841 |     6.2063 |          1.5387 |            3179
54:22 |   241 |     3.000e-04 |    19.5576 |         21.1609 |     9.8396 |          2.1417 |            3179
55:07 |   242 |     3.000e-04 |    11.4692 |         11.5415 |     5.6075 |          1.5899 |            3179
55:52 |   243 |     3.000e-04 |    18.3942 |         12.7913 |     6.0442 |          1.7418 |            3179
56:36 |   244 |     3.000e-04 |    12.0132 |         36.6631 |    21.5939 |          1.7270 |            3179
57:21 |   245 |     3.000e-04 |    14.4385 |         13.5176 |     7.8056 |          1.4976 |            3179
58:06 |   246 |     3.000e-04 |     7.6679 |         17.4037 |    10.2812 |          1.5908 |            3179
58:50 |   247 |     3.000e-04 |    42.8777 |         29.9293 |    15.6449 |          2.0786 |            3179
59:35 |   248 |     3.000e-04 |    16.1187 |         10.2979 |     4.8499 |          1.5309 |            3179
00:20 |   249 |     3.000e-04 |    10.4133 |         12.8144 |     8.5964 |          1.4717 |            3179
01:05 |   250 |     3.000e-04 |    23.6527 |         22.2924 |    11.1774 |          2.0679 |            3179
01:51 |   251 |     3.000e-04 |    12.2826 |         14.1100 |     6.8875 |          1.6832 |            3179
02:36 |   252 |     3.000e-04 |     7.8117 |          9.7302 |     4.6996 |          1.3959 |            3179
03:20 |   253 |     3.000e-04 |     8.9695 |         11.1074 |     4.6412 |          1.6011 |            3179
04:05 |   254 |     3.000e-04 |    10.2556 |         11.3342 |     6.3685 |          1.5325 |            3179
04:49 |   255 |     3.000e-04 | 24344.4962 |        558.3206 |    72.2344 |          7.9129 |            3179
05:34 |   256 |     3.000e-04 |   350.2374 |        215.7378 |    39.5723 |          6.1199 |            3179
06:19 |   257 |     3.000e-04 |   179.2676 |        140.9830 |    27.2459 |          5.7058 |            3179
07:04 |   258 |     3.000e-04 |   122.3927 |        104.6901 |    21.5187 |          5.2362 |            3179
07:48 |   259 |     3.000e-04 |    98.2274 |         88.5103 |    18.6625 |          4.8983 |            3179
08:33 |   260 |     3.000e-04 |    81.1751 |         75.5333 |    16.6401 |          4.6273 |            3179
09:18 |   261 |     3.000e-04 |    73.8175 |         67.3803 |    15.3250 |          4.4363 |            3179
10:03 |   262 |     3.000e-04 |    65.1613 |         64.6527 |    16.5468 |          4.2306 |            3179
10:47 |   263 |     3.000e-04 |    60.6818 |         56.3568 |    13.4767 |          4.0923 |            3179
11:32 |   264 |     3.000e-04 |    53.9476 |         55.2475 |    14.2860 |          3.9866 |            3179
12:17 |   265 |     3.000e-04 |    50.1642 |         49.4734 |    12.8149 |          3.8301 |            3179
13:01 |   266 |     3.000e-04 |    47.0500 |         47.1905 |    12.6149 |          3.7212 |            3179
13:46 |   267 |     3.000e-04 |    44.2759 |         42.8806 |    11.5633 |          3.6191 |            3179
14:31 |   268 |     3.000e-04 |    40.3178 |         40.7797 |    10.9571 |          3.5538 |            3179
15:15 |   269 |     3.000e-04 |    38.1641 |         42.4257 |    12.8832 |          3.4681 |            3179
16:00 |   270 |     3.000e-04 |    35.7968 |         36.3520 |    10.2038 |          3.3856 |            3179
16:45 |   271 |     3.000e-04 |    34.2787 |         36.7833 |    11.2878 |          3.3066 |            3179
17:29 |   272 |     3.000e-04 |    34.0546 |         33.0966 |     9.6210 |          3.2438 |            3179
18:14 |   273 |     3.000e-04 |    29.8951 |         31.0512 |     8.2728 |          3.1773 |            3179
18:59 |   274 |     3.000e-04 |    28.3861 |         31.5583 |     9.9745 |          3.1117 |            3179
19:44 |   275 |     3.000e-04 |    28.3342 |         28.9212 |     8.1156 |          3.0665 |            3179
20:28 |   276 |     3.000e-04 |    26.7722 |         28.1596 |     8.1016 |          2.9873 |            3179
21:13 |   277 |     3.000e-04 |    26.2454 |         26.9745 |     7.9729 |          2.9613 |            3179
21:58 |   278 |     3.000e-04 |    24.6684 |         27.9888 |     9.4548 |          2.9008 |            3179
22:42 |   279 |     3.000e-04 |    24.0171 |         25.9705 |     8.3369 |          2.8462 |            3179
23:27 |   280 |     3.000e-04 |    22.8875 |         24.6366 |     7.5998 |          2.7933 |            3179
24:11 |   281 |     3.000e-04 |    22.2164 |         23.1675 |     6.4173 |          2.7542 |            3179
24:56 |   282 |     3.000e-04 |    21.6822 |         26.3243 |    10.2174 |          2.7311 |            3179
25:41 |   283 |     3.000e-04 |    22.0926 |         22.7554 |     7.6515 |          2.6803 |            3179
26:25 |   284 |     3.000e-04 |    19.9037 |         21.1330 |     5.9974 |          2.6434 |            3179
27:10 |   285 |     3.000e-04 |    18.9454 |         23.7783 |     9.6720 |          2.5823 |            3179
27:55 |   286 |     3.000e-04 |    18.2131 |         20.6401 |     6.6640 |          2.5583 |            3179
28:39 |   287 |     3.000e-04 |    18.2785 |         20.4071 |     7.1498 |          2.5391 |            3179
29:24 |   288 |     3.000e-04 |    19.0143 |         24.8782 |    12.0160 |          2.4708 |            3179
30:09 |   289 |     3.000e-04 |    17.4734 |         19.4257 |     7.2373 |          2.4372 |            3179
30:53 |   290 |     3.000e-04 |    25.2302 |         28.7285 |    15.0106 |          2.4298 |            3179
31:38 |   291 |     3.000e-04 |    18.5679 |         17.3829 |     5.1194 |          2.3600 |            3193
32:23 |   292 |     3.000e-04 |    16.7854 |         22.1247 |    10.9002 |          2.3259 |            3193
33:08 |   293 |     3.000e-04 |    17.3423 |         18.7152 |     7.7434 |          2.2938 |            3193
33:52 |   294 |     3.000e-04 |    18.6533 |         27.2120 |    14.5402 |          2.2800 |            3193
34:37 |   295 |     3.000e-04 |    16.4128 |         27.2010 |    14.9427 |          2.2543 |            3193
35:22 |   296 |     3.000e-04 |    16.6738 |         23.8752 |    13.0299 |          2.2072 |            3193
36:07 |   297 |     3.000e-04 |    16.8508 |         30.1639 |    17.3146 |          2.2018 |            3193
36:52 |   298 |     3.000e-04 |    16.3271 |         20.6626 |    10.9247 |          2.1609 |            3193
37:37 |   299 |     3.000e-04 |    17.4330 |         24.0996 |    13.0563 |          2.1729 |            3193
38:22 |   300 |     3.000e-04 |    26.3962 |         16.6921 |     7.1862 |          2.1585 |            3193
39:06 |   301 |     3.000e-04 |    18.2324 |         16.5572 |     7.4243 |          2.0923 |            3193
39:51 |   302 |     3.000e-04 |    22.0425 |         29.3372 |    14.0707 |          2.1547 |            3193
40:36 |   303 |     3.000e-04 |    17.3655 |         14.6446 |     5.6875 |          2.0458 |            3193
41:20 |   304 |     3.000e-04 |    15.4121 |         14.5129 |     5.2804 |          2.0395 |            3193
42:05 |   305 |     3.000e-04 |    16.8138 |         53.2259 |    26.3568 |          2.0433 |            3193
42:50 |   306 |     3.000e-04 |    19.1977 |         13.0824 |     4.1924 |          1.9796 |            3193
43:35 |   307 |     3.000e-04 |    31.2433 |         21.1813 |    11.5530 |          2.0451 |            3193
44:19 |   308 |     3.000e-04 |    19.3757 |         13.8626 |     4.9798 |          1.9965 |            3193
45:04 |   309 |     3.000e-04 |    22.0876 |         23.0066 |    14.5464 |          1.9322 |            3193
45:49 |   310 |     3.000e-04 |    13.0489 |         37.7502 |    21.5720 |          1.9006 |            3193
46:34 |   311 |     3.000e-04 |    40.6815 |         69.7579 |    30.1894 |          2.1190 |            3193
47:19 |   312 |     3.000e-04 |    61.5410 |         13.9244 |     5.3324 |          1.9776 |            3193
48:04 |   313 |     3.000e-04 |    15.9782 |         21.3294 |    12.6545 |          1.9371 |            3193
48:48 |   314 |     3.000e-04 |    12.7442 |         12.5322 |     4.7483 |          1.8527 |            3193
49:33 |   315 |     3.000e-04 |    12.7282 |         13.4729 |     6.6608 |          1.8147 |            3193
50:18 |   316 |     3.000e-04 |    11.5826 |         12.9094 |     5.7031 |          1.8265 |            3193
51:02 |   317 |     3.000e-04 |    25.4742 |         64.9499 |    31.2759 |          1.8477 |            3193
51:47 |   318 |     3.000e-04 |    33.0378 |         12.7788 |     5.1758 |          1.8280 |            3193
52:32 |   319 |     3.000e-04 |    13.3989 |         17.5366 |    10.0392 |          1.7833 |            3193
53:17 |   320 |     3.000e-04 |    13.7792 |         12.9612 |     6.1219 |          1.7505 |            3193
54:02 |   321 |     3.000e-04 |    26.6609 |         29.4255 |    17.2538 |          2.1074 |            3193
54:46 |   322 |     3.000e-04 |    24.8490 |         11.2717 |     4.0082 |          1.7277 |            3193
55:31 |   323 |     3.000e-04 |    11.6085 |         15.6627 |     9.7209 |          1.6930 |            3193
56:16 |   324 |     3.000e-04 |    10.0671 |         18.5206 |    12.0957 |          1.7450 |            3193
57:01 |   325 |     3.000e-04 |    31.2212 |         22.7362 |    13.3942 |          1.8471 |            3193
57:46 |   326 |     3.000e-04 |    17.5398 |         17.9845 |    11.8131 |          1.7401 |            3193
58:31 |   327 |     3.000e-04 |    17.1758 |         11.2380 |     4.4376 |          1.6921 |            3193
59:16 |   328 |     3.000e-04 |     9.1998 |         10.3027 |     3.7387 |          1.6231 |            3193
00:01 |   329 |     3.000e-04 |    17.6253 |         26.2420 |    15.2225 |          1.8137 |            3193
00:46 |   330 |     3.000e-04 |    16.5969 |         48.0008 |    26.5897 |          1.6306 |            3193
01:31 |   331 |     3.000e-04 |    14.0113 |         12.8941 |     7.6047 |          1.6269 |            3193
02:16 |   332 |     3.000e-04 |    15.8746 |         17.3024 |    11.0223 |          1.6833 |            3193
03:01 |   333 |     3.000e-04 |    32.6489 |         16.6424 |     9.2114 |          1.7858 |            3193
03:45 |   334 |     1.500e-04 |     8.4480 |         10.2791 |     4.2433 |          1.5760 |            3193
04:30 |   335 |     1.500e-04 |     6.6020 |         10.6014 |     5.4162 |          1.5388 |            3193
05:15 |   336 |     1.500e-04 |     6.4531 |          9.5500 |     3.5836 |          1.5182 |            3193
06:00 |   337 |     1.500e-04 |     7.0041 |          9.5804 |     3.4038 |          1.5149 |            3193
06:45 |   338 |     1.500e-04 |     6.5321 |         10.1857 |     4.3648 |          1.5489 |            3193
07:30 |   339 |     1.500e-04 |     6.7118 |         10.2998 |     4.8143 |          1.5233 |            3193
08:15 |   340 |     1.500e-04 |     6.9075 |         11.8038 |     7.3096 |          1.5148 |            3193
08:59 |   341 |     1.500e-04 |     6.2563 |         13.8103 |     9.6414 |          1.4855 |            3193
09:44 |   342 |     1.500e-04 |     6.1612 |          9.6412 |     4.2226 |          1.4939 |            3193
10:29 |   343 |     1.500e-04 |     6.4385 |         16.1504 |    11.6568 |          1.5252 |            3193
11:14 |   344 |     1.500e-04 |     9.8675 |         13.7483 |     9.2890 |          1.5200 |            3193
11:59 |   345 |     1.500e-04 |     8.7939 |          9.2548 |     3.5191 |          1.4751 |            3193
12:44 |   346 |     1.500e-04 |     8.5654 |          9.6146 |     4.1469 |          1.4941 |            3193
13:29 |   347 |     1.500e-04 |     7.4956 |          9.1150 |     3.8055 |          1.4480 |            3193
14:14 |   348 |     1.500e-04 |     8.2897 |         14.8590 |     9.2766 |          1.5559 |            3193
14:59 |   349 |     1.500e-04 |     9.7421 |         16.0774 |    11.1974 |          1.4715 |            3193
15:44 |   350 |     1.500e-04 |     8.2798 |         10.0381 |     5.1024 |          1.4580 |            3193
16:29 |   351 |     1.500e-04 |     7.3838 |          9.6990 |     4.1903 |          1.4860 |            3193
17:14 |   352 |     1.500e-04 |     9.0188 |         10.1526 |     5.4417 |          1.4938 |            3193
17:59 |   353 |     1.500e-04 |    12.3370 |         16.5947 |     9.2909 |          1.5687 |            3193
18:44 |   354 |     1.500e-04 |    11.4598 |          9.2295 |     3.5732 |          1.4496 |            3193
19:29 |   355 |     1.500e-04 |     8.0942 |         20.1513 |    14.3247 |          1.4380 |            3193
20:14 |   356 |     1.500e-04 |    11.4744 |         11.2847 |     6.2571 |          1.5056 |            3193
20:59 |   357 |     1.500e-04 |    12.6217 |         26.1867 |    16.8712 |          1.4829 |            3193
21:44 |   358 |     1.500e-04 |    11.5470 |          9.5525 |     4.0151 |          1.4583 |            3193
22:29 |   359 |     1.500e-04 |     9.9398 |          9.7313 |     4.5876 |          1.4693 |            3193
23:14 |   360 |     1.500e-04 |    10.1906 |         13.9495 |     9.0316 |          1.4953 |            3193
23:59 |   361 |     1.500e-04 |    12.2593 |          8.8742 |     3.1427 |          1.4616 |            3193
24:44 |   362 |     1.500e-04 |     8.2417 |         12.9108 |     8.4511 |          1.4171 |            3193
25:29 |   363 |     1.500e-04 |     9.1528 |          8.5983 |     2.8406 |          1.3920 |            3193
26:14 |   364 |     1.500e-04 |     6.2585 |         10.4611 |     6.7567 |          1.3759 |            3193
26:59 |   365 |     1.500e-04 |     8.4984 |         26.7314 |    18.2780 |          1.4396 |            3193
27:44 |   366 |     1.500e-04 |    11.2373 |         10.5009 |     6.1067 |          1.4180 |            3193
28:28 |   367 |     1.500e-04 |     7.3237 |         15.7629 |    10.2794 |          1.3723 |            3193
29:13 |   368 |     1.500e-04 |     8.0952 |         11.5466 |     7.5174 |          1.4313 |            3193
29:58 |   369 |     1.500e-04 |    10.3074 |         20.1703 |    13.2897 |          1.4670 |            3193
30:43 |   370 |     1.500e-04 |    10.4060 |         14.3924 |    10.3471 |          1.4306 |            3193
31:27 |   371 |     1.500e-04 |     7.5766 |         10.9224 |     6.1570 |          1.4470 |            3193
32:12 |   372 |     1.500e-04 |    24.0630 |         12.5464 |     6.9123 |          1.5839 |            3193
32:57 |   373 |     1.500e-04 |     8.4705 |         11.8514 |     6.2476 |          1.5057 |            3193
33:41 |   374 |     1.500e-04 |     7.9009 |         10.2911 |     6.1207 |          1.3699 |            3193
34:26 |   375 |     1.500e-04 |     8.6736 |         11.6898 |     7.2380 |          1.3820 |            3193
35:11 |   376 |     1.500e-04 |     9.7613 |         32.7981 |    20.9317 |          1.4014 |            3193
35:56 |   377 |     1.500e-04 |    10.4556 |         10.5324 |     6.2839 |          1.4286 |            3193
36:41 |   378 |     1.500e-04 |    11.6919 |         12.4627 |     8.3231 |          1.4898 |            3193
37:26 |   379 |     1.500e-04 |     9.5021 |          8.4108 |     3.1976 |          1.3509 |            3245
38:10 |   380 |     1.500e-04 |     8.3780 |         10.4293 |     6.7584 |          1.3451 |            3245
38:55 |   381 |     1.500e-04 |     8.3190 |         31.1152 |    20.8900 |          1.3388 |            3245
39:40 |   382 |     1.500e-04 |    20.9216 |         13.7083 |     8.5201 |          1.4879 |            3245
40:25 |   383 |     1.500e-04 |     7.7619 |          9.2904 |     5.2441 |          1.3486 |            3245
41:10 |   384 |     1.500e-04 |     7.9798 |         65.4238 |    32.6983 |          1.4074 |            3245
41:55 |   385 |     1.500e-04 |    10.9037 |          9.7908 |     5.5747 |          1.3178 |            3245
42:39 |   386 |     1.500e-04 |     8.0806 |          8.5276 |     3.6931 |          1.3071 |            3245
43:24 |   387 |     1.500e-04 |     6.8513 |         11.2686 |     6.6089 |          1.4655 |            3245
44:09 |   388 |     1.500e-04 |     8.6827 |          8.4337 |     3.7957 |          1.3539 |            3245
44:53 |   389 |     1.500e-04 |    12.1410 |         11.8573 |     5.9868 |          1.5684 |            3245
45:38 |   390 |     1.500e-04 |     7.8379 |          8.0506 |     3.3459 |          1.3173 |            3245
46:23 |   391 |     1.500e-04 |     6.3946 |         10.5088 |     7.1196 |          1.2875 |            3245
47:08 |   392 |     1.500e-04 |     7.4682 |         17.7464 |    12.0454 |          1.3599 |            3245
47:52 |   393 |     1.500e-04 |    21.9303 |         25.5732 |    16.8339 |          1.5806 |            3245
48:37 |   394 |     1.500e-04 |     9.9151 |         13.2185 |     8.8460 |          1.4028 |            3245
49:22 |   395 |     1.500e-04 |    15.8604 |         13.9614 |    10.1934 |          1.3696 |            3245
50:06 |   396 |     1.500e-04 |     6.0782 |          8.4220 |     4.1517 |          1.2586 |            3245
50:51 |   397 |     1.500e-04 |     5.6115 |          8.4648 |     3.5013 |          1.3003 |            3245
51:36 |   398 |     1.500e-04 |     6.1560 |          8.6308 |     3.8977 |          1.2996 |            3245
52:21 |   399 |     1.500e-04 |     7.4324 |         10.6264 |     6.6417 |          1.2952 |            3245
53:06 |   400 |     1.500e-04 |     5.8632 |          8.4271 |     3.4548 |          1.3378 |            3245
53:51 |   401 |     1.500e-04 |     5.4843 |         13.7237 |    10.2857 |          1.3056 |            3245
54:35 |   402 |     1.500e-04 |    10.6854 |          8.8024 |     4.0347 |          1.3360 |            3245
55:20 |   403 |     1.500e-04 |     8.9539 |          9.7693 |     5.5142 |          1.2890 |            3245
56:05 |   404 |     1.500e-04 |     7.9707 |         14.5090 |    11.4818 |          1.2816 |            3245
56:50 |   405 |     1.500e-04 |    13.0214 |         19.6060 |    13.7997 |          1.4165 |            3245
57:35 |   406 |     1.500e-04 |     7.9620 |         14.1978 |    10.6082 |          1.2590 |            3245
58:20 |   407 |     1.500e-04 |     5.0224 |          7.8442 |     2.8198 |          1.2490 |            3245
59:04 |   408 |     1.500e-04 |     8.6801 |         19.2709 |    14.1655 |          1.4155 |            3245
59:49 |   409 |     1.500e-04 |    10.2164 |          8.9636 |     4.5798 |          1.3355 |            3245
00:34 |   410 |     1.500e-04 |     8.3957 |          8.3102 |     4.3904 |          1.2389 |            3245
01:18 |   411 |     1.500e-04 |     7.6548 |          9.5369 |     4.9381 |          1.3135 |            3245
02:03 |   412 |     1.500e-04 |     9.7992 |         18.6399 |    12.9753 |          1.4069 |            3245
02:48 |   413 |     1.500e-04 |    13.4131 |         14.6179 |     9.4773 |          1.4448 |            3245
03:33 |   414 |     1.500e-04 |     6.9385 |         12.1092 |     8.2153 |          1.3527 |            3245
04:17 |   415 |     1.500e-04 |    11.9444 |         17.8683 |    11.7913 |          1.4021 |            3245
05:02 |   416 |     1.500e-04 |    11.0362 |         25.1216 |    17.1541 |          1.3962 |            3245
05:47 |   417 |     1.500e-04 |     6.3418 |          9.5201 |     6.6772 |          1.2270 |            3245
06:32 |   418 |     1.500e-04 |     7.4830 |          7.5590 |     2.8337 |          1.2162 |            3245
07:17 |   419 |     1.500e-04 |     5.1484 |          8.7426 |     4.7358 |          1.2729 |            3245
08:02 |   420 |     1.500e-04 |     4.5148 |         12.1824 |     8.8854 |          1.2456 |            3245
08:46 |   421 |     1.500e-04 |    11.2766 |          8.5856 |     3.5850 |          1.3149 |            3245
09:31 |   422 |     1.500e-04 |    11.6465 |         74.9792 |    33.5575 |          1.3897 |            3245
10:16 |   423 |     1.500e-04 |    83.1649 |          8.9134 |     4.0175 |          1.3750 |            3245
11:02 |   424 |     1.500e-04 |     4.7711 |          8.3023 |     3.7937 |          1.2548 |            3245
11:47 |   425 |     1.500e-04 |     4.4689 |          7.6218 |     2.2911 |          1.2343 |            3245
12:32 |   426 |     1.500e-04 |     3.9820 |          8.2753 |     3.7011 |          1.2307 |            3245
13:16 |   427 |     1.500e-04 |     3.8959 |          8.3829 |     4.6922 |          1.2087 |            3245
14:01 |   428 |     1.500e-04 |     4.8508 |          7.5029 |     3.4685 |          1.1807 |            3245
14:46 |   429 |     1.500e-04 |     4.6877 |          8.5793 |     4.6031 |          1.2161 |            3245
15:31 |   430 |     1.500e-04 |     4.2374 |          8.6814 |     4.9633 |          1.2210 |            3245
16:15 |   431 |     1.500e-04 |     5.9508 |          9.2476 |     6.0980 |          1.1992 |            3245
17:00 |   432 |     1.500e-04 |     3.9199 |         11.7975 |     9.0625 |          1.1837 |            3245
17:45 |   433 |     1.500e-04 |     4.4676 |          8.1229 |     4.9609 |          1.1640 |            3245
18:30 |   434 |     1.500e-04 |     3.6868 |          7.4973 |     3.4884 |          1.1624 |            3245
19:15 |   435 |     1.500e-04 |     5.1046 |          8.0407 |     2.9803 |          1.2686 |            3245
19:59 |   436 |     1.500e-04 |     5.2625 |          8.8730 |     5.0063 |          1.2204 |            3245
20:44 |   437 |     1.500e-04 |     6.2008 |         12.9969 |     8.9409 |          1.2906 |            3245
21:29 |   438 |     1.500e-04 |     7.1076 |          8.9457 |     4.7400 |          1.2645 |            3245
22:14 |   439 |     1.500e-04 |     5.2815 |          8.8489 |     4.9501 |          1.2031 |            3245
22:59 |   440 |     1.500e-04 |     6.4907 |          8.6398 |     3.7858 |          1.2648 |            3245
23:43 |   441 |     1.500e-04 |     4.2623 |          8.0577 |     3.8917 |          1.1617 |            3245
24:28 |   442 |     1.500e-04 |     5.9820 |          9.6519 |     6.8154 |          1.1776 |            3245
25:13 |   443 |     1.500e-04 |    18.0204 |         27.8167 |    17.1770 |          1.4226 |            3245
25:57 |   444 |     1.500e-04 |     7.5256 |          9.3421 |     6.2787 |          1.1892 |            3245
26:42 |   445 |     1.500e-04 |     6.9069 |          9.7567 |     5.7422 |          1.2291 |            3245
27:27 |   446 |     1.500e-04 |     4.5564 |         10.5993 |     7.6474 |          1.1927 |            3245
28:11 |   447 |     1.500e-04 |     4.5051 |          7.9979 |     5.0948 |          1.1578 |            3245
28:56 |   448 |     1.500e-04 |     4.8184 |         12.8452 |     9.5808 |          1.2778 |            3245
29:41 |   449 |     1.500e-04 |     7.9901 |         12.4006 |     7.6297 |          1.3226 |            3245
30:25 |   450 |     1.500e-04 |    12.1647 |         11.8121 |     8.2716 |          1.2655 |            3245
31:10 |   451 |     1.500e-04 |     4.8548 |         11.6420 |     7.5767 |          1.1925 |            3245
31:55 |   452 |     1.500e-04 |     6.5732 |         15.2129 |    12.1228 |          1.2201 |            3245
32:40 |   453 |     1.500e-04 |    11.6016 |         10.8892 |     6.5725 |          1.3667 |            3245
33:25 |   454 |     1.500e-04 |     8.2097 |         10.9883 |     7.8407 |          1.2158 |            3245
34:09 |   455 |     1.500e-04 |     5.3400 |          7.8379 |     4.3397 |          1.1481 |            3245
34:54 |   456 |     1.500e-04 |     4.2113 |         13.5783 |    10.5549 |          1.2684 |            3245
35:39 |   457 |     1.500e-04 |     7.8302 |          8.0203 |     3.5051 |          1.1932 |            3245
36:23 |   458 |     1.500e-04 |     8.4631 |          9.7662 |     5.4553 |          1.3084 |            3245
37:08 |   459 |     1.500e-04 |     5.9270 |         11.1011 |     8.2729 |          1.1788 |            3245
37:53 |   460 |     1.500e-04 |     6.6917 |          8.5282 |     4.0548 |          1.2023 |            3245
38:37 |   461 |     1.500e-04 |     7.1528 |          8.8896 |     5.0796 |          1.2819 |            3245
39:22 |   462 |     1.500e-04 |     4.5726 |         11.8168 |     8.7784 |          1.2084 |            3245
40:07 |   463 |     1.500e-04 |     5.8830 |          9.1224 |     5.1666 |          1.1957 |            3245
40:52 |   464 |     1.500e-04 |     9.4873 |          9.1391 |     6.3890 |          1.1982 |            3245
41:36 |   465 |     1.500e-04 |     5.3214 |          7.7027 |     2.8308 |          1.1698 |            3245
42:21 |   466 |     1.500e-04 |     5.7233 |         21.5724 |    15.3490 |          1.2353 |            3245
43:06 |   467 |     1.500e-04 |     8.0975 |          9.5156 |     6.3016 |          1.1920 |            3245
43:51 |   468 |     1.500e-04 |     6.8801 |         10.3104 |     6.9322 |          1.2047 |            3245
44:36 |   469 |     1.500e-04 |     5.1616 |         10.2417 |     7.3527 |          1.1983 |            3245
45:21 |   470 |     1.500e-04 |     5.5241 |         12.5560 |     8.9084 |          1.2282 |            3245
46:05 |   471 |     1.500e-04 |    12.2862 |          9.2112 |     4.8242 |          1.2447 |            3245
46:50 |   472 |     1.500e-04 |     7.3756 |         15.6280 |    11.4247 |          1.2494 |            3245
47:35 |   473 |     1.500e-04 |    16.6576 |         15.0035 |    12.0973 |          1.2119 |            3245
48:20 |   474 |     1.500e-04 |     4.5842 |          9.1145 |     5.0951 |          1.2547 |            3245
49:04 |   475 |     1.500e-04 |     4.8239 |          7.6553 |     3.5046 |          1.1386 |            3245
49:49 |   476 |     1.500e-04 |     8.5318 |          8.2393 |     3.4407 |          1.2588 |            3245
50:34 |   477 |     1.500e-04 |     6.3550 |         13.6889 |    10.7911 |          1.1375 |            3245
51:19 |   478 |     1.500e-04 |     6.0232 |         10.5930 |     7.4347 |          1.1865 |            3245
52:03 |   479 |     1.500e-04 |     4.7109 |         16.5194 |    12.7558 |          1.1861 |            3245
52:48 |   480 |     1.500e-04 |     7.4830 |         10.4733 |     5.8313 |          1.3081 |            3245
53:33 |   481 |     1.500e-04 |     9.6580 |         18.7197 |    13.1295 |          1.2935 |            3245
54:17 |   482 |     1.500e-04 |     7.3219 |         22.0886 |    14.1493 |          1.2827 |            3245
55:02 |   483 |     1.500e-04 |    12.5082 |         11.3804 |     7.6410 |          1.2391 |            3245
55:47 |   484 |     1.500e-04 |     4.7283 |          9.8021 |     6.2238 |          1.1744 |            3245
56:31 |   485 |     1.500e-04 |     4.5364 |          7.9330 |     4.2487 |          1.0919 |            3245
57:16 |   486 |     1.500e-04 |     7.7990 |          8.1401 |     4.1989 |          1.1430 |            3245
58:01 |   487 |     1.500e-04 |     6.0730 |          8.6312 |     4.8969 |          1.1892 |            3245
58:46 |   488 |     1.500e-04 |     4.9714 |          8.5626 |     3.3369 |          1.2464 |            3245
59:30 |   489 |     1.500e-04 |     4.6817 |          7.3622 |     2.6729 |          1.1305 |            3245
00:15 |   490 |     1.500e-04 |     4.8193 |          8.2843 |     4.5341 |          1.2252 |            3245
01:00 |   491 |     1.500e-04 |     4.1718 |          8.5149 |     4.8959 |          1.1652 |            3245
01:45 |   492 |     1.500e-04 |    10.9006 |         24.7552 |    17.0461 |          1.3027 |            3245
02:29 |   493 |     1.500e-04 |     6.6530 |          8.6307 |     3.9395 |          1.2159 |            3245
03:14 |   494 |     1.500e-04 |    16.6554 |         16.5225 |    11.8546 |          1.3287 |            3245
03:59 |   495 |     1.500e-04 |     6.9854 |          8.4657 |     4.0917 |          1.1467 |            3245
04:43 |   496 |     1.500e-04 |     4.9316 |         12.2362 |     9.2007 |          1.1887 |            3245
05:28 |   497 |     1.500e-04 |     5.1198 |          9.1543 |     5.1098 |          1.1893 |            3245
06:13 |   498 |     1.500e-04 |     4.6089 |          9.0233 |     5.3560 |          1.1518 |            3245
06:58 |   499 |     1.500e-04 |     3.5301 |          8.5957 |     5.7821 |          1.0862 |            3245
07:42 |   500 |     1.500e-04 |     3.9858 |          8.6657 |     4.3792 |          1.1620 |            3245
08:27 |   501 |     1.500e-04 |     5.2566 |          7.6576 |     3.5031 |          1.0872 |            3245
09:12 |   502 |     1.500e-04 |     5.0956 |          8.0752 |     4.7054 |          1.1410 |            3245
09:56 |   503 |     1.500e-04 |     4.3300 |         16.9047 |    11.6631 |          1.1948 |            3245
10:41 |   504 |     1.500e-04 |    12.6653 |          8.7194 |     4.9295 |          1.1471 |            3245
11:26 |   505 |     1.500e-04 |     4.3945 |         11.6413 |     7.8255 |          1.2383 |            3245
12:10 |   506 |     1.500e-04 |     4.6661 |          9.4282 |     5.2850 |          1.1960 |            3245
12:55 |   507 |     1.500e-04 |    11.0278 |         22.3142 |    13.9032 |          1.5552 |            3245
13:40 |   508 |     1.500e-04 |     9.4415 |         13.3876 |    10.2267 |          1.1977 |            3245
14:24 |   509 |     1.500e-04 |     6.5924 |          9.6419 |     5.8852 |          1.1500 |            3245
15:09 |   510 |     1.500e-04 |     3.7149 |         11.1310 |     8.5587 |          1.1488 |            3245
15:54 |   511 |     1.500e-04 |     5.5876 |          8.1857 |     4.6290 |          1.1140 |            3245
16:39 |   512 |     1.500e-04 |     3.7396 |          7.7503 |     3.2558 |          1.1040 |            3245
17:23 |   513 |     1.500e-04 |     7.5089 |         10.7190 |     6.9080 |          1.2536 |            3245
18:08 |   514 |     1.500e-04 |     5.8934 |         14.0746 |     9.8511 |          1.1728 |            3245
18:53 |   515 |     1.500e-04 |     5.9966 |          8.6612 |     5.1169 |          1.1152 |            3245
19:38 |   516 |     1.500e-04 |     6.4240 |         23.1720 |    15.7633 |          1.2531 |            3245
20:22 |   517 |     1.500e-04 |     7.0633 |          7.5949 |     3.4743 |          1.0589 |            3245
21:07 |   518 |     1.500e-04 |     4.9905 |          8.6771 |     5.1623 |          1.0764 |            3245
21:52 |   519 |     1.500e-04 |     3.7556 |          9.0172 |     5.6139 |          1.1618 |            3245
22:37 |   520 |     1.500e-04 |     4.7905 |         11.0573 |     6.3012 |          1.2696 |            3245
23:22 |   521 |     1.500e-04 |     5.6502 |         10.9972 |     8.0601 |          1.1460 |            3245
24:06 |   522 |     1.500e-04 |     4.0970 |          8.4945 |     4.7071 |          1.1295 |            3245
24:51 |   523 |     1.500e-04 |     7.5888 |          9.6170 |     5.4732 |          1.2378 |            3245
25:36 |   524 |     1.500e-04 |     8.0609 |         13.9098 |    10.2856 |          1.2440 |            3245
26:20 |   525 |     1.500e-04 |     7.5952 |         10.7152 |     5.8498 |          1.2835 |            3245
27:05 |   526 |     1.500e-04 |     7.7251 |         12.5502 |     9.3579 |          1.1586 |            3245
27:50 |   527 |     1.500e-04 |     3.8378 |          7.8008 |     3.7794 |          1.1276 |            3245
28:35 |   528 |     1.500e-04 |     5.6057 |          8.5710 |     4.4545 |          1.1528 |            3245
29:19 |   529 |     1.500e-04 |     3.1156 |          7.2560 |     3.0454 |          1.0601 |            3245
30:04 |   530 |     1.500e-04 |     4.3009 |         10.7774 |     6.8071 |          1.1911 |            3245
30:49 |   531 |     1.500e-04 |     6.2848 |         12.0292 |     9.1251 |          1.1494 |            3245
31:34 |   532 |     1.500e-04 |     4.8246 |         16.8812 |    12.3131 |          1.1493 |            3245
32:19 |   533 |     1.500e-04 |    15.4883 |          9.8864 |     6.0183 |          1.1594 |            3245
33:03 |   534 |     1.500e-04 |     5.8079 |         16.8524 |    13.4614 |          1.1571 |            3245
33:48 |   535 |     1.500e-04 |     5.3237 |         11.5946 |     8.7734 |          1.1291 |            3245
34:33 |   536 |     1.500e-04 |     3.8026 |          7.1584 |     2.8389 |          1.0582 |            3245
35:18 |   537 |     1.500e-04 |     4.4459 |          8.6527 |     4.8946 |          1.0689 |            3245
36:03 |   538 |     1.500e-04 |     4.8216 |          9.0024 |     6.0308 |          1.0725 |            3245
36:47 |   539 |     1.500e-04 |     4.3730 |         20.4292 |    14.6324 |          1.1589 |            3245
37:32 |   540 |     1.500e-04 |     6.0470 |          8.4087 |     3.7046 |          1.1798 |            3245
38:17 |   541 |     1.500e-04 |     4.7886 |          9.5152 |     5.3927 |          1.0994 |            3245
39:02 |   542 |     1.500e-04 |     4.2407 |          8.5930 |     4.0645 |          1.1258 |            3245
39:47 |   543 |     1.500e-04 |     4.5721 |         10.9165 |     7.3483 |          1.1018 |            3245
40:31 |   544 |     1.500e-04 |     5.8368 |          8.8308 |     4.5517 |          1.1936 |            3245
41:16 |   545 |     1.500e-04 |     4.3561 |          8.0855 |     3.9777 |          1.0623 |            3245
42:01 |   546 |     1.500e-04 |     5.0273 |         11.0268 |     7.5264 |          1.1188 |            3245
42:46 |   547 |     1.500e-04 |     5.6484 |         10.7521 |     6.7868 |          1.1536 |            3245
43:30 |   548 |     1.500e-04 |     4.5828 |          7.8114 |     2.9864 |          1.0720 |            3245
44:15 |   549 |     1.500e-04 |     3.5083 |          7.9379 |     4.5443 |          1.0076 |            3245
45:00 |   550 |     1.500e-04 |     4.3462 |          9.1864 |     5.1680 |          1.1440 |            3245
45:45 |   551 |     1.500e-04 |     4.7099 |          9.2049 |     5.6244 |          1.1279 |            3245
46:29 |   552 |     1.500e-04 |     8.6080 |         20.6123 |    11.7489 |          1.6402 |            3245
47:14 |   553 |     1.500e-04 |     9.7508 |          8.2176 |     4.0740 |          1.1822 |            3245
47:59 |   554 |     1.500e-04 |     5.2497 |          9.7958 |     5.6669 |          1.2554 |            3245
48:44 |   555 |     1.500e-04 |     3.8715 |          8.8692 |     5.3748 |          1.0379 |            3245
49:28 |   556 |     1.500e-04 |     4.0552 |          8.0700 |     3.9683 |          1.0572 |            3245
50:13 |   557 |     1.500e-04 |     4.6289 |          8.0943 |     3.9214 |          1.0426 |            3245
50:58 |   558 |     1.500e-04 |     4.3792 |         11.4585 |     7.6628 |          1.1090 |            3245
51:43 |   559 |     1.500e-04 |     5.3886 |          8.6724 |     3.1284 |          1.1691 |            3245
52:27 |   560 |     1.500e-04 |     4.0599 |          7.7629 |     3.1354 |          1.0927 |            3245
53:12 |   561 |     1.500e-04 |     3.4108 |          8.8937 |     5.1188 |          1.1076 |            3245
53:57 |   562 |     1.500e-04 |     7.4738 |          7.7765 |     3.5237 |          1.0608 |            3245
54:42 |   563 |     1.500e-04 |     3.8919 |         12.4694 |     9.4062 |          1.0776 |            3245
55:26 |   564 |     1.500e-04 |     6.9550 |         10.5431 |     6.9044 |          1.1222 |            3245
56:11 |   565 |     1.500e-04 |     4.8223 |         16.9635 |    12.8167 |          1.0891 |            3245
56:56 |   566 |     1.500e-04 |     4.0420 |          7.1127 |     2.0822 |          1.0015 |            3245
57:41 |   567 |     1.500e-04 |     8.5096 |         11.6132 |     8.5852 |          1.0836 |            3245
58:25 |   568 |     1.500e-04 |     7.9819 |         10.8533 |     6.3885 |          1.2700 |            3245
59:10 |   569 |     1.500e-04 |     5.9485 |          8.5333 |     4.3834 |          1.1197 |            3245
59:55 |   570 |     1.500e-04 |     7.6926 |         15.4129 |    11.6718 |          1.1175 |            3245
00:40 |   571 |     1.500e-04 |     5.0850 |          8.5140 |     4.2405 |          1.1005 |            3245
01:24 |   572 |     1.500e-04 |     3.7351 |          7.7557 |     3.6058 |          1.0616 |            3245
02:09 |   573 |     1.500e-04 |     4.0341 |          8.6629 |     4.2594 |          1.0868 |            3245
02:54 |   574 |     1.500e-04 |     4.3377 |          8.8084 |     4.7717 |          1.0943 |            3245
03:39 |   575 |     1.500e-04 |     4.4157 |          8.2529 |     4.0344 |          1.0872 |            3245
04:23 |   576 |     1.500e-04 |     3.9372 |         11.9687 |     8.9840 |          1.1164 |            3245
05:08 |   577 |     1.500e-04 |     4.0772 |         13.8739 |    11.0309 |          1.0663 |            3245
05:53 |   578 |     1.500e-04 |     6.8872 |         21.0348 |    14.3891 |          1.2848 |            3245
06:38 |   579 |     1.500e-04 |     9.6969 |          9.0256 |     4.5411 |          1.1136 |            3245
07:23 |   580 |     1.500e-04 |     3.3599 |          7.4921 |     3.4692 |          1.0487 |            3245
08:07 |   581 |     1.500e-04 |     3.3650 |          9.0035 |     5.5222 |          1.0587 |            3245
08:52 |   582 |     1.500e-04 |     5.9393 |          8.7506 |     3.8413 |          1.2260 |            3245
09:37 |   583 |     1.500e-04 |     4.0993 |          8.4088 |     4.0213 |          1.0754 |            3245
10:22 |   584 |     1.500e-04 |     5.1943 |         12.8058 |     9.7523 |          1.0877 |            3245
11:06 |   585 |     1.500e-04 |     4.3463 |          7.8887 |     2.7906 |          1.0939 |            3245
11:51 |   586 |     1.500e-04 |     3.8064 |          7.7454 |     3.3670 |          1.0606 |            3245
12:36 |   587 |     1.500e-04 |     4.7489 |         11.9138 |     8.3403 |          1.1539 |            3245
13:21 |   588 |     1.500e-04 |     5.3420 |          9.6718 |     5.1986 |          1.1450 |            3245
14:05 |   589 |     1.500e-04 |     3.5046 |          7.7816 |     2.8768 |          1.0888 |            3245
14:50 |   590 |     1.500e-04 |     4.3649 |         15.3955 |    11.2084 |          1.1793 |            3245
15:35 |   591 |     1.500e-04 |     6.3592 |          8.6655 |     4.3115 |          1.0893 |            3245
16:19 |   592 |     1.500e-04 |     3.3917 |          7.9405 |     3.9618 |          1.0244 |            3245
17:04 |   593 |     1.500e-04 |     6.3132 |          9.6926 |     6.1844 |          1.1074 |            3245
17:49 |   594 |     1.500e-04 |     6.0974 |          7.9830 |     3.4069 |          1.1203 |            3245
18:34 |   595 |     1.500e-04 |     4.5588 |          8.4838 |     3.8927 |          1.1304 |            3245
19:18 |   596 |     1.500e-04 |     4.3591 |          8.8955 |     5.4221 |          1.1069 |            3245
20:03 |   597 |     1.500e-04 |     4.8418 |         10.5942 |     6.7148 |          1.1142 |            3245
20:48 |   598 |     1.500e-04 |     3.5865 |          9.9049 |     4.3269 |          1.2115 |            3245
21:33 |   599 |     1.500e-04 |     4.7614 |         11.7538 |     8.3455 |          1.0765 |            3245
22:18 |   600 |     1.500e-04 |     2.9829 |          7.6420 |     3.2002 |          1.0228 |            3245
23:02 |   601 |     1.500e-04 |     3.2563 |          7.9973 |     3.7173 |          1.0453 |            3245
23:47 |   602 |     1.500e-04 |     3.7860 |          8.6600 |     4.9216 |          1.0910 |            3245
24:32 |   603 |     1.500e-04 |     5.7797 |          8.8912 |     4.7922 |          1.0924 |            3245
25:16 |   604 |     1.500e-04 |     6.5760 |          8.8233 |     3.9478 |          1.1647 |            3245
26:01 |   605 |     1.500e-04 |     4.4280 |         10.5899 |     8.0627 |          1.0531 |            3245
26:46 |   606 |     1.500e-04 |     3.7456 |          7.4192 |     2.7896 |          0.9963 |            3245
27:31 |   607 |     1.500e-04 |     3.3617 |          9.7279 |     6.2779 |          1.1036 |            3245
28:15 |   608 |     1.500e-04 |     3.8582 |         10.3248 |     5.6568 |          1.1285 |            3245
29:00 |   609 |     1.500e-04 |     5.0344 |          8.4934 |     2.7227 |          1.1554 |            3245
29:45 |   610 |     1.500e-04 |     5.0910 |         10.9377 |     7.2050 |          1.0863 |            3245
30:29 |   611 |     1.500e-04 |     5.1269 |          8.2369 |     3.5629 |          1.0873 |            3245
31:15 |   612 |     1.500e-04 |     5.5370 |          8.6122 |     4.6784 |          1.1047 |            3245
31:59 |   613 |     1.500e-04 |     6.5303 |         14.6649 |     8.9376 |          1.2928 |            3245
32:44 |   614 |     1.500e-04 |     5.9072 |          8.4019 |     4.3374 |          1.0917 |            3245
33:29 |   615 |     1.500e-04 |     4.2385 |          8.9849 |     4.5758 |          1.1111 |            3245
34:14 |   616 |     1.500e-04 |     5.2273 |         11.5192 |     8.7723 |          1.0745 |            3245
34:58 |   617 |     1.500e-04 |     3.7189 |          7.5063 |     2.8765 |          1.0143 |            3245
35:43 |   618 |     1.500e-04 |     4.4751 |          8.5124 |     4.9501 |          1.0671 |            3245
36:28 |   619 |     1.500e-04 |     3.5587 |         13.6673 |    10.3944 |          1.0627 |            3245
37:13 |   620 |     1.500e-04 |   202.2366 |         93.0053 |    30.8589 |          3.5706 |            3245
37:57 |   621 |     1.500e-04 |    40.9717 |         10.0478 |     4.6888 |          1.4831 |            3245
38:42 |   622 |     1.500e-04 |     4.8528 |          8.5828 |     3.8349 |          1.2927 |            3245
39:27 |   623 |     1.500e-04 |     3.6805 |          7.8102 |     3.0424 |          1.2112 |            3245
40:12 |   624 |     1.500e-04 |     3.1354 |          7.5580 |     2.4447 |          1.1559 |            3245
40:56 |   625 |     1.500e-04 |     2.8798 |          7.3286 |     2.2242 |          1.1238 |            3245
41:41 |   626 |     1.500e-04 |     2.7096 |          7.4282 |     2.5035 |          1.1106 |            3245
42:26 |   627 |     1.500e-04 |     2.6510 |          7.3301 |     2.6331 |          1.0727 |            3245
43:11 |   628 |     1.500e-04 |     2.5273 |          7.2571 |     1.9094 |          1.0648 |            3245
43:55 |   629 |     1.500e-04 |     2.3558 |          7.2668 |     1.8896 |          1.0498 |            3245
44:40 |   630 |     1.500e-04 |     2.3400 |          7.5138 |     3.4524 |          1.0334 |            3245
45:25 |   631 |     1.500e-04 |     2.3896 |          7.1647 |     2.0335 |          1.0195 |            3245
46:10 |   632 |     1.500e-04 |     2.3093 |          7.1090 |     1.7213 |          1.0118 |            3245
46:54 |   633 |     1.500e-04 |     2.2073 |          7.6623 |     4.1651 |          1.0082 |            3245
47:39 |   634 |     1.500e-04 |     2.3893 |          7.3199 |     2.3067 |          1.0047 |            3245
48:24 |   635 |     1.500e-04 |     2.1656 |          7.3279 |     2.3700 |          1.0061 |            3245
49:09 |   636 |     1.500e-04 |     2.2208 |          7.2112 |     2.3717 |          1.0016 |            3245
49:54 |   637 |     1.500e-04 |     2.2289 |          7.4150 |     2.8730 |          0.9940 |            3245
50:38 |   638 |     1.500e-04 |     2.2307 |          7.2497 |     2.0561 |          0.9913 |            3245
51:23 |   639 |     1.500e-04 |     2.1292 |          7.2549 |     2.1386 |          0.9910 |            3245
52:08 |   640 |     1.500e-04 |     2.5143 |          7.4177 |     2.4365 |          0.9940 |            3245
52:53 |   641 |     1.500e-04 |     2.0729 |          7.5495 |     2.8862 |          0.9946 |            3245
53:37 |   642 |     1.500e-04 |     2.0193 |          7.7789 |     3.2983 |          0.9899 |            3245
54:22 |   643 |     1.500e-04 |     2.2814 |          7.5017 |     2.8477 |          0.9849 |            3245
55:07 |   644 |     1.500e-04 |     2.0322 |          7.1792 |     1.8448 |          0.9752 |            3245
55:52 |   645 |     1.500e-04 |     2.0592 |          7.2632 |     2.2610 |          0.9734 |            3245
56:37 |   646 |     1.500e-04 |     2.0899 |          7.3116 |     1.9994 |          0.9721 |            3245
57:21 |   647 |     1.500e-04 |     2.0486 |          7.6191 |     3.6696 |          0.9605 |            3245
58:06 |   648 |     1.500e-04 |     2.7566 |          8.1076 |     3.8362 |          1.0175 |            3245
58:51 |   649 |     1.500e-04 |     2.2152 |          7.6650 |     3.4632 |          0.9792 |            3245
59:36 |   650 |     1.500e-04 |     2.1889 |          7.6715 |     3.0946 |          0.9690 |            3245
00:21 |   651 |     1.500e-04 |     2.3508 |          7.2781 |     2.0116 |          0.9648 |            3245
01:06 |   652 |     1.500e-04 |     2.7333 |          7.8113 |     3.4332 |          0.9620 |            3245
01:51 |   653 |     1.500e-04 |     2.3690 |          7.4819 |     3.1013 |          0.9691 |            3245
02:36 |   654 |     1.500e-04 |     2.8863 |          8.0927 |     4.2264 |          0.9946 |            3245
03:21 |   655 |     1.500e-04 |     3.4457 |          8.5899 |     5.2101 |          1.0005 |            3245
04:06 |   656 |     1.500e-04 |     3.6557 |          9.7721 |     5.7484 |          1.0487 |            3245
04:51 |   657 |     1.500e-04 |     3.0849 |          7.5855 |     3.0773 |          0.9687 |            3245
05:36 |   658 |     1.500e-04 |     2.5505 |          7.6578 |     2.9445 |          0.9748 |            3245
06:21 |   659 |     1.500e-04 |     3.1714 |          7.5668 |     2.7531 |          0.9782 |            3245
07:06 |   660 |     1.500e-04 |     2.8633 |          7.5709 |     2.5711 |          0.9778 |            3245
07:51 |   661 |     1.500e-04 |     2.6981 |          9.7236 |     6.1628 |          0.9832 |            3245
08:36 |   662 |     1.500e-04 |     3.3271 |          8.8214 |     5.0002 |          1.0245 |            3245
09:21 |   663 |     1.500e-04 |     3.3088 |          8.4637 |     4.3315 |          0.9626 |            3245
10:06 |   664 |     1.500e-04 |     4.0413 |          9.0512 |     5.7980 |          1.0034 |            3245
10:51 |   665 |     1.500e-04 |     3.8241 |          8.4113 |     4.1907 |          0.9995 |            3245
11:36 |   666 |     1.500e-04 |     4.2511 |          7.7621 |     3.2757 |          1.0224 |            3245
12:21 |   667 |     1.500e-04 |     3.6970 |          9.0016 |     5.9582 |          1.0116 |            3245
13:06 |   668 |     1.500e-04 |     3.8464 |         11.8333 |     8.9813 |          1.0681 |            3245
13:51 |   669 |     1.500e-04 |     3.8184 |         10.3884 |     5.8954 |          1.0314 |            3245
14:36 |   670 |     1.500e-04 |     3.1861 |         14.7186 |    11.9727 |          1.0094 |            3245
15:21 |   671 |     1.500e-04 |     4.3179 |          7.9986 |     4.1755 |          1.0311 |            3245
16:06 |   672 |     1.500e-04 |     5.4926 |          7.8279 |     2.9063 |          1.0498 |            3245
16:51 |   673 |     1.500e-04 |     2.7972 |          7.7536 |     3.6353 |          0.9686 |            3245
17:36 |   674 |     1.500e-04 |     2.6732 |          7.2520 |     2.1989 |          0.9678 |            3245
18:21 |   675 |     1.500e-04 |     3.9171 |          8.3217 |     4.2804 |          0.9846 |            3245
19:06 |   676 |     1.500e-04 |     3.0122 |         14.1547 |    10.7195 |          1.0130 |            3245
19:51 |   677 |     1.500e-04 |     3.2944 |          9.9430 |     7.4456 |          0.9583 |            3245
20:36 |   678 |     1.500e-04 |     5.2312 |         10.6502 |     6.6600 |          1.1311 |            3245
21:21 |   679 |     1.500e-04 |     6.7830 |          8.2178 |     3.7543 |          1.0544 |            3245
22:05 |   680 |     1.500e-04 |     3.7528 |          8.3514 |     4.3129 |          1.0227 |            3245
22:50 |   681 |     1.500e-04 |     3.3289 |         10.7918 |     7.9617 |          1.0288 |            3245
23:35 |   682 |     1.500e-04 |     3.3769 |          7.2316 |     2.0090 |          0.9935 |            3245
24:19 |   683 |     1.500e-04 |     4.2112 |          8.4525 |     5.1230 |          1.0442 |            3245
25:04 |   684 |     1.500e-04 |     2.6832 |         11.0822 |     7.4758 |          1.0568 |            3245
25:49 |   685 |     1.500e-04 |     3.1191 |          9.3569 |     6.0906 |          1.0210 |            3245
26:34 |   686 |     1.500e-04 |     3.9168 |          8.7542 |     4.5993 |          1.0370 |            3245
27:18 |   687 |     1.500e-04 |     3.7662 |          8.0244 |     2.8518 |          1.0773 |            3245
28:03 |   688 |     1.500e-04 |     2.7671 |         12.1647 |     8.7215 |          1.0179 |            3245
28:48 |   689 |     1.500e-04 |     5.6672 |          8.7137 |     4.2995 |          1.0950 |            3245
29:33 |   690 |     1.500e-04 |     4.4246 |          8.3020 |     4.0668 |          0.9824 |            3245
30:17 |   691 |     1.500e-04 |     7.6007 |         21.3886 |     9.9525 |          1.6469 |            3245
31:02 |   692 |     1.500e-04 |     9.1202 |          8.2171 |     3.0556 |          1.1417 |            3245
31:47 |   693 |     1.500e-04 |     5.3115 |          8.7077 |     4.7206 |          1.0032 |            3245
32:32 |   694 |     1.500e-04 |     6.0260 |          8.0126 |     2.9221 |          1.0670 |            3245
33:17 |   695 |     1.500e-04 |     5.5491 |          9.1145 |     4.6714 |          1.0625 |            3245
34:02 |   696 |     1.500e-04 |     2.9783 |          8.8059 |     5.4158 |          1.0140 |            3245
34:47 |   697 |     1.500e-04 |     2.6845 |          9.3184 |     6.1185 |          0.9815 |            3245
35:32 |   698 |     1.500e-04 |     2.6476 |          7.6363 |     2.9139 |          0.9487 |            3245
36:17 |   699 |     1.500e-04 |     2.6136 |          9.3322 |     3.6290 |          1.0884 |            3245
37:01 |   700 |     1.500e-04 |     4.5295 |          8.3168 |     3.1099 |          1.0493 |            3245
37:46 |   701 |     1.500e-04 |     3.1904 |          7.6515 |     2.5503 |          0.9729 |            3245
38:31 |   702 |     1.500e-04 |     3.3738 |          8.2489 |     4.1954 |          1.0182 |            3245
39:16 |   703 |     1.500e-04 |     2.5321 |          8.2113 |     3.5315 |          1.0051 |            3245
40:00 |   704 |     1.500e-04 |     2.7757 |          7.9566 |     2.7992 |          0.9920 |            3245
40:45 |   705 |     1.500e-04 |     2.7875 |          7.4757 |     2.2009 |          1.0203 |            3245
41:30 |   706 |     1.500e-04 |     2.6083 |          7.8837 |     3.1362 |          1.0404 |            3245
42:15 |   707 |     1.500e-04 |     5.6267 |         19.2769 |    12.3476 |          1.2211 |            3245
43:00 |   708 |     1.500e-04 |     5.7133 |          9.0509 |     5.1815 |          1.0706 |            3245
43:44 |   709 |     1.500e-04 |     3.2935 |          7.8201 |     3.1215 |          1.0262 |            3245
44:29 |   710 |     1.500e-04 |     4.0973 |          9.1657 |     5.1720 |          1.0181 |            3245
45:14 |   711 |     1.500e-04 |     3.0617 |          8.7167 |     5.5260 |          1.0015 |            3245
45:59 |   712 |     1.500e-04 |     3.6399 |         11.2727 |     7.9951 |          1.0961 |            3245
46:43 |   713 |     1.500e-04 |     4.9186 |         21.1235 |    15.5589 |          1.1838 |            3245
47:28 |   714 |     7.500e-05 |     3.1443 |          7.2475 |     2.2003 |          0.9097 |            3245
48:13 |   715 |     7.500e-05 |     1.7219 |          7.2356 |     1.8599 |          0.9102 |            3245
48:57 |   716 |     7.500e-05 |     1.7191 |          7.3058 |     2.3220 |          0.9159 |            3245
49:42 |   717 |     7.500e-05 |     1.6863 |          7.2048 |     2.0502 |          0.9105 |            3245
50:27 |   718 |     7.500e-05 |     2.1016 |          7.3496 |     2.2309 |          0.9338 |            3245
51:12 |   719 |     7.500e-05 |     1.7608 |          7.3355 |     2.7528 |          0.9097 |            3245
51:57 |   720 |     7.500e-05 |     1.8154 |          8.1742 |     4.4655 |          0.9260 |            3245
52:41 |   721 |     7.500e-05 |     1.7750 |          7.1263 |     1.7978 |          0.9101 |            3245
53:26 |   722 |     7.500e-05 |     1.9679 |          8.8639 |     5.8988 |          0.9135 |            3245
54:11 |   723 |     7.500e-05 |     2.5447 |          7.4320 |     2.6583 |          0.9203 |            3245
54:56 |   724 |     7.500e-05 |     2.0513 |          8.4874 |     5.2170 |          0.9576 |            3245
55:41 |   725 |     7.500e-05 |     3.0890 |          7.8651 |     2.8902 |          0.9893 |            3245
56:26 |   726 |     7.500e-05 |     2.4029 |          7.4710 |     2.9491 |          0.9313 |            3245
57:10 |   727 |     7.500e-05 |     2.0440 |          7.6661 |     3.5371 |          0.9149 |            3245
57:55 |   728 |     7.500e-05 |     1.8242 |          7.2756 |     2.1439 |          0.9069 |            3245
58:40 |   729 |     7.500e-05 |     1.7643 |          7.2738 |     2.2343 |          0.9116 |            3245
59:25 |   730 |     7.500e-05 |     1.8360 |          8.6352 |     4.4869 |          0.9727 |            3245
00:10 |   731 |     7.500e-05 |     2.1549 |          7.8092 |     3.5037 |          0.9231 |            3245
00:55 |   732 |     7.500e-05 |     1.9683 |          7.3511 |     2.1031 |          0.9281 |            3245
01:39 |   733 |     7.500e-05 |     1.7640 |          7.2332 |     1.9562 |          0.9078 |            3245
02:24 |   734 |     7.500e-05 |     1.7302 |          7.6981 |     3.1593 |          0.9201 |            3245
03:09 |   735 |     7.500e-05 |     2.4387 |          7.8626 |     2.9159 |          0.9677 |            3245
03:54 |   736 |     7.500e-05 |     2.6071 |          7.7524 |     2.4727 |          0.9631 |            3245
04:39 |   737 |     7.500e-05 |     2.0763 |          7.7959 |     3.5558 |          0.9571 |            3245
05:24 |   738 |     7.500e-05 |     2.3260 |          7.7737 |     3.8769 |          0.9444 |            3245
06:09 |   739 |     7.500e-05 |     2.2740 |          7.9559 |     3.4267 |          0.9320 |            3245
06:53 |   740 |     7.500e-05 |     2.2797 |          8.2753 |     4.6110 |          0.9449 |            3245
07:38 |   741 |     7.500e-05 |     2.6263 |          8.8246 |     5.2010 |          0.9395 |            3245
08:23 |   742 |     7.500e-05 |     2.4037 |          7.3774 |     2.4105 |          0.9125 |            3245
09:08 |   743 |     7.500e-05 |     2.3737 |          7.3384 |     1.8462 |          0.9413 |            3245
09:53 |   744 |     7.500e-05 |     2.4199 |         10.9358 |     7.7177 |          0.9994 |            3245
10:38 |   745 |     7.500e-05 |     2.5327 |          7.7095 |     3.2064 |          0.9140 |            3245
11:23 |   746 |     7.500e-05 |     2.4912 |          7.5844 |     2.8550 |          0.9314 |            3245
12:07 |   747 |     7.500e-05 |     2.0733 |          7.5941 |     2.7154 |          0.9281 |            3245
12:52 |   748 |     7.500e-05 |     1.8324 |          7.8001 |     3.1293 |          0.9508 |            3245
13:37 |   749 |     7.500e-05 |     2.2019 |          7.8920 |     2.9123 |          0.9309 |            3245
14:22 |   750 |     7.500e-05 |     3.0659 |          8.5017 |     4.3286 |          0.9577 |            3245
15:07 |   751 |     7.500e-05 |     1.8753 |          7.7418 |     2.8758 |          0.9469 |            3245
15:51 |   752 |     7.500e-05 |     2.2834 |         10.4260 |     7.0959 |          0.9442 |            3245
16:36 |   753 |     7.500e-05 |     2.9199 |          9.7375 |     6.3616 |          0.9784 |            3245
17:21 |   754 |     7.500e-05 |     2.4021 |          7.8148 |     3.0327 |          0.9330 |            3245
18:06 |   755 |     7.500e-05 |     1.8977 |          7.7349 |     2.9862 |          0.9298 |            3245
18:51 |   756 |     7.500e-05 |     2.1698 |          7.6384 |     2.8454 |          0.9101 |            3245
19:36 |   757 |     7.500e-05 |     2.5361 |          8.6354 |     4.6739 |          0.9462 |            3245
20:20 |   758 |     7.500e-05 |     2.4976 |          9.0498 |     5.7313 |          0.9450 |            3245
21:05 |   759 |     7.500e-05 |     1.8812 |          7.6795 |     2.6289 |          0.9455 |            3245
21:50 |   760 |     7.500e-05 |     2.2543 |          8.8616 |     4.7772 |          0.9769 |            3245
22:35 |   761 |     7.500e-05 |     2.8308 |          7.5882 |     3.7320 |          0.9277 |            3245
23:20 |   762 |     7.500e-05 |     2.0477 |          7.8780 |     3.8734 |          0.9641 |            3245
24:05 |   763 |     7.500e-05 |     2.1928 |          7.8850 |     3.5009 |          0.9193 |            3245
24:49 |   764 |     7.500e-05 |     1.9897 |         11.0163 |     8.2644 |          0.9418 |            3245
25:34 |   765 |     7.500e-05 |     2.9948 |          9.1780 |     5.5023 |          0.9409 |            3245
26:19 |   766 |     7.500e-05 |     1.8811 |          7.7863 |     3.6513 |          0.9170 |            3245
27:04 |   767 |     7.500e-05 |     2.8709 |          7.3862 |     2.1781 |          0.9383 |            3245
27:49 |   768 |     7.500e-05 |     1.9932 |          7.3320 |     1.9929 |          0.9097 |            3245
28:33 |   769 |     7.500e-05 |     1.8292 |          7.7902 |     3.5225 |          0.9086 |            3245
29:18 |   770 |     7.500e-05 |     2.3201 |          8.3792 |     4.3858 |          0.9298 |            3245
30:03 |   771 |     7.500e-05 |     2.0638 |          7.7748 |     3.0362 |          0.9344 |            3245
30:48 |   772 |     7.500e-05 |     1.7855 |          7.2210 |     1.9684 |          0.8920 |            3245
31:33 |   773 |     7.500e-05 |     1.7158 |          8.9942 |     5.7697 |          0.9690 |            3245
32:18 |   774 |     7.500e-05 |     2.2378 |          7.3912 |     2.4893 |          0.9035 |            3245
33:02 |   775 |     7.500e-05 |     1.9252 |          7.7342 |     2.8799 |          0.9138 |            3245
33:47 |   776 |     7.500e-05 |     1.9146 |          7.2598 |     2.0444 |          0.9248 |            3245
34:32 |   777 |     7.500e-05 |     2.5558 |          8.4903 |     4.1036 |          0.9524 |            3245
35:17 |   778 |     7.500e-05 |     2.7723 |          9.6512 |     5.8134 |          1.0236 |            3245
36:02 |   779 |     7.500e-05 |     2.5264 |          7.9083 |     3.1322 |          0.9231 |            3245
36:47 |   780 |     7.500e-05 |     2.5298 |          8.0995 |     3.7017 |          0.9346 |            3245
37:32 |   781 |     7.500e-05 |     1.7064 |          7.4763 |     2.6422 |          0.9042 |            3245
38:17 |   782 |     7.500e-05 |     1.7170 |          8.4406 |     4.5454 |          0.9229 |            3245
39:02 |   783 |     7.500e-05 |     2.6058 |          8.1741 |     4.0906 |          0.9477 |            3245
39:46 |   784 |     7.500e-05 |     2.0930 |          7.6387 |     3.2027 |          0.9282 |            3245
40:31 |   785 |     7.500e-05 |     2.4861 |          7.4803 |     2.5126 |          0.9646 |            3245
41:16 |   786 |     7.500e-05 |     1.9139 |          8.8012 |     4.7357 |          0.9369 |            3245
42:01 |   787 |     7.500e-05 |     2.4405 |         11.7125 |     8.8633 |          0.9487 |            3245
42:46 |   788 |     7.500e-05 |     2.8236 |          8.0378 |     4.4647 |          0.9293 |            3245
43:31 |   789 |     7.500e-05 |     2.1153 |          8.4194 |     5.0183 |          0.9147 |            3245
44:16 |   790 |     7.500e-05 |     2.5510 |          7.7800 |     3.4128 |          0.9340 |            3245
45:01 |   791 |     7.500e-05 |     2.4891 |          7.8834 |     3.1198 |          0.9629 |            3245
45:46 |   792 |     7.500e-05 |     1.9613 |          8.2809 |     4.3667 |          0.9159 |            3245
46:30 |   793 |     7.500e-05 |     1.8217 |          8.0449 |     3.6395 |          0.9319 |            3245
47:15 |   794 |     7.500e-05 |     2.0242 |          8.0778 |     4.3404 |          0.9039 |            3245
48:00 |   795 |     3.750e-05 |     1.5701 |          7.2510 |     1.6912 |          0.8678 |            3245
48:45 |   796 |     3.750e-05 |     1.3254 |          7.1678 |     1.5457 |          0.8624 |            3245
49:30 |   797 |     3.750e-05 |     1.3894 |          7.3066 |     1.9343 |          0.8705 |            3245
50:15 |   798 |     3.750e-05 |     1.3855 |          7.1973 |     1.9801 |          0.8593 |            3245
51:00 |   799 |     3.750e-05 |     1.4641 |          7.5095 |     2.2165 |          0.8777 |            3245
51:44 |   800 |     3.750e-05 |     1.3723 |          7.2628 |     2.1450 |          0.8621 |            3245
52:29 |   801 |     3.750e-05 |     1.3873 |          7.4159 |     2.3821 |          0.8785 |            3245
53:14 |   802 |     3.750e-05 |     1.3995 |          7.2403 |     2.0999 |          0.8580 |            3245
53:59 |   803 |     3.750e-05 |     1.4369 |          7.2424 |     2.3441 |          0.8656 |            3245
54:44 |   804 |     3.750e-05 |     1.4039 |          7.2711 |     1.8808 |          0.8676 |            3245
55:29 |   805 |     3.750e-05 |     1.4442 |          7.5075 |     2.7355 |          0.8644 |            3245
56:14 |   806 |     3.750e-05 |     1.4489 |          7.3992 |     2.0339 |          0.8824 |            3245
56:59 |   807 |     3.750e-05 |     1.3859 |          7.4393 |     2.4996 |          0.8767 |            3245
57:43 |   808 |     3.750e-05 |     1.5177 |          7.4488 |     2.7649 |          0.8756 |            3245
58:28 |   809 |     3.750e-05 |     1.6530 |          7.3858 |     1.8501 |          0.8586 |            3245
59:13 |   810 |     3.750e-05 |     1.4945 |          7.3271 |     1.9609 |          0.8802 |            3245
59:58 |   811 |     3.750e-05 |     1.5755 |          7.5179 |     2.9425 |          0.8812 |            3245
00:43 |   812 |     3.750e-05 |     1.4624 |          7.3349 |     2.2896 |          0.8705 |            3245
01:28 |   813 |     3.750e-05 |     1.5553 |          7.7376 |     3.1871 |          0.8801 |            3245
02:13 |   814 |     3.750e-05 |     1.5172 |          7.6419 |     2.5407 |          0.8955 |            3245
02:57 |   815 |     3.750e-05 |     1.5828 |          7.5450 |     2.8370 |          0.8761 |            3245
03:42 |   816 |     3.750e-05 |     1.4050 |          7.2991 |     1.9433 |          0.8852 |            3245
04:27 |   817 |     3.750e-05 |     1.4330 |          7.2839 |     2.4082 |          0.8650 |            3245
05:12 |   818 |     3.750e-05 |     1.5514 |          7.3601 |     2.6538 |          0.8593 |            3245
05:58 |   819 |     3.750e-05 |     1.5939 |          8.2660 |     4.8109 |          0.8739 |            3245
06:43 |   820 |     3.750e-05 |     1.5098 |          7.5078 |     2.6016 |          0.8697 |            3245
07:28 |   821 |     3.750e-05 |     1.6294 |          7.3774 |     2.1859 |          0.8740 |            3245
08:13 |   822 |     3.750e-05 |     1.5112 |          7.3825 |     1.7404 |          0.8792 |            3245
08:58 |   823 |     3.750e-05 |     1.4348 |          7.2350 |     1.9412 |          0.8613 |            3245
09:43 |   824 |     3.750e-05 |     1.4571 |          7.9785 |     2.6885 |          0.9214 |            3245
10:28 |   825 |     3.750e-05 |     1.6998 |          7.3613 |     2.4171 |          0.8899 |            3245
11:13 |   826 |     3.750e-05 |     1.6266 |          7.3240 |     2.5642 |          0.8667 |            3245
11:57 |   827 |     3.750e-05 |     1.8437 |          7.5285 |     2.0694 |          0.9029 |            3245
12:42 |   828 |     3.750e-05 |     1.4817 |          8.0343 |     4.1943 |          0.8686 |            3245
13:27 |   829 |     3.750e-05 |     1.6806 |          7.3826 |     2.0884 |          0.8749 |            3245
14:12 |   830 |     3.750e-05 |     1.3629 |          7.2236 |     1.6520 |          0.8584 |            3245
14:57 |   831 |     3.750e-05 |     1.5039 |          7.7061 |     3.3423 |          0.8663 |            3245
15:42 |   832 |     3.750e-05 |     1.5906 |          7.6144 |     3.1422 |          0.8681 |            3245
16:27 |   833 |     3.750e-05 |     1.5134 |          7.5416 |     2.2092 |          0.8921 |            3245
17:12 |   834 |     3.750e-05 |     1.4798 |          7.3544 |     2.0527 |          0.8626 |            3245
17:57 |   835 |     3.750e-05 |     1.4871 |          7.6448 |     3.4650 |          0.8699 |            3245
18:41 |   836 |     3.750e-05 |     1.7056 |          7.2842 |     2.2318 |          0.8753 |            3245
19:26 |   837 |     3.750e-05 |     1.4469 |          7.1949 |     1.9184 |          0.8591 |            3245
20:11 |   838 |     3.750e-05 |     1.5305 |          7.3438 |     2.0930 |          0.8727 |            3245
20:56 |   839 |     3.750e-05 |     1.5640 |          7.2457 |     1.9867 |          0.8718 |            3245
21:41 |   840 |     3.750e-05 |     1.4893 |          7.3198 |     1.9191 |          0.8610 |            3245
22:26 |   841 |     3.750e-05 |     1.4551 |          7.3511 |     1.9561 |          0.8699 |            3245
23:11 |   842 |     3.750e-05 |     1.5021 |          8.6645 |     4.6408 |          0.8898 |            3245
23:55 |   843 |     3.750e-05 |     1.4557 |          7.4083 |     2.2879 |          0.8757 |            3245
24:40 |   844 |     3.750e-05 |     1.5239 |          7.4531 |     2.1941 |          0.8527 |            3245
25:25 |   845 |     3.750e-05 |     1.4356 |          7.3432 |     2.1008 |          0.8672 |            3245
26:10 |   846 |     3.750e-05 |     1.5810 |          7.4844 |     2.6015 |          0.8838 |            3245
26:55 |   847 |     3.750e-05 |     1.5576 |          7.4648 |     2.1304 |          0.8610 |            3245
27:39 |   848 |     3.750e-05 |     1.5012 |          7.1603 |     1.8250 |          0.8712 |            3245
28:24 |   849 |     3.750e-05 |     1.4655 |          7.4034 |     2.2767 |          0.8900 |            3245
29:09 |   850 |     3.750e-05 |     1.5409 |          7.2415 |     2.1834 |          0.8667 |            3245
29:54 |   851 |     3.750e-05 |     1.4123 |          7.4940 |     2.0278 |          0.8830 |            3245
30:38 |   852 |     3.750e-05 |     1.5080 |          7.4379 |     2.0469 |          0.8754 |            3245
31:23 |   853 |     3.750e-05 |     1.6100 |          7.9606 |     3.6452 |          0.8737 |            3245
32:08 |   854 |     3.750e-05 |     1.5761 |          7.4626 |     1.9822 |          0.8700 |            3245
32:53 |   855 |     3.750e-05 |     1.5371 |          7.3244 |     1.7289 |          0.8609 |            3245
33:38 |   856 |     3.750e-05 |     1.3399 |          7.8666 |     3.6069 |          0.8530 |            3245
34:22 |   857 |     3.750e-05 |     1.7143 |          7.9951 |     3.2457 |          0.9085 |            3245
35:07 |   858 |     3.750e-05 |     1.7435 |          7.5479 |     2.6196 |          0.8782 |            3245
35:52 |   859 |     3.750e-05 |     1.4085 |          7.2611 |     1.8776 |          0.8606 |            3245
36:37 |   860 |     3.750e-05 |     1.3968 |          7.4501 |     2.8352 |          0.8745 |            3245
37:21 |   861 |     3.750e-05 |     1.5751 |          7.5018 |     3.1491 |          0.8698 |            3245
38:06 |   862 |     3.750e-05 |     1.5316 |          7.6481 |     2.7393 |          0.8754 |            3245
38:51 |   863 |     3.750e-05 |     1.5414 |          8.0705 |     3.7834 |          0.8795 |            3245
39:36 |   864 |     3.750e-05 |     1.5571 |          7.3864 |     2.6408 |          0.8685 |            3245
40:21 |   865 |     3.750e-05 |     1.4445 |          7.7072 |     3.1431 |          0.8638 |            3245
41:05 |   866 |     3.750e-05 |     1.3810 |          7.7800 |     3.5149 |          0.8566 |            3245
41:51 |   867 |     3.750e-05 |     1.4065 |          7.8618 |     3.8324 |          0.8491 |            3245
42:36 |   868 |     3.750e-05 |     1.5085 |          8.0539 |     4.1359 |          0.8654 |            3245
43:21 |   869 |     3.750e-05 |     1.5621 |          8.0865 |     3.8577 |          0.8827 |            3245
44:06 |   870 |     3.750e-05 |     1.3843 |          7.3798 |     1.6382 |          0.8617 |            3245
44:51 |   871 |     3.750e-05 |     1.3868 |          7.4151 |     2.1349 |          0.8555 |            3245
45:36 |   872 |     3.750e-05 |     1.6692 |          7.5936 |     2.5177 |          0.8662 |            3245
46:20 |   873 |     3.750e-05 |     1.4837 |          7.4644 |     2.4348 |          0.8575 |            3245
47:05 |   874 |     3.750e-05 |     1.3132 |          7.4646 |     2.0562 |          0.8843 |            3245
47:50 |   875 |     3.750e-05 |     1.7429 |          9.0310 |     5.9599 |          0.8850 |            3245
48:35 |   876 |     1.875e-05 |     1.3086 |          7.3449 |     2.4864 |          0.8378 |            3245
49:19 |   877 |     1.875e-05 |     1.1966 |          7.3100 |     1.6080 |          0.8440 |            3245
50:04 |   878 |     1.875e-05 |     1.1816 |          7.3480 |     2.0195 |          0.8407 |            3245
50:49 |   879 |     1.875e-05 |     1.1549 |          7.2958 |     1.6781 |          0.8356 |            3245
51:34 |   880 |     1.875e-05 |     1.1573 |          7.3031 |     2.1742 |          0.8371 |            3245
52:19 |   881 |     1.875e-05 |     1.1870 |          7.1870 |     1.8268 |          0.8394 |            3245
53:04 |   882 |     1.875e-05 |     1.1735 |          7.2243 |     1.4333 |          0.8399 |            3245
53:49 |   883 |     1.875e-05 |     1.1878 |          7.5840 |     2.5015 |          0.8596 |            3245
54:33 |   884 |     1.875e-05 |     1.2520 |          7.2699 |     1.6681 |          0.8385 |            3245
55:18 |   885 |     1.875e-05 |     1.2161 |          7.4458 |     2.1127 |          0.8419 |            3245
56:03 |   886 |     1.875e-05 |     1.2179 |          7.2475 |     1.7625 |          0.8429 |            3245
56:48 |   887 |     1.875e-05 |     1.2169 |          7.4103 |     1.9697 |          0.8498 |            3245
57:33 |   888 |     1.875e-05 |     1.1836 |          7.3330 |     2.1781 |          0.8385 |            3245
58:17 |   889 |     1.875e-05 |     1.1682 |          7.3474 |     1.8040 |          0.8395 |            3245
59:02 |   890 |     1.875e-05 |     1.2189 |          7.3135 |     1.6406 |          0.8448 |            3245
59:47 |   891 |     1.875e-05 |     1.2177 |          7.5213 |     2.2387 |          0.8449 |            3245
00:32 |   892 |     1.875e-05 |     1.2823 |          7.3307 |     1.6712 |          0.8477 |            3245
01:16 |   893 |     1.875e-05 |     1.2220 |          7.3578 |     1.8023 |          0.8393 |            3245
02:01 |   894 |     1.875e-05 |     1.1695 |          7.4325 |     2.4731 |          0.8374 |            3245
02:46 |   895 |     1.875e-05 |     1.2333 |          7.2176 |     1.5986 |          0.8417 |            3245
03:31 |   896 |     1.875e-05 |     1.2260 |          7.4933 |     2.3307 |          0.8550 |            3245
04:15 |   897 |     1.875e-05 |     1.2681 |          7.3102 |     1.6285 |          0.8433 |            3245
05:00 |   898 |     1.875e-05 |     1.2270 |          7.3437 |     1.6489 |          0.8496 |            3245
05:45 |   899 |     1.875e-05 |     1.1905 |          7.3493 |     1.9446 |          0.8474 |            3245
06:30 |   900 |     1.875e-05 |     1.2333 |          7.4019 |     2.3257 |          0.8343 |            3245
07:14 |   901 |     1.875e-05 |     1.2095 |          7.2735 |     1.6496 |          0.8395 |            3245
08:00 |   902 |     1.875e-05 |     1.2174 |          7.3276 |     2.0613 |          0.8378 |            3245
08:45 |   903 |     1.875e-05 |     1.2674 |          7.3228 |     1.9042 |          0.8420 |            3245
09:30 |   904 |     1.875e-05 |     1.2812 |          7.2179 |     1.5364 |          0.8363 |            3245
10:14 |   905 |     1.875e-05 |     1.2559 |          7.3489 |     2.0640 |          0.8537 |            3245
10:59 |   906 |     1.875e-05 |     1.2306 |          7.1866 |     2.0537 |          0.8329 |            3245
11:44 |   907 |     1.875e-05 |     1.2324 |          7.3742 |     1.8915 |          0.8404 |            3245
12:29 |   908 |     1.875e-05 |     1.2187 |          7.3731 |     2.3929 |          0.8425 |            3245
13:13 |   909 |     1.875e-05 |     1.2448 |          7.7631 |     3.4655 |          0.8422 |            3245
13:58 |   910 |     1.875e-05 |     1.2280 |          7.3179 |     1.7669 |          0.8479 |            3245
14:43 |   911 |     1.875e-05 |     1.1971 |          7.5639 |     2.8193 |          0.8364 |            3245
15:28 |   912 |     1.875e-05 |     1.2600 |          7.4026 |     2.1178 |          0.8512 |            3245
16:12 |   913 |     1.875e-05 |     1.2986 |          7.2733 |     1.6292 |          0.8394 |            3245
16:57 |   914 |     1.875e-05 |     1.1645 |          7.2604 |     1.6498 |          0.8404 |            3245
17:42 |   915 |     1.875e-05 |     1.1893 |          7.3487 |     1.8312 |          0.8433 |            3245
18:27 |   916 |     1.875e-05 |     1.2444 |          7.5157 |     2.5246 |          0.8489 |            3245
19:11 |   917 |     1.875e-05 |     1.2220 |          7.5396 |     2.5281 |          0.8490 |            3245
19:56 |   918 |     1.875e-05 |     1.2573 |          7.4388 |     2.5590 |          0.8397 |            3245
20:41 |   919 |     1.875e-05 |     1.1935 |          7.2818 |     1.8554 |          0.8359 |            3245
21:25 |   920 |     1.875e-05 |     1.2843 |          7.3629 |     1.9549 |          0.8501 |            3245
22:10 |   921 |     1.875e-05 |     1.2617 |          7.4751 |     2.1615 |          0.8535 |            3245
22:55 |   922 |     1.875e-05 |     1.1802 |          7.2396 |     1.5716 |          0.8366 |            3245
23:40 |   923 |     1.875e-05 |     1.1791 |          7.6470 |     2.6831 |          0.8597 |            3245
24:24 |   924 |     1.875e-05 |     1.2507 |          7.3869 |     1.7480 |          0.8552 |            3245
25:09 |   925 |     1.875e-05 |     1.2221 |          7.2262 |     1.5360 |          0.8307 |            3245
25:54 |   926 |     1.875e-05 |     1.1785 |          7.2459 |     1.7131 |          0.8353 |            3245
26:39 |   927 |     1.875e-05 |     1.1379 |          7.7857 |     3.1715 |          0.8534 |            3245
27:23 |   928 |     1.875e-05 |     1.3581 |          7.3826 |     1.8710 |          0.8375 |            3245
28:08 |   929 |     1.875e-05 |     1.1768 |          7.2964 |     1.7277 |          0.8397 |            3245
28:53 |   930 |     1.875e-05 |     1.1633 |          7.3673 |     2.0639 |          0.8413 |            3245
29:37 |   931 |     1.875e-05 |     1.1534 |          7.6887 |     2.6863 |          0.8376 |            3245
30:22 |   932 |     1.875e-05 |     1.2853 |          7.2322 |     1.8626 |          0.8317 |            3245
31:07 |   933 |     1.875e-05 |     1.2068 |          7.3007 |     1.8208 |          0.8364 |            3245
31:52 |   934 |     1.875e-05 |     1.1914 |          7.3835 |     1.6441 |          0.8430 |            3245
32:36 |   935 |     1.875e-05 |     1.1995 |          7.9253 |     3.9375 |          0.8469 |            3245
33:21 |   936 |     1.875e-05 |     1.2068 |          7.2713 |     1.5398 |          0.8367 |            3245
34:06 |   937 |     1.875e-05 |     1.1879 |          7.3846 |     1.6610 |          0.8373 |            3245
34:51 |   938 |     1.875e-05 |     1.1452 |          7.3837 |     1.9918 |          0.8316 |            3245
35:35 |   939 |     1.875e-05 |     1.2118 |          7.7468 |     3.2090 |          0.8475 |            3245
36:20 |   940 |     1.875e-05 |     1.2521 |          7.6614 |     3.5911 |          0.8355 |            3245
37:05 |   941 |     1.875e-05 |     1.2256 |          7.3319 |     2.1616 |          0.8362 |            3245
37:50 |   942 |     1.875e-05 |     1.2464 |          7.3974 |     1.9885 |          0.8443 |            3245
38:34 |   943 |     1.875e-05 |     1.1729 |          7.2766 |     1.4822 |          0.8349 |            3245
39:19 |   944 |     1.875e-05 |     1.1338 |          7.2866 |     1.5296 |          0.8350 |            3245
40:04 |   945 |     1.875e-05 |     1.1328 |          7.5227 |     2.6512 |          0.8321 |            3245
40:49 |   946 |     1.875e-05 |     1.1280 |          7.6703 |     2.7264 |          0.8454 |            3245
41:33 |   947 |     1.875e-05 |     1.3757 |          8.6195 |     4.7577 |          0.8468 |            3245
42:18 |   948 |     1.875e-05 |     1.2825 |          7.2853 |     1.6489 |          0.8401 |            3245
43:03 |   949 |     1.875e-05 |     1.1765 |          7.6973 |     2.7459 |          0.8544 |            3245
43:48 |   950 |     1.875e-05 |     1.1679 |          7.3786 |     2.3933 |          0.8314 |            3245
44:32 |   951 |     1.875e-05 |     1.2071 |          7.6035 |     3.4307 |          0.8384 |            3245
45:17 |   952 |     1.875e-05 |     1.2402 |          7.6021 |     2.7381 |          0.8388 |            3245
46:02 |   953 |     1.875e-05 |     1.2233 |          7.3113 |     1.9286 |          0.8339 |            3245
46:47 |   954 |     1.875e-05 |     1.1849 |          7.5557 |     2.9336 |          0.8329 |            3245
47:31 |   955 |     1.875e-05 |     1.1723 |          7.4538 |     1.9352 |          0.8546 |            3245
48:16 |   956 |     1.875e-05 |     1.2043 |          7.4871 |     2.0502 |          0.8417 |            3245
49:01 |   957 |     9.375e-06 |     1.0626 |          7.3169 |     1.5133 |          0.8350 |            3245
49:46 |   958 |     9.375e-06 |     1.0600 |          7.2842 |     1.3866 |          0.8267 |            3245
50:31 |   959 |     9.375e-06 |     1.0586 |          7.2600 |     1.3846 |          0.8221 |            3245
51:15 |   960 |     9.375e-06 |     1.0355 |          7.3233 |     1.5214 |          0.8288 |            3245
52:00 |   961 |     9.375e-06 |     1.0338 |          7.3090 |     1.5715 |          0.8277 |            3245
52:45 |   962 |     9.375e-06 |     1.0447 |          7.2778 |     1.4146 |          0.8277 |            3245
53:30 |   963 |     9.375e-06 |     1.0427 |          7.3472 |     1.5728 |          0.8309 |            3245
54:14 |   964 |     9.375e-06 |     1.0459 |          7.2967 |     1.6280 |          0.8281 |            3245
54:59 |   965 |     9.375e-06 |     1.0828 |          7.3195 |     1.6619 |          0.8252 |            3245
55:44 |   966 |     9.375e-06 |     1.0639 |          7.3478 |     1.5812 |          0.8312 |            3245
56:29 |   967 |     9.375e-06 |     1.0568 |          7.3582 |     1.5605 |          0.8288 |            3245
57:13 |   968 |     9.375e-06 |     1.0479 |          7.3621 |     1.5390 |          0.8321 |            3245
57:58 |   969 |     9.375e-06 |     1.0971 |          7.3836 |     1.8849 |          0.8315 |            3245
58:43 |   970 |     9.375e-06 |     1.1085 |          7.3049 |     1.5949 |          0.8262 |            3245
59:27 |   971 |     9.375e-06 |     1.0533 |          7.3515 |     1.7231 |          0.8294 |            3245
00:12 |   972 |     9.375e-06 |     1.0684 |          7.3082 |     1.6488 |          0.8262 |            3245
00:57 |   973 |     9.375e-06 |     1.0902 |          7.3022 |     1.7431 |          0.8275 |            3245
01:41 |   974 |     9.375e-06 |     1.0779 |          7.3232 |     1.6566 |          0.8271 |            3245
02:26 |   975 |     9.375e-06 |     1.0764 |          7.3211 |     1.7549 |          0.8295 |            3245
03:11 |   976 |     9.375e-06 |     1.0666 |          7.2943 |     1.5871 |          0.8275 |            3245
03:55 |   977 |     9.375e-06 |     1.0769 |          7.3671 |     1.4844 |          0.8307 |            3245
04:40 |   978 |     9.375e-06 |     1.1158 |          7.3376 |     1.4371 |          0.8281 |            3245
05:25 |   979 |     9.375e-06 |     1.0508 |          7.2783 |     1.5214 |          0.8253 |            3245
06:10 |   980 |     9.375e-06 |     1.0879 |          7.2834 |     1.7736 |          0.8255 |            3245
06:55 |   981 |     9.375e-06 |     1.0747 |          7.3891 |     1.6649 |          0.8346 |            3245
07:39 |   982 |     9.375e-06 |     1.1033 |          7.4830 |     2.1425 |          0.8307 |            3245
08:24 |   983 |     9.375e-06 |     1.1071 |          7.3830 |     1.4208 |          0.8346 |            3245
09:09 |   984 |     9.375e-06 |     1.1038 |          7.4704 |     1.9384 |          0.8342 |            3245
09:53 |   985 |     9.375e-06 |     1.0874 |          7.3743 |     1.5451 |          0.8331 |            3245
10:38 |   986 |     9.375e-06 |     1.1287 |          7.3089 |     1.6254 |          0.8262 |            3245
11:23 |   987 |     9.375e-06 |     1.0892 |          7.4234 |     2.2114 |          0.8244 |            3245
12:07 |   988 |     9.375e-06 |     1.0435 |          7.3125 |     1.8124 |          0.8245 |            3245
12:52 |   989 |     9.375e-06 |     1.0909 |          7.3476 |     1.7217 |          0.8279 |            3245
13:37 |   990 |     9.375e-06 |     1.0430 |          7.3219 |     1.6686 |          0.8248 |            3245
14:21 |   991 |     9.375e-06 |     1.0548 |          7.4989 |     2.3073 |          0.8266 |            3245
15:06 |   992 |     9.375e-06 |     1.0695 |          7.4276 |     1.7083 |          0.8299 |            3245
15:51 |   993 |     9.375e-06 |     1.0752 |          7.4576 |     2.0089 |          0.8316 |            3245
16:36 |   994 |     9.375e-06 |     1.1080 |          7.3120 |     1.7756 |          0.8250 |            3245
17:21 |   995 |     9.375e-06 |     1.0701 |          7.4341 |     1.7367 |          0.8306 |            3245
18:06 |   996 |     9.375e-06 |     1.0817 |          7.3321 |     1.6281 |          0.8211 |            3245
18:50 |   997 |     9.375e-06 |     1.0717 |          7.3278 |     1.9420 |          0.8246 |            3245
19:35 |   998 |     9.375e-06 |     1.0754 |          7.4710 |     1.8582 |          0.8389 |            3245
20:20 |   999 |     9.375e-06 |     1.0834 |          7.3994 |     1.4952 |          0.8383 |            3245
21:05 |  1000 |     9.375e-06 |     1.0630 |          7.5933 |     2.4092 |          0.8409 |            3245
21:49 |  1001 |     9.375e-06 |     1.0580 |          7.3729 |     1.4550 |          0.8268 |            3245
22:34 |  1002 |     9.375e-06 |     1.0661 |          7.3291 |     1.7616 |          0.8266 |            3245
23:19 |  1003 |     9.375e-06 |     1.0676 |          7.4009 |     1.9911 |          0.8267 |            3245
24:03 |  1004 |     9.375e-06 |     1.0814 |          7.5454 |     2.3691 |          0.8350 |            3245
24:48 |  1005 |     9.375e-06 |     1.0626 |          7.3860 |     2.0874 |          0.8283 |            3245
25:33 |  1006 |     9.375e-06 |     1.0963 |          7.3403 |     1.5465 |          0.8238 |            3245
26:18 |  1007 |     9.375e-06 |     1.0567 |          7.3113 |     1.4785 |          0.8249 |            3245
27:03 |  1008 |     9.375e-06 |     1.0701 |          7.3381 |     1.7223 |          0.8262 |            3245
27:48 |  1009 |     9.375e-06 |     1.0525 |          7.4634 |     1.9481 |          0.8317 |            3245
28:33 |  1010 |     9.375e-06 |     1.0287 |          7.4118 |     1.6827 |          0.8251 |            3245
29:17 |  1011 |     9.375e-06 |     1.0689 |          7.5351 |     2.4258 |          0.8392 |            3245
30:02 |  1012 |     9.375e-06 |     1.0415 |          7.4411 |     2.0618 |          0.8318 |            3245
30:47 |  1013 |     9.375e-06 |     1.0709 |          7.3864 |     1.7212 |          0.8344 |            3245
31:31 |  1014 |     9.375e-06 |     1.0895 |          7.4085 |     1.9928 |          0.8269 |            3245
32:17 |  1015 |     9.375e-06 |     1.0701 |          7.2788 |     1.4393 |          0.8247 |            3245
33:02 |  1016 |     9.375e-06 |     1.0732 |          7.4740 |     2.6518 |          0.8269 |            3245
33:47 |  1017 |     9.375e-06 |     1.0529 |          7.4358 |     1.5237 |          0.8304 |            3245
34:32 |  1018 |     9.375e-06 |     1.0495 |          7.3166 |     1.5507 |          0.8267 |            3245
35:16 |  1019 |     9.375e-06 |     1.0603 |          7.3909 |     1.9487 |          0.8293 |            3245
36:01 |  1020 |     9.375e-06 |     1.0508 |          7.4446 |     2.1007 |          0.8274 |            3245
36:46 |  1021 |     9.375e-06 |     1.0713 |          7.3808 |     1.7047 |          0.8236 |            3245
37:30 |  1022 |     9.375e-06 |     1.0540 |          7.5535 |     2.4594 |          0.8270 |            3245
38:15 |  1023 |     9.375e-06 |     1.0675 |          7.3529 |     1.5614 |          0.8230 |            3245
39:00 |  1024 |     9.375e-06 |     1.1087 |          7.3312 |     1.4680 |          0.8240 |            3245
39:44 |  1025 |     9.375e-06 |     1.0503 |          7.3974 |     1.6963 |          0.8268 |            3245
40:29 |  1026 |     9.375e-06 |     1.0948 |          7.3995 |     1.6966 |          0.8242 |            3245
41:14 |  1027 |     9.375e-06 |     1.1086 |          7.3605 |     1.5186 |          0.8241 |            3245
41:59 |  1028 |     9.375e-06 |     1.0663 |          7.3821 |     1.7714 |          0.8229 |            3245
42:43 |  1029 |     9.375e-06 |     1.0786 |          7.4352 |     2.4748 |          0.8231 |            3245
43:28 |  1030 |     9.375e-06 |     1.0732 |          7.3852 |     1.5047 |          0.8261 |            3245
44:13 |  1031 |     9.375e-06 |     1.0451 |          7.3681 |     1.5755 |          0.8252 |            3245
44:57 |  1032 |     9.375e-06 |     1.0555 |          7.3913 |     1.4487 |          0.8275 |            3245
45:42 |  1033 |     9.375e-06 |     1.0751 |          7.4515 |     1.9386 |          0.8266 |            3245
46:27 |  1034 |     9.375e-06 |     1.1211 |          7.4411 |     1.5942 |          0.8292 |            3245
47:12 |  1035 |     9.375e-06 |     1.0282 |          7.4170 |     1.6900 |          0.8265 |            3245
47:57 |  1036 |     9.375e-06 |     1.0227 |          7.3853 |     1.5017 |          0.8289 |            3245
48:41 |  1037 |     9.375e-06 |     1.0708 |          7.3229 |     1.5454 |          0.8232 |            3245
49:26 |  1038 |     4.687e-06 |     1.0126 |          7.3819 |     1.4214 |          0.8225 |            3245
50:11 |  1039 |     4.687e-06 |     0.9943 |          7.3803 |     1.4509 |          0.8224 |            3245
50:56 |  1040 |     4.687e-06 |     0.9935 |          7.4226 |     1.5901 |          0.8268 |            3245
51:41 |  1041 |     4.687e-06 |     0.9892 |          7.3594 |     1.4019 |          0.8196 |            3245
52:26 |  1042 |     4.687e-06 |     0.9823 |          7.3677 |     1.8064 |          0.8209 |            3245
53:10 |  1043 |     4.687e-06 |     0.9885 |          7.3442 |     1.4099 |          0.8215 |            3245
53:55 |  1044 |     4.687e-06 |     0.9975 |          7.3756 |     1.4107 |          0.8207 |            3245
54:40 |  1045 |     4.687e-06 |     0.9844 |          7.3700 |     1.7341 |          0.8188 |            3245
55:25 |  1046 |     4.687e-06 |     0.9930 |          7.3672 |     1.4469 |          0.8204 |            3245
56:10 |  1047 |     4.687e-06 |     0.9956 |          7.3611 |     1.6641 |          0.8209 |            3245
56:54 |  1048 |     4.687e-06 |     1.0009 |          7.4148 |     1.5496 |          0.8234 |            3245
57:39 |  1049 |     4.687e-06 |     1.0053 |          7.3656 |     1.4113 |          0.8206 |            3245
58:24 |  1050 |     4.687e-06 |     0.9826 |          7.3425 |     1.3739 |          0.8188 |            3245
59:09 |  1051 |     4.687e-06 |     1.0156 |          7.3680 |     1.7220 |          0.8194 |            3245
59:53 |  1052 |     4.687e-06 |     0.9909 |          7.3607 |     1.4262 |          0.8223 |            3245
00:38 |  1053 |     4.687e-06 |     0.9911 |          7.3731 |     1.6730 |          0.8207 |            3245
01:23 |  1054 |     4.687e-06 |     0.9822 |          7.3908 |     1.4620 |          0.8251 |            3245
02:08 |  1055 |     4.687e-06 |     0.9964 |          7.3460 |     1.5778 |          0.8201 |            3245
02:52 |  1056 |     4.687e-06 |     0.9890 |          7.3275 |     1.5091 |          0.8174 |            3245
03:37 |  1057 |     4.687e-06 |     0.9913 |          7.4152 |     1.9840 |          0.8218 |            3245
04:22 |  1058 |     4.687e-06 |     1.0016 |          7.3303 |     1.7006 |          0.8191 |            3245
05:07 |  1059 |     4.687e-06 |     0.9899 |          7.3665 |     1.4965 |          0.8218 |            3245
05:51 |  1060 |     4.687e-06 |     1.0023 |          7.3646 |     1.3925 |          0.8189 |            3245
06:36 |  1061 |     4.687e-06 |     0.9859 |          7.3922 |     1.5212 |          0.8210 |            3245
07:21 |  1062 |     4.687e-06 |     0.9998 |          7.4043 |     1.5036 |          0.8259 |            3245
08:06 |  1063 |     4.687e-06 |     1.0041 |          7.3600 |     1.5990 |          0.8202 |            3245
08:50 |  1064 |     4.687e-06 |     0.9993 |          7.3677 |     1.4566 |          0.8225 |            3245
09:35 |  1065 |     4.687e-06 |     0.9985 |          7.3886 |     1.9780 |          0.8194 |            3245
10:20 |  1066 |     4.687e-06 |     0.9924 |          7.3298 |     1.3944 |          0.8189 |            3245
11:05 |  1067 |     4.687e-06 |     0.9854 |          7.4296 |     1.5317 |          0.8250 |            3245
11:49 |  1068 |     4.687e-06 |     1.0063 |          7.5118 |     2.4226 |          0.8215 |            3245
12:34 |  1069 |     4.687e-06 |     1.0125 |          7.3722 |     1.3673 |          0.8206 |            3245
13:19 |  1070 |     4.687e-06 |     1.0021 |          7.4440 |     2.0005 |          0.8226 |            3245
14:04 |  1071 |     4.687e-06 |     0.9988 |          7.3672 |     1.3511 |          0.8211 |            3245
14:48 |  1072 |     4.687e-06 |     0.9801 |          7.4215 |     1.6035 |          0.8235 |            3245
15:33 |  1073 |     4.687e-06 |     0.9901 |          7.4222 |     1.3913 |          0.8222 |            3245
16:18 |  1074 |     4.687e-06 |     0.9880 |          7.3843 |     1.6658 |          0.8197 |            3245
17:03 |  1075 |     4.687e-06 |     0.9924 |          7.3599 |     1.3835 |          0.8203 |            3245
17:48 |  1076 |     4.687e-06 |     1.0043 |          7.3794 |     1.4578 |          0.8216 |            3245
18:32 |  1077 |     4.687e-06 |     0.9943 |          7.3873 |     1.6081 |          0.8194 |            3245
19:17 |  1078 |     4.687e-06 |     0.9902 |          7.3459 |     1.4001 |          0.8180 |            3245
20:02 |  1079 |     4.687e-06 |     0.9847 |          7.3693 |     1.7085 |          0.8188 |            3245
20:47 |  1080 |     4.687e-06 |     0.9875 |          7.4001 |     1.4744 |          0.8224 |            3245
21:32 |  1081 |     4.687e-06 |     0.9917 |          7.4104 |     1.6156 |          0.8172 |            3245
22:17 |  1082 |     4.687e-06 |     1.0085 |          7.4548 |     1.6558 |          0.8243 |            3245
23:02 |  1083 |     4.687e-06 |     0.9953 |          7.4529 |     1.7220 |          0.8197 |            3245
23:46 |  1084 |     4.687e-06 |     0.9881 |          7.4113 |     1.5332 |          0.8207 |            3245
24:31 |  1085 |     4.687e-06 |     0.9986 |          7.4168 |     1.5030 |          0.8250 |            3245
25:16 |  1086 |     4.687e-06 |     0.9928 |          7.3593 |     1.5341 |          0.8189 |            3245
26:01 |  1087 |     4.687e-06 |     0.9950 |          7.3527 |     1.3508 |          0.8208 |            3245
26:46 |  1088 |     4.687e-06 |     0.9918 |          7.3976 |     1.5579 |          0.8186 |            3245
27:31 |  1089 |     4.687e-06 |     0.9916 |          7.4170 |     1.6474 |          0.8178 |            3245
28:15 |  1090 |     4.687e-06 |     0.9982 |          7.4300 |     1.5697 |          0.8218 |            3245
29:00 |  1091 |     4.687e-06 |     0.9958 |          7.4259 |     1.4667 |          0.8223 |            3245
29:45 |  1092 |     4.687e-06 |     0.9983 |          7.4198 |     1.6147 |          0.8206 |            3245
30:30 |  1093 |     4.687e-06 |     0.9868 |          7.4167 |     1.3805 |          0.8259 |            3245
31:14 |  1094 |     4.687e-06 |     0.9909 |          7.4065 |     1.4553 |          0.8227 |            3245
31:59 |  1095 |     4.687e-06 |     0.9995 |          7.3904 |     1.8770 |          0.8198 |            3245
32:44 |  1096 |     4.687e-06 |     0.9854 |          7.3591 |     1.3695 |          0.8188 |            3245
33:29 |  1097 |     4.687e-06 |     0.9931 |          7.3798 |     1.6391 |          0.8181 |            3245
34:14 |  1098 |     4.687e-06 |     0.9852 |          7.4025 |     1.8891 |          0.8199 |            3245
34:59 |  1099 |     4.687e-06 |     0.9988 |          7.3942 |     1.5695 |          0.8225 |            3245
35:44 |  1100 |     4.687e-06 |     0.9768 |          7.3967 |     1.4167 |          0.8210 |            3245
36:28 |  1101 |     4.687e-06 |     0.9809 |          7.3611 |     1.3872 |          0.8194 |            3245
37:13 |  1102 |     4.687e-06 |     0.9819 |          7.4280 |     1.8528 |          0.8178 |            3245
37:58 |  1103 |     4.687e-06 |     0.9940 |          7.4166 |     1.4936 |          0.8217 |            3245
38:42 |  1104 |     4.687e-06 |     0.9961 |          7.3880 |     1.6522 |          0.8202 |            3245
39:27 |  1105 |     4.687e-06 |     0.9883 |          7.4663 |     1.9139 |          0.8208 |            3245
40:12 |  1106 |     4.687e-06 |     0.9927 |          7.5221 |     1.9424 |          0.8244 |            3245
40:56 |  1107 |     4.687e-06 |     1.0053 |          7.4171 |     1.5631 |          0.8177 |            3245
41:41 |  1108 |     4.687e-06 |     0.9922 |          7.3895 |     1.4390 |          0.8217 |            3245
42:26 |  1109 |     4.687e-06 |     1.0048 |          7.3867 |     1.3489 |          0.8194 |            3245
43:10 |  1110 |     4.687e-06 |     0.9901 |          7.3720 |     1.6740 |          0.8198 |            3245
43:55 |  1111 |     4.687e-06 |     0.9751 |          7.3813 |     1.5749 |          0.8194 |            3245
44:40 |  1112 |     4.687e-06 |     0.9835 |          7.4085 |     1.4487 |          0.8207 |            3245
45:24 |  1113 |     4.687e-06 |     0.9951 |          7.4553 |     1.6884 |          0.8250 |            3245
46:09 |  1114 |     4.687e-06 |     0.9835 |          7.3758 |     1.3888 |          0.8218 |            3245
46:54 |  1115 |     4.687e-06 |     0.9880 |          7.3955 |     1.4010 |          0.8186 |            3245
47:39 |  1116 |     4.687e-06 |     0.9876 |          7.4268 |     1.4233 |          0.8213 |            3245
48:23 |  1117 |     4.687e-06 |     0.9779 |          7.4546 |     1.7153 |          0.8220 |            3245
49:08 |  1118 |     4.687e-06 |     0.9853 |          7.4172 |     1.4209 |          0.8225 |            3245
49:53 |  1119 |     2.344e-06 |     0.9610 |          7.3801 |     1.3559 |          0.8184 |            3245
50:37 |  1120 |     2.344e-06 |     0.9708 |          7.3855 |     1.3571 |          0.8174 |            3245
51:22 |  1121 |     2.344e-06 |     0.9635 |          7.4334 |     1.6609 |          0.8178 |            3245
52:07 |  1122 |     2.344e-06 |     0.9599 |          7.3833 |     1.6068 |          0.8174 |            3245
52:51 |  1123 |     2.344e-06 |     0.9588 |          7.3775 |     1.4700 |          0.8165 |            3245
53:36 |  1124 |     2.344e-06 |     0.9618 |          7.3957 |     1.6052 |          0.8172 |            3245
54:21 |  1125 |     2.344e-06 |     0.9600 |          7.3989 |     1.3847 |          0.8208 |            3245
55:06 |  1126 |     2.344e-06 |     0.9571 |          7.3706 |     1.3920 |          0.8181 |            3245
55:50 |  1127 |     2.344e-06 |     0.9571 |          7.3873 |     1.3911 |          0.8169 |            3245
56:35 |  1128 |     2.344e-06 |     0.9571 |          7.3771 |     1.3467 |          0.8167 |            3245
57:19 |  1129 |     2.344e-06 |     0.9532 |          7.3501 |     1.4384 |          0.8163 |            3245
58:04 |  1130 |     2.344e-06 |     0.9573 |          7.3703 |     1.3738 |          0.8183 |            3245
58:49 |  1131 |     2.344e-06 |     0.9507 |          7.3874 |     1.4563 |          0.8161 |            3245
59:34 |  1132 |     2.344e-06 |     0.9542 |          7.3657 |     1.3038 |          0.8161 |            3245
00:18 |  1133 |     2.344e-06 |     0.9539 |          7.3903 |     1.3919 |          0.8161 |            3245
01:03 |  1134 |     2.344e-06 |     0.9494 |          7.4020 |     1.3275 |          0.8171 |            3245
01:48 |  1135 |     2.344e-06 |     0.9578 |          7.3891 |     1.3066 |          0.8174 |            3245
02:32 |  1136 |     2.344e-06 |     0.9628 |          7.4019 |     1.3484 |          0.8189 |            3245
03:17 |  1137 |     2.344e-06 |     0.9581 |          7.3879 |     1.3763 |          0.8189 |            3245
04:02 |  1138 |     2.344e-06 |     0.9515 |          7.3909 |     1.5550 |          0.8175 |            3245
04:46 |  1139 |     2.344e-06 |     0.9501 |          7.4064 |     1.3635 |          0.8182 |            3245
05:31 |  1140 |     2.344e-06 |     0.9545 |          7.3915 |     1.4572 |          0.8178 |            3245
06:16 |  1141 |     2.344e-06 |     0.9611 |          7.4119 |     1.4983 |          0.8185 |            3245
07:01 |  1142 |     2.344e-06 |     0.9607 |          7.3653 |     1.3941 |          0.8175 |            3245
07:45 |  1143 |     2.344e-06 |     0.9503 |          7.3866 |     1.3755 |          0.8165 |            3245
08:30 |  1144 |     2.344e-06 |     0.9550 |          7.4453 |     1.5915 |          0.8202 |            3245
09:15 |  1145 |     2.344e-06 |     0.9617 |          7.4282 |     1.5150 |          0.8164 |            3245
09:59 |  1146 |     2.344e-06 |     0.9575 |          7.3954 |     1.4097 |          0.8199 |            3245
10:44 |  1147 |     2.344e-06 |     0.9583 |          7.4260 |     1.7872 |          0.8179 |            3245
11:28 |  1148 |     2.344e-06 |     0.9728 |          7.3809 |     1.4095 |          0.8160 |            3245
12:13 |  1149 |     2.344e-06 |     0.9618 |          7.4011 |     1.3434 |          0.8183 |            3245
12:58 |  1150 |     2.344e-06 |     0.9580 |          7.3848 |     1.3684 |          0.8159 |            3245
13:43 |  1151 |     2.344e-06 |     0.9551 |          7.4092 |     1.6264 |          0.8178 |            3245
14:27 |  1152 |     2.344e-06 |     0.9496 |          7.3976 |     1.3386 |          0.8179 |            3245
15:12 |  1153 |     2.344e-06 |     0.9500 |          7.3956 |     1.7177 |          0.8172 |            3245
15:57 |  1154 |     2.344e-06 |     0.9624 |          7.4228 |     1.5204 |          0.8166 |            3245
16:41 |  1155 |     2.344e-06 |     0.9579 |          7.3871 |     1.4395 |          0.8175 |            3245
17:26 |  1156 |     2.344e-06 |     0.9561 |          7.4164 |     1.3251 |          0.8208 |            3245
18:11 |  1157 |     2.344e-06 |     0.9538 |          7.3846 |     1.3497 |          0.8153 |            3245
18:55 |  1158 |     2.344e-06 |     0.9585 |          7.3857 |     1.3567 |          0.8172 |            3245
19:40 |  1159 |     2.344e-06 |     0.9528 |          7.3824 |     1.4714 |          0.8169 |            3245
20:25 |  1160 |     2.344e-06 |     0.9494 |          7.3804 |     1.3377 |          0.8154 |            3245
21:09 |  1161 |     2.344e-06 |     0.9526 |          7.4060 |     1.7881 |          0.8155 |            3245
21:54 |  1162 |     2.344e-06 |     0.9520 |          7.3984 |     1.6765 |          0.8167 |            3245
22:39 |  1163 |     2.344e-06 |     0.9631 |          7.4744 |     1.7650 |          0.8210 |            3245
23:23 |  1164 |     2.344e-06 |     0.9630 |          7.4236 |     1.5131 |          0.8173 |            3245
24:08 |  1165 |     2.344e-06 |     0.9512 |          7.4046 |     1.3685 |          0.8182 |            3245
24:53 |  1166 |     2.344e-06 |     0.9616 |          7.3968 |     1.3810 |          0.8173 |            3245
25:38 |  1167 |     2.344e-06 |     0.9559 |          7.3712 |     1.3065 |          0.8157 |            3245
26:22 |  1168 |     2.344e-06 |     0.9512 |          7.4078 |     1.3706 |          0.8205 |            3245
27:07 |  1169 |     2.344e-06 |     0.9524 |          7.3894 |     1.4415 |          0.8171 |            3245
27:52 |  1170 |     2.344e-06 |     0.9595 |          7.4035 |     1.4014 |          0.8186 |            3245
28:36 |  1171 |     2.344e-06 |     0.9518 |          7.4012 |     1.3889 |          0.8194 |            3245
29:21 |  1172 |     2.344e-06 |     0.9527 |          7.4279 |     1.4934 |          0.8167 |            3245
30:07 |  1173 |     2.344e-06 |     0.9481 |          7.4515 |     1.6118 |          0.8180 |            3245
30:52 |  1174 |     2.344e-06 |     0.9619 |          7.4147 |     1.3739 |          0.8179 |            3245
31:37 |  1175 |     2.344e-06 |     0.9544 |          7.4098 |     1.7331 |          0.8167 |            3245
32:22 |  1176 |     2.344e-06 |     0.9712 |          7.4201 |     1.5653 |          0.8199 |            3245
33:07 |  1177 |     2.344e-06 |     0.9512 |          7.4084 |     1.4929 |          0.8191 |            3245
33:51 |  1178 |     2.344e-06 |     0.9493 |          7.3800 |     1.3280 |          0.8170 |            3245
34:36 |  1179 |     2.344e-06 |     0.9553 |          7.3907 |     1.4026 |          0.8159 |            3245
35:21 |  1180 |     2.344e-06 |     0.9496 |          7.4521 |     1.8484 |          0.8192 |            3245
36:06 |  1181 |     2.344e-06 |     0.9544 |          7.3778 |     1.4265 |          0.8166 |            3245
36:51 |  1182 |     2.344e-06 |     0.9573 |          7.4097 |     1.4122 |          0.8172 |            3245
37:35 |  1183 |     2.344e-06 |     0.9690 |          7.4496 |     1.6028 |          0.8183 |            3245
38:20 |  1184 |     2.344e-06 |     0.9530 |          7.3878 |     1.5797 |          0.8146 |            3245
39:05 |  1185 |     2.344e-06 |     0.9552 |          7.3953 |     1.4099 |          0.8162 |            3245
39:50 |  1186 |     2.344e-06 |     0.9547 |          7.4071 |     1.3912 |          0.8159 |            3245
40:35 |  1187 |     2.344e-06 |     0.9587 |          7.4039 |     1.3635 |          0.8180 |            3245
41:20 |  1188 |     2.344e-06 |     0.9483 |          7.4060 |     1.3073 |          0.8164 |            3245
42:04 |  1189 |     2.344e-06 |     0.9529 |          7.4259 |     1.6400 |          0.8170 |            3245
42:49 |  1190 |     2.344e-06 |     0.9558 |          7.3981 |     1.5190 |          0.8188 |            3245
43:34 |  1191 |     2.344e-06 |     0.9469 |          7.4354 |     1.4755 |          0.8184 |            3245
44:19 |  1192 |     2.344e-06 |     0.9623 |          7.4019 |     1.4207 |          0.8162 |            3245
45:03 |  1193 |     2.344e-06 |     0.9537 |          7.3974 |     1.4259 |          0.8181 |            3245
45:48 |  1194 |     2.344e-06 |     0.9497 |          7.3662 |     1.3662 |          0.8159 |            3245
46:33 |  1195 |     2.344e-06 |     0.9490 |          7.3855 |     1.4423 |          0.8163 |            3245
47:18 |  1196 |     2.344e-06 |     0.9540 |          7.3920 |     1.3412 |          0.8164 |            3245
48:02 |  1197 |     2.344e-06 |     0.9543 |          7.4013 |     1.4782 |          0.8188 |            3245
48:47 |  1198 |     2.344e-06 |     0.9597 |          7.4103 |     1.4301 |          0.8162 |            3245
49:32 |  1199 |     2.344e-06 |     0.9509 |          7.4112 |     1.4738 |          0.8176 |            3245
50:17 |  1200 |     1.172e-06 |     0.9368 |          7.3911 |     1.6554 |          0.8148 |            3245
51:01 |  1201 |     1.172e-06 |     0.9454 |          7.3863 |     1.3093 |          0.8159 |            3245
51:46 |  1202 |     1.172e-06 |     0.9363 |          7.3897 |     1.2854 |          0.8156 |            3245
52:31 |  1203 |     1.172e-06 |     0.9322 |          7.3887 |     1.3790 |          0.8155 |            3245
53:16 |  1204 |     1.172e-06 |     0.9331 |          7.4055 |     1.3594 |          0.8173 |            3245
54:00 |  1205 |     1.172e-06 |     0.9309 |          7.3867 |     1.3220 |          0.8149 |            3245
54:45 |  1206 |     1.172e-06 |     0.9369 |          7.4060 |     1.3302 |          0.8155 |            3245
55:30 |  1207 |     1.172e-06 |     0.9344 |          7.3945 |     1.3890 |          0.8160 |            3245
56:15 |  1208 |     1.172e-06 |     0.9341 |          7.3870 |     1.3918 |          0.8147 |            3245
56:59 |  1209 |     1.172e-06 |     0.9340 |          7.3941 |     1.3104 |          0.8157 |            3245
57:44 |  1210 |     1.172e-06 |     0.9349 |          7.4299 |     1.4818 |          0.8159 |            3245
58:29 |  1211 |     1.172e-06 |     0.9353 |          7.3905 |     1.5719 |          0.8152 |            3245
59:14 |  1212 |     1.172e-06 |     0.9379 |          7.4175 |     1.3873 |          0.8173 |            3245
59:58 |  1213 |     1.172e-06 |     0.9368 |          7.4081 |     1.3077 |          0.8156 |            3245
00:43 |  1214 |     1.172e-06 |     0.9380 |          7.4070 |     1.3229 |          0.8172 |            3245
01:28 |  1215 |     1.172e-06 |     0.9371 |          7.4236 |     1.3801 |          0.8165 |            3245
02:12 |  1216 |     1.172e-06 |     0.9355 |          7.4034 |     1.3316 |          0.8155 |            3245
02:57 |  1217 |     1.172e-06 |     0.9347 |          7.4097 |     1.3335 |          0.8176 |            3245
03:42 |  1218 |     1.172e-06 |     0.9412 |          7.4070 |     1.3861 |          0.8171 |            3245
04:27 |  1219 |     1.172e-06 |     0.9329 |          7.3921 |     1.3316 |          0.8163 |            3245
05:12 |  1220 |     1.172e-06 |     0.9338 |          7.4020 |     1.4356 |          0.8159 |            3245
05:56 |  1221 |     1.172e-06 |     0.9360 |          7.3911 |     1.3130 |          0.8154 |            3245
06:41 |  1222 |     1.172e-06 |     0.9393 |          7.4067 |     1.3313 |          0.8165 |            3245
07:26 |  1223 |     1.172e-06 |     0.9356 |          7.4127 |     1.3393 |          0.8160 |            3245
08:11 |  1224 |     1.172e-06 |     0.9314 |          7.3918 |     1.4883 |          0.8147 |            3245
08:56 |  1225 |     1.172e-06 |     0.9333 |          7.4050 |     1.3716 |          0.8161 |            3245
09:40 |  1226 |     1.172e-06 |     0.9356 |          7.4034 |     1.3006 |          0.8153 |            3245
10:25 |  1227 |     1.172e-06 |     0.9336 |          7.4033 |     1.3435 |          0.8153 |            3245
11:10 |  1228 |     1.172e-06 |     0.9416 |          7.4222 |     1.3610 |          0.8162 |            3245
11:55 |  1229 |     1.172e-06 |     0.9312 |          7.4128 |     1.3329 |          0.8164 |            3245
12:39 |  1230 |     1.172e-06 |     0.9337 |          7.4310 |     1.4425 |          0.8168 |            3245
13:24 |  1231 |     1.172e-06 |     0.9418 |          7.3989 |     1.4044 |          0.8154 |            3245
14:09 |  1232 |     1.172e-06 |     0.9350 |          7.3997 |     1.3884 |          0.8157 |            3245
14:53 |  1233 |     1.172e-06 |     0.9335 |          7.3958 |     1.4419 |          0.8165 |            3245
15:38 |  1234 |     1.172e-06 |     0.9407 |          7.4032 |     1.3018 |          0.8164 |            3245
16:23 |  1235 |     1.172e-06 |     0.9363 |          7.4011 |     1.3813 |          0.8166 |            3245
17:08 |  1236 |     1.172e-06 |     0.9321 |          7.3975 |     1.3639 |          0.8160 |            3245
17:52 |  1237 |     1.172e-06 |     0.9325 |          7.4020 |     1.3754 |          0.8155 |            3245
18:37 |  1238 |     1.172e-06 |     0.9388 |          7.3904 |     1.4103 |          0.8154 |            3245
19:22 |  1239 |     1.172e-06 |     0.9343 |          7.4005 |     1.3161 |          0.8162 |            3245
20:06 |  1240 |     1.172e-06 |     0.9306 |          7.3937 |     1.3674 |          0.8154 |            3245
20:51 |  1241 |     1.172e-06 |     0.9323 |          7.4497 |     1.4907 |          0.8181 |            3245
21:36 |  1242 |     1.172e-06 |     0.9393 |          7.4122 |     1.3518 |          0.8170 |            3245
22:20 |  1243 |     1.172e-06 |     0.9319 |          7.4119 |     1.3533 |          0.8171 |            3245
23:05 |  1244 |     1.172e-06 |     0.9294 |          7.3977 |     1.3449 |          0.8152 |            3245
23:49 |  1245 |     1.172e-06 |     0.9325 |          7.4052 |     1.4615 |          0.8168 |            3245
24:34 |  1246 |     1.172e-06 |     0.9415 |          7.3859 |     1.4573 |          0.8152 |            3245
25:18 |  1247 |     1.172e-06 |     0.9350 |          7.4090 |     1.3483 |          0.8151 |            3245
26:02 |  1248 |     1.172e-06 |     0.9346 |          7.4203 |     1.3183 |          0.8170 |            3245
26:47 |  1249 |     1.172e-06 |     0.9348 |          7.4097 |     1.3266 |          0.8159 |            3245
27:31 |  1250 |     1.172e-06 |     0.9313 |          7.4003 |     1.3932 |          0.8161 |            3245
28:16 |  1251 |     1.172e-06 |     0.9328 |          7.4047 |     1.3898 |          0.8163 |            3245
29:01 |  1252 |     1.172e-06 |     0.9329 |          7.4141 |     1.3687 |          0.8170 |            3245
29:45 |  1253 |     1.172e-06 |     0.9304 |          7.4089 |     1.4609 |          0.8157 |            3245
30:29 |  1254 |     1.172e-06 |     0.9343 |          7.4122 |     1.3711 |          0.8163 |            3245
31:14 |  1255 |     1.172e-06 |     0.9353 |          7.4192 |     1.6014 |          0.8170 |            3245
31:58 |  1256 |     1.172e-06 |     0.9403 |          7.4119 |     1.5847 |          0.8165 |            3245
32:43 |  1257 |     1.172e-06 |     0.9367 |          7.4017 |     1.3691 |          0.8158 |            3245
33:27 |  1258 |     1.172e-06 |     0.9301 |          7.4229 |     1.5946 |          0.8172 |            3245
34:12 |  1259 |     1.172e-06 |     0.9450 |          7.4155 |     1.3478 |          0.8177 |            3245
34:56 |  1260 |     1.172e-06 |     0.9371 |          7.3986 |     1.4141 |          0.8150 |            3245
35:41 |  1261 |     1.172e-06 |     0.9344 |          7.3901 |     1.3793 |          0.8156 |            3245
36:25 |  1262 |     1.172e-06 |     0.9355 |          7.3927 |     1.3309 |          0.8152 |            3245
37:10 |  1263 |     1.172e-06 |     0.9287 |          7.4055 |     1.3221 |          0.8151 |            3245
37:54 |  1264 |     1.172e-06 |     0.9321 |          7.4149 |     1.3577 |          0.8158 |            3245
38:39 |  1265 |     1.172e-06 |     0.9358 |          7.3967 |     1.3976 |          0.8159 |            3245
39:23 |  1266 |     1.172e-06 |     0.9335 |          7.4030 |     1.4035 |          0.8164 |            3245
40:08 |  1267 |     1.172e-06 |     0.9372 |          7.4653 |     1.6344 |          0.8171 |            3245
40:52 |  1268 |     1.172e-06 |     0.9334 |          7.3999 |     1.4295 |          0.8156 |            3245
41:37 |  1269 |     1.172e-06 |     0.9383 |          7.4016 |     1.3413 |          0.8161 |            3245
42:21 |  1270 |     1.172e-06 |     0.9377 |          7.4138 |     1.4588 |          0.8165 |            3245
43:06 |  1271 |     1.172e-06 |     0.9356 |          7.4065 |     1.5446 |          0.8158 |            3245
43:50 |  1272 |     1.172e-06 |     0.9411 |          7.4014 |     1.4230 |          0.8164 |            3245
44:35 |  1273 |     1.172e-06 |     0.9319 |          7.4075 |     1.3723 |          0.8157 |            3245
45:19 |  1274 |     1.172e-06 |     0.9353 |          7.4092 |     1.3421 |          0.8151 |            3245
46:04 |  1275 |     1.172e-06 |     0.9360 |          7.4099 |     1.3154 |          0.8150 |            3245
46:48 |  1276 |     1.172e-06 |     0.9347 |          7.4318 |     1.4045 |          0.8157 |            3245
47:33 |  1277 |     1.172e-06 |     0.9344 |          7.4071 |     1.5251 |          0.8158 |            3245
48:17 |  1278 |     1.172e-06 |     0.9314 |          7.4075 |     1.6282 |          0.8148 |            3245
49:02 |  1279 |     1.172e-06 |     0.9426 |          7.4120 |     1.3607 |          0.8166 |            3245
49:46 |  1280 |     1.172e-06 |     0.9304 |          7.3889 |     1.3502 |          0.8151 |            3245
