 Time | Epoch | Learning rate | Train loss | Validation loss | MAE_energy | MAE_energy_grad | GPU Memory (MB)
23:58 |     1 |     3.000e-04 | 4700819.7217 |      27561.3722 |   335.5858 |        102.6727 |            9943
24:13 |     2 |     3.000e-04 | 21328.0707 |      16307.9343 |   264.4640 |         78.3695 |           10189
24:28 |     3 |     3.000e-04 | 13461.2539 |      10821.0662 |   207.4230 |         65.1744 |           10189
24:43 |     4 |     3.000e-04 |  9308.2087 |       8206.1447 |   181.7668 |         56.0191 |           10189
24:59 |     5 |     3.000e-04 |  6916.3832 |       6198.7048 |   160.9883 |         49.1548 |           10189
25:13 |     6 |     3.000e-04 |  5356.2587 |       4732.0924 |   119.1429 |         44.0121 |           10189
25:29 |     7 |     3.000e-04 |  4410.2750 |       4124.4729 |   126.5334 |         40.0828 |           10190
25:44 |     8 |     3.000e-04 |  3648.0762 |       3378.6514 |   102.8295 |         36.9568 |           10190
25:59 |     9 |     3.000e-04 |  3135.7732 |       2956.8040 |    93.8413 |         34.4762 |           10190
26:14 |    10 |     3.000e-04 |  2794.7913 |       2653.3425 |    86.5830 |         32.4501 |           10190
26:29 |    11 |     3.000e-04 |  2585.8333 |       2418.2222 |    86.3857 |         30.6466 |           10190
26:44 |    12 |     3.000e-04 |  2394.3905 |       2368.8556 |   103.1266 |         29.2221 |           10190
26:59 |    13 |     3.000e-04 |  2158.6809 |       2286.0243 |   108.5175 |         27.9172 |           10190
27:14 |    14 |     3.000e-04 |  1967.3256 |       1934.3558 |    73.9542 |         26.9069 |           10190
27:29 |    15 |     3.000e-04 |  1967.1554 |       2531.5864 |   122.5948 |         26.1086 |           10190
27:44 |    16 |     3.000e-04 |  1850.5775 |       1736.7068 |    82.3495 |         25.1979 |           10190
27:59 |    17 |     3.000e-04 |  1620.7845 |       1563.1382 |    71.9868 |         24.3332 |           10190
28:14 |    18 |     3.000e-04 |  1595.1311 |       1470.1820 |    69.3106 |         23.6480 |           10190
28:29 |    19 |     3.000e-04 |  1617.7044 |       1396.7236 |    65.3102 |         23.0173 |           10190
28:43 |    20 |     3.000e-04 |  1535.9908 |       1879.4749 |   110.6440 |         22.4692 |           10190
28:58 |    21 |     3.000e-04 |  1490.2352 |       1386.2834 |    81.9349 |         21.8073 |           10190
29:14 |    22 |     3.000e-04 |  1289.3121 |       1484.8020 |    88.7691 |         21.3254 |           10190
29:29 |    23 |     3.000e-04 |  1309.7618 |       1444.3743 |    96.0266 |         20.7182 |           10190
29:43 |    24 |     3.000e-04 |  1236.1031 |       2006.3030 |   138.8860 |         20.2374 |           10190
29:58 |    25 |     3.000e-04 |  1209.8915 |       1321.2382 |    90.6491 |         19.7848 |           10190
30:13 |    26 |     3.000e-04 |  1419.9127 |       1560.7760 |   101.3002 |         19.4658 |           10190
30:28 |    27 |     3.000e-04 |  1233.8786 |        962.0359 |    56.6162 |         18.9606 |           10190
30:43 |    28 |     3.000e-04 |  1691.9570 |       2187.2710 |   160.4055 |         18.4781 |           10190
30:58 |    29 |     3.000e-04 |  1216.6564 |       1097.9581 |    70.7701 |         18.1273 |           10190
31:13 |    30 |     3.000e-04 |  1024.9133 |        941.9786 |    66.8261 |         17.7073 |           10190
31:28 |    31 |     3.000e-04 |  1320.6162 |        844.6302 |    55.4166 |         17.4468 |           10190
31:43 |    32 |     3.000e-04 |  1235.9896 |       1177.5313 |    86.8783 |         17.2105 |           10190
31:58 |    33 |     3.000e-04 |  1501.6497 |       4777.1707 |   262.7488 |         17.0312 |           10190
32:13 |    34 |     3.000e-04 |  4770.7739 |       5303.3151 |   268.1801 |         16.6482 |           10190
32:28 |    35 |     3.000e-04 |  1900.8560 |       1924.6473 |   148.8808 |         16.3953 |           10190
32:43 |    36 |     3.000e-04 |  2125.4407 |       1988.2916 |   156.0029 |         15.6499 |           10190
32:58 |    37 |     3.000e-04 |  7740.7664 |      40301.4050 |   867.4477 |         17.9008 |           10190
33:13 |    38 |     3.000e-04 |  5517.1778 |      15820.7825 |   413.8717 |         17.2331 |           10190
33:28 |    39 |     3.000e-04 |  5296.6274 |       7684.4775 |   353.6311 |         14.5805 |           10190
33:43 |    40 |     3.000e-04 | 35265.4444 |      12032.6973 |   454.8821 |         16.9438 |           10190
33:58 |    41 |     3.000e-04 |  3239.2243 |       4602.5088 |   265.3703 |         13.1516 |           10190
34:13 |    42 |     3.000e-04 |  2228.9262 |        855.6145 |    75.3292 |         13.0211 |           10190
34:28 |    43 |     3.000e-04 |  1496.9510 |        568.5777 |    56.6687 |         12.6331 |           10190
34:43 |    44 |     3.000e-04 |  1175.2607 |        990.6024 |    94.4326 |         12.3491 |           10190
34:58 |    45 |     3.000e-04 |  1775.4352 |       3469.0045 |   218.7757 |         13.1184 |           10190
35:13 |    46 |     3.000e-04 |  4041.2141 |       1742.0326 |   156.9781 |         12.8944 |           10190
35:28 |    47 |     3.000e-04 |  3149.0700 |        590.0389 |    61.1423 |         11.8862 |           10190
35:43 |    48 |     3.000e-04 |  2112.1999 |        713.8435 |    70.2330 |         11.8004 |           10190
35:58 |    49 |     3.000e-04 |  2205.1358 |       1752.0951 |   154.3109 |         11.4907 |           10190
36:13 |    50 |     3.000e-04 |  3135.0405 |        467.5706 |    43.8754 |         11.6842 |           10190
36:28 |    51 |     3.000e-04 |  1084.0605 |        508.3955 |    54.3036 |         11.2602 |           10190
36:43 |    52 |     3.000e-04 |  1104.9952 |       2142.3633 |   176.0423 |         11.4689 |           10190
36:58 |    53 |     3.000e-04 | 11228.2293 |      12683.3428 |   445.0870 |         15.2217 |           10190
37:13 |    54 |     3.000e-04 |  3731.0311 |       5567.7526 |   307.5844 |         10.7941 |           10190
37:28 |    55 |     3.000e-04 |  1688.3136 |       1112.1973 |   102.9755 |         10.6930 |           10190
37:43 |    56 |     3.000e-04 |  1829.2518 |        488.2121 |    48.2063 |         11.2503 |           10190
37:58 |    57 |     3.000e-04 |  1574.2430 |       1275.1216 |   110.6233 |         10.3308 |           10190
38:13 |    58 |     3.000e-04 |  1530.8049 |       1568.5605 |   149.9419 |         10.2284 |           10190
38:28 |    59 |     3.000e-04 |  7119.8732 |      10368.7699 |   423.5711 |          9.8860 |           10190
38:43 |    60 |     3.000e-04 |  1430.5625 |        399.0094 |    41.4142 |          9.7877 |           10190
38:58 |    61 |     3.000e-04 |   898.7947 |       2330.5148 |   190.3254 |          9.6764 |           10190
39:13 |    62 |     3.000e-04 |  2395.5623 |       2447.9264 |   196.5532 |          9.9533 |           10190
39:28 |    63 |     3.000e-04 |  5657.4337 |        835.7003 |    87.6983 |         10.3069 |           10190
39:43 |    64 |     3.000e-04 |  1023.6427 |        426.9820 |    56.0705 |          9.1876 |           10190
39:58 |    65 |     3.000e-04 |  1178.5575 |        613.8582 |    69.0900 |          8.9417 |           10190
40:13 |    66 |     3.000e-04 |  4691.6248 |       2072.8854 |   178.9382 |          9.0107 |           10190
40:28 |    67 |     3.000e-04 |  1087.6233 |        971.7608 |   108.4524 |          8.8481 |           10190
40:43 |    68 |     3.000e-04 |   832.6437 |        351.4063 |    38.8199 |          8.9696 |           10190
40:58 |    69 |     3.000e-04 |  1948.9450 |       2786.6931 |   214.6807 |          9.4704 |           10190
41:13 |    70 |     3.000e-04 |  1142.4077 |        915.1475 |    96.6481 |          8.7545 |           10190
41:28 |    71 |     3.000e-04 |   761.2621 |       4420.6879 |   272.7187 |          8.4760 |           10190
41:43 |    72 |     3.000e-04 |  1680.3505 |      12026.5623 |   456.9462 |         10.1903 |           10190
41:58 |    73 |     3.000e-04 |  1871.0618 |        389.4178 |    50.3587 |          8.7752 |           10190
42:13 |    74 |     3.000e-04 |  1420.4670 |       7911.0347 |   375.9938 |          9.5580 |           10190
42:27 |    75 |     3.000e-04 |  6108.2803 |       1779.4435 |   154.6326 |         10.1592 |           10190
42:42 |    76 |     3.000e-04 |   698.0399 |        355.0963 |    50.5864 |          8.0332 |           10190
42:58 |    77 |     3.000e-04 |   921.8802 |       2620.3440 |   207.0292 |          8.2020 |           10190
43:12 |    78 |     3.000e-04 |  1528.2890 |       1821.9738 |   134.0168 |          8.0184 |           10190
43:27 |    79 |     3.000e-04 |   822.9101 |       3716.2114 |   255.4598 |          8.8934 |           10190
43:42 |    80 |     3.000e-04 |  1234.3788 |        855.8089 |   110.0174 |          7.9297 |           10190
43:57 |    81 |     3.000e-04 |  1530.3360 |        960.3665 |    93.7616 |          8.8451 |           10190
44:12 |    82 |     3.000e-04 |  1693.2588 |       1774.1464 |   165.9754 |          7.7090 |           10190
44:27 |    83 |     3.000e-04 |  2551.3427 |        559.2321 |    74.7528 |          7.6681 |           10190
44:42 |    84 |     3.000e-04 |   417.0622 |       1394.7802 |   146.0679 |          7.4843 |           10190
44:57 |    85 |     3.000e-04 |   585.0400 |        692.0768 |    93.3781 |          7.8765 |           10190
45:12 |    86 |     3.000e-04 |  1893.5553 |        426.9735 |    52.1444 |          8.1926 |           10190
45:27 |    87 |     3.000e-04 |   675.7205 |        742.3490 |   100.1850 |          7.5230 |           10190
45:42 |    88 |     3.000e-04 |   558.2398 |       8154.3814 |   375.3304 |          7.7907 |           10190
45:57 |    89 |     3.000e-04 |  2367.7997 |       2158.7954 |   186.2222 |          7.4955 |           10190
46:12 |    90 |     3.000e-04 |  1055.6494 |       2259.7357 |   175.9707 |          8.0162 |           10190
46:27 |    91 |     3.000e-04 |  1480.4319 |       1064.0335 |   104.3321 |          7.5728 |           10190
46:42 |    92 |     3.000e-04 |  4528.6712 |        304.9067 |    36.0570 |          7.4401 |           10190
46:57 |    93 |     3.000e-04 |   368.6172 |        337.1793 |    52.8287 |          7.2843 |           10190
47:12 |    94 |     3.000e-04 |   352.8539 |        539.6584 |    75.1801 |          7.2371 |           10190
47:27 |    95 |     3.000e-04 |   365.4984 |        659.2175 |    86.4525 |          7.4118 |           10190
47:42 |    96 |     3.000e-04 |   502.5165 |        263.4844 |    36.7569 |          7.0792 |           10190
47:57 |    97 |     3.000e-04 |   333.7762 |        243.9160 |    35.3230 |          6.9877 |           10190
48:12 |    98 |     3.000e-04 |   453.1323 |        420.1458 |    62.0493 |          6.8050 |           10190
48:27 |    99 |     3.000e-04 |   798.9294 |        240.4344 |    34.1674 |          6.8668 |           10190
48:42 |   100 |     3.000e-04 |   405.8371 |        269.2941 |    37.2518 |          7.0662 |           10190
48:57 |   101 |     3.000e-04 |   601.0067 |        444.8504 |    60.3902 |          6.7541 |           10190
49:12 |   102 |     3.000e-04 |   440.7115 |        729.4540 |    97.0848 |          7.2376 |           10190
49:27 |   103 |     3.000e-04 |   563.9443 |        497.0327 |    65.0588 |          6.8182 |           10190
49:42 |   104 |     3.000e-04 |   875.2132 |       1100.7191 |   123.4570 |          6.6937 |           10190
49:57 |   105 |     3.000e-04 |   552.6195 |       4550.1141 |   281.0509 |          7.7090 |           10190
50:12 |   106 |     3.000e-04 |  4335.9333 |        367.8998 |    56.8720 |          6.7483 |           10190
50:27 |   107 |     3.000e-04 |   251.2180 |        202.4534 |    29.6852 |          6.4466 |           10190
50:42 |   108 |     3.000e-04 |   269.2073 |        267.6043 |    41.4509 |          6.2981 |           10190
50:57 |   109 |     3.000e-04 |   293.6730 |        643.6458 |    92.8407 |          6.3106 |           10191
51:12 |   110 |     3.000e-04 |   253.5690 |        364.1737 |    56.8161 |          6.3369 |           10191
51:27 |   111 |     3.000e-04 |   203.0675 |        219.3376 |    31.0719 |          6.6391 |           10191
51:42 |   112 |     3.000e-04 |   196.2051 |        262.6199 |    40.6028 |          6.2303 |           10191
51:57 |   113 |     3.000e-04 |   769.4173 |        193.8440 |    29.4623 |          6.1211 |           10191
52:12 |   114 |     3.000e-04 |   230.6935 |        182.7507 |    24.2631 |          6.1722 |           10191
52:27 |   115 |     3.000e-04 |   276.7661 |        258.4275 |    41.3823 |          5.8561 |           10191
52:42 |   116 |     3.000e-04 |   282.4872 |        433.8971 |    62.5988 |          5.9598 |           10191
52:57 |   117 |     3.000e-04 |   255.8968 |        330.8845 |    53.4785 |          5.9305 |           10191
53:12 |   118 |     3.000e-04 |   339.6809 |        199.5757 |    30.6718 |          5.7315 |           10191
53:27 |   119 |     3.000e-04 |   217.2135 |        207.2497 |    33.0261 |          5.8230 |           10191
53:42 |   120 |     3.000e-04 |   300.8016 |        162.2472 |    22.7080 |          5.6163 |           10191
53:57 |   121 |     3.000e-04 |   485.3144 |        335.2635 |    47.3836 |          6.3518 |           10191
54:12 |   122 |     3.000e-04 |   247.1281 |        172.4690 |    23.6338 |          5.9297 |           10191
54:27 |   123 |     3.000e-04 |   239.3972 |        178.1012 |    25.7123 |          5.9408 |           10191
54:42 |   124 |     3.000e-04 |   289.2162 |        304.3981 |    56.0824 |          5.7300 |           10191
54:57 |   125 |     3.000e-04 |   333.7229 |        227.2521 |    41.8462 |          5.6527 |           10191
55:12 |   126 |     3.000e-04 |   306.7165 |        164.6202 |    27.4861 |          5.5146 |           10191
55:27 |   127 |     3.000e-04 |   164.5220 |        151.8229 |    21.4915 |          5.4975 |           10191
55:42 |   128 |     3.000e-04 |   158.4194 |        349.3018 |    60.9560 |          5.5199 |           10191
55:57 |   129 |     3.000e-04 |   284.7173 |        176.4281 |    34.5393 |          5.1000 |           10191
56:12 |   130 |     3.000e-04 |   176.8382 |       1060.3891 |   135.2519 |          5.2496 |           10191
56:27 |   131 |     3.000e-04 |   285.5765 |        847.0769 |   115.9284 |          5.2400 |           10191
56:42 |   132 |     3.000e-04 |   161.4586 |        154.1648 |    26.2254 |          5.1110 |           10191
56:57 |   133 |     3.000e-04 |   177.3366 |        332.1840 |    62.8753 |          5.1497 |           10191
57:12 |   134 |     3.000e-04 |   224.2009 |       1367.9791 |   142.9402 |          5.3835 |           10191
57:27 |   135 |     3.000e-04 |   220.3529 |        205.9438 |    38.9045 |          4.8920 |           10191
57:42 |   136 |     3.000e-04 |   413.3351 |        251.1667 |    50.4068 |          4.7809 |           10191
57:57 |   137 |     3.000e-04 |   157.6463 |        212.7782 |    41.1798 |          4.9283 |           10193
58:12 |   138 |     3.000e-04 |   236.2903 |        197.2137 |    35.9809 |          4.9056 |           10193
58:27 |   139 |     3.000e-04 |   344.4438 |        127.3258 |    17.5148 |          4.9171 |           10193
58:42 |   140 |     3.000e-04 |   111.4566 |        360.9621 |    65.5463 |          4.8399 |           10193
58:57 |   141 |     3.000e-04 |   225.5123 |        345.6739 |    63.9089 |          5.1002 |           10193
59:12 |   142 |     3.000e-04 |   151.0876 |        139.3753 |    22.6887 |          4.6681 |           10193
59:27 |   143 |     3.000e-04 |   145.6105 |        167.5433 |    30.2618 |          4.6149 |           10193
59:42 |   144 |     3.000e-04 |   122.5360 |        182.5516 |    35.7951 |          4.5125 |           10193
59:57 |   145 |     3.000e-04 |   127.9742 |        217.2799 |    47.3023 |          4.5626 |           10193
00:12 |   146 |     3.000e-04 |   111.9681 |        301.5658 |    59.2766 |          4.4362 |           10193
00:27 |   147 |     3.000e-04 |   118.9277 |        121.9646 |    21.5096 |          4.4441 |           10193
00:42 |   148 |     3.000e-04 |   145.2182 |        195.4226 |    35.6582 |          4.7291 |           10193
00:57 |   149 |     3.000e-04 | 146583.0349 |       5165.7622 |   257.6026 |         17.8787 |           10193
01:12 |   150 |     3.000e-04 |  3536.6041 |       1526.4833 |   109.6230 |         11.0826 |           10193
01:27 |   151 |     3.000e-04 |  1194.6340 |       1009.1880 |    97.8364 |         10.6323 |           10193
01:42 |   152 |     3.000e-04 |   952.2218 |        761.7308 |    76.2113 |         10.1875 |           10193
01:57 |   153 |     3.000e-04 |   717.8791 |        856.3728 |    79.7563 |          9.8296 |           10193
02:11 |   154 |     3.000e-04 |   650.0246 |        576.2299 |    68.3785 |          9.6460 |           10193
02:27 |   155 |     3.000e-04 |   536.8470 |        529.9577 |    67.0271 |          9.4325 |           10193
02:42 |   156 |     3.000e-04 |   534.6373 |        448.4013 |    52.3458 |          9.2561 |           10193
02:56 |   157 |     3.000e-04 |   446.6536 |        419.3604 |    51.3342 |          9.0778 |           10193
03:11 |   158 |     3.000e-04 |   396.5355 |        426.7680 |    48.9118 |          8.8995 |           10193
03:26 |   159 |     3.000e-04 |   392.9553 |        388.2180 |    46.0710 |          8.6320 |           10193
03:42 |   160 |     3.000e-04 |   354.4976 |        363.4524 |    43.6718 |          8.4763 |           10193
03:56 |   161 |     3.000e-04 |   365.4713 |        344.8205 |    47.1526 |          8.3436 |           10193
04:11 |   162 |     3.000e-04 |   332.1965 |        363.2624 |    52.0401 |          8.2006 |           10193
04:26 |   163 |     3.000e-04 |   363.3943 |        295.8895 |    38.4459 |          8.0259 |           10193
04:41 |   164 |     3.000e-04 |   314.6152 |        382.0096 |    50.8346 |          8.0306 |           10193
04:56 |   165 |     3.000e-04 |   297.8127 |        310.6261 |    47.3598 |          7.8275 |           10193
05:11 |   166 |     3.000e-04 |   271.2618 |        260.3801 |    35.2580 |          7.7466 |           10193
05:26 |   167 |     3.000e-04 |   251.8141 |        298.9444 |    45.6759 |          7.6759 |           10193
05:41 |   168 |     3.000e-04 |   275.5537 |        648.6201 |    86.9147 |          7.5782 |           10193
05:56 |   169 |     3.000e-04 |   274.5276 |        332.7209 |    50.9090 |          7.5028 |           10193
06:11 |   170 |     3.000e-04 |   235.2579 |        233.2406 |    31.3115 |          7.2619 |           10193
06:26 |   171 |     3.000e-04 |   253.6255 |        235.0491 |    35.8883 |          7.0893 |           10193
06:41 |   172 |     3.000e-04 |   229.0962 |        284.4134 |    42.4726 |          7.0519 |           10193
06:56 |   173 |     3.000e-04 |   213.8763 |        220.0611 |    30.2312 |          7.0184 |           10193
07:11 |   174 |     3.000e-04 |   227.6369 |        363.4408 |    56.9738 |          6.9162 |           10193
07:26 |   175 |     3.000e-04 |   231.1661 |        206.1914 |    28.5631 |          6.7327 |           10193
07:41 |   176 |     3.000e-04 |   222.2166 |        400.2008 |    60.8732 |          6.7981 |           10193
07:56 |   177 |     3.000e-04 |   204.5792 |        200.9934 |    27.7700 |          6.8295 |           10193
08:11 |   178 |     3.000e-04 |   217.6988 |        254.6630 |    44.1886 |          6.5181 |           10193
08:26 |   179 |     3.000e-04 |   245.0304 |        237.3498 |    36.1236 |          6.4339 |           10193
08:41 |   180 |     3.000e-04 |   189.0689 |        192.6207 |    29.1754 |          6.4769 |           10193
08:56 |   181 |     3.000e-04 |   216.9906 |        253.9951 |    41.4186 |          6.3847 |           10193
09:11 |   182 |     3.000e-04 |   285.5808 |        210.5724 |    33.3696 |          6.3258 |           10193
09:26 |   183 |     3.000e-04 |   209.3405 |        222.4480 |    34.6114 |          6.2575 |           10193
09:41 |   184 |     3.000e-04 |   184.5760 |        185.4649 |    27.6693 |          6.2095 |           10193
09:56 |   185 |     3.000e-04 |   204.9631 |        171.2740 |    23.9849 |          6.0973 |           10193
10:11 |   186 |     3.000e-04 |   255.8847 |        168.3262 |    22.9801 |          5.8719 |           10193
10:26 |   187 |     3.000e-04 |   169.2100 |        227.5907 |    38.8667 |          5.8596 |           10193
10:41 |   188 |     3.000e-04 |   218.6474 |        218.9410 |    34.4731 |          5.9093 |           10193
10:56 |   189 |     3.000e-04 |   166.8225 |        189.1661 |    33.8569 |          5.7072 |           10193
11:11 |   190 |     3.000e-04 |   181.1603 |        402.7296 |    68.7780 |          5.6618 |           10193
11:26 |   191 |     3.000e-04 |   172.7934 |        196.3183 |    32.7671 |          5.4883 |           10193
11:41 |   192 |     3.000e-04 |   223.9686 |       1086.6161 |   131.3161 |          5.8340 |           10193
11:56 |   193 |     3.000e-04 |   696.7534 |        154.4859 |    22.6030 |          5.6044 |           10193
12:11 |   194 |     3.000e-04 |   176.5071 |        174.8156 |    30.8396 |          5.5076 |           10193
12:26 |   195 |     3.000e-04 |   151.6074 |        256.3951 |    44.8695 |          5.4599 |           10193
12:41 |   196 |     3.000e-04 |   178.0927 |        195.4945 |    38.3679 |          5.2868 |           10193
12:56 |   197 |     3.000e-04 |   130.3029 |        152.6370 |    26.0119 |          5.1203 |           10193
13:11 |   198 |     3.000e-04 |   114.8451 |        140.9207 |    23.7329 |          5.0613 |           10193
13:26 |   199 |     1.500e-04 |   104.6759 |        155.4895 |    25.5399 |          4.9749 |           10193
13:41 |   200 |     1.500e-04 |    90.8779 |        127.4642 |    15.9996 |          4.9891 |           10193
13:56 |   201 |     1.500e-04 |    90.5602 |        133.3407 |    17.9304 |          4.9821 |           10193
14:11 |   202 |     1.500e-04 |    96.2568 |        149.6659 |    23.2473 |          4.9927 |           10193
14:26 |   203 |     1.500e-04 |    92.8758 |        172.8076 |    31.4610 |          4.8808 |           10193
14:41 |   204 |     1.500e-04 |    87.9564 |        126.7968 |    16.5193 |          4.8384 |           10193
14:56 |   205 |     1.500e-04 |   122.6505 |        120.6736 |    15.6654 |          4.7870 |           10193
15:11 |   206 |     1.500e-04 |    82.6515 |        123.0996 |    16.4074 |          4.8626 |           10193
15:26 |   207 |     1.500e-04 |    91.7634 |        125.6217 |    17.5959 |          4.6995 |           10193
15:41 |   208 |     1.500e-04 |    88.7198 |        125.9552 |    17.3204 |          4.8090 |           10193
15:56 |   209 |     1.500e-04 |    83.7603 |        125.2904 |    20.8078 |          4.6658 |           10193
16:11 |   210 |     1.500e-04 |   125.7722 |        154.0342 |    24.8202 |          4.7237 |           10193
16:26 |   211 |     1.500e-04 |   101.6551 |        146.5032 |    29.9779 |          4.6822 |           10193
16:41 |   212 |     1.500e-04 |    85.4662 |        189.6716 |    38.8509 |          4.6076 |           10193
16:56 |   213 |     1.500e-04 |    95.9781 |        149.2641 |    28.7866 |          4.6235 |           10193
17:11 |   214 |     1.500e-04 |   104.9103 |        133.8568 |    24.7642 |          4.6470 |           10193
17:26 |   215 |     1.500e-04 |    83.7475 |        267.6319 |    56.0041 |          4.5915 |           10193
17:41 |   216 |     1.500e-04 |   112.9282 |        308.4621 |    61.8472 |          4.5535 |           10193
17:56 |   217 |     1.500e-04 |   146.6655 |        124.0129 |    18.5075 |          4.4353 |           10193
18:11 |   218 |     1.500e-04 |    84.6497 |        117.5161 |    17.7326 |          4.4620 |           10193
18:26 |   219 |     1.500e-04 |    86.0838 |        191.7764 |    39.2561 |          4.3419 |           10193
18:41 |   220 |     1.500e-04 |   108.8730 |        128.0449 |    24.0302 |          4.4220 |           10193
18:56 |   221 |     1.500e-04 |    98.6107 |        118.5622 |    16.8714 |          4.5010 |           10193
19:11 |   222 |     1.500e-04 |    84.7862 |        145.7656 |    23.2988 |          4.4798 |           10193
19:26 |   223 |     1.500e-04 |    82.5464 |        147.8792 |    31.8309 |          4.2560 |           10193
19:41 |   224 |     1.500e-04 |   274.6071 |        126.2696 |    19.0551 |          4.4870 |           10193
19:56 |   225 |     1.500e-04 |   111.5402 |        114.0649 |    18.8928 |          4.3904 |           10193
20:11 |   226 |     1.500e-04 |    69.5649 |        132.1832 |    24.9131 |          4.2591 |           10193
20:26 |   227 |     1.500e-04 |    75.0926 |        111.0380 |    16.7755 |          4.1188 |           10193
20:41 |   228 |     1.500e-04 |    96.4548 |        162.8436 |    28.4435 |          4.1354 |           10193
20:56 |   229 |     1.500e-04 |    76.1560 |        105.2331 |    15.0191 |          4.1337 |           10193
21:11 |   230 |     1.500e-04 |   190.6458 |        114.0252 |    14.6818 |          4.1447 |           10193
21:26 |   231 |     1.500e-04 |    82.0331 |        179.1152 |    35.4880 |          4.0914 |           10193
21:41 |   232 |     1.500e-04 |   113.2128 |        129.0285 |    26.6734 |          4.1151 |           10193
21:56 |   233 |     1.500e-04 |   109.4130 |        172.6913 |    35.7034 |          4.3191 |           10193
22:11 |   234 |     1.500e-04 |    84.6673 |        128.9646 |    20.5138 |          4.2463 |           10193
22:26 |   235 |     1.500e-04 |    80.0415 |        204.3086 |    42.5202 |          4.0328 |           10193
22:41 |   236 |     1.500e-04 |    79.8727 |        133.5701 |    26.1047 |          3.9613 |           10193
22:56 |   237 |     1.500e-04 |    69.2303 |        104.4039 |    14.8368 |          3.9322 |           10193
23:11 |   238 |     1.500e-04 |    76.4661 |         99.6463 |    13.8409 |          3.9228 |           10193
23:26 |   239 |     1.500e-04 |    66.8039 |        111.1100 |    21.7193 |          3.8721 |           10193
23:41 |   240 |     1.500e-04 |    72.1774 |        113.6484 |    18.3034 |          3.8888 |           10193
23:56 |   241 |     1.500e-04 |   200.3039 |        104.0129 |    16.4717 |          3.9460 |           10193
24:11 |   242 |     1.500e-04 |    82.4723 |        116.7295 |    21.2690 |          3.8561 |           10193
24:26 |   243 |     1.500e-04 |    81.7735 |        205.3654 |    43.9512 |          3.7693 |           10193
24:41 |   244 |     1.500e-04 |    71.6434 |         97.9475 |    14.6822 |          3.7342 |           10193
24:56 |   245 |     1.500e-04 |    54.8114 |         99.2431 |    12.2015 |          3.7461 |           10193
25:11 |   246 |     1.500e-04 |   107.3581 |        107.2319 |    21.2502 |          3.9133 |           10193
25:26 |   247 |     1.500e-04 |    97.5978 |        169.8826 |    34.7955 |          3.9403 |           10193
25:41 |   248 |     1.500e-04 |    68.4606 |        104.3762 |    17.2363 |          3.7528 |           10193
25:56 |   249 |     1.500e-04 |    52.7559 |         99.1958 |    13.2122 |          3.6464 |           10193
26:10 |   250 |     1.500e-04 |    99.2359 |         91.2912 |    14.9569 |          3.8082 |           10193
26:26 |   251 |     1.500e-04 |   101.3204 |        121.6175 |    22.1810 |          3.8379 |           10193
26:41 |   252 |     1.500e-04 |    63.4389 |        106.6697 |    17.5953 |          3.6506 |           10193
26:56 |   253 |     1.500e-04 |    71.2904 |        113.0163 |    21.1093 |          3.7434 |           10193
27:10 |   254 |     1.500e-04 |    77.0259 |        104.8705 |    20.2108 |          3.5682 |           10193
27:25 |   255 |     1.500e-04 |    69.8949 |         91.4061 |    14.2493 |          3.5432 |           10193
27:41 |   256 |     1.500e-04 |    57.1554 |         98.1665 |    16.7452 |          3.5790 |           10193
27:56 |   257 |     1.500e-04 |   244.9268 |        382.6374 |    69.6787 |          4.6325 |           10193
28:10 |   258 |     1.500e-04 |   139.4785 |        107.1730 |    18.1971 |          3.7718 |           10193
28:25 |   259 |     1.500e-04 |    50.6998 |         98.7092 |    15.2453 |          3.5051 |           10193
28:40 |   260 |     1.500e-04 |    42.0540 |         85.7459 |    11.5925 |          3.3953 |           10193
28:55 |   261 |     1.500e-04 |    48.9459 |         91.3134 |    11.9366 |          3.4653 |           10193
29:10 |   262 |     1.500e-04 |    74.3450 |        164.7339 |    36.9038 |          3.5472 |           10193
29:25 |   263 |     1.500e-04 |    46.2326 |        132.8133 |    30.1022 |          3.4833 |           10193
29:40 |   264 |     1.500e-04 |    51.9814 |        121.0750 |    26.2950 |          3.4017 |           10193
29:55 |   265 |     1.500e-04 |    56.3667 |        143.5401 |    27.2376 |          3.6796 |           10193
30:10 |   266 |     1.500e-04 |    75.8556 |         85.7962 |    11.0431 |          3.3091 |           10193
30:25 |   267 |     1.500e-04 |    58.1145 |        167.4749 |    33.1453 |          3.5373 |           10193
30:40 |   268 |     1.500e-04 |    87.6498 |        113.6926 |    22.2193 |          3.4679 |           10193
30:55 |   269 |     1.500e-04 |    93.4677 |        150.1043 |    33.3692 |          3.5378 |           10193
31:10 |   270 |     1.500e-04 |    59.9038 |        181.3326 |    42.7740 |          3.3671 |           10193
31:25 |   271 |     1.500e-04 |    55.0210 |        108.3480 |    14.8183 |          3.5738 |           10193
31:40 |   272 |     1.500e-04 |  5111.4743 |        653.0761 |    74.0806 |          7.1864 |           10193
31:55 |   273 |     1.500e-04 |   262.5500 |        162.2186 |    22.1383 |          5.4833 |           10193
32:10 |   274 |     1.500e-04 |   132.9536 |        126.9816 |    17.7088 |          5.0904 |           10193
32:25 |   275 |     1.500e-04 |   106.3914 |        163.5942 |    30.9384 |          4.8881 |           10193
32:40 |   276 |     1.500e-04 |   102.8459 |        150.6911 |    32.2734 |          4.7093 |           10193
32:55 |   277 |     1.500e-04 |    85.2144 |        172.6918 |    37.1812 |          4.5256 |           10193
33:10 |   278 |     1.500e-04 |    74.0712 |        106.8543 |    16.1270 |          4.4017 |           10193
33:25 |   279 |     1.500e-04 |    62.8049 |        100.6577 |    14.4522 |          4.2365 |           10193
33:40 |   280 |     1.500e-04 |    60.6688 |         96.4987 |    13.4227 |          4.1217 |           10193
33:55 |   281 |     1.500e-04 |    56.4845 |         96.8899 |    13.2097 |          4.0456 |           10193
34:10 |   282 |     1.500e-04 |    53.5742 |         92.4363 |    11.6924 |          3.9849 |           10193
34:25 |   283 |     1.500e-04 |    48.4620 |         92.1587 |    13.4087 |          3.9192 |           10193
34:40 |   284 |     1.500e-04 |    48.4974 |         94.3523 |    12.4435 |          3.8422 |           10193
34:55 |   285 |     1.500e-04 |    46.9829 |         89.5215 |    10.5992 |          3.8015 |           10193
35:10 |   286 |     1.500e-04 |    48.5598 |        105.6572 |    18.4124 |          3.7984 |           10193
35:25 |   287 |     1.500e-04 |    48.4320 |         92.0053 |    11.9374 |          3.8062 |           10193
35:40 |   288 |     1.500e-04 |    41.8001 |         90.2014 |    11.9879 |          3.7189 |           10193
35:55 |   289 |     1.500e-04 |    47.3156 |         91.1897 |    11.9923 |          3.6637 |           10193
36:10 |   290 |     1.500e-04 |    39.5029 |         87.7624 |    10.2055 |          3.6027 |           10193
36:25 |   291 |     1.500e-04 |    51.8555 |         91.8134 |    12.5817 |          3.5551 |           10193
36:40 |   292 |     1.500e-04 |    44.6113 |         86.6938 |    10.2881 |          3.5558 |           10193
36:55 |   293 |     1.500e-04 |    39.3922 |        108.7808 |    20.6219 |          3.5561 |           10193
37:10 |   294 |     1.500e-04 |    46.1015 |        102.5181 |    19.0384 |          3.4519 |           10193
37:25 |   295 |     1.500e-04 |    39.6916 |         86.9402 |    11.8877 |          3.4368 |           10193
37:40 |   296 |     1.500e-04 |    70.4687 |        109.1002 |    23.2860 |          3.4810 |           10193
37:55 |   297 |     1.500e-04 |    44.5610 |         88.3735 |    11.2296 |          3.4051 |           10193
38:10 |   298 |     1.500e-04 |    42.7703 |         95.6319 |    15.8379 |          3.4246 |           10193
38:25 |   299 |     1.500e-04 |    38.9539 |        112.5704 |    23.7388 |          3.3110 |           10193
38:40 |   300 |     1.500e-04 |    54.8459 |         84.0282 |    10.2014 |          3.3328 |           10193
38:55 |   301 |     1.500e-04 |    42.3068 |         96.6594 |    14.6704 |          3.3112 |           10193
39:10 |   302 |     1.500e-04 |    43.6822 |         83.7187 |    12.7816 |          3.2973 |           10193
39:25 |   303 |     1.500e-04 |    61.6214 |         91.4790 |    13.9459 |          3.2339 |           10193
39:40 |   304 |     1.500e-04 |    46.5755 |        111.3547 |    23.1820 |          3.2738 |           10193
39:55 |   305 |     1.500e-04 |    44.6785 |         90.5601 |    16.1374 |          3.2634 |           10193
40:10 |   306 |     1.500e-04 |    42.6825 |        100.3078 |    19.0883 |          3.2202 |           10193
40:25 |   307 |     1.500e-04 |    85.1471 |        163.2134 |    33.5329 |          3.5794 |           10193
40:40 |   308 |     1.500e-04 |   112.4375 |         83.2094 |     9.4287 |          3.2328 |           10193
40:55 |   309 |     1.500e-04 |    53.2569 |         83.7498 |    10.7205 |          3.1773 |           10193
41:10 |   310 |     1.500e-04 |    59.7338 |        108.0723 |    21.6124 |          3.3152 |           10193
41:25 |   311 |     1.500e-04 |    63.3158 |         94.8605 |    19.6047 |          3.2161 |           10193
41:40 |   312 |     1.500e-04 |    42.0868 |        134.9908 |    33.3924 |          3.2171 |           10193
41:55 |   313 |     1.500e-04 |    55.9986 |         81.7630 |    13.7143 |          3.1368 |           10193
42:10 |   314 |     1.500e-04 |    49.5802 |         87.9111 |    15.2341 |          3.2221 |           10193
42:25 |   315 |     1.500e-04 |    43.5673 |         99.5700 |    20.2931 |          3.1076 |           10193
42:40 |   316 |     1.500e-04 |    62.7108 |         95.6224 |    16.5585 |          3.1747 |           10193
42:55 |   317 |     1.500e-04 |    36.9192 |         87.0106 |    11.3251 |          3.0747 |           10193
43:10 |   318 |     1.500e-04 |    49.4971 |         87.5441 |    11.9258 |          3.1176 |           10193
43:25 |   319 |     1.500e-04 |    55.5422 |        132.2735 |    29.9540 |          3.0748 |           10193
43:40 |   320 |     1.500e-04 |    48.1612 |        105.5230 |    14.2379 |          3.2548 |           10193
43:55 |   321 |     1.500e-04 |    80.3979 |        108.9516 |    20.0781 |          3.1702 |           10193
44:10 |   322 |     1.500e-04 |    46.1616 |        105.5534 |    21.9742 |          3.0315 |           10193
44:25 |   323 |     1.500e-04 |    53.4536 |         94.0490 |    17.1169 |          3.0984 |           10193
44:40 |   324 |     1.500e-04 |    50.8431 |        104.0502 |    19.3641 |          2.9826 |           10193
44:55 |   325 |     1.500e-04 |    40.2682 |        115.7425 |    25.8866 |          2.9678 |           10193
45:10 |   326 |     1.500e-04 |    43.8390 |         95.9537 |    17.2761 |          3.0259 |           10193
45:25 |   327 |     1.500e-04 |    74.6661 |         87.0726 |    12.6369 |          3.1523 |           10193
45:39 |   328 |     1.500e-04 |   114.8117 |         90.0049 |    12.2961 |          3.2095 |           10193
45:54 |   329 |     1.500e-04 |    40.2315 |         92.1098 |    16.1806 |          2.9903 |           10193
46:10 |   330 |     1.500e-04 |    35.3856 |         84.5236 |    12.5847 |          3.1176 |           10193
46:24 |   331 |     1.500e-04 |    29.2564 |         96.8599 |    17.3568 |          3.0665 |           10193
46:39 |   332 |     1.500e-04 |    67.3296 |        160.1635 |    38.8719 |          3.3320 |           10193
46:54 |   333 |     1.500e-04 |    60.4942 |        108.9216 |    20.7512 |          3.1796 |           10193
47:09 |   334 |     1.500e-04 |    53.1027 |        217.3573 |    51.9959 |          3.0081 |           10193
47:24 |   335 |     1.500e-04 |    79.4320 |         92.8511 |    15.2127 |          3.0707 |           10193
47:39 |   336 |     1.500e-04 |    63.5929 |        461.8986 |    83.5487 |          3.2769 |           10193
47:54 |   337 |     1.500e-04 |    55.9339 |         81.7872 |    13.1993 |          2.9668 |           10193
48:09 |   338 |     1.500e-04 |    34.4070 |        112.0366 |    26.7484 |          3.0913 |           10193
48:24 |   339 |     1.500e-04 |    51.1744 |        117.2948 |    27.7485 |          3.2820 |           10193
48:39 |   340 |     1.500e-04 |    42.6242 |         80.2553 |    13.6885 |          2.9329 |           10193
48:54 |   341 |     1.500e-04 |    49.9445 |         90.0077 |    15.6875 |          3.0278 |           10193
49:09 |   342 |     1.500e-04 |    30.3466 |         95.6165 |    19.7836 |          3.0674 |           10193
49:24 |   343 |     1.500e-04 |    38.3226 |         82.5326 |    14.1432 |          2.9043 |           10193
49:39 |   344 |     1.500e-04 |  2333.1535 |       8208.8042 |   382.7390 |         10.7381 |           10193
49:54 |   345 |     1.500e-04 |   513.6946 |        147.7920 |    23.3346 |          5.3055 |           10193
50:09 |   346 |     1.500e-04 |    74.4261 |        120.5809 |    18.1788 |          4.6741 |           10193
50:24 |   347 |     1.500e-04 |    59.2400 |        115.5849 |    16.6153 |          4.3342 |           10193
50:39 |   348 |     1.500e-04 |    60.1092 |        106.7717 |    17.0157 |          4.1251 |           10193
50:54 |   349 |     1.500e-04 |    48.2811 |         97.9151 |    11.1694 |          3.9849 |           10193
51:09 |   350 |     1.500e-04 |    41.8768 |         94.1271 |    11.7306 |          3.8615 |           10193
51:24 |   351 |     1.500e-04 |    39.0475 |        104.4323 |    17.1621 |          3.7863 |           10193
51:39 |   352 |     1.500e-04 |    38.7378 |         91.7052 |    12.4678 |          3.6876 |           10193
51:54 |   353 |     1.500e-04 |    41.4144 |        108.1699 |    19.4596 |          3.6192 |           10193
52:09 |   354 |     1.500e-04 |    39.3139 |         88.0399 |    10.3553 |          3.5727 |           10193
52:24 |   355 |     1.500e-04 |    35.0881 |         87.4294 |    10.3788 |          3.4813 |           10193
52:39 |   356 |     1.500e-04 |    33.4542 |         87.9288 |    13.1487 |          3.4308 |           10193
52:54 |   357 |     1.500e-04 |    33.9915 |         84.8029 |     9.1352 |          3.3956 |           10193
53:09 |   358 |     1.500e-04 |    32.0230 |         83.4613 |    10.1264 |          3.3391 |           10193
53:24 |   359 |     1.500e-04 |    30.8065 |         82.2956 |     8.8883 |          3.3003 |           10193
53:39 |   360 |     1.500e-04 |    32.3258 |         95.9496 |    16.1382 |          3.2406 |           10193
53:54 |   361 |     1.500e-04 |    32.3060 |         83.9072 |     9.2722 |          3.2440 |           10193
54:09 |   362 |     1.500e-04 |    28.1943 |         83.6232 |     9.5491 |          3.2040 |           10193
54:24 |   363 |     1.500e-04 |    32.1582 |         83.2300 |    10.1108 |          3.1457 |           10193
54:39 |   364 |     1.500e-04 |    31.0173 |         90.3297 |    14.8814 |          3.1484 |           10193
54:54 |   365 |     1.500e-04 |    29.3782 |         85.6833 |    12.2263 |          3.0766 |           10193
55:09 |   366 |     1.500e-04 |    28.7495 |        103.5302 |    21.9288 |          3.0764 |           10193
55:24 |   367 |     1.500e-04 |    34.5185 |         98.5373 |    18.2891 |          3.0958 |           10193
55:39 |   368 |     1.500e-04 |    40.4715 |         87.1856 |    13.7477 |          3.0333 |           10193
55:54 |   369 |     1.500e-04 |    32.3376 |         78.2655 |     9.2964 |          3.0070 |           10193
56:09 |   370 |     1.500e-04 |    26.5786 |         77.8862 |     9.1784 |          3.0242 |           10193
56:24 |   371 |     1.500e-04 |    39.8599 |         94.8701 |    18.4501 |          3.0199 |           10193
56:39 |   372 |     1.500e-04 |    35.0665 |         98.3102 |    21.9635 |          3.0368 |           10193
56:54 |   373 |     1.500e-04 |    37.4555 |         97.7651 |    19.6105 |          3.1825 |           10193
57:09 |   374 |     1.500e-04 |    44.1540 |        167.9890 |    42.0863 |          3.0236 |           10193
57:24 |   375 |     1.500e-04 |    51.2358 |        100.7222 |    21.6622 |          2.9935 |           10193
57:39 |   376 |     1.500e-04 |    30.1554 |        116.3461 |    29.2730 |          2.8818 |           10193
57:54 |   377 |     1.500e-04 |    46.4195 |        221.2039 |    54.0083 |          2.9593 |           10193
58:09 |   378 |     1.500e-04 |    46.9327 |         88.0264 |    13.9118 |          2.9047 |           10193
58:24 |   379 |     1.500e-04 |    35.7514 |         77.7903 |     9.8433 |          2.9372 |           10193
58:39 |   380 |     1.500e-04 |    37.3405 |        140.9136 |    28.6202 |          3.1647 |           10193
58:54 |   381 |     1.500e-04 |    52.6330 |         80.4545 |    14.2618 |          2.8698 |           10193
59:09 |   382 |     1.500e-04 |    96.2650 |        105.0256 |    23.5394 |          2.9710 |           10193
59:24 |   383 |     1.500e-04 |    44.4849 |        105.0067 |    18.8859 |          3.0435 |           10193
59:39 |   384 |     1.500e-04 |    31.5452 |         85.1574 |    16.9243 |          2.9171 |           10193
59:54 |   385 |     1.500e-04 |    36.5711 |         77.3375 |    10.2657 |          2.9054 |           10193
00:09 |   386 |     1.500e-04 |    34.6774 |         85.6371 |    14.1050 |          2.9328 |           10193
00:24 |   387 |     1.500e-04 |    43.0926 |         76.0002 |     9.8416 |          2.9467 |           10193
00:39 |   388 |     1.500e-04 |    38.8473 |         86.7559 |    17.4641 |          2.9169 |           10193
00:54 |   389 |     1.500e-04 |    41.3153 |         78.1353 |    12.2302 |          2.8080 |           10193
01:09 |   390 |     1.500e-04 |    37.8113 |        135.7621 |    24.6238 |          3.2161 |           10193
01:24 |   391 |     1.500e-04 |    70.9994 |        117.4832 |    26.5666 |          3.2083 |           10193
01:39 |   392 |     1.500e-04 |    28.4248 |         80.9249 |    12.4947 |          2.7125 |           10193
01:54 |   393 |     1.500e-04 |    28.8017 |         76.0749 |    11.7531 |          2.8118 |           10193
02:09 |   394 |     1.500e-04 |    32.8820 |         76.1581 |    11.3813 |          2.7837 |           10193
02:24 |   395 |     1.500e-04 |    33.6102 |         98.9307 |    16.0522 |          2.8173 |           10193
02:39 |   396 |     1.500e-04 |    35.4105 |         80.5730 |    14.2819 |          2.8349 |           10193
02:54 |   397 |     1.500e-04 |    50.0581 |        109.4312 |    26.6533 |          2.8590 |           10193
03:09 |   398 |     1.500e-04 |    28.8827 |         91.1678 |    12.9442 |          2.8405 |           10193
03:24 |   399 |     1.500e-04 |    50.9574 |         86.5026 |    16.7912 |          2.8143 |           10193
03:39 |   400 |     1.500e-04 |    42.0923 |         81.8024 |    16.1661 |          2.7146 |           10193
03:54 |   401 |     1.500e-04 |    80.8414 |         95.3721 |    13.6794 |          2.9780 |           10193
04:09 |   402 |     1.500e-04 |    71.0552 |        249.0486 |    55.8432 |          3.0614 |           10193
04:24 |   403 |     1.500e-04 |    38.7474 |         82.4133 |    14.4652 |          2.7829 |           10193
04:39 |   404 |     1.500e-04 |    26.3438 |         75.8952 |    12.2516 |          2.6564 |           10193
04:54 |   405 |     1.500e-04 |    31.4644 |        145.6847 |    38.7969 |          2.8471 |           10193
05:09 |   406 |     1.500e-04 |    38.6440 |         77.4418 |    10.5421 |          2.5994 |           10193
05:23 |   407 |     1.500e-04 |    31.0599 |         85.0784 |    16.7335 |          2.8492 |           10193
05:39 |   408 |     1.500e-04 |    30.3180 |         86.3622 |    15.1646 |          2.6683 |           10193
05:54 |   409 |     1.500e-04 |    41.3131 |         79.1304 |    13.5062 |          2.7701 |           10193
06:08 |   410 |     1.500e-04 |    36.0070 |         91.5780 |    15.9881 |          2.7097 |           10193
06:23 |   411 |     1.500e-04 |    44.5331 |         81.1743 |    12.1427 |          2.7133 |           10193
06:38 |   412 |     1.500e-04 |  2510.1363 |        354.2314 |    45.1998 |          6.4647 |           10193
06:54 |   413 |     1.500e-04 |   217.7842 |        340.1536 |    59.8206 |          5.3819 |           10193
07:08 |   414 |     1.500e-04 |   120.1007 |        118.7845 |    16.7094 |          4.8178 |           10193
07:23 |   415 |     1.500e-04 |    87.7362 |        111.4039 |    16.4356 |          4.4773 |           10193
07:38 |   416 |     1.500e-04 |    63.0195 |        106.5069 |    13.3560 |          4.4138 |           10193
07:53 |   417 |     1.500e-04 |    55.2856 |        100.6691 |    13.4838 |          4.1374 |           10193
08:08 |   418 |     1.500e-04 |    51.8410 |         97.0712 |    11.8796 |          3.9641 |           10193
08:23 |   419 |     1.500e-04 |    48.9605 |         94.0470 |    10.7903 |          3.8936 |           10193
08:38 |   420 |     1.500e-04 |    43.7889 |         91.6804 |    11.3819 |          3.7986 |           10193
08:53 |   421 |     1.500e-04 |    42.8848 |         92.2922 |    11.6278 |          3.7394 |           10193
09:08 |   422 |     1.500e-04 |    41.1825 |         90.3203 |    12.2809 |          3.6705 |           10193
09:23 |   423 |     1.500e-04 |    39.9074 |         88.7048 |    12.5145 |          3.5875 |           10193
09:38 |   424 |     1.500e-04 |    35.1091 |         88.0917 |    10.6026 |          3.5464 |           10193
09:53 |   425 |     1.500e-04 |    35.1712 |         91.1438 |    12.8352 |          3.4647 |           10193
10:08 |   426 |     1.500e-04 |    39.0263 |         86.5937 |    13.1069 |          3.4189 |           10193
10:23 |   427 |     1.500e-04 |    40.8739 |        103.5212 |    19.6867 |          3.3971 |           10193
10:38 |   428 |     1.500e-04 |    33.2738 |        106.5313 |    24.5406 |          3.3335 |           10193
10:53 |   429 |     1.500e-04 |    32.3536 |         83.2242 |    11.8046 |          3.2598 |           10193
11:08 |   430 |     1.500e-04 |    35.7297 |         88.7597 |    16.0058 |          3.2493 |           10193
11:23 |   431 |     1.500e-04 |    49.4990 |         81.1971 |     9.5282 |          3.2193 |           10193
11:38 |   432 |     1.500e-04 |    31.4688 |         88.8981 |    17.0171 |          3.1544 |           10193
11:53 |   433 |     1.500e-04 |    34.4269 |        130.5276 |    30.9439 |          3.1284 |           10193
12:08 |   434 |     1.500e-04 |    32.1614 |         93.2896 |    15.4601 |          3.0957 |           10193
12:23 |   435 |     1.500e-04 |    34.5920 |        104.8606 |    25.1885 |          3.1361 |           10193
12:38 |   436 |     1.500e-04 |    36.7905 |         77.6998 |     9.5584 |          3.1141 |           10193
12:53 |   437 |     1.500e-04 |    52.3178 |         88.1152 |    15.7075 |          3.1917 |           10193
13:08 |   438 |     1.500e-04 |    29.8490 |         86.2432 |    11.7404 |          3.0235 |           10193
13:23 |   439 |     1.500e-04 |    44.5859 |        117.1586 |    29.4637 |          3.0090 |           10193
13:38 |   440 |     1.500e-04 |    41.5265 |         85.6649 |    14.0292 |          2.9609 |           10193
13:53 |   441 |     1.500e-04 |    32.2607 |         86.8102 |    13.9562 |          2.9707 |           10193
14:08 |   442 |     1.500e-04 |    30.4231 |         83.3487 |    13.8041 |          2.9105 |           10193
14:23 |   443 |     1.500e-04 |    46.9735 |         82.0489 |    12.1228 |          2.9179 |           10193
14:38 |   444 |     1.500e-04 |    34.5054 |         84.4695 |    13.4045 |          2.8659 |           10193
14:53 |   445 |     1.500e-04 |    34.1927 |         77.9656 |    10.1160 |          2.8814 |           10193
15:08 |   446 |     1.500e-04 |    29.5394 |         88.5068 |    14.1498 |          2.9567 |           10193
15:23 |   447 |     1.500e-04 |    46.8127 |         86.9693 |    12.7576 |          2.8471 |           10193
15:38 |   448 |     1.500e-04 |    41.3406 |         88.2277 |    13.5239 |          2.9505 |           10193
15:53 |   449 |     1.500e-04 |    74.2688 |         81.2117 |    10.3769 |          2.9323 |           10193
16:08 |   450 |     1.500e-04 |    46.5680 |        205.3189 |    50.6924 |          2.9555 |           10193
16:23 |   451 |     1.500e-04 |   115.7529 |        354.5641 |    69.9214 |          3.5680 |           10193
16:38 |   452 |     1.500e-04 |    71.9420 |        145.3697 |    28.6254 |          3.0195 |           10193
16:53 |   453 |     1.500e-04 |    37.3095 |         95.5223 |    16.7738 |          2.8757 |           10193
17:08 |   454 |     1.500e-04 |    24.1885 |         75.0782 |     8.0726 |          2.7999 |           10193
17:23 |   455 |     1.500e-04 |    25.5154 |         95.4384 |    20.9271 |          2.8798 |           10193
17:38 |   456 |     1.500e-04 |    30.6544 |         76.8356 |    10.9598 |          2.8911 |           10193
17:53 |   457 |     1.500e-04 |    25.3532 |         75.8051 |     9.9342 |          2.7563 |           10193
18:08 |   458 |     1.500e-04 |    23.7977 |         73.5556 |     8.0742 |          2.7404 |           10193
18:23 |   459 |     1.500e-04 |    31.5350 |         75.0800 |     7.5895 |          2.6753 |           10193
18:38 |   460 |     1.500e-04 |    27.8820 |        105.7708 |    21.9520 |          2.7255 |           10193
18:53 |   461 |     1.500e-04 |    30.8487 |        107.2593 |    25.1072 |          2.7189 |           10193
19:08 |   462 |     1.500e-04 |    40.1553 |         76.3812 |    10.6057 |          2.6743 |           10193
19:23 |   463 |     1.500e-04 |    32.4490 |         98.9491 |    21.5055 |          2.7531 |           10193
19:38 |   464 |     1.500e-04 |    40.8068 |         73.4485 |    10.9261 |          2.6432 |           10193
19:53 |   465 |     1.500e-04 |    43.7100 |         77.4608 |    11.1371 |          2.7342 |           10193
20:08 |   466 |     1.500e-04 |    36.6991 |        370.1775 |    68.8706 |          2.8862 |           10193
20:23 |   467 |     1.500e-04 |  2402.1553 |        142.4381 |    20.3750 |          5.5035 |           10193
20:38 |   468 |     1.500e-04 |    78.1287 |        112.8984 |    14.7256 |          4.4240 |           10193
20:53 |   469 |     1.500e-04 |    51.3169 |         99.1688 |    12.2209 |          4.0154 |           10193
21:08 |   470 |     1.500e-04 |    41.3149 |        103.8232 |    19.1257 |          3.8209 |           10193
21:23 |   471 |     1.500e-04 |    36.3865 |         97.2913 |    14.4261 |          3.6077 |           10193
21:38 |   472 |     1.500e-04 |    33.4207 |         87.6499 |     9.7814 |          3.4795 |           10193
21:53 |   473 |     1.500e-04 |    31.0181 |         85.9675 |     9.8726 |          3.4131 |           10193
22:08 |   474 |     1.500e-04 |    29.0155 |         84.3978 |     8.4144 |          3.3313 |           10193
22:23 |   475 |     1.500e-04 |    28.0636 |         84.3824 |    11.2313 |          3.2548 |           10193
22:38 |   476 |     1.500e-04 |    27.4753 |        102.0777 |    19.7841 |          3.1997 |           10193
22:53 |   477 |     1.500e-04 |    27.0918 |         80.7989 |     8.1869 |          3.1590 |           10193
23:08 |   478 |     1.500e-04 |    25.6529 |         82.4860 |     8.8414 |          3.0933 |           10193
23:23 |   479 |     1.500e-04 |    24.5526 |         81.3185 |     9.3564 |          3.0253 |           10193
23:38 |   480 |     1.500e-04 |    24.1515 |         79.7272 |     9.0897 |          3.0142 |           10193
23:53 |   481 |     1.500e-04 |    25.5964 |         79.3790 |     8.1148 |          2.9811 |           10193
24:08 |   482 |     1.500e-04 |    23.3752 |         78.1743 |     8.1417 |          2.9364 |           10193
24:23 |   483 |     1.500e-04 |    25.5865 |         79.3210 |    11.9624 |          2.8991 |           10193
24:38 |   484 |     1.500e-04 |    23.7991 |         76.4613 |     7.5444 |          2.8975 |           10193
24:53 |   485 |     1.500e-04 |    24.6125 |         80.5373 |    12.8143 |          2.8636 |           10193
25:08 |   486 |     1.500e-04 |    23.8334 |         78.7903 |     8.6302 |          2.8235 |           10193
25:23 |   487 |     1.500e-04 |    23.2868 |         79.8436 |    12.7904 |          2.8147 |           10193
25:38 |   488 |     1.500e-04 |    25.6206 |         78.3155 |     8.7838 |          2.8194 |           10193
25:53 |   489 |     1.500e-04 |    23.7747 |         76.3895 |     9.6389 |          2.7673 |           10193
26:08 |   490 |     1.500e-04 |    24.4148 |         79.8415 |    13.4532 |          2.7435 |           10193
26:23 |   491 |     1.500e-04 |    26.7161 |         87.5957 |    18.0683 |          2.7732 |           10193
26:38 |   492 |     1.500e-04 |    40.7790 |         89.5360 |    15.5759 |          2.8055 |           10193
26:53 |   493 |     1.500e-04 |    46.2584 |         98.4352 |    20.6061 |          2.7817 |           10193
27:08 |   494 |     1.500e-04 |    79.2204 |        118.0056 |    22.7749 |          3.1566 |           10193
27:23 |   495 |     1.500e-04 |    55.1671 |         89.4776 |    10.9169 |          2.8376 |           10193
27:38 |   496 |     1.500e-04 |    52.1818 |        108.1315 |    23.0099 |          2.8333 |           10193
27:53 |   497 |     1.500e-04 |    32.0699 |         83.7977 |    13.4600 |          2.6736 |           10193
28:07 |   498 |     1.500e-04 |    29.6075 |         78.9217 |    15.4451 |          2.6957 |           10193
28:22 |   499 |     1.500e-04 |    22.0992 |         73.4151 |     8.1166 |          2.6118 |           10193
28:38 |   500 |     1.500e-04 |    20.1259 |         74.2107 |     7.5421 |          2.6058 |           10193
28:53 |   501 |     1.500e-04 |    20.5640 |         75.6597 |     8.4190 |          2.5947 |           10193
29:07 |   502 |     1.500e-04 |    27.4906 |         74.4782 |     9.3185 |          2.6354 |           10193
29:22 |   503 |     1.500e-04 |    23.9007 |         80.8772 |    16.6083 |          2.5500 |           10193
29:37 |   504 |     1.500e-04 |    28.0927 |         79.6252 |    12.3669 |          2.7003 |           10193
29:53 |   505 |     1.500e-04 |    22.7076 |         77.4922 |    11.3404 |          2.5842 |           10193
30:07 |   506 |     1.500e-04 |    25.8054 |         73.7675 |     9.1534 |          2.6063 |           10193
30:22 |   507 |     1.500e-04 |    26.0119 |         81.6051 |     9.4870 |          2.6312 |           10193
30:37 |   508 |     1.500e-04 |    38.7400 |        179.3298 |    44.0851 |          2.6232 |           10193
30:52 |   509 |     1.500e-04 |    37.8989 |         89.7347 |    16.1565 |          2.6141 |           10193
31:07 |   510 |     1.500e-04 |    32.7955 |         79.1646 |    10.2019 |          2.7600 |           10193
31:22 |   511 |     1.500e-04 |    58.0163 |         80.2978 |     9.9625 |          2.7083 |           10193
31:37 |   512 |     1.500e-04 |    43.0082 |         77.0796 |     9.1697 |          2.7477 |           10193
31:52 |   513 |     1.500e-04 |    22.0235 |         78.7550 |    11.6898 |          2.5497 |           10193
32:07 |   514 |     1.500e-04 |    30.9936 |         89.5320 |    15.9940 |          2.7054 |           10193
32:22 |   515 |     1.500e-04 |    26.5993 |         73.5237 |     9.3142 |          2.4891 |           10193
32:37 |   516 |     1.500e-04 |    20.6882 |         69.0775 |     9.0498 |          2.5661 |           10193
32:52 |   517 |     1.500e-04 |    30.9533 |        121.5164 |    24.5555 |          2.9492 |           10193
33:07 |   518 |     1.500e-04 |  1746.4301 |        158.1103 |    23.6561 |          5.3809 |           10193
33:22 |   519 |     1.500e-04 |    99.2802 |        122.4061 |    19.5234 |          4.6283 |           10193
33:37 |   520 |     1.500e-04 |    73.6463 |        108.5557 |    14.5839 |          4.3517 |           10193
33:52 |   521 |     1.500e-04 |    53.3783 |        100.1384 |    11.6229 |          4.1347 |           10193
34:07 |   522 |     1.500e-04 |    48.8023 |        103.3194 |    15.2496 |          3.9870 |           10193
34:22 |   523 |     1.500e-04 |    41.6218 |         98.7997 |    13.2884 |          3.7619 |           10193
34:37 |   524 |     1.500e-04 |    36.4662 |         93.6736 |    14.8931 |          3.6524 |           10193
34:52 |   525 |     1.500e-04 |    34.4673 |         93.4987 |    15.1230 |          3.5519 |           10193
35:07 |   526 |     1.500e-04 |    32.3447 |         88.1689 |    10.3532 |          3.4810 |           10193
35:22 |   527 |     1.500e-04 |    31.0945 |         95.7189 |    14.5074 |          3.3452 |           10193
35:37 |   528 |     1.500e-04 |    27.6448 |         84.0462 |     9.1978 |          3.2798 |           10193
35:52 |   529 |     1.500e-04 |    28.8519 |         84.2819 |     8.8877 |          3.2086 |           10193
36:07 |   530 |     1.500e-04 |    29.2610 |         83.4264 |    10.9558 |          3.1596 |           10193
36:22 |   531 |     1.500e-04 |    26.0160 |         82.5064 |     7.8575 |          3.1200 |           10193
36:37 |   532 |     1.500e-04 |    25.6893 |         80.9577 |     8.2103 |          3.0680 |           10193
36:52 |   533 |     1.500e-04 |    33.3457 |         82.3483 |    11.5818 |          3.0248 |           10193
37:07 |   534 |     1.500e-04 |    24.6758 |         83.0766 |     8.8212 |          2.9978 |           10193
37:22 |   535 |     1.500e-04 |    38.2021 |         83.5945 |     9.4793 |          2.9495 |           10193
37:37 |   536 |     1.500e-04 |    30.2915 |         79.6159 |     7.9758 |          2.9172 |           10193
37:52 |   537 |     1.500e-04 |    29.9015 |         97.7952 |    16.4344 |          2.9162 |           10193
38:07 |   538 |     1.500e-04 |    25.5193 |         92.8982 |    18.3333 |          2.8789 |           10193
38:22 |   539 |     1.500e-04 |    29.4632 |         79.6472 |    13.4752 |          2.8571 |           10193
38:37 |   540 |     1.500e-04 |    29.3261 |         99.7555 |    23.0075 |          2.8205 |           10193
38:52 |   541 |     1.500e-04 |    25.2703 |         79.9113 |     9.2134 |          2.7508 |           10193
39:07 |   542 |     1.500e-04 |    43.2913 |         88.1149 |    11.4069 |          2.8198 |           10193
39:22 |   543 |     1.500e-04 |    50.0309 |         78.4660 |    11.7103 |          2.7969 |           10193
39:37 |   544 |     1.500e-04 |    30.3517 |         74.7258 |     8.2446 |          2.7242 |           10193
39:52 |   545 |     1.500e-04 |    23.2718 |        121.0110 |    28.1445 |          2.7246 |           10193
40:07 |   546 |     1.500e-04 |    33.2458 |         82.6957 |    15.6718 |          2.6672 |           10193
40:22 |   547 |     1.500e-04 |    35.1388 |         80.1897 |    12.1027 |          2.7213 |           10193
40:37 |   548 |     1.500e-04 |    27.5829 |         87.1858 |    12.0382 |          2.7061 |           10193
40:52 |   549 |     1.500e-04 |    34.7597 |         77.2444 |    10.3368 |          2.6813 |           10193
41:07 |   550 |     1.500e-04 |    34.5262 |         76.9960 |    10.6840 |          2.7138 |           10193
41:22 |   551 |     1.500e-04 |    29.1341 |         86.3319 |    16.3875 |          2.6893 |           10193
41:37 |   552 |     1.500e-04 |    21.2719 |         73.0601 |     7.5732 |          2.5783 |           10193
41:52 |   553 |     1.500e-04 |    44.3635 |         87.3752 |    17.8466 |          2.6412 |           10193
42:07 |   554 |     1.500e-04 |    36.8530 |        100.2971 |    17.1437 |          2.7457 |           10193
42:22 |   555 |     1.500e-04 |    29.9268 |         89.1384 |    10.4759 |          2.6716 |           10193
42:37 |   556 |     1.500e-04 |    80.9300 |         79.7792 |    10.6990 |          2.7803 |           10193
42:52 |   557 |     1.500e-04 |    22.2810 |         87.0356 |    13.0301 |          2.5993 |           10193
43:06 |   558 |     1.500e-04 |    26.0936 |         80.4836 |    11.8524 |          2.6661 |           10193
43:22 |   559 |     1.500e-04 |    20.7568 |         85.5321 |    13.5432 |          2.5337 |           10193
43:37 |   560 |     1.500e-04 |    25.0949 |         98.0513 |    21.9859 |          2.5535 |           10193
43:52 |   561 |     1.500e-04 |    37.2912 |        124.5737 |    29.0051 |          2.6918 |           10193
44:06 |   562 |     1.500e-04 |    33.4154 |         77.2776 |     8.4298 |          2.5432 |           10193
44:21 |   563 |     1.500e-04 |    23.3565 |        148.8602 |    35.3146 |          2.5459 |           10193
44:36 |   564 |     1.500e-04 |    26.4990 |         79.0616 |    11.2859 |          2.5576 |           10193
44:51 |   565 |     1.500e-04 |    34.9316 |         79.4996 |    11.8777 |          2.5503 |           10193
45:06 |   566 |     1.500e-04 |    42.7380 |        100.7013 |    12.8296 |          3.1053 |           10193
45:21 |   567 |     1.500e-04 |    50.6014 |         91.1870 |    14.2014 |          2.5701 |           10193
45:36 |   568 |     7.500e-05 |    21.0013 |         74.4472 |     8.9101 |          2.4643 |           10193
45:51 |   569 |     7.500e-05 |    15.8329 |         76.0600 |     7.9739 |          2.4422 |           10193
46:06 |   570 |     7.500e-05 |    16.3357 |         74.0399 |     7.4947 |          2.4396 |           10193
46:21 |   571 |     7.500e-05 |    17.2698 |         75.5093 |     8.2862 |          2.4360 |           10193
46:36 |   572 |     7.500e-05 |    14.5781 |         73.4023 |     7.3633 |          2.4140 |           10193
46:51 |   573 |     7.500e-05 |    15.6813 |         73.0582 |     6.5649 |          2.3861 |           10193
47:06 |   574 |     7.500e-05 |    14.8605 |         73.0801 |     6.9812 |          2.3741 |           10193
47:21 |   575 |     7.500e-05 |    17.3997 |         75.2151 |     7.6728 |          2.3752 |           10193
47:36 |   576 |     7.500e-05 |    17.7085 |         76.6303 |     9.9409 |          2.3853 |           10193
47:51 |   577 |     7.500e-05 |    15.1112 |         80.2109 |    10.6774 |          2.4393 |           10193
48:06 |   578 |     7.500e-05 |    15.6228 |         77.3247 |     9.2358 |          2.3627 |           10193
48:21 |   579 |     7.500e-05 |    15.5600 |         75.8567 |    11.8281 |          2.3688 |           10193
48:36 |   580 |     7.500e-05 |    16.2998 |         74.3154 |     8.0853 |          2.3797 |           10193
48:51 |   581 |     7.500e-05 |    18.2841 |         78.5592 |    10.9849 |          2.4404 |           10193
49:06 |   582 |     7.500e-05 |    16.7527 |         71.9469 |     9.9093 |          2.3570 |           10193
49:21 |   583 |     7.500e-05 |    22.1350 |         77.1472 |    10.8264 |          2.4938 |           10193
49:36 |   584 |     7.500e-05 |    33.1940 |         95.4359 |    16.3005 |          2.4290 |           10193
49:51 |   585 |     7.500e-05 |    26.3358 |         76.9795 |    11.8310 |          2.4210 |           10193
50:06 |   586 |     7.500e-05 |    17.0847 |         72.7000 |     9.2401 |          2.3403 |           10193
50:21 |   587 |     7.500e-05 |    17.8803 |         77.5821 |     8.5780 |          2.3881 |           10193
50:36 |   588 |     7.500e-05 |    17.9920 |         71.9841 |     6.4886 |          2.3355 |           10193
50:51 |   589 |     7.500e-05 |    14.7098 |         79.0480 |    14.5585 |          2.3379 |           10193
51:06 |   590 |     7.500e-05 |    15.8140 |         73.4658 |     9.5348 |          2.3161 |           10193
51:21 |   591 |     7.500e-05 |    17.8907 |         75.7996 |     9.8459 |          2.4787 |           10193
51:36 |   592 |     7.500e-05 |    31.9159 |         72.1355 |     7.7311 |          2.3252 |           10193
51:51 |   593 |     7.500e-05 |    29.9657 |         76.0132 |     8.4875 |          2.3956 |           10193
52:06 |   594 |     7.500e-05 |    16.0371 |         72.6570 |     9.8607 |          2.2705 |           10193
52:21 |   595 |     7.500e-05 |    14.7355 |         71.9557 |     6.7670 |          2.3211 |           10193
52:36 |   596 |     7.500e-05 |    15.9316 |         71.9366 |     7.4418 |          2.2842 |           10193
52:51 |   597 |     7.500e-05 |    16.5849 |         73.0342 |     7.5778 |          2.3166 |           10193
53:06 |   598 |     7.500e-05 |    13.8996 |         76.3359 |     8.3166 |          2.2766 |           10193
53:21 |   599 |     7.500e-05 |    18.3331 |         72.3002 |    10.0667 |          2.2858 |           10193
53:36 |   600 |     7.500e-05 |    16.2279 |         76.1852 |    10.0122 |          2.2946 |           10193
53:51 |   601 |     7.500e-05 |    17.3765 |         71.4229 |     6.8191 |          2.2858 |           10193
54:06 |   602 |     7.500e-05 |    15.3659 |         73.2508 |     6.3453 |          2.2816 |           10193
54:21 |   603 |     7.500e-05 |    15.3156 |         74.3906 |     8.5328 |          2.2956 |           10193
54:36 |   604 |     7.500e-05 |    14.9401 |         77.6820 |     9.1782 |          2.2575 |           10193
54:51 |   605 |     7.500e-05 |    17.9302 |         70.9534 |     9.3976 |          2.2530 |           10193
55:06 |   606 |     7.500e-05 |    15.5912 |         76.3776 |    11.9696 |          2.3639 |           10193
55:21 |   607 |     7.500e-05 |    17.9550 |         76.8994 |    10.2972 |          2.2549 |           10193
55:36 |   608 |     7.500e-05 |    18.0714 |         76.5518 |     6.8162 |          2.2384 |           10193
55:51 |   609 |     7.500e-05 |    38.2563 |         81.8046 |    14.6302 |          2.3531 |           10193
56:06 |   610 |     7.500e-05 |    30.8811 |         80.9821 |    15.8766 |          2.4137 |           10193
56:21 |   611 |     7.500e-05 |    29.5482 |         74.1605 |    10.9587 |          2.3661 |           10193
56:36 |   612 |     7.500e-05 |    22.3148 |         82.0494 |    13.1905 |          2.2967 |           10193
56:51 |   613 |     7.500e-05 |    15.0793 |         74.9469 |     9.3704 |          2.3282 |           10193
57:06 |   614 |     7.500e-05 |    13.6670 |         76.0108 |     9.7174 |          2.2722 |           10193
57:21 |   615 |     7.500e-05 |    14.2616 |         70.7733 |     6.3281 |          2.2122 |           10193
57:36 |   616 |     7.500e-05 |    13.3621 |         71.4640 |     8.3007 |          2.2149 |           10193
57:51 |   617 |     7.500e-05 |    13.8055 |         69.5572 |     5.9472 |          2.2361 |           10193
58:06 |   618 |     7.500e-05 |    13.7289 |         75.0901 |     7.6502 |          2.2062 |           10193
58:21 |   619 |     3.750e-05 |    11.9243 |         71.1864 |     5.9810 |          2.1601 |           10193
58:36 |   620 |     3.750e-05 |    11.7732 |         71.6322 |     6.8688 |          2.1584 |           10193
58:51 |   621 |     3.750e-05 |    11.4499 |         71.5025 |     8.0580 |          2.1883 |           10193
59:06 |   622 |     3.750e-05 |    11.3018 |         72.2120 |     7.1221 |          2.1688 |           10193
59:21 |   623 |     3.750e-05 |    11.5607 |         76.7062 |    10.7599 |          2.1627 |           10193
59:36 |   624 |     3.750e-05 |    12.0672 |         72.4258 |     5.9886 |          2.1625 |           10193
59:51 |   625 |     3.750e-05 |    11.2917 |         75.2805 |     9.8567 |          2.2163 |           10193
00:06 |   626 |     3.750e-05 |    11.7868 |         70.8503 |     5.8522 |          2.1563 |           10193
00:21 |   627 |     3.750e-05 |    11.9929 |         80.3785 |    11.1316 |          2.1358 |           10193
00:36 |   628 |     3.750e-05 |    14.0476 |         72.3149 |     6.8465 |          2.1818 |           10193
00:51 |   629 |     3.750e-05 |    13.5488 |         72.6866 |     7.1622 |          2.2089 |           10193
01:06 |   630 |     3.750e-05 |    11.2248 |         84.2901 |    14.1956 |          2.1470 |           10193
01:21 |   631 |     3.750e-05 |    12.8027 |         72.1426 |     6.2973 |          2.1594 |           10193
01:36 |   632 |     3.750e-05 |    12.1595 |         70.2442 |     7.2029 |          2.1439 |           10193
01:51 |   633 |     3.750e-05 |    11.0215 |         71.8870 |     5.7297 |          2.1549 |           10193
02:06 |   634 |     3.750e-05 |    11.9370 |         71.3163 |     6.6583 |          2.1264 |           10193
02:21 |   635 |     3.750e-05 |    11.0133 |         73.2522 |     7.2871 |          2.1460 |           10193
02:36 |   636 |     3.750e-05 |    12.4302 |         71.4079 |     6.8411 |          2.1653 |           10193
02:51 |   637 |     3.750e-05 |    17.1514 |         70.4479 |     6.0957 |          2.1509 |           10193
03:06 |   638 |     3.750e-05 |    12.3599 |         73.2352 |     7.0480 |          2.1377 |           10193
03:21 |   639 |     3.750e-05 |    12.6058 |         71.0096 |     7.0719 |          2.1228 |           10193
03:35 |   640 |     3.750e-05 |    11.0245 |         71.9792 |     6.8440 |          2.1137 |           10193
03:50 |   641 |     3.750e-05 |    12.5421 |         73.6304 |     9.1593 |          2.1572 |           10193
04:05 |   642 |     3.750e-05 |    12.6421 |         75.8108 |     6.4884 |          2.1872 |           10193
04:21 |   643 |     3.750e-05 |    15.4891 |         77.5196 |     9.5404 |          2.1899 |           10193
04:35 |   644 |     3.750e-05 |    13.8767 |         72.5923 |     7.1531 |          2.1254 |           10193
04:50 |   645 |     3.750e-05 |    11.1785 |         69.6413 |     6.1158 |          2.1127 |           10193
05:05 |   646 |     3.750e-05 |    11.4227 |         71.0379 |     7.4202 |          2.0933 |           10193
05:20 |   647 |     3.750e-05 |    10.7647 |         72.0715 |     6.5657 |          2.0976 |           10193
05:35 |   648 |     3.750e-05 |    12.1872 |         70.2284 |     5.9703 |          2.1089 |           10193
05:50 |   649 |     3.750e-05 |    11.5733 |         72.0463 |     7.4244 |          2.1489 |           10193
06:05 |   650 |     3.750e-05 |    11.6115 |         72.7207 |     7.7762 |          2.1185 |           10193
06:20 |   651 |     3.750e-05 |    11.5530 |         72.1010 |     7.7019 |          2.1004 |           10193
06:35 |   652 |     3.750e-05 |    10.8035 |         71.6816 |     5.9589 |          2.0753 |           10193
06:50 |   653 |     3.750e-05 |    11.1210 |         70.5149 |     5.9728 |          2.1014 |           10193
07:05 |   654 |     3.750e-05 |    12.1009 |         72.7284 |     8.2956 |          2.1262 |           10193
07:20 |   655 |     3.750e-05 |    11.9653 |         72.6159 |     6.4802 |          2.1092 |           10193
07:35 |   656 |     3.750e-05 |    12.7613 |         71.8540 |     8.8803 |          2.1147 |           10193
07:50 |   657 |     3.750e-05 |    12.2184 |         77.4160 |    10.0294 |          2.0989 |           10193
08:05 |   658 |     3.750e-05 |    14.0873 |         66.9577 |     6.7879 |          2.1131 |           10193
08:20 |   659 |     3.750e-05 |    16.7788 |         81.1477 |     9.2112 |          2.0919 |           10193
08:35 |   660 |     3.750e-05 |    12.7289 |         70.9051 |     5.8497 |          2.0917 |           10193
08:50 |   661 |     3.750e-05 |    12.3331 |         72.7705 |     8.6871 |          2.1090 |           10193
09:05 |   662 |     3.750e-05 |    10.8256 |         69.2829 |     5.8422 |          2.0675 |           10193
09:20 |   663 |     3.750e-05 |    10.2569 |         69.9874 |     5.8415 |          2.0900 |           10193
09:35 |   664 |     3.750e-05 |    10.5772 |         70.7007 |     6.9640 |          2.1018 |           10193
09:50 |   665 |     3.750e-05 |    11.0069 |         71.5638 |     5.7113 |          2.0742 |           10193
10:05 |   666 |     3.750e-05 |    12.2557 |         73.6651 |     8.0640 |          2.0758 |           10193
10:20 |   667 |     3.750e-05 |    14.1397 |         73.2544 |     8.1745 |          2.1663 |           10193
10:35 |   668 |     3.750e-05 |    12.6175 |         72.8123 |     7.1977 |          2.1133 |           10193
10:50 |   669 |     3.750e-05 |    12.8194 |         72.8469 |     7.6591 |          2.0855 |           10193
11:05 |   670 |     3.750e-05 |    14.3379 |         68.5695 |     6.8574 |          2.0949 |           10193
11:20 |   671 |     3.750e-05 |    10.4528 |         70.4582 |     6.1297 |          2.0398 |           10193
11:35 |   672 |     3.750e-05 |    10.6783 |         70.2388 |     7.1486 |          2.0422 |           10193
11:50 |   673 |     3.750e-05 |    10.4453 |         69.9615 |     5.5528 |          2.0501 |           10193
12:05 |   674 |     3.750e-05 |    10.3900 |         73.4685 |     7.5088 |          2.0212 |           10193
12:20 |   675 |     3.750e-05 |    10.6774 |         78.2028 |    11.5649 |          2.0456 |           10193
12:35 |   676 |     3.750e-05 |    10.6847 |         69.6120 |     6.1948 |          2.0561 |           10193
12:50 |   677 |     3.750e-05 |    12.3435 |         76.1769 |    13.0388 |          2.1086 |           10193
13:05 |   678 |     3.750e-05 |    13.9094 |         75.4993 |     9.1135 |          2.2679 |           10193
13:20 |   679 |     3.750e-05 |    16.1921 |         70.3879 |     6.4442 |          2.0678 |           10193
13:35 |   680 |     3.750e-05 |    11.3764 |         73.0172 |     8.4839 |          2.0662 |           10193
13:50 |   681 |     3.750e-05 |    12.3864 |         69.1345 |     6.5766 |          2.0550 |           10193
14:05 |   682 |     3.750e-05 |    11.4225 |         75.3932 |     8.8797 |          2.0427 |           10193
14:20 |   683 |     3.750e-05 |    11.5386 |         72.4169 |    10.9347 |          2.0403 |           10193
14:35 |   684 |     3.750e-05 |    10.5938 |         71.0200 |     9.8201 |          2.0455 |           10193
14:50 |   685 |     3.750e-05 |    10.8631 |         70.7816 |     6.5446 |          2.0414 |           10193
15:05 |   686 |     3.750e-05 |     9.6167 |         73.5232 |     7.3255 |          2.0326 |           10193
15:20 |   687 |     3.750e-05 |    10.1742 |         72.9086 |     7.7380 |          2.0869 |           10193
15:35 |   688 |     3.750e-05 |    11.2939 |         72.3297 |     7.2373 |          2.0206 |           10193
15:50 |   689 |     3.750e-05 |    12.5275 |         70.6981 |     5.4234 |          2.0167 |           10193
16:05 |   690 |     3.750e-05 |     9.9853 |         70.2293 |     6.7488 |          2.0527 |           10193
16:20 |   691 |     3.750e-05 |    10.8500 |         68.5256 |     7.1691 |          2.0163 |           10193
16:35 |   692 |     3.750e-05 |     9.8211 |         69.9482 |     6.2474 |          2.0439 |           10193
16:50 |   693 |     3.750e-05 |    11.3401 |         72.8828 |     6.3707 |          2.0158 |           10193
17:05 |   694 |     3.750e-05 |    10.4768 |         69.4115 |     6.8671 |          2.0546 |           10193
17:20 |   695 |     3.750e-05 |    11.0942 |         71.4775 |     8.9580 |          2.0407 |           10193
17:35 |   696 |     3.750e-05 |    11.4471 |         70.1957 |     5.9787 |          2.0543 |           10193
17:50 |   697 |     3.750e-05 |    11.2078 |         73.8204 |     9.0738 |          2.1589 |           10193
18:05 |   698 |     3.750e-05 |    11.9346 |         71.0212 |     8.2122 |          2.0231 |           10193
18:20 |   699 |     3.750e-05 |    10.1944 |         73.3734 |     9.2142 |          1.9970 |           10193
18:35 |   700 |     3.750e-05 |    10.3549 |         69.8861 |     6.8697 |          2.0022 |           10193
18:50 |   701 |     3.750e-05 |    11.8509 |         76.1995 |    11.6933 |          2.0301 |           10193
19:05 |   702 |     3.750e-05 |    11.5089 |         70.7599 |     6.0458 |          2.0143 |           10193
19:20 |   703 |     3.750e-05 |    10.7151 |         69.8612 |     6.5384 |          1.9889 |           10193
19:35 |   704 |     3.750e-05 |     9.5395 |         73.4713 |    11.0184 |          2.0299 |           10193
19:50 |   705 |     3.750e-05 |    10.1570 |         74.9192 |     9.4649 |          1.9812 |           10193
20:05 |   706 |     3.750e-05 |    10.1173 |         70.7353 |     6.1037 |          1.9865 |           10193
20:20 |   707 |     3.750e-05 |    10.0549 |         70.8940 |     9.7597 |          2.0024 |           10193
20:35 |   708 |     3.750e-05 |    10.5243 |         71.1694 |     6.5971 |          2.0148 |           10193
20:50 |   709 |     3.750e-05 |    10.1035 |         70.1281 |     6.0235 |          2.0073 |           10193
21:05 |   710 |     1.875e-05 |     9.0739 |         69.9916 |     5.3215 |          1.9743 |           10193
21:20 |   711 |     1.875e-05 |     8.8675 |         68.9170 |     6.2737 |          1.9804 |           10193
21:35 |   712 |     1.875e-05 |     8.6510 |         69.9674 |     6.4088 |          1.9707 |           10193
21:50 |   713 |     1.875e-05 |     8.9067 |         71.1146 |     5.4874 |          1.9737 |           10193
22:05 |   714 |     1.875e-05 |     8.4525 |         69.9132 |     4.8173 |          1.9514 |           10193
22:20 |   715 |     1.875e-05 |     8.5978 |         68.9136 |     5.1825 |          1.9706 |           10193
22:35 |   716 |     1.875e-05 |     9.5535 |         70.0943 |     5.9596 |          1.9633 |           10193
22:50 |   717 |     1.875e-05 |     8.4937 |         71.1800 |     5.5755 |          1.9615 |           10193
23:05 |   718 |     1.875e-05 |     8.6830 |         69.8944 |     5.5685 |          1.9495 |           10193
23:20 |   719 |     1.875e-05 |     8.6148 |         70.4479 |     5.1491 |          1.9538 |           10193
23:35 |   720 |     1.875e-05 |     8.7576 |         70.9759 |     8.0527 |          1.9793 |           10193
23:50 |   721 |     1.875e-05 |     9.1405 |         69.6859 |     5.9809 |          1.9684 |           10193
24:05 |   722 |     1.875e-05 |     8.5436 |         70.2593 |     6.1796 |          1.9500 |           10193
24:20 |   723 |     1.875e-05 |     8.4391 |         69.2133 |     4.9114 |          1.9512 |           10193
24:35 |   724 |     1.875e-05 |     8.7591 |         69.2348 |     5.1304 |          1.9515 |           10193
24:50 |   725 |     1.875e-05 |     8.3941 |         68.8233 |     5.6678 |          1.9507 |           10193
25:05 |   726 |     1.875e-05 |     8.5232 |         71.5333 |     7.6098 |          1.9562 |           10193
25:20 |   727 |     1.875e-05 |     9.2108 |         69.3215 |     5.7812 |          1.9469 |           10193
25:35 |   728 |     1.875e-05 |     8.7308 |         70.6981 |     5.0803 |          1.9539 |           10193
25:50 |   729 |     1.875e-05 |     8.6783 |         70.2927 |     6.7189 |          1.9371 |           10193
26:05 |   730 |     1.875e-05 |     9.1016 |         73.0211 |     6.7458 |          1.9336 |           10193
26:20 |   731 |     1.875e-05 |     8.6736 |         69.1193 |     5.6350 |          1.9450 |           10193
26:35 |   732 |     1.875e-05 |     8.7694 |         69.5639 |     5.0689 |          1.9414 |           10193
26:50 |   733 |     1.875e-05 |     9.1800 |         76.8888 |    10.3775 |          1.9468 |           10193
27:05 |   734 |     1.875e-05 |     9.2691 |         72.9625 |     6.5251 |          1.9560 |           10193
27:20 |   735 |     1.875e-05 |     8.8956 |         71.6016 |     6.8694 |          1.9531 |           10193
27:35 |   736 |     1.875e-05 |     8.7180 |         71.4171 |     5.6416 |          1.9439 |           10193
27:50 |   737 |     1.875e-05 |     8.7312 |         69.4479 |     6.6412 |          1.9266 |           10193
28:05 |   738 |     1.875e-05 |     8.5882 |         70.4032 |     5.8062 |          1.9438 |           10193
28:20 |   739 |     1.875e-05 |     8.4107 |         71.6810 |     7.1216 |          1.9393 |           10193
28:35 |   740 |     1.875e-05 |     8.8130 |         70.1464 |     5.5043 |          1.9312 |           10193
28:50 |   741 |     1.875e-05 |     8.3448 |         69.0084 |     6.0108 |          1.9335 |           10193
29:05 |   742 |     1.875e-05 |     8.1428 |         69.4326 |     6.0952 |          1.9184 |           10193
29:20 |   743 |     1.875e-05 |     8.5793 |         69.1015 |     5.8184 |          1.9561 |           10193
29:35 |   744 |     1.875e-05 |     8.7763 |         71.1326 |     5.6660 |          1.9253 |           10193
29:50 |   745 |     1.875e-05 |     8.6339 |         70.5286 |     5.1600 |          1.9360 |           10193
30:05 |   746 |     1.875e-05 |     8.8315 |         69.2882 |     5.6121 |          1.9369 |           10193
30:20 |   747 |     1.875e-05 |     8.5397 |         69.0301 |     5.8983 |          1.9328 |           10193
30:35 |   748 |     1.875e-05 |     8.6719 |         68.4419 |     5.0112 |          1.9259 |           10193
30:50 |   749 |     1.875e-05 |     8.5961 |         70.6760 |     6.7766 |          1.9440 |           10193
31:05 |   750 |     1.875e-05 |     8.3210 |         70.2658 |     5.9964 |          1.9123 |           10193
31:20 |   751 |     1.875e-05 |     8.3496 |         68.1777 |     6.6562 |          1.9243 |           10193
31:35 |   752 |     1.875e-05 |     8.4281 |         70.9669 |     5.5690 |          1.9075 |           10193
31:50 |   753 |     1.875e-05 |     9.3397 |         70.3655 |     7.6303 |          1.9578 |           10193
32:05 |   754 |     1.875e-05 |     8.7722 |         70.1957 |     5.4372 |          1.9071 |           10193
32:19 |   755 |     1.875e-05 |     8.4297 |         70.1454 |     6.3964 |          1.9036 |           10193
32:34 |   756 |     1.875e-05 |     8.2172 |         70.7753 |     5.9807 |          1.9095 |           10193
32:49 |   757 |     1.875e-05 |     8.2679 |         70.1967 |     5.7730 |          1.8986 |           10193
33:05 |   758 |     1.875e-05 |     8.2538 |         69.9676 |     5.5633 |          1.8983 |           10193
33:19 |   759 |     1.875e-05 |     8.5753 |         70.0734 |     7.5957 |          1.9131 |           10193
33:34 |   760 |     1.875e-05 |     8.4444 |         69.6899 |     5.8655 |          1.8944 |           10193
33:49 |   761 |     9.375e-06 |     7.7752 |         70.2791 |     5.6784 |          1.9186 |           10193
34:04 |   762 |     9.375e-06 |     7.7942 |         69.8900 |     4.7586 |          1.8930 |           10193
34:20 |   763 |     9.375e-06 |     7.6934 |         69.6526 |     4.6543 |          1.9029 |           10193
34:34 |   764 |     9.375e-06 |     7.8796 |         69.8009 |     4.8737 |          1.8941 |           10193
34:49 |   765 |     9.375e-06 |     7.8236 |         70.3137 |     5.4945 |          1.8986 |           10193
35:04 |   766 |     9.375e-06 |     7.7178 |         70.0921 |     5.0456 |          1.8877 |           10193
35:20 |   767 |     9.375e-06 |     7.9954 |         70.5963 |     4.9778 |          1.8914 |           10193
35:34 |   768 |     9.375e-06 |     7.9025 |         70.1325 |     5.7217 |          1.8992 |           10193
35:49 |   769 |     9.375e-06 |     7.7764 |         68.8455 |     4.8774 |          1.8922 |           10193
36:04 |   770 |     9.375e-06 |     7.5915 |         71.1602 |     6.2624 |          1.8869 |           10193
36:19 |   771 |     9.375e-06 |     7.8862 |         69.8574 |     5.4168 |          1.8896 |           10193
36:34 |   772 |     9.375e-06 |     7.9033 |         69.5353 |     5.2032 |          1.8864 |           10193
36:49 |   773 |     9.375e-06 |     7.8199 |         69.9185 |     4.9747 |          1.8843 |           10193
37:04 |   774 |     9.375e-06 |     7.6889 |         69.1652 |     5.1914 |          1.8813 |           10193
37:19 |   775 |     9.375e-06 |     7.7571 |         69.1558 |     4.6341 |          1.8951 |           10193
37:34 |   776 |     9.375e-06 |     7.7069 |         69.6563 |     5.1529 |          1.8809 |           10193
37:49 |   777 |     9.375e-06 |     7.7503 |         69.1632 |     6.2352 |          1.8861 |           10193
38:04 |   778 |     9.375e-06 |     7.6563 |         69.6770 |     7.0511 |          1.8870 |           10193
38:19 |   779 |     9.375e-06 |     7.8408 |         68.8919 |     5.6296 |          1.8871 |           10193
38:34 |   780 |     9.375e-06 |     7.6790 |         69.0191 |     4.7653 |          1.8846 |           10193
38:49 |   781 |     9.375e-06 |     7.8006 |         70.2393 |     6.2524 |          1.8919 |           10193
39:04 |   782 |     9.375e-06 |     7.6230 |         68.6564 |     4.8451 |          1.8916 |           10193
39:19 |   783 |     9.375e-06 |     7.6058 |         69.1316 |     4.7740 |          1.8947 |           10193
39:34 |   784 |     9.375e-06 |     7.6374 |         69.6819 |     4.9352 |          1.8808 |           10193
39:49 |   785 |     9.375e-06 |     7.5998 |         68.9729 |     5.7356 |          1.8838 |           10193
40:04 |   786 |     9.375e-06 |     7.6387 |         68.6402 |     5.3136 |          1.8785 |           10193
40:19 |   787 |     9.375e-06 |     7.6350 |         69.5829 |     4.7217 |          1.8770 |           10193
40:34 |   788 |     9.375e-06 |     7.6517 |         70.0322 |     5.1637 |          1.8794 |           10193
40:49 |   789 |     9.375e-06 |     7.6404 |         69.6289 |     6.7030 |          1.8852 |           10193
41:04 |   790 |     9.375e-06 |     7.7214 |         69.5753 |     5.5268 |          1.8866 |           10193
41:19 |   791 |     9.375e-06 |     7.6136 |         69.0698 |     5.1170 |          1.8770 |           10193
41:34 |   792 |     9.375e-06 |     7.6950 |         70.0732 |     5.3110 |          1.8759 |           10193
41:49 |   793 |     9.375e-06 |     7.7097 |         69.1188 |     4.9851 |          1.8864 |           10193
42:04 |   794 |     9.375e-06 |     7.6399 |         70.1380 |     5.4786 |          1.8687 |           10193
42:19 |   795 |     9.375e-06 |     7.5674 |         68.9958 |     5.2879 |          1.8824 |           10193
42:34 |   796 |     9.375e-06 |     7.6381 |         69.2603 |     5.0288 |          1.8743 |           10193
42:49 |   797 |     9.375e-06 |     7.6058 |         69.8580 |     4.8620 |          1.8731 |           10193
43:04 |   798 |     9.375e-06 |     7.5442 |         69.9976 |     5.2409 |          1.8673 |           10193
43:19 |   799 |     9.375e-06 |     7.9352 |         68.7931 |     5.0783 |          1.8772 |           10193
43:34 |   800 |     9.375e-06 |     7.5355 |         69.1480 |     5.0803 |          1.8646 |           10193
43:49 |   801 |     9.375e-06 |     7.4824 |         68.8886 |     5.2164 |          1.8660 |           10193
44:04 |   802 |     9.375e-06 |     7.4907 |         69.3321 |     5.0555 |          1.8710 |           10193
44:19 |   803 |     9.375e-06 |     7.4842 |         69.1101 |     5.1705 |          1.8728 |           10193
44:34 |   804 |     9.375e-06 |     7.4781 |         68.3561 |     4.6197 |          1.8713 |           10193
44:49 |   805 |     9.375e-06 |     7.5969 |         69.0694 |     4.8678 |          1.8728 |           10193
45:04 |   806 |     9.375e-06 |     7.5036 |         69.7205 |     5.0198 |          1.8592 |           10193
45:19 |   807 |     9.375e-06 |     7.5075 |         68.2433 |     5.6520 |          1.8853 |           10193
45:34 |   808 |     9.375e-06 |     7.5435 |         69.5555 |     5.9845 |          1.8814 |           10193
45:49 |   809 |     9.375e-06 |     7.4821 |         69.4281 |     4.8481 |          1.8650 |           10193
46:04 |   810 |     9.375e-06 |     7.4957 |         69.0246 |     4.9752 |          1.8727 |           10193
46:19 |   811 |     9.375e-06 |     7.5472 |         68.8898 |     5.6523 |          1.8753 |           10193
46:34 |   812 |     4.687e-06 |     7.2775 |         68.9273 |     4.6846 |          1.8620 |           10193
46:49 |   813 |     4.687e-06 |     7.2261 |         68.9093 |     4.6734 |          1.8553 |           10193
47:04 |   814 |     4.687e-06 |     7.2338 |         69.1086 |     4.6323 |          1.8624 |           10193
47:19 |   815 |     4.687e-06 |     7.1996 |         68.4656 |     4.6120 |          1.8629 |           10193
47:34 |   816 |     4.687e-06 |     7.2913 |         70.0037 |     6.2592 |          1.8627 |           10193
47:49 |   817 |     4.687e-06 |     7.2499 |         68.8999 |     4.6347 |          1.8607 |           10193
48:04 |   818 |     4.687e-06 |     7.2418 |         69.0214 |     4.7005 |          1.8578 |           10193
48:19 |   819 |     4.687e-06 |     7.2300 |         68.7990 |     5.0874 |          1.8603 |           10193
48:34 |   820 |     4.687e-06 |     7.1902 |         68.8885 |     4.4530 |          1.8585 |           10193
48:49 |   821 |     4.687e-06 |     7.1852 |         69.5601 |     5.1627 |          1.8595 |           10193
49:04 |   822 |     4.687e-06 |     7.2784 |         68.9013 |     4.7115 |          1.8549 |           10193
49:19 |   823 |     4.687e-06 |     7.2695 |         69.3989 |     4.6434 |          1.8624 |           10193
49:34 |   824 |     4.687e-06 |     7.2232 |         69.4057 |     4.6166 |          1.8574 |           10193
49:49 |   825 |     4.687e-06 |     7.2486 |         69.6375 |     4.6247 |          1.8502 |           10193
50:04 |   826 |     4.687e-06 |     7.2366 |         68.8008 |     5.6151 |          1.8499 |           10193
50:19 |   827 |     4.687e-06 |     7.2281 |         68.6998 |     4.7386 |          1.8555 |           10193
50:34 |   828 |     4.687e-06 |     7.2136 |         69.8355 |     5.0404 |          1.8543 |           10193
50:49 |   829 |     4.687e-06 |     7.1678 |         69.1673 |     4.7577 |          1.8474 |           10193
51:04 |   830 |     4.687e-06 |     7.1830 |         68.8432 |     4.6691 |          1.8486 |           10193
51:19 |   831 |     4.687e-06 |     7.2414 |         69.1901 |     4.8133 |          1.8503 |           10193
51:34 |   832 |     4.687e-06 |     7.2188 |         68.5916 |     4.7560 |          1.8574 |           10193
51:49 |   833 |     4.687e-06 |     7.1947 |         68.6565 |     5.2907 |          1.8624 |           10193
52:04 |   834 |     4.687e-06 |     7.2307 |         68.7315 |     4.5899 |          1.8550 |           10193
52:19 |   835 |     4.687e-06 |     7.1699 |         69.2315 |     4.7121 |          1.8545 |           10193
52:34 |   836 |     4.687e-06 |     7.2265 |         70.6241 |     5.4982 |          1.8533 |           10193
52:49 |   837 |     4.687e-06 |     7.2026 |         69.7387 |     5.0242 |          1.8506 |           10193
53:04 |   838 |     4.687e-06 |     7.1421 |         68.7028 |     5.4920 |          1.8630 |           10193
53:19 |   839 |     4.687e-06 |     7.2320 |         69.0846 |     6.2912 |          1.8496 |           10193
53:34 |   840 |     4.687e-06 |     7.2465 |         69.0805 |     4.6022 |          1.8554 |           10193
53:49 |   841 |     4.687e-06 |     7.2321 |         68.2756 |     5.2035 |          1.8550 |           10193
54:04 |   842 |     4.687e-06 |     7.1915 |         69.0422 |     4.8038 |          1.8413 |           10193
54:19 |   843 |     4.687e-06 |     7.1356 |         68.6187 |     5.0624 |          1.8568 |           10193
54:34 |   844 |     4.687e-06 |     7.0968 |         69.1197 |     4.5619 |          1.8484 |           10193
54:49 |   845 |     4.687e-06 |     7.2434 |         68.9417 |     4.4939 |          1.8481 |           10193
55:04 |   846 |     4.687e-06 |     7.0891 |         69.0074 |     4.5159 |          1.8448 |           10193
55:19 |   847 |     4.687e-06 |     7.1056 |         69.3683 |     5.0786 |          1.8487 |           10193
55:34 |   848 |     4.687e-06 |     7.1437 |         68.6025 |     5.0929 |          1.8435 |           10193
55:49 |   849 |     4.687e-06 |     7.1083 |         68.4171 |     4.8521 |          1.8486 |           10193
56:04 |   850 |     4.687e-06 |     7.1189 |         69.4969 |     4.5235 |          1.8505 |           10193
56:19 |   851 |     4.687e-06 |     7.2370 |         69.3003 |     4.8123 |          1.8489 |           10193
56:34 |   852 |     4.687e-06 |     7.1113 |         68.8337 |     4.7223 |          1.8531 |           10193
56:49 |   853 |     4.687e-06 |     7.1173 |         68.5529 |     4.7245 |          1.8521 |           10193
57:04 |   854 |     4.687e-06 |     7.0989 |         68.5959 |     5.2385 |          1.8392 |           10193
57:19 |   855 |     4.687e-06 |     7.0566 |         69.0619 |     4.8629 |          1.8390 |           10193
57:34 |   856 |     4.687e-06 |     7.1014 |         68.9755 |     4.5623 |          1.8405 |           10193
57:49 |   857 |     4.687e-06 |     7.1026 |         69.6169 |     4.7966 |          1.8443 |           10193
58:04 |   858 |     4.687e-06 |     7.0755 |         70.2786 |     5.5401 |          1.8555 |           10193
58:19 |   859 |     4.687e-06 |     7.1943 |         69.1763 |     4.8830 |          1.8530 |           10193
58:34 |   860 |     4.687e-06 |     7.0703 |         69.7718 |     4.9739 |          1.8395 |           10193
58:49 |   861 |     4.687e-06 |     7.0922 |         69.4435 |     4.9380 |          1.8401 |           10193
59:04 |   862 |     4.687e-06 |     7.1189 |         68.7414 |     4.6057 |          1.8464 |           10193
59:19 |   863 |     2.344e-06 |     6.9489 |         69.1694 |     4.5869 |          1.8390 |           10193
59:34 |   864 |     2.344e-06 |     6.9623 |         69.2967 |     4.7647 |          1.8403 |           10193
59:49 |   865 |     2.344e-06 |     7.0117 |         68.5088 |     4.9179 |          1.8412 |           10193
00:04 |   866 |     2.344e-06 |     6.9660 |         68.4626 |     5.1970 |          1.8408 |           10193
00:19 |   867 |     2.344e-06 |     6.9744 |         69.2026 |     4.5709 |          1.8452 |           10193
00:34 |   868 |     2.344e-06 |     6.9355 |         68.5561 |     4.8452 |          1.8391 |           10193
00:49 |   869 |     2.344e-06 |     6.9692 |         68.6218 |     4.5376 |          1.8395 |           10193
01:04 |   870 |     2.344e-06 |     6.9744 |         68.5147 |     5.5995 |          1.8403 |           10193
01:19 |   871 |     2.344e-06 |     6.9414 |         68.6902 |     4.6684 |          1.8402 |           10193
01:34 |   872 |     2.344e-06 |     6.9806 |         68.5428 |     4.4378 |          1.8420 |           10193
01:49 |   873 |     2.344e-06 |     6.9744 |         68.8977 |     4.4079 |          1.8421 |           10193
02:04 |   874 |     2.344e-06 |     6.9565 |         68.8129 |     4.6176 |          1.8357 |           10193
02:19 |   875 |     2.344e-06 |     6.9292 |         68.7698 |     4.4790 |          1.8371 |           10193
02:34 |   876 |     2.344e-06 |     6.9450 |         68.7566 |     4.6940 |          1.8350 |           10193
02:49 |   877 |     2.344e-06 |     6.9677 |         68.4753 |     4.6916 |          1.8365 |           10193
03:04 |   878 |     2.344e-06 |     6.9559 |         68.8087 |     4.5032 |          1.8331 |           10193
03:19 |   879 |     2.344e-06 |     6.9293 |         69.1891 |     4.5752 |          1.8394 |           10193
03:33 |   880 |     2.344e-06 |     6.9255 |         68.4613 |     4.4714 |          1.8386 |           10193
03:49 |   881 |     2.344e-06 |     6.9396 |         68.9615 |     4.5474 |          1.8353 |           10193
04:04 |   882 |     2.344e-06 |     6.9283 |         69.7207 |     5.1269 |          1.8356 |           10193
04:19 |   883 |     2.344e-06 |     6.9465 |         68.6603 |     4.4851 |          1.8411 |           10193
04:33 |   884 |     2.344e-06 |     6.9441 |         68.4647 |     5.3684 |          1.8347 |           10193
04:48 |   885 |     2.344e-06 |     6.9791 |         68.7362 |     4.6140 |          1.8380 |           10193
05:04 |   886 |     2.344e-06 |     6.9008 |         68.7599 |     4.6798 |          1.8331 |           10193
05:19 |   887 |     2.344e-06 |     6.9006 |         68.8870 |     4.8163 |          1.8355 |           10193
05:33 |   888 |     2.344e-06 |     6.9189 |         69.1621 |     4.5070 |          1.8351 |           10193
05:48 |   889 |     2.344e-06 |     6.9091 |         68.9539 |     4.4672 |          1.8342 |           10193
06:03 |   890 |     2.344e-06 |     6.9276 |         68.6123 |     4.5367 |          1.8371 |           10193
06:19 |   891 |     2.344e-06 |     6.8987 |         68.9577 |     4.4339 |          1.8317 |           10193
06:33 |   892 |     2.344e-06 |     6.8994 |         68.7042 |     4.4159 |          1.8374 |           10193
06:48 |   893 |     2.344e-06 |     6.9272 |         68.6746 |     4.5144 |          1.8339 |           10193
07:03 |   894 |     2.344e-06 |     6.9199 |         68.9867 |     4.5437 |          1.8357 |           10193
07:18 |   895 |     2.344e-06 |     6.9039 |         68.5057 |     4.3958 |          1.8366 |           10193
07:33 |   896 |     2.344e-06 |     6.9476 |         68.6572 |     5.2135 |          1.8293 |           10193
07:48 |   897 |     2.344e-06 |     6.9046 |         68.3858 |     5.0192 |          1.8354 |           10193
08:03 |   898 |     2.344e-06 |     6.9112 |         68.6812 |     4.6412 |          1.8351 |           10193
08:18 |   899 |     2.344e-06 |     6.9047 |         69.2124 |     4.6071 |          1.8296 |           10193
08:33 |   900 |     2.344e-06 |     6.9040 |         68.5901 |     4.7279 |          1.8309 |           10193
08:48 |   901 |     2.344e-06 |     6.8871 |         68.4096 |     5.1394 |          1.8317 |           10193
09:03 |   902 |     2.344e-06 |     6.8780 |         68.9391 |     4.4829 |          1.8291 |           10193
09:18 |   903 |     2.344e-06 |     6.8969 |         68.8593 |     4.6926 |          1.8396 |           10193
09:33 |   904 |     2.344e-06 |     6.8825 |         68.9817 |     4.5327 |          1.8295 |           10193
09:48 |   905 |     2.344e-06 |     6.8626 |         68.8103 |     4.7759 |          1.8299 |           10193
10:03 |   906 |     2.344e-06 |     6.8803 |         69.1807 |     4.5967 |          1.8339 |           10193
10:18 |   907 |     2.344e-06 |     6.8950 |         68.5428 |     4.7455 |          1.8314 |           10193
10:33 |   908 |     2.344e-06 |     6.8480 |         69.0648 |     4.5466 |          1.8291 |           10193
10:48 |   909 |     2.344e-06 |     6.8979 |         68.3844 |     4.4897 |          1.8338 |           10193
11:03 |   910 |     2.344e-06 |     6.8765 |         68.3746 |     4.6020 |          1.8347 |           10193
11:18 |   911 |     2.344e-06 |     6.8493 |         68.4483 |     4.4635 |          1.8317 |           10193
11:33 |   912 |     2.344e-06 |     6.8959 |         69.1920 |     4.4767 |          1.8306 |           10193
11:48 |   913 |     2.344e-06 |     6.8562 |         68.5791 |     4.7653 |          1.8310 |           10193
12:03 |   914 |     1.172e-06 |     6.8365 |         68.7278 |     4.7288 |          1.8294 |           10193
12:18 |   915 |     1.172e-06 |     6.8123 |         69.0899 |     4.5088 |          1.8332 |           10193
12:33 |   916 |     1.172e-06 |     6.8048 |         68.5647 |     4.7460 |          1.8300 |           10193
12:48 |   917 |     1.172e-06 |     6.8170 |         68.6195 |     4.3918 |          1.8305 |           10193
13:03 |   918 |     1.172e-06 |     6.8074 |         68.4694 |     4.5368 |          1.8319 |           10193
13:18 |   919 |     1.172e-06 |     6.8143 |         68.6505 |     4.6489 |          1.8376 |           10193
13:33 |   920 |     1.172e-06 |     6.8250 |         68.3594 |     4.7791 |          1.8304 |           10193
13:48 |   921 |     1.172e-06 |     6.8293 |         68.5719 |     4.5873 |          1.8292 |           10193
14:03 |   922 |     1.172e-06 |     6.8169 |         68.8776 |     4.4482 |          1.8330 |           10193
14:18 |   923 |     1.172e-06 |     6.8067 |         68.3260 |     4.6925 |          1.8289 |           10193
14:33 |   924 |     1.172e-06 |     6.8046 |         68.9702 |     4.5493 |          1.8337 |           10193
14:48 |   925 |     1.172e-06 |     6.8103 |         68.6361 |     4.3208 |          1.8302 |           10193
15:03 |   926 |     1.172e-06 |     6.8101 |         68.6396 |     4.4482 |          1.8257 |           10193
15:18 |   927 |     1.172e-06 |     6.7993 |         68.4404 |     4.7824 |          1.8273 |           10193
15:33 |   928 |     1.172e-06 |     6.8041 |         68.5286 |     4.4220 |          1.8290 |           10193
15:48 |   929 |     1.172e-06 |     6.7864 |         68.2270 |     4.9748 |          1.8291 |           10193
16:03 |   930 |     1.172e-06 |     6.8035 |         68.7486 |     4.9771 |          1.8256 |           10193
16:18 |   931 |     1.172e-06 |     6.8133 |         68.7972 |     4.3790 |          1.8280 |           10193
16:33 |   932 |     1.172e-06 |     6.7833 |         68.7565 |     4.3909 |          1.8290 |           10193
16:48 |   933 |     1.172e-06 |     6.7813 |         68.5356 |     5.1006 |          1.8260 |           10193
17:03 |   934 |     1.172e-06 |     6.8152 |         68.6449 |     4.4809 |          1.8283 |           10193
17:18 |   935 |     1.172e-06 |     6.8016 |         68.9195 |     4.3911 |          1.8303 |           10193
17:33 |   936 |     1.172e-06 |     6.7872 |         68.6977 |     4.5341 |          1.8279 |           10193
17:48 |   937 |     1.172e-06 |     6.7796 |         68.6321 |     4.5765 |          1.8279 |           10193
18:03 |   938 |     1.172e-06 |     6.7947 |         69.0062 |     4.4518 |          1.8251 |           10193
18:18 |   939 |     1.172e-06 |     6.7900 |         68.3293 |     4.8772 |          1.8259 |           10193
18:33 |   940 |     1.172e-06 |     6.7933 |         68.8015 |     4.3854 |          1.8249 |           10193
18:48 |   941 |     1.172e-06 |     6.7865 |         69.0517 |     4.5398 |          1.8305 |           10193
19:03 |   942 |     1.172e-06 |     6.8100 |         68.4182 |     4.7884 |          1.8277 |           10193
19:18 |   943 |     1.172e-06 |     6.8151 |         68.6518 |     4.4880 |          1.8245 |           10193
19:33 |   944 |     1.172e-06 |     6.8019 |         68.8125 |     4.3617 |          1.8267 |           10193
19:48 |   945 |     1.172e-06 |     6.7876 |         68.4615 |     4.4308 |          1.8237 |           10193
20:03 |   946 |     1.172e-06 |     6.7843 |         68.6555 |     4.4343 |          1.8269 |           10193
20:18 |   947 |     1.172e-06 |     6.7947 |         68.3124 |     5.3960 |          1.8257 |           10193
20:33 |   948 |     1.172e-06 |     6.7941 |         68.7893 |     4.5343 |          1.8240 |           10193
20:48 |   949 |     1.172e-06 |     6.7917 |         69.0409 |     4.5475 |          1.8274 |           10193
21:03 |   950 |     1.172e-06 |     6.7784 |         68.3538 |     5.0064 |          1.8298 |           10193
21:18 |   951 |     1.172e-06 |     6.7600 |         68.4758 |     4.3881 |          1.8269 |           10193
21:33 |   952 |     1.172e-06 |     6.7698 |         68.4008 |     5.2859 |          1.8262 |           10193
21:48 |   953 |     1.172e-06 |     6.7935 |         69.0120 |     4.4617 |          1.8275 |           10193
22:03 |   954 |     1.172e-06 |     6.7790 |         68.8007 |     4.4281 |          1.8240 |           10193
22:18 |   955 |     1.172e-06 |     6.7758 |         69.2297 |     4.9695 |          1.8256 |           10193
22:33 |   956 |     1.172e-06 |     6.7721 |         68.6892 |     4.3905 |          1.8264 |           10193
22:48 |   957 |     1.172e-06 |     6.7860 |         68.6631 |     4.3826 |          1.8246 |           10193
23:03 |   958 |     1.172e-06 |     6.7761 |         68.6286 |     4.5277 |          1.8306 |           10193
23:18 |   959 |     1.172e-06 |     6.7756 |         68.5899 |     4.4441 |          1.8257 |           10193
23:33 |   960 |     1.172e-06 |     6.7559 |         68.3830 |     4.8703 |          1.8251 |           10193
23:48 |   961 |     1.172e-06 |     6.7843 |         69.1104 |     4.6040 |          1.8285 |           10193
24:03 |   962 |     1.172e-06 |     6.7748 |         68.5775 |     4.4049 |          1.8209 |           10193
24:18 |   963 |     1.172e-06 |     6.7558 |         68.8501 |     4.4058 |          1.8206 |           10193
24:33 |   964 |     1.172e-06 |     6.7487 |         68.5429 |     5.0081 |          1.8254 |           10193
