Time,Learning rate,Train loss,Validation loss,MAE_energy,MAE_energy_grad
44.63776755332947,0.0003,179152.2113713499,4537.308949069756,152.5064390923567,29.75689231175472
89.3426022529602,0.0003,3241.274028062386,2382.8266901286906,125.52209861415207,21.122503923833214
134.46819400787354,0.0003,1851.388177545822,1435.8712415589,87.69268106837181,17.930549571092946
179.63098430633545,0.0003,1250.9669661502803,1113.850640335571,74.60455516645104,15.818060614585802
224.86347699165344,0.0003,945.5674413128629,853.9476135037008,67.23868073870422,14.399644479734265
270.23434042930603,0.0003,797.7791354931552,896.123922510425,77.01462993257364,13.489113954039327
315.06364607810974,0.0003,799.1816707757001,626.957020335682,58.860099335688695,12.45390665102069
360.0381603240967,0.0003,594.0587453929019,540.6961656127149,54.06985780752389,11.735562082938483
405.17815113067627,0.0003,546.620632828954,924.2097586611214,96.9450339930832,11.180430745577667
450.3195655345917,0.0003,543.181132754689,510.2676097299611,56.19539102930931,10.53271659435955
495.0671298503876,0.0003,518.5482330711378,545.3289704778979,68.37586304488455,10.289563220603332
539.9832870960236,0.0003,555.3585488797103,731.4191496884532,88.20962971486863,9.763328848071152
585.0293853282928,0.0003,567.7884959514458,437.9161657792927,56.37748424748706,9.633890536158493
630.1294322013855,0.0003,557.7110579582728,365.66928547974646,46.93740281026075,9.199851714887862
675.0022275447845,0.0003,362.67104504416767,376.7413477409849,52.6823739798965,8.948360072159046
719.751695394516,0.0003,608.0992816528988,561.9765666152821,80.33934955961385,8.817523956359077
764.7338056564331,0.0003,507.00960067443293,331.7998544150296,44.93694267515924,8.463588539815802
810.7860283851624,0.0003,512.5656161226644,314.7517653865855,43.207625584693474,8.21915114408118
855.769748210907,0.0003,438.5034612381176,443.5171050309626,67.69259460837978,8.094939535334241
900.6305575370789,0.0003,403.6784594148452,426.91879998491544,66.12870565037818,7.972082235153597
945.3841109275818,0.0003,7181.623076136299,971.7876467157331,107.32154439938296,9.809731214340006
990.0445959568024,0.0003,449.31882833400925,345.81883924059946,51.677732197949844,7.322921077894259
1035.02889752388,0.0003,303.44481870446265,246.48720091978143,39.517799562101914,7.070705268918306
1080.2213213443756,0.0003,494.1069788642703,270.2356970177248,42.46990130965118,7.422115195969557
1124.9649167060852,0.0003,792.831064815556,551.0568474432271,85.39448677597532,7.157639166518598
1169.8531410694122,0.0003,983.5083599153112,236.02676014415576,40.11593522964769,7.041352220173932
1214.6023800373077,0.0003,417.28478979447715,582.8012967736652,88.15236054438694,6.7507733992487955
1259.423790693283,0.0003,364.31110325658693,268.50461848009763,44.46642234462082,6.678736787910645
1304.4427361488342,0.0003,2942.0103170982043,805.8331759577762,88.87120260250796,10.577220682919727
1349.3191816806793,0.0003,737.0031004747624,730.2228836894628,92.3731218277269,7.308197017146411
1394.2082734107971,0.0003,437.601880077369,278.4092335650153,50.790012782394506,6.213873279929716
1439.0506484508514,0.0003,721.4304285713015,311.99748226871594,52.742640481936704,7.420128462350943
1483.8460144996643,0.0003,372.72922611757707,293.4044118180373,56.85503660554339,6.1075548827662285
1528.699673652649,0.0003,1902.928486363701,383.1692418947742,64.53890481936703,6.88427960334735
1573.6156702041626,0.0003,470.03797757508323,236.7803962806931,44.869199483106094,6.153491124178216
1618.478694677353,0.0003,455.43184678819443,261.40329889597075,51.577105518511146,5.835103215013721
1663.3537106513977,0.0003,524.5364880949204,611.5640225386738,94.6647994314789,6.218043895107795
1708.2861332893372,0.0003,275.35044430036146,905.0507075479883,117.50765917346736,5.786811887055299
1753.183671951294,0.0003,11292.080492585952,1768.376541556309,139.5188377040207,12.711493129590144
1798.0978956222534,0.0003,2740.2311329325694,322.0767774793837,55.987497667446256,6.161755890685462
1843.0332236289978,0.0003,274.3064229996478,218.43741579577699,41.074615672895106,5.753749234975914
1887.8736367225647,0.0003,205.20918655812414,190.71120522324435,37.30055180446357,5.5646415584527755
1932.8507313728333,0.0003,196.4177080109254,170.0312547869435,32.350181394929336,5.440790636968925
1977.801001548767,0.0003,215.94691612368723,226.0300849240359,44.38784910554339,5.381270853075891
2022.64946103096,0.0003,169.9297739609126,174.07836444260977,36.342586288938094,5.298996198940812
2067.6524906158447,0.0003,184.05914319425767,158.42712014963547,31.90846958038913,5.230066163786721
2112.668083190918,0.0003,166.31017819041546,170.98402865766153,37.391062120571256,5.230581753003336
2157.6602470874786,0.0003,189.92962496397925,200.7999498994055,39.94709153873905,5.395406616471216
2202.4867227077484,0.0003,197.82083219378808,162.23197759516682,33.73266438283738,5.192044412732963
2247.2995166778564,0.0003,200.0111127565033,344.2739918657966,66.95534045954419,5.079688332889126
2292.126774072647,0.0003,166.67033336757527,152.77923068128132,34.07507845155752,5.103229334786879
2337.1625096797943,0.0003,315.72525872680444,144.20118305031878,31.144674702055134,4.996314789519664
2381.989397764206,0.0003,204.5981652932089,377.1327083931972,73.21316539983081,5.077051390492971
2426.848119020462,0.0003,418.82273744121056,1029.1681652366424,130.91897983429538,6.34303781810195
2471.747004032135,0.0003,792.571314655019,979.8666848716564,127.27066549313297,6.432759364758549
2516.8337738513947,0.0003,1177.746266082597,138.0336914409537,27.590485902045184,5.169074533705481
2561.999753713608,0.0003,221.83215921259534,125.61925135912756,28.827914525900677,4.822291213204809
2607.105741262436,0.0003,356.657071234142,162.8726530521974,33.56207687475119,4.8817437335889995
2652.195431470871,0.0003,238.06566948673546,163.4584421164615,39.162943185210985,4.839903640897694
2697.3407757282257,0.0003,860.4470823861211,300.0698154148517,56.91746126405752,5.31470738754146
2742.204227209091,0.0003,289.17339942529117,237.42805781794848,53.57533837579618,4.792213998213299
2787.107020139694,0.0003,276.21592872772493,118.95903251736516,27.472605789087382,4.872057826875049
2831.9728560447693,0.0003,157.3134198270426,385.8996489697682,73.38565774905454,4.940988987971847
2876.8962643146515,0.0003,438.16304213449166,244.09605470470726,51.80573271733181,4.818080873842592
2921.7613427639008,0.0003,216.47142978800233,149.62391038870703,38.55874225592158,4.582323971968036
2966.819859981537,0.0003,491.19104043929303,1832.184274804595,170.84531529906448,6.439989351358288
3011.9071135520935,0.0003,1036.1438806502545,686.0681798469058,105.64776712405454,4.612273191951947
3056.6217057704926,0.0003,999.5576753321023,574.2413908328753,91.44212903065286,5.058079919104872
3102.4163916110992,0.0003,251.43308948732246,113.6116965298629,28.387109608255376,4.469612580080747
3147.3854241371155,0.0003,157.41981807632308,148.64718753079956,36.20926933531548,4.414906324651544
3192.310126066208,0.0003,1038.2770146270918,1771.9898647688826,170.89556783688298,5.765483223762142
3236.9825558662415,0.0003,429.9755221507588,98.18149734529605,23.29182471014132,4.3846672900996015
3281.6996874809265,0.0003,157.59928559127835,104.6816053436142,27.12555864662122,4.34918090752833
3326.5622680187225,0.0003,189.35221598196117,112.39507819209385,27.508270613554938,4.922810843476072
3371.564706325531,0.0003,200.04403632047615,256.9711429569739,59.78996395426951,4.391120769540196
3416.6300156116486,0.0003,195.07072855075634,525.4272966064511,86.1563258857484,4.650350430387744
3461.6389899253845,0.0003,1233.403219676756,398.4205270050996,68.17209293827129,5.264308287123411
3506.439409017563,0.0003,265.6494310167101,468.05351009409566,84.9098732334793,4.52903547120548
3551.4935178756714,0.0003,155.60130792558735,83.6048321074825,19.74951552858778,4.229615084917674
3596.5855259895325,0.0003,148.85782525178948,117.57324239174581,33.310130280901674,4.14886474127379
3641.750898361206,0.0003,237.97203609278944,267.7457459349227,61.635405833250395,4.361057783071251
3686.9229362010956,0.0003,174.44058776744293,97.1169439178879,25.552904223788317,4.280552948921069
3732.0828597545624,0.0003,96.644675099524,78.64180456458378,20.627668052721933,4.172678283002152
3777.1926233768463,0.0003,259.3508795399483,133.19443009988134,30.326684881319665,5.460035750994531
3822.29324054718,0.0003,1005.4717995343095,2257.4331609310684,196.996195138336,5.9431916789440695
3867.436897754669,0.0003,605.5041656994429,993.058509061371,130.31612852060113,4.738516063037984
3912.582983970642,0.0003,342.77343979020804,173.0718734997874,42.00605943035927,4.48677419111042
3957.655958890915,0.0003,192.6217003438425,173.95263118567667,43.41537471698348,4.559582543631051
4002.7849390506744,0.0003,201.62348838208587,120.61715710822284,36.42396947775677,3.8993891529455893
4047.9295423030853,0.0003,125.29356006559779,198.99077996943296,48.97141626443073,4.1087955251026615
4092.7391901016235,0.0003,294.0410376599143,163.88227972642022,41.122089905951434,4.4877912181404485
4137.67585849762,0.0003,132.3349018131666,68.75193439240536,20.015855728440982,3.914049011823324
4182.570945978165,0.0003,123.42576113841572,109.99911915576449,30.966346536624204,4.056529310910724
4227.463956832886,0.0003,245.6351313912369,1654.011805856321,173.67988965465764,4.724923081146845
4273.30854177475,0.0003,802.3290279089645,440.7785236661396,82.9784478254379,4.552929471565782
4318.14771771431,0.0003,312.6794604219808,63.49829657490687,16.940184769357085,3.923646732545112
4363.191630125046,0.0003,110.97579266212894,217.48818498406752,55.712755414634756,3.8009746807875304
4407.997340679169,0.0003,306.0848912417997,83.33332902211991,23.10130654110271,4.226657464784214
4452.854328155518,0.0003,122.5397342591555,55.840262739501895,14.13164622312898,3.9041154902570483
4497.964878559113,0.0003,80.68278077339214,199.7246931808533,49.136919194118235,3.6700921237068624
4543.073677539825,0.0003,103.86468100903899,55.50394189414806,17.183963265388634,3.6795884247537116
4588.161861896515,0.0003,85.55736475320896,123.45663002120801,37.928348691903864,3.650285117998796
4633.1361582279205,0.0003,116.43988942630955,260.8678781668006,55.11375817948846,3.8508266733051015
4677.856459856033,0.0003,113.37251842477934,48.43021808525759,13.30645227128533,3.6304487143893627
4722.543132543564,0.0003,212.21622855876095,90.33359715204843,31.066868950910628,3.6520207972414713
4767.2578184604645,0.0003,194.2382690763213,135.61312694463706,41.052347793093155,3.848123462239892
4811.932263374329,0.0003,113.03149926024057,432.5531441709098,84.38158666525676,3.6905416725277385
4856.600999116898,0.0003,483.4224714991391,209.7847896399698,49.28709149208798,5.253290313067598
4901.384590625763,0.0003,165.27897148757685,49.601395155801164,15.177224945262738,3.5215177291247137
4946.151827335358,0.0003,53.73877054433353,41.71270980202341,12.864289418603205,3.2963233112093304
4991.22080373764,0.0003,82.14418411115913,60.032225233636964,21.569272803045383,3.4207530058043116
5036.107612609863,0.0003,228.9535351862673,934.1843329651269,127.54504861041998,4.668292759293808
5081.150146007538,0.0003,142.84718337206675,49.00886506598246,18.252195671713277,3.2274907934903854
5126.235440254211,0.0003,115.2253880026562,45.88025247320353,13.735894231128086,3.590656025119936
5171.31335067749,0.0003,105.56244560477947,48.70926931002106,18.82995224484972,3.169322233389106
5216.396845340729,0.0003,85.12960199310915,53.772630153711134,20.973758459394904,3.1500564590860183
5261.394964456558,0.0003,113.13924358208105,59.99733440016887,19.670935836111664,3.7902940962350944
5306.240435838699,0.0003,134.70530254593314,50.006759004970206,19.47003508160828,3.11340895195402
5351.043808221817,0.0003,63.71530155536256,93.83382651359089,34.84281122487062,3.071826260562268
5396.026549816132,0.0003,50.97353956990337,97.4195266105473,35.510619417421374,3.0039761355672034
5440.713707923889,0.0003,152.0776232387633,167.66706389621714,45.686085850417996,3.5387175219512557
5485.400783061981,0.0003,155.65554783444153,38.02182776011214,12.231499058425806,3.193831569150774
5530.223219633102,0.0003,47.14193132049616,42.15141711041871,16.43360296358728,3.0563608436611585
5574.97568154335,0.0003,52.87047799532531,39.038575052000624,15.409123550706608,2.8509673390241255
5619.897987365723,0.0003,254.55053457458163,151.11807981562032,43.519459562848326,3.646185452635138
5664.893099069595,0.0003,162.68400403007132,43.423700295136285,17.909272212131768,3.0523583718313194
5709.63664317131,0.0003,47.85792935202899,49.13641090040607,20.245576933842557,2.9221141702820224
5754.59129691124,0.0003,76.63516867451763,34.390299633164396,13.611311291737161,2.8608440390433745
5799.616505861282,0.0003,68.6318055727877,84.57080302831545,30.604546030615545,2.911714095846413
5844.553146362305,0.0003,65.31818553875921,225.89378215805158,59.51180909758161,2.9751907624575535
5889.331564903259,0.0003,145.40668639928265,146.99745665050688,45.64003237584594,3.0973983242887746
5934.182970762253,0.0003,83.6094342924858,28.75739262681865,10.491595041068496,2.7853241388543393
5979.080095291138,0.0003,38.9346418842809,102.79588892289853,37.69596343799761,2.6863742732271185
6023.792306900024,0.0003,63.45663700346955,31.98538388150813,13.634208222407445,2.7010663911346047
6068.77667760849,0.0003,41.071540485097195,929.1777290103843,119.37363265699642,2.8939371841190873
6113.637521743774,0.0003,162.87052287673257,163.17412557052904,46.3942717145203,2.9792363285877164
6158.532240152359,0.0003,55.32128222105933,27.80467294405151,10.954638691312947,2.6374604184866834
6203.4968202114105,0.0003,58.65029733793332,78.2854961685365,31.208351747549262,2.903088483981383
6248.364094734192,0.0003,37.738256469059515,30.78697630496591,11.344679969739003,2.8699282681952343
6293.283648014069,0.0003,97.25035717517734,338.1647020156958,71.55505666550557,3.562031993430664
6338.047355175018,0.0003,116.4511631776292,64.66839830136023,23.474069622064093,2.9783537514560137
6383.0017619133,0.0003,74.57426924019346,51.37720720679295,21.635680063818672,2.8396666530936585
6427.779035329819,0.0003,25.738401107927054,27.094702449203016,12.090780911779708,2.5549072824740384
6472.78472495079,0.0003,23.76404511637592,24.71253416779425,10.655247274022193,2.44005505705599
6517.735723257065,0.0003,102.1612358440684,222.84689227015846,53.58475738331011,3.177982352313334
6562.5952706336975,0.0003,54.91146205144719,29.339072705964515,12.27518337760002,2.479521014718076
6607.56267619133,0.0003,32.02856768519501,21.97545567530361,8.50464075173542,2.441447659242231
6652.682352781296,0.0003,39.934691192543575,19.16874217535189,6.35732706640936,2.37873244609048
6698.0253438949585,0.0003,108.90815072537337,25.862924874582948,9.095481308858107,2.73069799501994
6743.0626673698425,0.0003,50.786436734781454,134.39246806759485,43.13289631643113,2.7984093707121636
6787.842525720596,0.0003,84.23905174380444,83.53047463444844,33.74810044598428,2.501164633491767
6832.67747759819,0.0003,74.22985666827427,173.11301159997655,52.35480062885649,2.8868084590995915
6877.715166568756,0.0003,162.084422284875,33.06378636101472,13.998525359524283,2.6404164692410963
6922.561595439911,0.0003,30.19720587669609,24.368998629514202,10.11571636807387,2.510652528527995
6967.410789966583,0.0003,20.78732796757599,64.24045647677865,29.054629885922573,2.4256546817006237
7012.336728096008,0.0003,39.48392515199866,118.3555434815552,42.62755344658141,2.2858181500730477
7057.205491065979,0.0003,25.02571134167725,23.64956337391723,11.773715501530155,2.215532129006505
7102.116858482361,0.0003,65.44798824261663,231.66271462945457,58.71376455513535,2.975255280517058
7147.00536108017,0.0003,57.969590967730745,18.45099667117822,7.819968360852284,2.215336280526929
7191.870525836945,0.0003,35.277393426530345,20.234493013141112,9.866775026746616,2.1776944965771343
7236.574718475342,0.0003,19.631996623110467,18.788438497044922,8.177799258869925,2.1659616568694227
7281.556915044785,0.0003,70.42211511816917,179.08402981445198,53.50697651273885,2.6772268910284884
7326.445295095444,0.0003,35.242997813963065,16.80246054873707,7.259323742131519,2.070262727162797
7371.531632900238,0.0003,16.67001685331862,41.64288111173607,19.85513029645203,2.156220605954602
7416.410764694214,0.0003,34.765031205196415,116.91735926386136,39.589778205239845,2.470272467338407
7461.3450746536255,0.0003,92.1987384010968,71.6096641327244,29.73373308121019,2.600719161200446
7506.139612674713,0.0003,28.753080193635977,34.74326532215226,18.98960928947303,2.2250042415649927
7550.871651649475,0.0003,60.95636821948331,37.01689284079958,15.55346372567924,2.625214592340875
7595.552652359009,0.0003,54.46285055747666,233.84116092004982,60.16058450686704,2.485723925634723
7640.444051265717,0.0003,84.35620779096537,35.01656148287392,14.556430811790904,2.7677969396260265
7685.329875707626,0.0003,27.234185126744116,14.737016221240527,5.464496947853428,2.0315501639866147
7730.10013127327,0.0003,13.065001001340661,51.35541813029579,25.827331970603602,2.0008045361918088
7774.9546666145325,0.0003,20.323581054215005,48.49671472849029,23.742207248955015,2.078938200552298
7819.956039905548,0.0003,148.95541399207053,35.49600814642202,15.47578521534136,2.7924874711882057
7864.951261281967,0.0003,38.102443478971665,16.85239374725154,7.632921255318222,2.1337934197440376
7910.083428859711,0.0003,21.53078816592802,15.075331098415987,6.099222530680857,2.0358742235622485
7955.11617565155,0.0003,26.457211931850523,22.093048232529746,13.325249272243232,1.9073420333229685
8000.039590120316,0.0003,17.96331516745312,16.009597822468134,8.281704323155106,1.9599940679785597
8044.837521791458,0.0003,11.724435855260964,15.627904016286438,8.49861409375622,1.916878448006742
8089.610851287842,0.0003,11.98132779758919,15.944180025508748,8.942717339582504,1.8408612898737957
8134.4462695121765,0.0003,11.875293969326332,17.721703697137713,10.412969581944168,1.837327561103214
8179.393888235092,0.0003,15.69112899585717,19.688495896987174,10.887873053095143,1.9283330950345001
8224.328445911407,0.0003,23.46105008151362,105.61329804948934,40.56423122138734,2.0106836076314853
8269.121397733688,0.0003,59.484187546540696,14.587749541616361,5.765948719583499,2.0365855802831083
8313.95961523056,0.0003,14.21470852593038,13.918518388816402,5.667666344126319,1.8490364860963042
8358.837233543396,0.0003,88.15715405684786,144.12427197175973,47.83142781834693,2.5642600952331596
8403.618008613586,0.0003,33.9612129447673,14.413371799128283,5.771301969297372,1.995491393787511
8448.496583461761,0.0003,56.518908479478625,35.175393371563956,18.493114728988356,2.0329166921160566
8493.319623231888,0.0003,17.54832250320629,16.307095834876204,9.588876362211385,1.7884490154633579
8538.012654066086,0.0003,12.349445581349302,12.13643453203087,4.646411541009405,1.7646825435385078
8582.91077542305,0.0003,16.95806207431036,26.449575963547883,16.3385389583126,1.9642018084182262
8627.75086927414,0.0003,25.856348254511264,13.703207850461887,6.717551971241168,1.7511439230866994
8672.535993814468,0.0003,14.518800886254928,14.295555802855665,7.189559440855767,1.7978155477572455
8717.464589118958,0.0003,20.55870334020729,15.7972824056915,9.099951171875,1.8226024322521817
8762.544938087463,0.0003,46.16918579546263,29.541062464620286,14.269308646621218,2.314345967644417
8808.341879844666,0.0003,18.357995674258373,28.913689918039083,18.011408287096934,1.869087566877912
8853.36132144928,0.0003,19.563542528274063,52.0331828667072,26.730339565398587,1.9321223588160388
8898.192363023758,0.0003,27049.24197031935,901.4754846142242,85.13567563196656,11.38290265253593
8943.292256355286,0.0003,444.56582520420653,254.27388815302555,37.21034091050458,8.061061908957198
8988.405089139938,0.0003,204.91714721568513,161.6060352396835,26.96056281411724,6.8317697073906265
9033.469016075134,0.0003,151.49604354330316,126.57809811329791,22.317072699479997,6.180065276914041
9078.193609714508,0.0003,122.02140264181057,111.86019451771266,21.68973423660181,5.719563478182007
9123.038017511368,0.0003,110.70042080905269,92.65517860887967,17.840939544872114,5.422091952193398
9167.736223459244,0.0003,92.98729325035664,108.90907907239692,26.96774404732285,5.188364515776771
9212.511366605759,0.0003,80.58250393059735,72.96518342723725,14.44871970012689,4.917134634676321
9257.295818805695,0.0003,75.51664816017359,87.89734593662315,23.520247888261345,4.737486581230751
9302.028807640076,0.0003,76.33447671275322,72.25364565854953,17.959498392092954,4.567667552613915
9346.738130569458,0.0003,61.12982915381482,58.31010547738255,12.066562453348926,4.42272794016031
9391.663874149323,0.0003,55.472534814775535,54.38476880038979,11.73705683422696,4.293295844068349
9436.307770967484,0.0003,52.90732454393731,52.413256307067364,11.88576271397293,4.171273862273454
9481.002699613571,0.0003,49.67400538126628,51.47841280006566,12.062252379982334,4.045838947622996
9525.738262414932,0.0003,47.598457828375814,53.94906130286648,15.36334644487709,3.9178283464868118
9570.443370103836,0.0003,45.120836654690876,53.763958414164065,16.278705922509456,3.819646173275488
9615.276695489883,0.0003,46.454120492848325,42.45030325695509,10.783927577316382,3.7564261174904248
9660.231803178787,0.0003,40.435738518720115,48.380797436643455,13.995543578324044,3.6483534476057216
9705.241899967194,0.0003,43.494209175596254,39.44710312684942,10.77673223216063,3.5806346337508885
9750.146780014038,0.0003,40.29261987126807,38.40603112910094,10.013779055844447,3.538814460991175
9794.99336528778,0.0003,41.1588434229783,35.12549622234533,9.01708370135848,3.453806141354241
9839.876853227615,0.0003,37.57255571848273,39.03039016109088,13.295311897423616,3.369618772765636
9884.696150541306,0.0003,38.033710728490725,34.58255352236258,10.426000199044585,3.2951433541000354
9929.6476790905,0.0003,30.668402659654184,31.902723818021883,8.422040611315685,3.2529406307376805
9974.497433185577,0.0003,36.24005599030597,30.69179009304485,8.387538292757265,3.2104632236264115
10019.464417219162,0.0003,31.812367229079506,32.103932917273404,10.368116808848775,3.141252142375918
10064.318790435791,0.0003,52.7204210125032,73.95815918051895,28.805641592232284,3.08185704506979
10109.256503105164,0.0003,32.71564016220565,31.06652435685921,9.720326553636296,3.040981384002606
10154.387780666351,0.0003,29.437132750964555,33.678246080714416,13.005366370328673,2.9937940621483357
10199.33266377449,0.0003,44.64883634292797,49.978738836574486,20.069765943782343,3.103555333760266
10244.3860039711,0.0003,47.34797048586097,25.868556840666603,7.293461570010823,2.9310262998622956
10289.310487985611,0.0003,27.90980177637875,37.317782511978855,16.257407354852955,2.8787154451267964
10334.206007003784,0.0003,41.83962893876873,28.68469837426405,9.559138109729549,2.82237217696858
10379.008708715439,0.0003,27.09168280234971,26.744847820980574,9.511236241820512,2.7878431503198295
10424.096291780472,0.0003,33.54617846893699,25.257251133632952,8.47759945620397,2.762775624605149
10468.872299194336,0.0003,31.12567071619364,27.032917577331876,10.15687805953299,2.704689798157032
10513.726635217667,0.0003,44.13390145779525,41.89047272155082,17.561253036207454,2.787343154638514
10558.937485933304,0.0003,25.953534419158768,23.964715824249204,9.475840730120423,2.645766690635365
10603.701004981995,0.0003,34.583625746207595,21.656910120664232,6.43215879209482,2.656455145218846
10648.714279651642,0.0003,37.269792112756946,48.95629604080226,22.09722519406847,2.625066654265873
10693.804709672928,0.0003,50.325455050998265,153.6562768021118,50.31908534347632,2.635030545437495
10738.669269800186,0.0003,68.40488833998938,29.127004110358445,12.098025940330166,2.544764682601378
10783.46875667572,0.0003,43.36978339801504,79.89296049268515,33.72941540760599,2.5231745962338605
10828.210810184479,0.0003,36.22423532968879,47.94567164656281,23.923917695063693,2.5318844031639918
10872.919335126877,0.0003,39.60906844564691,50.54411204793786,20.457609490072652,2.5843519258864407
10917.69464969635,0.0003,81.73473316741554,74.19623902408298,31.178318757464172,2.6496326534798724
10962.549611568451,0.0003,43.38546295721891,26.245148390386095,12.538263017204917,2.426317252712134
11007.320696115494,0.0003,24.969477496815944,30.009155475333582,13.210211123326781,2.4280476492784095
11052.171801805496,0.0003,175.73364168316505,43.757736470309005,15.909452246404758,3.0989692380113323
11097.045235157013,0.0003,71.25414521472702,19.34026273782997,6.502255035206011,2.4590626280181436
11141.798986673355,0.0003,19.909201565379437,19.32362716379281,7.551272262281673,2.3453347797841153
11186.508689403534,0.0003,18.34010033390344,18.14255560604042,5.628421516175482,2.3938379122184217
11231.561970472336,0.0003,18.7183494581768,18.42772440473154,7.371655467816979,2.250608302115415
11276.468733549118,0.0003,25.292497824927715,19.61692914743611,8.50985171567103,2.300645735854458
11321.2823843956,0.0003,21.737499071687512,41.50909178696998,21.889891100840963,2.256761070021914
11366.17519068718,0.0003,17.324713341829337,18.04104334865806,8.166241882712978,2.1805082196902394
11411.154705524445,0.0003,18.724744904801277,26.383063223576045,14.328011385194815,2.1921872879217505
11456.065182685852,0.0003,40.83356019734033,67.17446753098145,29.79025116938694,2.434830867981521
11500.834064722061,0.0003,30.287726847330728,98.85197567554538,39.39789665853901,2.145054805646865
11545.409520626068,0.0003,27.36372189825784,72.61939621857347,31.95276392068073,2.138577947471225
11590.152033090591,0.0003,23.991525188300127,39.06557930388515,21.201131871703325,2.1631005323395422
11635.05250120163,0.0003,74.98276414853845,43.137469606957595,22.24085359026672,2.2859528698891456
11680.155537366867,0.0003,72.4930435833818,16.043189462681173,5.483999322781897,2.2002694242083236
11725.280810117722,0.0003,18.416214154283423,17.59331097439041,8.125223108765425,2.1250807285497118
11770.26862192154,0.0003,22.650555460222865,14.268414455577396,5.163895017781835,2.084644081027156
11815.047925710678,0.0003,22.373171594060402,15.746007993779909,7.162966588500199,2.0757643107318073
11860.151958227158,0.0003,32.957000496174686,20.650959048647362,10.809425985737212,2.046235186912659
11905.14726638794,0.0003,34.50161593494519,79.4747765182065,34.24636432623408,2.1733532470953763
11950.154274702072,0.0003,36.086670266517956,28.326620688186498,15.18472791538117,2.0096493984072694
11994.989514350891,0.0003,29.97409816457057,52.619630812423765,26.27212155093053,2.0529750182618653
12039.859452009201,0.0003,52.9848447261178,39.9520956624602,21.40280372959793,2.1303819367325083
12084.465135097504,0.0003,61.11880017264944,33.50182456888878,19.61246998780852,2.010979140600322
12129.246819734573,0.0003,38.37099329144142,19.336422765280393,10.150281286543342,2.038194186094577
12174.35568523407,0.0003,130.6439309306049,74.5560928409796,30.44336987149184,2.49461413789189
12219.402732372284,0.00015,18.636236219631954,17.818077507326315,9.868736043553444,1.9448399472441857
12264.34141588211,0.00015,11.18245173039115,12.634819663065187,4.57051646724628,1.918032824623164
12309.403109073639,0.00015,10.1723475054965,12.43187633553717,4.522658096605046,1.8612089910072653
12354.373916387558,0.00015,10.288086293955319,11.641144273089617,3.9485652170363505,1.8479259441260958
12399.477227926254,0.00015,9.525897687901564,12.654145798483214,5.513936095025129,1.8255299411301626
12444.355470180511,0.00015,9.398647527225682,11.442566827653398,4.386757703647492,1.8083077566964285
12489.157121658325,0.00015,9.480708187221396,13.182186217557703,6.825054669228329,1.8145771406484443
12533.973695278168,0.00015,9.310534967446804,11.386737159845588,3.807118516666874,1.8070504334416706
12578.900674581528,0.00015,9.020653656923054,10.971878700893486,3.7662409982863507,1.767606200304282
12623.796320199966,0.00015,8.803395795909,11.287355584336863,4.7828894111001565,1.7612994558766188
12668.656769037247,0.00015,9.173328008113229,10.908296870191187,3.5129969457152543,1.7602804545908848
12713.52538895607,0.00015,8.843140191979748,13.614225182242937,7.7819962519748955,1.7471640433743978
12758.434114456177,0.00015,10.785387046133017,10.685689616299332,3.5614397960104003,1.7523411934931
12803.512902736664,0.00015,8.757823865400637,11.106135371442486,4.198183066981613,1.7460576311461047
12848.502938747406,0.00015,11.397935316645166,11.741044455200427,4.5497703795220445,1.7594142807477986
12893.25361943245,0.00015,14.23617779257519,16.49542029014105,9.485147911120372,1.7317173124950644
12937.899109601974,0.00015,11.470137984895967,16.311595577031227,10.584750852159633,1.7274931032153222
12982.53613781929,0.00015,19.842999273831726,13.190110226215218,6.578843261329991,1.7993200347160527
13027.45718216896,0.00015,10.883115414061834,11.244561081886065,5.206680764362311,1.7038374942314716
13072.486602306366,0.00015,14.352111721907374,11.67881861035786,5.294117513280006,1.7863342791252073
13117.298189401627,0.00015,14.226507696210795,47.611277358889495,26.004349629590465,1.753809056466181
13162.171319961548,0.00015,17.232887700607215,13.85719004944867,7.749781391119502,1.764081560050689
13207.186182498932,0.00015,11.842245946164992,14.253538504733601,8.502356579045582,1.6943717902920912
13252.127985715866,0.00015,28.900207235339778,12.163659963560342,5.10546441533763,1.7456092475988114
13297.10815167427,0.00015,16.348483362354216,16.12867241294371,9.830207834426005,1.7256280600963436
13342.089046478271,0.00015,32.674749571725535,16.73944352386518,9.056696266125721,1.9224859820132967
13387.051260948181,0.00015,9.45439854119862,14.803798814939396,8.784930769804935,1.7186634720741532
13431.803452014923,0.00015,10.306276605602605,11.28383785144776,6.0986777141595345,1.6328365805212528
13476.837302207947,0.00015,12.64275471577879,16.067582666848516,11.150212612273586,1.6581342574083946
13521.823503732681,0.00015,37.632307827364116,25.253361466766336,13.919453886967556,1.9557526302330115
13566.693359613419,0.00015,26.39474914390967,19.746617448558684,13.13097584718352,1.7359632925711226
13611.676907777786,0.00015,15.900076701124291,13.966369584532492,8.480740006562252,1.6658300372517374
13656.657722234726,0.00015,9.902116629942736,60.38728047985229,29.954242332118334,1.7012980037190042
13701.577138662338,0.00015,19.62040995995638,11.028226996722083,5.751528814036376,1.6218579874684118
13746.436599493027,0.00015,9.374218786479345,15.892075163672473,10.733868330451333,1.6096437031422748
13791.21707868576,0.00015,16.69319595864996,29.210872875268752,18.324370910255773,1.8217691845213417
13835.99721288681,0.00015,12.82067864979117,27.6497389631852,18.545430643847034,1.588745138395325
13880.904965877533,0.00015,12.699811807573385,10.30378510656585,5.061515098620372,1.609378308420694
13925.84821677208,0.00015,8.462666540719121,10.223839001812603,4.8372611562157894,1.5717060314745717
13970.75992178917,0.00015,16.61686116202933,26.50531714194704,17.996046593538516,1.5889300744849661
14015.618653535843,0.00015,12.97981892500636,10.032761151788925,4.484698981995795,1.6288650991076363
14060.711127996445,0.00015,9.601839075279583,11.140342801285422,5.822198019817376,1.5800643437697426
14105.527400255203,0.00015,30.014680175225376,36.643187640239155,19.842353538950537,2.0514458415388335
14150.368983268738,0.00015,39.09442049835983,19.463150914871587,12.686836874409087,1.7661740204606926
14195.190910100937,0.00015,11.75049649744086,14.167657349917935,9.066868873158837,1.654569002242014
14240.155142068863,0.00015,21.375685554775384,16.585948283998246,10.729349299145353,1.7182384248462548
14284.842428207397,0.00015,11.010684693619636,13.169319259112154,8.571675216771995,1.5873556248395917
14329.591540336609,0.00015,49.523397772255706,29.382176185360283,14.176872068757465,1.954356762041726
14374.466145515442,0.00015,19.354281296234966,12.417192839401306,8.063700021148486,1.5741856657930584
14419.40298652649,0.00015,8.150318697111203,10.325168437749904,5.363529618378657,1.5608093199059268
14464.284661054611,0.00015,9.648813540905117,13.473694242772488,8.260577732742213,1.560765435132127
14509.282636165619,0.00015,9.781319910059862,8.89120126914933,3.304218068699928,1.5076982669428156
14554.319746255875,0.00015,11.70345554386549,11.037405099283601,5.721447229081658,1.6340375063854833
14599.254795312881,0.00015,11.106401230337841,9.134246271386923,4.409132934375933,1.5020319949730514
14644.358742237091,0.00015,10.112645348303957,11.662955702393294,5.925837503421079,1.7116306257033287
14689.399289608002,0.00015,14.351295152952545,18.18112068564879,12.088834920506569,1.630229942178986
14734.38701915741,0.00015,11.496824002569925,9.75429493495848,5.028720802258534,1.54100998371856
14779.45650267601,0.00015,21.922724457342984,12.039380660211833,6.733692601683793,1.6554817446127497
14824.345314741135,0.00015,10.623401366687212,9.370705546871855,4.16343714234176,1.5182763637171286
14869.335485219955,0.00015,12.430768987172723,10.839923887743089,6.011887549139132,1.597194520946853
14914.246199131012,0.00015,9.260191243420099,12.675632517203931,7.94265597398114,1.6200331620974986
14959.184169769287,0.00015,37.10074280980289,34.8336281657812,20.20748687549761,1.8684066260340164
15004.074746847153,0.00015,31.892016013723904,31.111559730444835,19.50827131332106,1.6864457397412738
15048.94532942772,0.00015,9.4883241834102,10.705505678705117,6.511205141103951,1.49761817617024
15093.905227422714,0.00015,7.208895265513213,8.656070330470017,3.567153376682549,1.4531999793011627
15139.02278637886,0.00015,8.62422500568661,16.977885449528554,13.013532427162122,1.4578005657784985
15183.900030851364,0.00015,11.10995541278999,17.314563587281807,12.125163162134255,1.5836562745239575
15229.038741588593,0.00015,26.718660391441027,48.389175860945635,26.4545672568546,1.6655461300269485
15274.049263715744,0.00015,14.367660892465727,8.89684186622278,4.044753532652642,1.4659490112217928
15319.177233695984,0.00015,13.836326046024732,124.4672009238302,44.656354031896896,1.6088330976565586
15364.364315509796,0.00015,16.89101712169543,17.267970072898333,11.775924177230543,1.4875349157918245
15409.400559186935,0.00015,14.519836041532145,11.297053146226743,6.728768143380523,1.5124108153120805
15454.539458751678,0.00015,10.685217537906,12.508697269008612,8.41851967975592,1.4689187988628287
15499.582331895828,0.00015,15.852301728052302,16.919431435883936,12.306051402486814,1.494579594200994
15544.700578927994,0.00015,9.252339896391433,9.681164834601596,5.373691165219447,1.4458828266128436
15589.884602308273,0.00015,7.528269191561284,10.81147097375432,6.2156422220217955,1.437477943862039
15634.95749759674,0.00015,15.695658197733005,28.07054219421011,17.028611998345443,1.6209211645764234
15679.882304906845,0.00015,15.757237701381273,14.381640723959809,10.030838537519905,1.6080513001090777
15725.101738452911,0.00015,11.192401277649815,10.720994048173946,6.3027519469048565,1.418875114599374
15770.184632062912,0.00015,17.188613517775128,23.24934942484523,13.401543936759802,1.97412730571473
15815.232952356339,0.00015,10.648103929391107,16.62490657403327,10.884731103204619,1.4337377896911772
15860.175980091095,0.00015,10.881672959075816,21.806160143906684,15.303825465888734,1.3961105273175294
15905.153450012207,0.00015,23.042909305343212,21.384383797301016,13.144949457448,1.7948430898582484
15950.308015823364,0.00015,12.110687289733052,12.284391703828199,8.385411742386545,1.4420310518032358
15995.371219158173,0.00015,14.819100641205445,10.407564940968838,5.826830860308021,1.492137150695555
16040.380479574203,0.00015,22.320099277183658,28.053610077934565,16.891677564876094,1.562183610099305
16085.460371732712,0.00015,11.062367573548753,9.207971230199398,5.418585175921203,1.4030255198770532
16130.565484285355,0.00015,7.567701195541409,13.565983466722479,9.234335560403812,1.4758546078665453
16175.824719667435,0.00015,8.400147668737748,8.542100345780572,4.860431024830812,1.37385324663266
16221.000217914581,0.00015,14.599241699677348,35.965186948037434,19.845241706993928,1.6163604218182401
16266.12646651268,0.00015,14.662576171652649,10.997413317972494,6.476262455836983,1.5038475390285675
16311.136518001556,0.00015,8.344246497093437,10.636179061456756,6.317620830171427,1.441876307944405
16356.16415643692,0.00015,14.027405252265583,14.041903195520115,8.98315159500025,1.557798398724384
16401.65463232994,0.00015,12.60026622869495,8.496300923284888,3.8935483604479746,1.407648189484127
16446.78002357483,0.00015,42.41667644174155,14.34330299687425,9.397779933662171,1.5693480298161968
16491.749940633774,0.00015,9.905238328735685,9.866887498800011,5.648477172851562,1.405283110196167
16536.735010147095,0.00015,10.618159939291699,10.409247500815681,6.3783952166320415,1.3848132153592159
16581.68628525734,0.00015,7.540094276247563,8.345298670140863,4.274330080846313,1.3446210747786367
16626.722374677658,0.00015,9.244478417485139,18.333408155579104,13.657223063669386,1.383869686938571
16671.688192129135,0.00015,13.150001177674868,11.022026291358982,7.709922392049413,1.4290220697880884
16716.53339600563,0.00015,9.641666622891453,12.439437309189222,7.803556464128434,1.5401444615340953
16761.536742687225,0.00015,20.367146398547785,10.05818394726697,6.4164724556503785,1.4417870846968037
16806.443297624588,0.00015,9.194175535038738,11.901674482760852,7.7534805978179735,1.3801440581998243
16851.885294914246,0.00015,8.212464361069198,12.674773933728762,7.703066841660032,1.5857489431562426
16897.198971509933,0.00015,8.146394963082068,16.626224525232953,12.291684251530155,1.446828880692643
16942.145718812943,0.00015,9.393805607724493,14.121996375921919,9.811026020414511,1.4214214378874477
16987.045803785324,0.00015,11.343944523851293,26.156553911445435,17.49635742576259,1.5564455457860746
17031.93203663826,0.00015,8.213103579432586,9.182158699252543,5.2808491312014825,1.4148725348024263
17076.876269102097,0.00015,11.510106563046982,13.859355269176534,9.32543393274781,1.4190665132916764
17121.81298184395,0.00015,86.63760959385523,20.570886321927496,13.753237351338575,1.6159112362295665
17166.64263677597,0.00015,8.424753523828336,16.769339660783707,12.232305441692377,1.3592842575009378
17211.658707141876,0.00015,5.338978518988048,9.46819620979705,6.516175006453398,1.3282693173208857
17256.626004219055,0.00015,6.736319136228718,8.239429330294858,4.295114631409858,1.2764793229104971
17301.412680625916,0.00015,6.699436938176389,11.108197463798568,8.19148608165182,1.2935520461618002
17346.398083925247,0.00015,5.840702696141866,16.417897189858117,13.103789913882116,1.2914752641183962
17391.50993847847,0.00015,4.939424215987297,9.14636267901766,5.48120297960415,1.3094706357226762
17436.414234876633,0.00015,6.580234187808845,24.434537752915602,17.6596869401871,1.305889605790492
17481.333399772644,0.00015,7.189905026441063,7.925969215027955,3.956795584320263,1.3110874566743416
17526.47254228592,0.00015,7.687069947949741,15.010523747098697,12.448479952478104,1.2755470384930505
17571.60652446747,0.00015,14.016896060603129,14.391417022565902,9.96436143619999,1.3989404050093037
17616.635461330414,0.00015,8.815998551102936,8.596453251914372,4.9788445442345495,1.3404507507261558
17661.550861120224,0.00015,8.119206817814561,9.264231218429742,4.878390425177896,1.4104923728178305
17706.288316726685,0.00015,8.987984265047778,10.079244314486086,6.078543479579269,1.3855537135595584
17751.407485723495,0.00015,7.792328318264098,11.024299842411521,5.486024815261744,1.4649811689938206
17796.506801128387,0.00015,20.9892709005943,36.127654848006124,20.426049921315187,1.6166670406955796
17841.258243083954,0.00015,16.47646094497653,8.111197532689054,4.8604328228409885,1.3191832488722064
17886.156552553177,0.00015,6.131812167558514,8.382314322046183,4.78685045181566,1.2745400601160863
17931.117669582367,0.00015,5.811593173153848,8.459760549785232,4.73243024303655,1.3325150313351397
17975.90168428421,0.00015,8.060578657890279,11.592570580557268,7.189255790953424,1.3756905807643331
18020.636740922928,0.00015,7.336127316452332,9.372331075887493,5.988791826576184,1.3048911278953694
18065.426703453064,0.00015,6.888768970944625,7.293742638700693,2.70518344466094,1.2527927620701058
18110.306409597397,0.00015,9.185643391009888,17.777976677728983,12.713124891147492,1.4273640092567914
18155.18808722496,0.00015,22.505716351472614,7.631722124604019,3.4273699523537022,1.3079771787608336
18199.991349220276,0.00015,7.015619469383809,11.877981157083699,8.505017692420134,1.315692691521312
18244.850501060486,0.00015,5.346103431878846,10.04052099032697,6.178151863243929,1.3518686098895405
18289.658554553986,0.00015,6.931285896718176,8.086358965236805,4.841555747256916,1.2585754110153597
18334.487141370773,0.00015,8.354681681370693,14.460767261249368,10.93423096480643,1.2934537980206853
18379.357345342636,0.00015,471.13953714005936,285.56434907892873,63.87188541874005,3.6962130305195253
18424.199073791504,0.00015,41.72037652681,13.582885665098262,5.7330037499688995,1.9612734897869284
18469.099007368088,0.00015,9.65469251782082,10.4159642993373,4.320666571939068,1.6918548610494155
18514.11905193329,0.00015,7.903843698518958,9.476963926869754,3.9789006907469147,1.5746207655299889
18558.950605869293,0.00015,6.87706075513732,8.659185776487965,3.4315821653718404,1.4955403530154288
18603.73575425148,0.00015,5.866681107015558,8.535387246683857,3.6397454960331035,1.433188541728362
18648.530593156815,0.00015,5.660369686133658,9.005725681383558,5.008627601186181,1.3880182826103855
18693.396466255188,0.00015,5.482056199787745,7.765908081648447,2.781565565364376,1.3595557562201395
18738.127883672714,0.00015,5.484337184815676,7.945034481591733,3.754712283383509,1.3355080685362868
18783.012555122375,0.00015,4.706847061528968,7.490686600221274,2.8124562840552847,1.2964532457689233
18827.8978869915,0.00015,4.679797794953505,7.646089921034899,3.8471020449498656,1.2812339630283602
18872.661928653717,0.00015,4.337770520229374,7.21930176363938,2.630535237500622,1.2639463659505055
18917.550208091736,0.00015,4.821052660533856,7.324639551957561,2.7341143274003534,1.265492107912817
18962.338542222977,0.00015,4.715089808743725,7.449774642692192,3.2069900026746616,1.2469616011892424
19007.206231594086,0.00015,4.56022602317546,7.499175951328923,3.551509337212629,1.2460003989384674
19052.13540673256,0.00015,4.431397651714054,10.027580698800014,7.629309004279459,1.23165375649962
19096.945117473602,0.00015,4.681658617308014,7.238120573591039,3.8750173483684565,1.2150577523777442
19141.936013698578,0.00015,4.9595356084827085,8.687050860743193,5.858519302659733,1.2315448890221512
19186.866661071777,0.00015,5.05622650139536,6.964144767197747,2.5683766844925606,1.1874345121645
19231.832263708115,0.00015,4.423363848375275,7.010561032025234,3.4432409881786175,1.190524457557821
19276.73685145378,0.00015,4.328402276377861,7.082310066593679,2.7414376714427,1.2224379096580589
19321.666768312454,0.00015,4.1975488695724845,8.280439866885448,5.488418229218501,1.1995555726760543
19366.445113420486,0.00015,6.851411440246526,6.937926448902455,2.8565378565697155,1.2073500421688679
19411.36477637291,0.00015,4.720708475303997,7.01513916731615,2.8376381357763982,1.1799354830972864
19456.228538751602,0.00015,4.628377391384382,8.157541429135112,4.69409536373843,1.2357739298300165
19501.14958333969,0.00015,5.332023087833314,16.954154016711197,13.182313333499204,1.2115269695668482
19545.987247943878,0.00015,5.879723768633789,7.174617960215236,3.4006575566188544,1.2112717565292337
19590.794932127,0.00015,5.369885835838665,8.010966410701293,5.100531695906524,1.194208378216803
19635.55939602852,0.00015,4.920314434621286,11.491411642835084,9.015269081455887,1.2363180262193496
19680.49914431572,0.00015,5.649778076859771,7.095159280415932,3.68774983594372,1.1698026176162837
19725.396741628647,0.00015,5.0218436611154695,9.679932403971137,5.774327641383858,1.3217592997469252
19770.455400943756,0.00015,8.495212328412277,17.668235294402592,14.381217169306082,1.2211829771035694
19815.501029014587,0.00015,6.432692028525097,7.432079721496897,3.9485418914989303,1.189977411352834
19860.498547554016,0.00015,5.469615158574395,7.141439383246271,4.334218038571109,1.1531496087888928
19905.523102283478,0.00015,7.911913057928311,10.507482454127764,8.230272582230295,1.2217775673961542
19950.61578965187,0.00015,6.898645908585012,7.332796899460695,3.8215697513264457,1.2195922745523375
19995.699813127518,0.00015,6.838678798432341,8.477877954000885,5.603083830426453,1.207179631511342
20040.776990652084,0.00015,8.418931249886045,10.642487942971936,8.122553578759454,1.2245095613358061
20085.935165643692,0.00015,6.750837370172442,8.391704222218907,3.5056770664871117,1.2761096782333372
20130.842773914337,0.00015,5.96418855055651,12.008159739935577,9.453581150322204,1.2865623365069494
20175.82293343544,0.00015,8.535003209939203,9.234114559723059,6.6048780599217505,1.2286057505441543
20220.757717370987,0.00015,8.696988411679294,7.852029017051004,3.887939958511644,1.2279723614997926
20265.669693231583,0.00015,15.690711256801974,14.349039647116589,10.465596309588973,1.3676598021178827
20310.634255886078,0.00015,8.150162060360657,8.556539988546003,4.327696257184265,1.3200514085389028
20355.727377653122,0.00015,5.934876346761846,11.579834461912558,7.188529025521248,1.2725207127186489
20400.665157079697,0.00015,10.068285691933553,8.280437506773099,4.390144202359922,1.302426753570935
20445.385217666626,0.00015,9.576607274227454,7.116250490086024,2.981312181995173,1.2288836251067332
20490.094054222107,0.00015,6.923114888133899,12.08230937577288,9.409498897479597,1.3192512970705748
20534.76476764679,0.00015,7.4221409722972655,8.087187900353427,5.306272237012341,1.1864874883087044
20579.506581306458,0.00015,7.716102758522243,12.224880158316607,9.249254165940984,1.2558770970297324
20624.22316813469,0.00015,5.94231019167735,11.173064252161579,8.048475326246516,1.2866185680908453
20669.212233781815,0.00015,16.7561794454717,46.63366952772758,24.67829461553294,1.8010115785469971
20714.24447631836,0.00015,13.329715181569584,7.265644075067877,4.171888110895825,1.1657109495306206
20759.330102920532,0.00015,16.70343631282313,15.777048017650497,11.264879593575836,1.3900561174472381
20804.359236240387,0.00015,8.311540881054432,11.73402227701324,8.666646639101065,1.256119224839345
20849.388470888138,0.00015,9.605428547329373,9.779321747644058,5.359656850243829,1.4330879105989152
20894.35330557823,0.00015,11.751968447888483,8.710087438139185,4.659337960990372,1.2799042401151484
20939.2316133976,0.00015,6.706802076068732,8.329283734673828,4.894534855739327,1.1890508164164297
20984.208932876587,0.00015,6.552670140778867,12.926539595594228,10.051632359984573,1.2394336330808753
21028.981614112854,0.00015,6.2232784154853755,8.292239449482285,4.184849033234226,1.295701696363791
21073.904079198837,0.00015,5.669315913466156,7.756031976269195,3.629037286065946,1.2686889060402353
21118.787811279297,0.00015,10.23754760658806,7.765236942939243,4.538085266890799,1.2125179302520137
21163.71462726593,0.00015,4.631486265255454,6.853437448525084,2.887507682848888,1.1799391616909254
21208.62113881111,0.00015,19.660446725647308,15.64522489942213,11.30213189580638,1.3571038578807353
21253.615594387054,0.00015,8.154402558964241,7.892919063364773,4.10233362282917,1.2241966996459912
21298.5284409523,0.00015,9.129912353473934,9.86707241674702,6.405828390911126,1.298861768322327
21343.397564172745,0.00015,7.906858666564164,12.66764868894648,10.256743587809764,1.258769319942944
21388.32542204857,0.00015,6.054580368153167,7.194199123012034,4.105057190330165,1.1558737693291972
21433.225627183914,0.00015,5.750639529827514,8.064762568637619,4.288448727358678,1.2168288082004413
21478.156978845596,0.00015,6.139204021099487,10.161456997760013,6.282558241923144,1.3114598641526989
21523.050656557083,0.00015,8.338211253605689,9.420017978394378,4.82158854296253,1.4194761829184928
21567.936013698578,0.00015,5.272962536490463,8.131306662578714,4.3057514749514825,1.2338748693597983
21612.984272956848,0.00015,11.069331820545301,35.48322379069994,19.337782044623307,1.4905745099527166
21657.861921787262,0.00015,48.294373676425124,10.941218692492152,7.160157377400975,1.3532581504370509
21702.855271100998,0.00015,5.321564769397451,9.513810861678351,6.805099603932375,1.1952529484275054
21747.7133538723,0.00015,4.000295254441558,9.470054200259861,7.243268541469695,1.1539111759993435
21792.785375118256,0.00015,4.12162471720864,7.420832280846067,3.686236961024582,1.162642296793562
21837.722229719162,0.00015,3.7974195869459697,7.532192272881257,4.106506872480842,1.173144292179973
21882.69521164894,0.00015,4.189597217719629,7.832032502496787,4.965392891464719,1.1619285570843698
21927.56334233284,0.00015,5.369967030523471,24.556257950494256,16.710780480257267,1.3306379961551371
21972.28978419304,0.00015,31.76714908516472,10.028859183404775,5.774461977041451,1.3828667534722223
22017.064629793167,0.00015,5.642842269508348,8.94641909645621,5.991458061849995,1.1798194762947416
22061.866134166718,0.00015,4.9001858441990365,15.733472044844675,11.340182592306927,1.222434406510972
22106.74982523918,0.00015,5.378461443791624,7.0728495568693655,3.1096851761933344,1.1887166312226072
22151.635107040405,0.00015,4.341351729012578,10.532034579613457,7.531523744619576,1.2171922582647279
22196.39749455452,0.00015,6.00981095875113,10.594875741903039,7.637082715854524,1.2568813183894516
22241.33353114128,0.00015,5.025540243471906,9.135393021734256,6.683523151373407,1.1468167671686211
22286.320904254913,0.00015,4.58714493332882,7.6766727421753105,4.6857839013360865,1.1577656422747373
22331.47830104828,0.00015,5.355089837649264,8.544862423449212,6.228056228540505,1.128234442016727
22376.414838075638,0.00015,8.029357198982725,9.484980790193147,6.528734739267143,1.1363878963626806
22421.3108355999,0.00015,4.837690358952312,8.305510880037158,4.290548744930583,1.167262635467874
22466.40852332115,0.00015,4.706161642856285,7.496947955000714,3.196649325425458,1.1473104139983368
22511.20559668541,0.00015,9.697909052211296,7.445920912074523,3.5629398030080615,1.2301771906063679
22556.257560014725,0.00015,5.792748220891901,10.175316616122515,7.571154911502911,1.1874290309057391
22600.898419380188,0.00015,13.305866796809685,25.47001311702769,17.027460766446058,1.2873130973665896
22645.882524251938,0.00015,9.571499503158263,11.971416863082455,7.77816922133136,1.3131910704722913
22690.54666161537,0.00015,6.161534459473657,10.14843242458189,7.000657138702976,1.1497109701214907
22735.5078933239,0.00015,9.09885926307442,7.667350822262108,3.7667465793099373,1.2477287344897536
22780.55796098709,0.00015,3.733512977085913,8.930586010662477,6.297302945859872,1.1522298697639037
22825.57984972,0.00015,4.709825048116604,9.99707272445328,7.226663849460092,1.2465626530819365
22870.809886932373,0.00015,14.560295799825143,8.559760498633404,4.555254971449542,1.3457712194699865
22915.943734407425,0.00015,10.058957251043267,7.916379629529164,3.879009630725642,1.2277725683647733
22960.903301239014,0.00015,5.883877055718816,11.616765056168177,9.218488384659883,1.2747102124237444
23005.689753055573,0.00015,5.141451890525054,8.906496543021204,4.591678186890426,1.2475628295310401
23050.632873535156,0.00015,7.689061543198883,7.668473790037042,3.7660822777231786,1.201367760111274
23095.36535859108,0.00015,5.584304936553177,7.4503161421095525,3.4847917107260153,1.165923851029451
23140.198313713074,0.00015,7.786043609035471,14.921597837661855,11.349603115980793,1.3118783600906676
23185.078143119812,0.00015,13.781046625912081,41.95431618011554,23.410433357384555,1.477863914322855
23230.036221265793,0.00015,10.201561837899881,11.29324714034351,7.908827530198796,1.2303919448979064
23274.95660018921,0.00015,5.671152927489011,9.031141602543965,7.189694213867187,1.1433113142126667
23319.889497041702,0.00015,6.191530589154075,6.991611218469399,4.341247092083002,1.1035820401958463
23364.89170885086,0.00015,4.883793379917388,8.76582522205876,6.162445048921427,1.1466196423635788
23409.979288816452,0.00015,4.902280151214321,6.986206032896008,3.9569391141271897,1.1429461154668128
23455.012441396713,0.00015,4.886030373634102,10.058840693853615,7.356093456486987,1.215230871852913
23499.761192798615,0.00015,5.273462456736191,8.76751580927446,3.9817784789261546,1.2323073334653616
23544.633479118347,0.00015,6.183754236190046,36.64749280047965,23.08157721841411,1.2491422514473762
23589.65747332573,0.00015,2093.332552183391,4855.53617592608,290.4444777567675,7.534554765236319
23634.705314159393,0.00015,744.3502199155603,70.08053467422265,15.479453233852508,4.355424175007897
23679.664291620255,0.00015,58.09571921482329,49.77256185282635,13.941035684962182,3.649183737808971
23724.779168367386,0.00015,41.611161784743565,37.50022542908756,10.113716310148785,3.254952991120785
23769.841535806656,0.00015,33.74737012824943,36.031642783769804,11.938596689017714,3.0373454450836097
23814.781574964523,0.00015,28.643856375855826,28.340422077807055,7.495703902517914,2.906371166087963
23859.5255920887,0.00015,25.828946992217517,25.821954409145853,7.414359317463674,2.7463226132790908
23904.504012823105,0.00015,23.443236860681754,23.730913239004373,6.519162541286201,2.6541374499958046
23949.33133983612,0.00015,20.804219663512296,22.141251908668096,6.30333170313744,2.5614394776489577
23994.122846603394,0.00015,19.432643411632878,23.21090622300702,9.092341740116192,2.4899423933778526
24038.86767745018,0.00015,18.17717147646489,21.67475423873869,8.488202467997363,2.417190345704513
24083.514914035797,0.00015,17.32188960841445,19.04281288735309,5.731171995515276,2.3749648027224985
24128.18558573723,0.00015,16.038302283643155,18.11474256802441,5.328669806802349,2.306363789620844
24172.954291820526,0.00015,14.978160374889825,18.132422997267486,6.306414289535231,2.250169616328082
24218.016547203064,0.00015,14.403916398206478,16.883444920277544,5.203980289143362,2.205671909395236
24263.11614227295,0.00015,13.987640698403391,16.423816782714802,5.732052417925209,2.158228589813828
24307.897001504898,0.00015,12.846440491737129,16.001960298727543,5.086102217170084,2.1127564373075103
24352.54581928253,0.00015,12.213746632643737,15.179561438670065,4.6008735413763935,2.074237582548567
24397.32287955284,0.00015,11.53665839857091,14.58811119163638,4.274172166957976,2.0402004964636147
24442.06331062317,0.00015,11.319501561371572,14.756158257163381,5.119436859325239,1.9929296697625465
24486.848796367645,0.00015,11.532448391662486,17.881293655509378,9.94929035939988,1.9679307725694444
24531.601919174194,0.00015,11.417010665157019,13.692174520359252,4.688675529334196,1.924766370744245
24576.3359811306,0.00015,10.896905321631927,14.136122060200524,5.462241825176652,1.9024467891815724
24621.176279067993,0.00015,10.221278225528739,13.118028692983389,4.109369071425905,1.893114925897546
24666.283547878265,0.00015,9.626742365408031,14.646852544076463,7.074183197993381,1.8508612035001086
24711.44880771637,0.00015,10.013437539328208,15.84150237381896,8.245834797658738,1.8430019614538913
24756.208336114883,0.00015,9.508417693383056,12.044559731807677,3.475124932550321,1.792902909343412
24800.835604190826,0.00015,8.714663821708527,14.716065383076074,7.765394407624652,1.7954686050155966
24845.60955429077,7.5e-05,8.210463684373867,11.764739300475474,3.9131557683276523,1.749363842370489
24890.568497657776,7.5e-05,7.9634257842934195,11.514438118829572,3.5881343574280953,1.7417418310543018
24935.37180185318,7.5e-05,7.934250585976411,11.3413392444494,3.3010562775241343,1.730744027568013
24980.385509729385,7.5e-05,7.767920383946709,11.748463295071478,4.286344141869028,1.7200760443195728
25025.21499300003,7.5e-05,8.009855792908938,11.088013514012868,3.2201278783713176,1.6956055073096818
25070.027967453003,7.5e-05,7.402712659714218,10.897008158397517,3.3125884037868234,1.6855178202798013
25114.94762301445,7.5e-05,7.45730612742662,11.583133848864048,4.833082415343849,1.6750398475751205
25159.803944587708,7.5e-05,7.5764023647065155,11.001052600708768,3.690492229097208,1.6657483215741729
25204.467567682266,7.5e-05,7.198887200173133,10.682651689995298,3.0422937040875673,1.6559279302581833
25249.480808734894,7.5e-05,7.8349140247143465,10.658645934489236,3.335117393542247,1.6491486639224513
25294.467950105667,7.5e-05,7.060573248524483,10.597858643729493,3.641065230642914,1.6296351937917062
25339.539405107498,7.5e-05,7.263591437174757,10.51746723213006,3.7235127442961287,1.6230759220082622
25384.60894012451,7.5e-05,7.261643271454914,10.953488901152314,4.495943271126717,1.6095891990321212
25429.414365768433,7.5e-05,6.978175901194088,11.08304006124215,4.9098626981115645,1.5956901805148365
25474.132657766342,7.5e-05,6.761186136964891,10.496753712554476,3.9560641440616293,1.5954416132383715
25518.82754468918,7.5e-05,6.511166885772038,11.745465193018475,6.55353488800632,1.5889321836995578
25563.534152269363,7.5e-05,6.720494627127447,9.952733858465951,3.0260068954176202,1.5770408482759812
25608.59103989601,7.5e-05,6.599789593562837,10.316403399415277,4.180051047938645,1.568972369828684
25653.36879301071,7.5e-05,7.136309643260768,10.27368057235613,3.699062021826483,1.5553854572314518
25698.25625038147,7.5e-05,6.805015611387993,11.263549162352488,5.937376928633186,1.5438881631956785
25743.19658946991,7.5e-05,6.298755368161506,12.487222147021805,7.976228206172871,1.5309115886650577
25788.127777576447,7.5e-05,6.554350027838257,9.688435044748415,3.4494072883751743,1.5223219992547186
25833.10379600525,7.5e-05,6.114143457395349,10.012020232411421,4.758943944068472,1.5043737456535526
25878.10709643364,7.5e-05,6.507236310823368,9.409315208506454,2.857532914277095,1.50442952030522
25923.380459308624,7.5e-05,5.878090395519208,9.26398578134088,2.78894162998078,1.4899424801371368
25968.23650074005,7.5e-05,5.990405961681151,10.12081347768043,4.612672521506146,1.4940772907227255
26013.092971801758,7.5e-05,6.49735813262467,11.672747049781277,6.99135435067924,1.4758283082356076
26057.9128742218,7.5e-05,6.0182002684240565,11.961863942271696,7.538351090546626,1.4654472437231008
26102.82412147522,7.5e-05,9.518496940001329,9.113271423426603,3.1686484755983777,1.4594528597093896
26147.6851477623,7.5e-05,6.305160909315711,11.47427978592443,7.614848434545432,1.4578315292029436
26193.034485816956,7.5e-05,7.125804545362573,15.682718884156966,11.365780270327429,1.4547517597096364
26238.008450508118,7.5e-05,6.1023418473415685,8.722212375337211,2.597749158531238,1.4296322709678295
26282.897401809692,7.5e-05,6.057915198737806,10.040888774635045,5.21359424955526,1.417984304975618
26327.90196800232,7.5e-05,5.910254710359,8.846517315127787,3.0392469855630475,1.4067228670172205
26372.669523477554,7.5e-05,5.848898488098589,9.731066693719658,4.937279806926751,1.396800371591941
26417.60382914543,7.5e-05,6.369121054178596,9.564226950641155,4.581891384246243,1.409476273148148
26462.815279722214,7.5e-05,5.373725821281392,11.973703841738327,7.749811082584843,1.4083560951134704
26507.947099924088,7.5e-05,7.384173187401776,8.63277467179993,3.2986357476301253,1.3942016784720987
26553.072064638138,7.5e-05,5.23384869893392,8.706499613735016,3.5235117140848926,1.3684992348216753
26598.159191846848,7.5e-05,6.260301899692834,8.725317490041553,3.8534724047229547,1.3675766655160457
26643.440944194794,7.5e-05,5.394493846858568,9.282960006394847,4.838496253141172,1.3680040070450081
26688.315118312836,7.5e-05,6.307846270146048,8.730177577347925,3.4957165760599125,1.362654793986417
26733.286169290543,7.5e-05,7.010212990581881,12.02753763512903,8.470055821898637,1.3626981292847518
26778.165939092636,7.5e-05,5.658110752870042,8.721297518378382,3.7690855086988706,1.3447034960983772
26823.766139507294,7.5e-05,7.014479958164236,14.674052555226115,11.21696198092904,1.3525652021082584
26868.838086128235,7.5e-05,6.033834646655779,8.679649335336583,4.256334224628035,1.3248218600542674
26913.974540233612,7.5e-05,6.740324590158376,15.034965466108686,10.750467988032444,1.3507899413522664
26958.815768241882,7.5e-05,6.545799741067522,8.452835537319189,3.815542592820089,1.3255007263872849
27003.68506503105,7.5e-05,5.67211067012099,8.035760690521442,2.413288655858131,1.3084597319701097
27048.494580745697,7.5e-05,4.823775831163473,13.53865805456238,9.990549289193122,1.3236304179437632
27093.423111200333,7.5e-05,6.522452185931319,9.925353798304823,6.257814025878906,1.3038776406441257
27138.371797800064,7.5e-05,5.105595547688246,9.346947331938013,5.536504466062898,1.2878194438274895
27183.132962703705,7.5e-05,5.898036036465338,8.890944633379956,4.793703397520029,1.2882018035597065
27227.979465961456,7.5e-05,6.066796841473744,11.357666299784249,6.511049200167322,1.3404323442620725
27272.813656806946,7.5e-05,4.989641912734791,9.026421614965255,4.890724298756593,1.280407297435195
27317.803363084793,7.5e-05,5.190251390008979,8.274951757635728,3.9907898240787967,1.2932548609106007
27362.774476766586,7.5e-05,6.245078898084185,7.953132788374141,2.3964444786120374,1.2855750177837253
27407.76342344284,7.5e-05,5.229513204640595,13.23123998040979,9.634149169921875,1.2731584243033345
27452.79465031624,7.5e-05,5.549131323253305,8.138856446327855,3.8537938695045035,1.253049486647245
27497.55306506157,7.5e-05,6.35377586830292,10.357047843345672,7.172729394997761,1.2685383960344607
27542.615488052368,7.5e-05,10.307428390558517,52.68273615201088,28.917137777729398,1.331204364616649
27587.382801771164,7.5e-05,10.281744939599099,8.08140612215658,3.4294091291488358,1.281035760480213
27632.232841014862,7.5e-05,4.270439316275342,8.222665604639042,3.6577972412109374,1.2209416359114644
27677.17036986351,7.5e-05,5.052771662102371,8.235008958379568,4.243717587221959,1.2343017288927387
27722.08027100563,7.5e-05,4.152087969337005,7.711887379478883,2.8118509183264084,1.245940479121012
27766.78033041954,7.5e-05,4.883874311603484,10.191480678552928,6.244455898795159,1.240596469691473
27811.693781137466,7.5e-05,5.862743631130142,8.12996640473117,3.5468305745701882,1.248009391133371
27856.35625219345,7.5e-05,5.0341284604237595,8.075883614296767,4.461738712772442,1.2235289616371268
27901.404829978943,7.5e-05,4.356291415522008,7.672473331470394,2.826168774647318,1.2083132649469666
27946.469738960266,7.5e-05,4.167568351835936,8.44818263994916,4.395578508316332,1.2374411347898404
27991.56145811081,7.5e-05,4.886235544242928,10.352370597298917,7.184093110880275,1.2107069285270078
28036.21809077263,7.5e-05,7.7967865869212885,9.458062147467206,5.835188614183171,1.2380180030526928
28080.82228589058,7.5e-05,6.486153001559454,11.755183135500115,8.887988592257166,1.2041850789147024
28125.45791745186,7.5e-05,4.642775623133925,8.72330659185363,5.051933181665506,1.2471806625972321
28170.303466796875,7.5e-05,6.465309069065448,8.098683334656503,3.5858872869212157,1.2171716481148327
28215.202835559845,7.5e-05,6.2091712953397264,7.291749390887016,2.874817973337356,1.187192268675842
28260.046258211136,7.5e-05,6.764372568530029,8.149656926927564,3.726013795889107,1.23236247188228
28304.93341064453,7.5e-05,5.665952441036593,7.828139547995554,3.6860482379889032,1.2274730984524302
28349.91579437256,7.5e-05,5.5967749428879365,9.762087347992674,7.087383041867785,1.1852050241414456
28394.970806598663,7.5e-05,4.53199294946667,7.8015566936349225,3.7596202777449492,1.1829867319219873
28439.82777786255,7.5e-05,5.373724702581464,9.480593756910919,6.249857422652518,1.199869290390804
28484.929195165634,3.75e-05,3.8375823126030317,7.509729831915166,3.768165773039411,1.151607932945022
28529.92702150345,3.75e-05,3.268815336331644,7.216497512260226,2.5256154588832977,1.1422697150254433
28574.685445785522,3.75e-05,3.2631102873327955,6.974418741581819,1.885773346530404,1.1352361418046177
28619.62603545189,3.75e-05,3.307429720664936,7.4113883860555765,3.275072989494178,1.1477440889550266
28664.696689605713,3.75e-05,3.2838277379020315,7.155061951352363,2.6291837461435112,1.1395898209997877
28709.797022342682,3.75e-05,3.4356685475139237,7.665012659413135,3.839027472817974,1.1343972142326562
28754.586843967438,3.75e-05,3.3550662218764398,7.497557795700149,2.9807685366102086,1.170901610961808
28799.406667232513,3.75e-05,3.23473940955268,7.22588281760253,2.308324898883795,1.146137621277911
28844.160423755646,3.75e-05,3.3953845902218847,7.051268296681205,1.976078903295432,1.13430607842484
28889.150238990784,3.75e-05,3.286067401906832,6.975380989489073,2.1063136325520313,1.131452916469241
28933.903893470764,3.75e-05,3.2677857028982027,7.785035998943829,4.120006051033166,1.1363429357737602
28978.62039256096,3.75e-05,3.5463779989704625,7.62841882366785,3.777303338506419,1.144285875465184
29023.45236158371,3.75e-05,3.323847188237369,8.74625900885811,5.825009019207802,1.1653412585818428
29068.513978004456,3.75e-05,4.025163078394961,10.962340514904456,8.43104252906362,1.1643364164112473
29113.668862104416,3.75e-05,3.7739041507786957,7.239035848361342,3.1838814705040805,1.1367981212489142
29158.791392326355,3.75e-05,3.5256651734176665,12.221120685142692,10.048254413969198,1.138596030033982
29203.81000685692,3.75e-05,3.4694847263273645,8.624651115501528,5.805353677348726,1.1479873889789642
29248.85185623169,3.75e-05,3.607657654559026,7.664173976755402,4.004726453647492,1.1182539952457455
29293.824405908585,3.75e-05,3.6740049759981193,8.134570398920381,5.462115381325885,1.1307443746051489
29338.824901342392,3.75e-05,3.561187860527108,7.203742605440708,2.6431184221984476,1.1219956667400843
29383.835213661194,3.75e-05,3.5826667726582735,7.644956352552004,3.588926667620422,1.1313839640463357
29428.84217762947,3.75e-05,3.657893067240064,7.05769163797998,2.59155022202024,1.1276546258662048
29474.03687429428,3.75e-05,4.641065861575156,7.4730036182670165,3.60138016233019,1.1351068550476782
29519.056128025055,3.75e-05,3.4714138531294023,7.608892971484815,3.9157959373133955,1.1358077698067204
29564.010473251343,3.75e-05,3.694518370532816,7.247227918059587,2.229927748175943,1.1429741444994768
29608.948987722397,3.75e-05,3.2894205825142087,7.342555871153296,3.2557254183823896,1.103470849497552
29654.0176115036,3.75e-05,3.61890486420178,6.907027525925518,2.1707662983305136,1.1039932695617893
29699.031491994858,3.75e-05,3.255626023271696,6.9396852542201195,2.4228912256325885,1.112874981337114
29744.140100240707,3.75e-05,3.47150448545515,7.293357218229723,3.274787115595143,1.1250725346173398
29789.180672883987,3.75e-05,3.3794754619372562,7.864075404223433,4.611726146139157,1.097391244731205
29834.20417904854,3.75e-05,4.021271137939342,8.250879986403085,4.586616797963525,1.109553195857271
29879.239940404892,3.75e-05,3.6338287778239433,8.068657783173013,4.43235952778227,1.1200710334889294
29924.251193523407,3.75e-05,3.5214546292205977,8.13535448062818,5.378623019661873,1.1045719327778272
29969.167271375656,3.75e-05,3.5900741633604567,8.924929802611494,6.289381087965267,1.099171973250069
30014.073244810104,3.75e-05,3.449643108666703,7.185556733938677,3.314921686451906,1.0968373233349622
30059.022138118744,3.75e-05,3.500072446069214,6.901074230058079,2.018731402743394,1.1075194791944296
30103.8771378994,3.75e-05,3.3417368880169422,7.308091340825276,2.884037343407892,1.1229247911916114
30148.865444660187,3.75e-05,3.2322075921112505,8.243807384646411,5.4301751786736165,1.1065010312401287
30193.886583805084,3.75e-05,4.0519321791678395,11.099771171801182,8.92332023086062,1.1113545923655532
30239.01873755455,3.75e-05,4.033167216643175,8.175053676410016,5.318293888553693,1.1196248112117981
30284.353924274445,3.75e-05,3.396221549306845,6.839572949207272,2.0252086663701734,1.0960932371562326
30329.308944940567,3.75e-05,3.253348370849109,7.067780652189673,3.187152109328349,1.0849266444470356
30374.143665790558,3.75e-05,3.4071747930106353,6.9581997681612995,2.8286064536708175,1.086810171149461
30418.944741249084,3.75e-05,3.3384752101585513,9.88859007141088,7.029059129459843,1.09609326414801
30464.209422826767,3.75e-05,3.557163004362735,7.674567728114902,4.453682771913565,1.096478645031292
30509.726941108704,3.75e-05,3.8016067887047384,8.182863052194646,5.22230558942078,1.116024374191789
30554.669202566147,3.75e-05,3.6109952215288508,7.340398905938679,3.3719167041171128,1.111343504529066
30599.651360988617,3.75e-05,3.283158839595774,8.717427053431203,6.2733859894381965,1.0824970509555398
30644.603484630585,3.75e-05,3.637616501566708,10.272228515207471,8.23031639536475,1.0844754749627359
30689.66768336296,3.75e-05,3.836410435605353,8.149109406822582,4.850053114192501,1.0819637474211286
30734.65331721306,3.75e-05,2.953953290550218,6.811655493896455,1.9877097208788441,1.0755021704473664
30779.816210746765,3.75e-05,3.4537590719963034,8.521039144836369,6.0147769612111865,1.1021991126337558
30824.91058087349,3.75e-05,3.4003194822856853,8.632870813083716,5.933033975977806,1.1120029907660358
30869.92759871483,3.75e-05,3.964280682096499,7.2447713777821825,3.101636184400814,1.1227279363043414
30914.950072050095,3.75e-05,3.1869688918247467,6.938119469929352,2.320157574696146,1.0767410833820728
30959.907601118088,3.75e-05,4.076646020329933,10.118357289478526,6.636816464563844,1.098447351998687
31004.94831943512,3.75e-05,3.443638694568627,7.541955388323783,4.371749693269183,1.0738038825280838
31049.906214237213,3.75e-05,3.0188817839804893,7.747935940151219,4.593531954819989,1.0673732014993238
31094.82359623909,3.75e-05,3.4356651995785685,7.628178345866182,3.7416990146515476,1.0680644859778488
31140.04147028923,3.75e-05,3.3856681793331016,8.744213897349907,6.009497167502239,1.081006719255903
31184.94052171707,3.75e-05,3.2405298166153425,6.763608834054961,2.222541276968209,1.0651939432457012
31229.858585357666,3.75e-05,3.107841272215157,7.514019486701367,4.451157024407842,1.0606847837017788
31274.755791425705,3.75e-05,3.267441422561479,6.735806485663882,2.491850288050949,1.0488074415867092
31319.712966680527,3.75e-05,3.180740580793287,6.964559043286903,2.5704845938712926,1.061669220088792
31364.47933936119,3.75e-05,3.262452678037689,7.211842960126308,3.44461385155939,1.0753731574641672
31409.375797510147,3.75e-05,4.029322477941739,8.034803524482761,4.885623538266322,1.0648981885586946
31454.264800310135,3.75e-05,3.7642961828652193,8.527803405159826,6.159995226040008,1.0606733160524264
31499.22921395302,3.75e-05,3.0035325432518576,6.998480839063928,2.755819381422298,1.0921338403468768
31544.24870991707,3.75e-05,3.1958937417396864,7.248653493010018,3.012789207507091,1.0836772239990524
31589.254771471024,3.75e-05,3.8241245608077894,6.901427383712049,3.315679280469372,1.055964937912743
31633.968025684357,3.75e-05,3.337300371124879,6.671666899192845,2.028534278140706,1.0461664060803375
31678.908323526382,3.75e-05,2.9872086872385717,6.7520077614331235,2.850757205258509,1.0479324433604547
31723.659244060516,3.75e-05,3.0277207123560115,7.148713710143706,3.1665006017988655,1.08045663262001
31768.40626001358,3.75e-05,3.638063815903794,8.843801243648064,6.072101043895551,1.091480943959518
31813.438122987747,3.75e-05,2.9066892866228446,6.616803354156212,1.9073095649670644,1.040554709556138
31858.26232814789,3.75e-05,3.1074119642566895,6.728565977478841,2.506405970093551,1.0662743662484946
31903.209963321686,3.75e-05,3.0541651835207078,6.887642565329362,2.532931520984431,1.0542611282470338
31948.148523807526,3.75e-05,3.303415871013926,6.916105591903448,2.994696812720815,1.0530340165029268
31992.95956993103,3.75e-05,2.9104219771908064,9.173026760583014,6.215956854364674,1.1090161944493802
32037.86355280876,3.75e-05,3.0420612661782074,7.332375361664661,4.124605497129404,1.046523993145014
32082.852695941925,3.75e-05,3.091113604700196,11.607458508949488,9.774531778712182,1.054249433095559
32127.80554127693,3.75e-05,3.5229454379264125,9.425040756597024,6.638479497630126,1.0917143746329119
32172.717207193375,3.75e-05,3.336562500712216,7.119926730164757,3.206797518396074,1.0574679114040413
32217.584609031677,3.75e-05,3.009613444158071,6.99279210677618,2.8477257698204865,1.0425045242074598
32262.516498804092,3.75e-05,2.8643385440708293,6.889451381081909,2.5244513566326945,1.062439954863579
32307.320210933685,3.75e-05,3.0481084985159783,10.961208960106802,8.659083975044785,1.0835322704434178
32352.252065896988,3.75e-05,3.4758462346533827,7.69856927089289,5.135819239525278,1.046271016568941
32397.26673412323,3.75e-05,2.919182857746201,6.968556627812642,2.6325022484846174,1.0825782827090984
32442.8656771183,3.75e-05,3.1427777104473287,6.81868040867254,2.163575285407388,1.0549116686378377
32487.71583533287,3.75e-05,2.9118668335600195,7.759744731726395,4.68699052166787,1.068753657385814
32532.552174806595,3.75e-05,3.381728318219628,6.615048572729617,2.1530090040462033,1.0557280407239595
32577.416933774948,3.75e-05,3.0495310951886063,7.460881653094116,3.9812812173442476,1.0727301380621692
32622.287417650223,3.75e-05,4.297313239926197,6.793337416903042,2.2668286050201223,1.0538962302666972
32667.446516275406,3.75e-05,2.7529334662390537,6.905992241906657,2.5820854964529634,1.0502357982378534
32712.353833913803,3.75e-05,3.0163419792995207,6.898138522446593,3.3099912801365945,1.0377519007609521
32757.38449883461,3.75e-05,2.7280204863279027,6.875651334727779,3.047750135288117,1.0363319173447
32802.234382629395,3.75e-05,2.8950124016225014,7.3397974130977985,3.85776909506245,1.0524833668956803
32847.21779513359,3.75e-05,3.8700887763435072,7.921327520021187,5.512137287893113,1.0444181525254432
32892.04959201813,3.75e-05,2.9590930846653785,9.027742187447583,7.267757109623806,1.0400359700135235
32937.23327112198,3.75e-05,3.0321058248995865,6.860963181527524,3.1562002291345292,1.0527169402398968
32982.089436769485,3.75e-05,2.678122426208468,6.529992790714708,2.10753212218072,1.0282677363739339
33027.097141981125,3.75e-05,4.079865855684263,8.241810579623015,4.972372844720343,1.0765314671681276
33072.36561346054,3.75e-05,3.687385169795302,10.246669340867959,7.650059888317327,1.0588045885558566
33118.01635313034,3.75e-05,3.2568568240097964,6.882511573616178,2.49051190515992,1.0606355082844705
33163.47852897644,3.75e-05,2.851160034499316,7.071159442186751,3.4375458055241093,1.03667331319901
33208.37863922119,3.75e-05,3.0074860062104105,6.832537775789779,2.964780508636669,1.0229225238823245
33253.32004714012,3.75e-05,2.6694751029023274,6.679819520811593,1.908418004224255,1.0313928674768518
33298.3130068779,3.75e-05,2.7745520185251706,6.68982145899818,2.287005761018984,1.0507821735043779
33343.23342251778,3.75e-05,2.9272604568842766,9.773532689507327,7.6818814028600215,1.0425100806576
33388.01798439026,3.75e-05,3.289061734476593,9.454029125637478,7.542609439533987,1.0256709037587362
33432.85623860359,3.75e-05,2.905903730800677,6.739253152328994,2.096945797865558,1.0385037490036177
33477.85659265518,3.75e-05,2.854235633996015,7.995249309361306,4.246030294819243,1.062796117148015
33524.06688928604,3.75e-05,3.250929083068514,7.252616237707258,3.57328767229797,1.0287966903762438
33569.12659358978,3.75e-05,3.7159278614273488,6.992664080314573,3.4709599294480245,1.0357769085654318
33613.98149251938,3.75e-05,4.126723022148258,6.771054376016096,2.4768903452879303,1.0358037576718342
33658.93052625656,3.75e-05,2.641205823052342,6.649109271351575,2.2143443599628037,1.0450107820582109
33704.08313322067,3.75e-05,3.798152727029797,7.172504319728931,3.574992827397243,1.0399411382602117
33748.95019555092,3.75e-05,2.8954109343891803,6.584073021366144,1.914142027933886,1.027784919030838
33793.907210588455,3.75e-05,3.2543066768264075,9.0483283477156,5.927561260636445,1.0505380405913143
33838.80624747276,3.75e-05,2.9532928677855943,6.589853673228662,2.1509789995327115,1.0123077684185717
33883.731133461,3.75e-05,3.6057478375773613,8.505863390870354,6.0952716414336185,1.0431490492879107
33928.55053448677,3.75e-05,2.8205154358146403,6.908454618869701,2.540965331739681,1.0297795361763848
33973.408442258835,3.75e-05,2.459458183503976,6.898956780003247,2.622336694996828,1.035188485893943
34018.32234311104,3.75e-05,2.738273001498863,7.482030494697171,4.282150083894183,1.0117185398497344
34063.076360702515,3.75e-05,2.7167121664856735,7.267188727553494,3.9852530315423467,1.002334098511658
34107.94994664192,3.75e-05,3.4614442348480225,6.715512944352313,2.445989868747201,1.0232221653852513
34152.98073363304,3.75e-05,2.566488518219828,7.054926614551232,3.094678220323696,1.0250610823918602
34197.92002725601,3.75e-05,2.7485350982304695,8.240886139592918,5.107595912666078,1.0526361172189647
34242.782836437225,3.75e-05,3.1185382091716773,7.938701971953753,5.557415091156201,1.0159128229604704
34287.73977828026,3.75e-05,2.8653331687975885,7.394776266001322,3.8668914794921876,1.0252455210616067
34332.50167608261,3.75e-05,3.5650089517534322,6.522082208598629,2.0401680430029607,1.0110533622037383
34377.72283601761,3.75e-05,2.702467926299854,8.475233868732467,6.4670039474584495,1.021122330436113
34422.55532503128,3.75e-05,2.7652059892921934,7.008601232830085,2.4913221517186255,1.0318268162072821
34467.67248415947,3.75e-05,2.800293682138342,6.830424939487478,2.314123972510077,1.0313573347301193
34512.58349990845,3.75e-05,2.796135530402317,7.940806014276291,5.569331087732011,1.0036449348927485
34557.43000435829,3.75e-05,2.649280119723961,6.727894993885748,2.6559835834867633,1.0207257633891553
34602.521030426025,3.75e-05,3.0862038382198422,7.203952777241677,3.0822781799705163,1.0379182857877034
34647.45106983185,3.75e-05,2.809887787292564,7.630372355103464,4.73492594919387,0.9965083321302712
34692.500209093094,3.75e-05,2.9063816209525575,7.46120866254957,4.087527786546452,1.0243251207380755
34737.32234787941,3.75e-05,2.8384492571888074,7.186755696892936,3.4840221040567774,1.011003930619719
34782.363310575485,3.75e-05,3.0981287339563144,7.983844669100741,5.1794475968476315,1.0622348482044144
34827.23317313194,3.75e-05,2.598334036325062,7.345129427201543,4.314711902399731,1.0165947143005212
34872.093307733536,3.75e-05,2.8101015122210393,6.725720399772068,2.483463875351438,1.0188559928531944
34916.83318948746,3.75e-05,2.6647427502442795,7.311939311518937,3.9594624707653265,1.0120349528862385
34961.995826244354,3.75e-05,3.4865201316027474,10.141504515010975,7.593053616080314,1.063044161940792
35007.21593260765,3.75e-05,2.873967768194897,6.920391422853287,3.2523457521086288,0.9893133789293858
35052.185930252075,3.75e-05,2.6456146071734543,7.454442952035643,4.3721298606532395,1.0070719902317529
35097.16777586937,3.75e-05,2.5561721515568663,7.212946244784086,3.6156952973384007,1.03426029265873
35142.06914949417,3.75e-05,3.323969731739093,7.579490926146535,4.467155330196308,1.0261724630351468
35187.09727525711,3.75e-05,2.459475338176734,6.612743554050904,2.4659376350937374,0.9957990595602099
35232.12784028053,3.75e-05,2.8291977675668964,8.130987813873219,5.630539319469671,1.010866662008657
35277.130950689316,3.75e-05,2.7048798743492917,6.914416177146838,3.2015389606451534,1.002168355503608
35321.98048567772,3.75e-05,2.824656630604645,7.6324195951399885,4.824260308332504,1.0250396567046958
35366.83128118515,3.75e-05,2.951938861489079,6.850308778596077,2.5903481939036377,1.0135005909656825
35411.76061177254,3.75e-05,2.4979342461935157,6.591289490135155,2.3864558323173766,0.9896439722888534
35456.67216825485,3.75e-05,2.7439191444324016,6.791050346121915,1.9778686912196457,1.049064200867562
35501.608006715775,3.75e-05,2.8548180118936006,6.875331895584688,2.4717315722422994,1.0315740247176814
35546.54098057747,3.75e-05,3.025099677466304,6.864238403352395,2.0186267342537074,1.034881764833447
35591.400255441666,3.75e-05,2.7164904354699972,9.853974467650096,7.72276276995422,1.0345129896771106
35636.314313173294,3.75e-05,3.5277201318132856,8.905259672145487,6.443592591498308,1.0381666352019663
35681.29718708992,3.75e-05,2.6775275951309063,7.879044512080175,5.072355894829817,1.0094534824482497
35726.15747499466,3.75e-05,2.3927771398061393,6.980360043791622,3.404658819307947,1.002383283313714
35770.976719379425,3.75e-05,2.4618367987252325,7.933064934146034,4.593806729650801,1.0294855166750572
35815.900205135345,3.75e-05,2.9149560076291445,6.606340273091421,2.135454928647181,0.9991231084933714
35860.94317102432,3.75e-05,3.052306278329512,6.588774173289671,2.17385921842733,1.004931399626989
35906.04903578758,3.75e-05,2.3910742326295225,6.828573478044873,2.1861488099310806,1.0210058705573077
35950.98439526558,3.75e-05,2.7433565978795453,7.4084400928012,4.554632500326558,1.003715767100139
35995.72840499878,3.75e-05,2.3713297981164927,7.545540016924875,4.470439614459967,0.9874757093284816
36040.6309401989,3.75e-05,2.5786681847494157,6.826616843654431,2.3933504821388585,1.0173074167542742
36085.517681360245,3.75e-05,2.444191076455872,6.7078528336342185,2.1994331165483803,0.9875830633384417
36130.436606645584,3.75e-05,2.841508206730549,6.904343441701337,3.598733228938595,0.9959183497196556
36175.257152318954,3.75e-05,2.6103985381690964,7.063270274069433,3.2444449357925707,1.0095798637331694
36220.235328912735,3.75e-05,2.9498796128618694,8.266807589895832,4.914215787656747,1.0429538813867172
36265.1762650013,3.75e-05,4.399311325068031,7.252134319505147,3.7419048528003085,1.0298018525921977
36310.12846970558,3.75e-05,2.9560896187315007,6.705696084470552,2.3549439011106066,0.9784259024045201
36355.11100435257,3.75e-05,2.424480414173425,6.5160977308458135,2.049903631514045,0.9829627015283207
36400.101744651794,3.75e-05,2.3892426492520804,6.760950377596918,2.3518320120064318,1.0078431626589275
36445.14046692848,3.75e-05,2.799464857903986,6.655628658747453,2.5046951002376097,0.9820200252766426
36490.04177355766,3.75e-05,2.82153258922973,6.83190685808588,2.6405028713736565,1.0120814828542062
36534.91026759148,3.75e-05,2.3018032021861257,6.877794284804741,2.5976230402660976,1.0060091099561714
36579.848099946976,3.75e-05,2.5847090826225627,6.892300427284774,2.289355230635139,1.0109960162450398
36626.334582567215,3.75e-05,2.6917238866045174,10.018868229497075,7.9565392755399085,1.0110258999983959
36672.099556446075,3.75e-05,2.364158536740774,7.559874850916823,4.320094445101015,0.9894714234969745
36718.40005278587,3.75e-05,2.7643958106501287,7.294743514992959,4.071043075269954,0.9835204364770888
36763.343885183334,3.75e-05,2.5789791776400013,6.944368300746329,2.9102793408047622,0.9890987383889086
36808.32997703552,3.75e-05,2.9308276264611055,7.12675075811166,3.407223734278588,0.9834183844233693
36853.2908782959,3.75e-05,2.4008189494926855,6.96151142318055,3.0072390708194416,0.9778342156559712
36898.29986715317,3.75e-05,3.1141714859964202,6.810132519302423,2.709733032420942,0.9821477927821212
36943.036360025406,3.75e-05,2.784929928753545,6.513575165375125,2.0217040092322476,0.9737276905249299
36988.03261876106,3.75e-05,2.344374804852873,6.436656695704583,2.341400846250498,0.9703180699460288
37032.93534851074,3.75e-05,3.036941880606563,7.5103974444582065,4.781872296181454,0.9939276271019654
37077.831837415695,3.75e-05,2.766563347171999,6.635877714776168,2.079663727389779,1.0088920419140657
37122.66109585762,3.75e-05,2.6774961406415927,6.913177401464264,2.9208305699050805,0.9876715539520897
37167.605771541595,3.75e-05,2.8858406212811913,7.280081030114289,4.104301404041849,1.0111498963669994
37212.369307518005,3.75e-05,2.6662281896247237,7.4962456539947535,4.063349661857459,1.0036331047823877
37257.237637758255,3.75e-05,2.6495621196993495,7.135912041233716,3.68976142057188,0.9763258630890685
37302.13585662842,3.75e-05,2.385123051711119,6.748104366626934,2.068555435860992,0.9932585260083511
37347.27882242203,3.75e-05,3.030725790590102,6.9730754254582195,2.6974979910880896,0.9932273138739586
37391.98163151741,3.75e-05,2.3124102416151424,7.472370706974853,4.2957590091000695,0.9767127111682411
37436.72873163223,3.75e-05,2.5240214056004593,6.87302333189678,3.580245641234574,0.9780290442319651
37481.353217840195,3.75e-05,2.421879357370957,7.191197786170762,3.8129799034944765,0.9891489604464039
37526.04132914543,3.75e-05,2.5651837069697283,6.760254427031639,2.3024302561571646,0.9927542270665521
37570.80023884773,3.75e-05,2.559106772410631,8.612643542467094,6.260603672683619,0.999143635739951
37615.58363842964,3.75e-05,3.020586122363426,6.5350575518817084,1.862512488881494,0.9739356988001461
37660.41228556633,3.75e-05,2.548435590175983,6.776624976727274,2.495559784713065,0.9875949590002616
37705.18285560608,3.75e-05,2.7401519867023265,7.178197670570343,4.0170023632657,1.0179842683439202
37749.84908270836,3.75e-05,2.6297883860617604,6.948892933597668,3.6570775220348577,0.9759419821774066
37794.62880420685,3.75e-05,2.7685383402367543,8.501614538760752,5.730792411269656,1.007470215345026
37839.45142173767,3.75e-05,2.513274651581255,6.949329930203584,2.3214828831375023,0.9931117389398494
37884.19913864136,3.75e-05,2.489039701668508,6.72560396826513,2.5890431981177846,0.9713065975152758
37928.95994377136,3.75e-05,2.4415578272390452,6.762616458568378,3.0533094564061254,0.9842218081683596
37973.69660806656,3.75e-05,2.6082691963470266,7.6204870050819355,4.980459031026075,0.9737579193874378
38018.34961414337,3.75e-05,2.604342701135437,7.455318612279668,3.7514776727955814,1.0238812409616107
38063.14495754242,3.75e-05,2.428898555637492,6.9306001086846205,2.391025514055969,1.0055257797693082
38108.08159995079,3.75e-05,2.719321092577797,6.909482976379792,2.801255914967531,0.996094872086739
38152.733951091766,3.75e-05,2.9029872512556816,6.930812209241624,3.772194433515998,0.9672735362899046
38197.37921309471,3.75e-05,2.787133392566757,6.9335768811936,2.6867236532223453,0.9750596151959695
38242.164726018906,3.75e-05,2.5313913740095546,6.730658839240907,1.9041985651490034,0.9823329949335663
38287.060403585434,3.75e-05,2.21168161237609,6.53402011990406,2.0641994549210665,0.9915973132230711
38331.89014697075,3.75e-05,2.4459958780007285,6.568763926220686,2.204487123914585,0.9656816191086975
38376.710525751114,3.75e-05,2.7367786214651306,8.222875920248043,4.941518154265775,1.0179753494895316
38421.60091757774,3.75e-05,2.829239961054373,6.717277587812903,2.5515447823105344,0.979301633264728
38466.6465716362,3.75e-05,2.279506507901329,7.967421606123038,4.800748885816829,0.9981083661244867
38511.69953584671,3.75e-05,2.73272666288421,6.664933575467741,2.409117252811505,0.9679422787784786
38556.80814599991,3.75e-05,2.2292360276255234,6.723534062778009,2.8365575219415557,0.9747755826522151
38601.88788199425,3.75e-05,2.3321472284355234,7.0194872747578065,3.635947510543143,0.9746068146371318
38646.94787669182,3.75e-05,2.5041085814734845,6.713300220888956,2.501291204561853,0.9687642304505498
38691.74886679649,3.75e-05,2.744708362780851,8.14872368647854,5.306469882066083,1.0261823053939134
38736.64977288246,3.75e-05,2.3557486543672765,7.187369497306424,3.940521279110271,0.993394499014106
38781.444597005844,3.75e-05,2.2877483857785417,6.800604094116927,2.727462399233678,0.9689106415621545
38826.28296327591,3.75e-05,2.9373385136244727,9.791108397719025,7.770176949470666,0.9755936937799841
38871.04277873039,3.75e-05,3.5987171617796294,9.658506300301948,7.393738803742038,1.0125497458454256
38915.86456155777,3.75e-05,3.005098907239667,7.146082315668623,3.8114717422776923,0.977432591506752
38960.78928756714,3.75e-05,2.4301961918780495,6.88481366883463,3.3774416200674264,0.9552772664763978
39005.573917388916,3.75e-05,2.4410507193897155,7.296452538319262,3.363378400863356,0.98739568834893
39050.39455866814,3.75e-05,2.3784591164962405,6.758840533755623,2.9636549737043443,0.9592357976208985
39095.18312215805,3.75e-05,2.1178247075480408,6.529103933886537,2.2480448097180408,0.954953124151687
39140.08497405052,3.75e-05,3.3202789982377072,9.973063453592076,7.536823744075313,1.0161544379263159
39184.85351777077,3.75e-05,2.5135743864247058,6.696722294091896,2.539967324323715,0.94981980482323
39229.72820687294,3.75e-05,2.331888426066748,7.173498061256255,3.5160995969347133,0.9602270108719794
39274.69540500641,3.75e-05,2.2883380071712973,6.6691444101448845,2.5731859972522515,0.9490145649172294
39319.62225985527,3.75e-05,2.1937357973748433,7.006158179757833,3.5876275809707154,0.9644003946352069
39364.334443330765,3.75e-05,2.299710357905737,6.600602720880135,2.246822794531561,0.9682771753984295
39409.132195711136,3.75e-05,2.1832464925144106,6.664775657569082,2.222053027304874,0.9590992153721719
39453.97345304489,3.75e-05,2.273277937519094,6.913944676712604,2.7611016145937004,0.9808835037208551
39498.69951367378,3.75e-05,2.4966385197769747,7.024401559956236,2.82240220574057,0.9799883734847588
39543.62168645859,3.75e-05,2.1465181995176446,7.285700918593923,3.5743200994600914,0.9834224139101121
39588.33193254471,3.75e-05,2.44034103265877,7.157858144251325,3.5398252645115944,0.981032168645858
39633.08448290825,3.75e-05,2.3300564348589092,6.638377535509798,2.0677945665493134,0.9765982525369186
39677.894248723984,3.75e-05,3.1324051770139043,6.959621477341714,3.2974399153594,0.9604967589816296
39722.968145132065,3.75e-05,2.770319586286562,8.00269247928069,4.805634303001841,1.0117739520403932
39768.06473875046,3.75e-05,2.8241041790592214,7.730613899637641,4.277945140668541,1.0049794912620675
39813.06291937828,3.75e-05,2.4105032115686136,6.518508757349722,1.767073851178406,0.9525809171065556
39857.72785449028,3.75e-05,2.345238968409693,7.550263003098742,4.058100648138933,0.9721337605283356
39902.400561094284,3.75e-05,3.7536983694969415,7.194792969083933,3.304370505946457,0.9892449740539614
39947.044588804245,3.75e-05,2.394970631034865,10.681111684666796,9.012057806124353,0.9674511884556631
39992.03233742714,3.75e-05,3.3714381250961667,6.534032739572857,1.88854433290518,0.9587042793997522
40036.99095797539,3.75e-05,2.043402380239768,7.075430260346247,2.756032601131755,0.9677034979492419
40082.10955286026,3.75e-05,2.2886443128134166,6.610665491078596,1.8929180704104673,0.9496391989858495
40126.898742198944,3.75e-05,2.1564754310635705,7.372657443414619,4.051767064963177,0.9647960940893252
40171.6298084259,3.75e-05,2.4471719888607226,6.702862003588953,2.2343187854548168,0.9660636318037787
40216.27832198143,3.75e-05,2.1697931902439,6.689770540251208,2.0729246491839173,0.9525662567155542
40261.17637372017,3.75e-05,2.409400895471347,7.781027742291875,5.009277654757166,0.9546649098104468
40306.05525636673,3.75e-05,2.3410249317495766,6.802168778993597,2.5736443489220493,0.951803378475924
40350.81474542618,3.75e-05,2.736573991532317,8.116342043543392,5.5511666850679235,0.9593596223989181
40395.69404697418,3.75e-05,2.3654487172111134,7.134825765146121,3.3352599028569117,0.955118622305758
40441.38947415352,3.75e-05,2.1573626539094852,6.582408477327491,2.0633299663568,0.9554898190101082
40486.271988630295,3.75e-05,2.1872458812317563,6.801252384249053,2.889748815062699,0.9666271699846501
40531.13897752762,3.75e-05,2.57814689718309,7.33824566172582,3.975258709366914,0.9509676995571498
40575.91868066788,3.75e-05,2.4570912133583387,6.971852716951115,3.1937649866577926,0.9687643210658019
40620.83851647377,3.75e-05,2.429411195492701,10.0690647027414,8.422391825876419,0.9511225282472805
40665.842042684555,1.875e-05,2.110671031279642,6.586405985311885,2.1186736866167397,0.9440094468906707
40710.84133172035,1.875e-05,1.8155403843342932,6.512109312043036,1.6948084594337804,0.9317607094888899
40755.62199306488,1.875e-05,1.9075223853245025,6.565241039395191,1.7296597912053393,0.9389942532192707
40800.33047246933,1.875e-05,1.930840608895585,6.675110813430971,2.308637332308824,0.9343658922031707
40845.18025660515,1.875e-05,1.8844366021495047,6.704326261612116,2.426479237550383,0.9387868098433921
40890.03122854233,1.875e-05,1.9376329648690145,6.574023518034757,2.0673430327397244,0.925480810311661
40934.99610352516,1.875e-05,2.0898614310175994,7.308539326093231,4.156113953802995,0.9334495965577618
40979.91424584389,1.875e-05,1.9903748069304585,6.479225336864248,1.892518246401647,0.9353100761384052
41024.74791717529,1.875e-05,1.8138887840541986,6.511098626054765,1.8260136136583462,0.9354925424804302
41069.440700769424,1.875e-05,1.8521275422177896,6.526170861785995,1.7747436815006719,0.9384475174197219
41114.32129430771,1.875e-05,2.0457001012096856,6.56520664197126,1.8814054574176764,0.9296221182036247
41159.144105196,1.875e-05,1.8420113461916563,6.517162936780442,1.8915825473275154,0.9326627014203536
41203.86046624184,1.875e-05,1.8689336337244142,6.5240020614471295,1.5440699486216163,0.9306952746343925
41248.71665453911,1.875e-05,1.9229622339724626,6.59580960609822,1.5663099301089147,0.9365524305247078
41293.35000038147,1.875e-05,1.934412175927223,6.7287985374452495,2.8369001546483132,0.9369699470467603
41338.280975818634,1.875e-05,1.8269107760410275,6.5276046677919055,2.028748292376281,0.9279191182912323
41383.06610202789,1.875e-05,1.9201044063099095,6.801471846263517,2.6360657127040206,0.9290896167105939
41427.66300487518,1.875e-05,1.985710885463951,6.686835973863211,2.0893649326008594,0.9315871138016515
41472.27657699585,1.875e-05,1.8361092811073763,6.679117624518487,2.3247679935139454,0.9344602882320787
41516.93075919151,1.875e-05,2.2217865433197854,6.594769288295537,2.1077464595721787,0.9414481181024441
41561.79520654678,1.875e-05,1.9448295429538942,6.6733268392506835,2.2043644607446757,0.9400944322750089
41606.74884915352,1.875e-05,1.8608033690947652,7.115882185018902,3.720642371693994,0.9258093098804094
41651.59642648697,1.875e-05,1.8117158729956233,7.312240614209856,4.289841990865719,0.9282202212060975
41696.34237718582,1.875e-05,2.0684238972342515,6.638800957055488,2.042876091732341,0.9272843758020414
41741.33437895775,1.875e-05,1.8544535808007356,6.521332489373814,1.7882901793072938,0.9280455959753564
41786.17899608612,1.875e-05,1.8465724425671965,6.664026563796238,2.738155855798418,0.9221670915172402
41830.892104148865,1.875e-05,1.8955206872335548,6.520524790286453,1.640584753728976,0.939212994581902
41875.8433470726,1.875e-05,1.9041018877741636,7.219337897999991,3.6570344475424212,0.9486244045613944
41920.460268735886,1.875e-05,2.019153838036056,6.544272696251723,1.96024476312528,0.9304866127725707
41965.317435503006,1.875e-05,1.8642277899118502,6.621064250939718,2.4538426295966858,0.9344950092975105
42010.10727238655,1.875e-05,2.0224991130481436,6.701961228701211,2.1464429770305657,0.9270122042163932
42054.77992987633,1.875e-05,1.9612689351774957,6.724622122706522,2.264989928227321,0.9573754857748706
42099.71209645271,1.875e-05,2.0980384707233726,6.6123008308295415,2.1727604471194515,0.9342928755898089
42144.63669204712,1.875e-05,1.8908672614175766,6.667769409751079,2.263911314071364,0.9285749027987542
42189.60784482956,1.875e-05,1.9357531789873468,6.5247560523522745,1.958481469123986,0.9191013461801854
42234.44594621658,1.875e-05,1.846679360662436,6.595191468065086,2.4612264159378734,0.9266014433505834
42279.21973609924,1.875e-05,1.7891250977750683,6.920438587131785,3.391037589881071,0.9357762665467306
42323.950831890106,1.875e-05,1.8159860353869384,6.485168115874089,1.8528297278531798,0.9275661583883658
42368.88346982002,1.875e-05,1.858674843150627,6.668123244380703,2.174766773782718,0.9236842684673112
42413.770287036896,1.875e-05,1.8414253532777936,6.760903145967008,2.30768517415235,0.9416429543903745
42458.57858324051,1.875e-05,2.1551871340565776,6.860174760906596,2.8296276019636992,0.9261669085129905
42503.4730386734,1.875e-05,1.9020643531733306,7.067673436602945,3.377139359978354,0.9361566500952578
42548.33769440651,1.875e-05,1.8962453599401727,6.736284182767003,2.514726978958033,0.926482426964878
42593.14313697815,1.875e-05,1.8705261886228413,6.594988539721045,1.6092975932321731,0.9368279857224295
42637.88927412033,1.875e-05,2.069910246687509,7.670018529123786,4.910319655108604,0.9263235398682431
42682.58813691139,1.875e-05,2.13133825356843,6.557659513943005,2.1023072844098327,0.9293813534787619
42727.2120051384,1.875e-05,1.8644383293249134,6.565649235008509,1.7904947851873507,0.9256747828627201
42771.97139143944,1.875e-05,1.8309784976945331,6.687910721585017,2.3470345078000596,0.919276378215569
42816.908229351044,1.875e-05,1.9102157566716762,6.438176736552634,1.7625097189739252,0.9184324436689322
42861.708068847656,1.875e-05,1.9166764314057396,6.897090696830993,2.8379577490934143,0.9369572204237987
42906.53754067421,1.875e-05,1.936408392067164,6.7997153344693215,2.283307122880486,0.9385001764491037
42951.214819192886,1.875e-05,1.8766496818573748,6.9957576416194565,3.178062662501244,0.9379612586250297
42995.909717559814,1.875e-05,1.9175091712201229,6.822905504960524,2.538323046447365,0.9303584770221314
43040.56974887848,1.875e-05,1.811034019657823,6.611229051297605,1.7773886565190211,0.9342328863649264
43085.23230409622,1.875e-05,1.8157067096515649,7.445035832652942,4.755279366074094,0.9330389745068063
43130.09471201897,1.875e-05,2.4273739266699565,7.034241846245461,3.150124052983181,0.9348259342702411
43174.829899311066,1.875e-05,1.804896901778619,6.6907666164674735,2.4466846587551627,0.9401600145817293
43219.66394853592,1.875e-05,1.8493012476922819,6.7875301246760555,2.506827584041911,0.9377691812823284
43264.358067035675,1.875e-05,1.8000958245308674,6.688436725856398,2.1182082886908464,0.9217137395549534
43309.061227083206,1.875e-05,1.9053339825301874,6.909427101683826,3.454112739320014,0.9276208437290235
43353.72293281555,1.875e-05,1.9528348401595985,6.610809920467322,1.9173228974554948,0.9208532127772595
43398.392853975296,1.875e-05,1.842392658709611,6.640601249335361,2.4217268731184065,0.9301347383247454
43443.07366633415,1.875e-05,1.9259430501847536,6.898281439749784,3.0111614202997488,0.9346225762926439
43487.79593420029,1.875e-05,1.9813681563393015,6.613829696316822,1.92994839127656,0.9163817742420092
43532.49864792824,1.875e-05,1.7996156253015625,6.730071224790138,2.5845643839259056,0.9234670926277591
43577.10295200348,1.875e-05,2.0678051463024647,7.893129486959711,5.175962158980643,0.9400846207639876
43621.813143491745,1.875e-05,2.418471644398076,6.7165184477499045,2.7185400701632165,0.9189076242670575
43666.46270084381,1.875e-05,1.8152665707148707,6.6395832131525205,2.2616728472861514,0.9300932076195165
43711.23685622215,1.875e-05,1.7971413826899016,6.858047101498215,3.0723966853633806,0.9320257282535734
43755.92191004753,1.875e-05,1.9109938744855925,6.603934159015655,2.326460793367617,0.922247821994936
43800.59015059471,1.875e-05,1.8747282349563905,6.6554206678127965,2.352380249606576,0.9311768580676726
43845.19161725044,1.875e-05,1.7528043061223404,6.7581769282488535,2.1506221674050496,0.9385915898866284
43889.88618707657,1.875e-05,1.9252671444133767,6.902009693194102,2.4633108928704717,0.9497742504152107
43934.51097750664,1.875e-05,1.8848885925306866,7.03551753477247,3.2265170735158737,0.9202008427295566
43979.21046757698,1.875e-05,2.096481167292986,6.491242939051619,2.0384107067326833,0.9157916183128257
44023.83054971695,1.875e-05,1.7310315728838979,6.873029269067294,2.812708977377339,0.9260373171345653
44068.451491355896,1.875e-05,2.081358286982677,6.525472652638193,1.7925700145162595,0.9203652457886659
44113.12552642822,1.875e-05,1.7597033068130576,6.854437133526526,3.0572725818415356,0.9207975885083511
44157.78214240074,1.875e-05,1.7289605424269519,6.674948109204497,1.9132860341649147,0.9302416315465085
44202.43538379669,1.875e-05,1.907601488092558,7.119768604874131,3.3226990329232184,0.9338007383716339
44247.09724187851,1.875e-05,1.8203510974057169,6.747568244155734,2.24880667036506,0.9308040977682274
44291.715369701385,9.375e-06,1.7359793955728222,6.450330222288429,1.6459169059802012,0.9073538807851862
44336.40196466446,9.375e-06,1.6406163893545043,6.644142788424082,2.277188027740284,0.9137422502751619
44381.024534225464,9.375e-06,1.6033499012445058,6.721210756981947,2.281578068824331,0.9125875439734611
44425.673884391785,9.375e-06,1.6209301202457893,6.494496235478068,1.5527498743336672,0.9087554480974345
44470.339851379395,9.375e-06,1.598879758777514,7.059945896298251,3.733839951047472,0.91194411784394
44515.4256503582,9.375e-06,1.7016317995519585,6.592485988651285,1.7737882213228067,0.9165661049446469
44560.3125269413,9.375e-06,1.6411107131040812,6.503228134042532,1.5582525921475356,0.909835871100228
44605.23096346855,9.375e-06,1.6151684568227966,6.44805823121978,1.5146352585713574,0.9097786658843678
44650.04414176941,9.375e-06,1.5715995891063808,6.91175887603326,2.8407794101982358,0.915942429084118
44694.87048959732,9.375e-06,1.7058330624481368,6.608437496828993,1.916081143032973,0.9152371609370065
44739.58352971077,9.375e-06,1.6703355915559446,6.522871274361817,1.9675823964890402,0.90919506895705
44784.62185668945,9.375e-06,1.6598490984279166,6.517013780789984,1.862615002188713,0.9107025269393361
44829.784103393555,9.375e-06,1.6164436548785435,6.539726960424619,1.4322658660305534,0.9120776037502221
44874.91783165932,9.375e-06,1.6548642348722031,6.500110368654079,1.517530740142628,0.9136827006306513
44919.944220781326,9.375e-06,1.6161988055988306,6.51669362473053,2.042044509596126,0.9075585960635809
44964.75180864334,9.375e-06,1.6827920686134659,6.701573488741118,1.8182884289200898,0.9426881666197781
45009.52437019348,9.375e-06,1.6817864958705797,6.541955804694916,1.6998872040183681,0.9120132322175087
45054.19951033592,9.375e-06,1.6789676364870887,6.515737033155794,1.7297125457958051,0.9040783572835228
45098.88992142677,9.375e-06,1.6814657864457705,6.5302557181193635,1.72120366916535,0.9070040500004936
45143.85610508919,9.375e-06,1.6362233276575642,6.562846520590404,1.9575965128127177,0.9060762520020187
45188.894352674484,9.375e-06,1.6255436809987969,6.558545853441514,1.9666766367140849,0.9136101313095979
45233.68790221214,9.375e-06,1.644126002818943,6.547380691940427,1.9362575069354597,0.9105660815774796
45278.39781832695,9.375e-06,1.6394576244666927,6.48779918394561,1.4963609586096114,0.9100572538010592
45323.00715470314,9.375e-06,1.6615226248357249,6.9407492244393305,3.029304815401697,0.910424341971319
45367.998683691025,9.375e-06,1.6511360554095826,6.5995799598748075,2.03833796507234,0.9154524994077233
45412.9086959362,9.375e-06,1.6161016527420835,6.497239929295016,1.8625413177878993,0.9052267050937031
45457.61750745773,9.375e-06,1.6294198147586134,6.6109237270540495,1.9524707599809974,0.9165909258117892
45504.34686279297,9.375e-06,1.786662590004273,6.49997527629836,1.6264752187546652,0.910242868541099
45549.28737616539,9.375e-06,1.60842903346529,6.580431234867644,2.679871635679986,0.9054619230083462
45594.17270255089,9.375e-06,1.6755823204426166,6.581548363867034,2.007496091514636,0.9130975189004136
45638.86064743996,9.375e-06,1.6348302537626256,6.466874632290883,1.6646802088257613,0.9120975005460051
45683.54559016228,9.375e-06,1.7077365502199406,6.6085312871451745,2.060501317309726,0.9115936855282121
45728.49587583542,9.375e-06,1.7040946298609665,6.602833875585184,2.0241413578106338,0.9109535601074489
45773.5381333828,9.375e-06,1.629526306110653,6.765603232299002,2.6654281519021197,0.9128228852790857
45818.60305118561,9.375e-06,1.6199006656479966,6.512541411618321,1.7492120293295308,0.9089609442093847
45863.735553979874,9.375e-06,1.7333621730787072,6.812003296496489,2.8455186588749006,0.9068022016344369
45908.77562832832,9.375e-06,1.6190240897767532,6.702950686251657,2.7757162786593104,0.9086842862047648
45953.85915184021,9.375e-06,1.6757192242123824,6.499117294619699,1.5733385025315982,0.9053806835428512
45998.79612112045,9.375e-06,1.6506678052287285,6.702651363462951,2.3054151692967504,0.9125267160755005
46043.74490880966,9.375e-06,1.5829510735032337,6.5261948963161664,1.4735309770912122,0.9113484305284095
46088.76012420654,9.375e-06,1.5828498741750943,6.477928041773536,1.8709747168668516,0.9015231016451719
46133.83035993576,9.375e-06,1.6800804478657485,6.6998647143958845,2.252765378526821,0.9126837638753159
46178.92792606354,9.375e-06,1.6312863928372743,6.864923419604452,3.450907188464122,0.9082431865813542
46223.85270833969,9.375e-06,1.6970606869904288,6.680690364096578,2.4277373781629428,0.9084042889317056
46268.76943349838,9.375e-06,1.6557137507558521,6.710271239489691,1.9170585510837044,0.9284222064590243
46313.64754009247,9.375e-06,1.7409356088586192,6.660012793185106,2.143623648479486,0.9072317102175136
46358.54269218445,9.375e-06,1.7842920084034377,6.5645371449725145,1.9267828267091398,0.9051746071076907
46403.476742744446,9.375e-06,1.6343202813292679,6.593359633577686,1.713102350417216,0.9163866057701324
46448.237564086914,9.375e-06,1.6134146048505884,6.489215581972321,1.546936428774694,0.9053966356831912
46493.1019847393,9.375e-06,1.7881431021542715,6.555441090739245,2.007797571656051,0.9078068394387191
46538.04668092728,9.375e-06,1.5993273825376195,6.518083428749115,1.913012624849939,0.9033742189350865
46582.96926021576,9.375e-06,1.6180707849874305,6.794938028177868,2.8793581045357284,0.9030264665172402
46627.848636865616,9.375e-06,1.6411419589228535,6.505368080790984,1.6298075827823324,0.906281973688107
46672.7233042717,9.375e-06,1.6237102686164593,6.52012214364104,1.6769765720245944,0.9027473946765429
46717.890745162964,9.375e-06,1.7251787513114498,6.631313315496374,2.0822955623553816,0.9161702338999447
46762.71276497841,9.375e-06,1.6355034190666047,6.518874652943208,1.4963751458817987,0.907382497852997
46807.558826208115,9.375e-06,1.6467433970699763,6.561794164191488,1.7391784400696968,0.906902612973698
46852.23172497749,9.375e-06,1.6397985395403725,6.627218769704299,2.1810817305449466,0.9091679942765093
46896.9551820755,9.375e-06,1.6174335969601823,6.607558004439823,1.8666684630570138,0.9129071786713753
46941.79258275032,9.375e-06,1.7112162706413339,6.699441507048473,2.747631155609325,0.9052067485304134
46986.79743695259,9.375e-06,1.604477623034479,6.546666541435063,1.7072458692417023,0.9079306237290728
47031.58039665222,9.375e-06,1.6317454072295643,6.602718627591236,2.3787737463689913,0.9070753275722084
47076.45762062073,9.375e-06,1.6198432171496755,6.571812166000706,1.9293130157859462,0.9117708769057737
47121.35780787468,9.375e-06,1.6329191611764209,6.621075403557601,1.9340167537616317,0.9147689538573255
47166.20155787468,9.375e-06,1.6547908399925857,6.529549462776618,1.7651935868961797,0.9066649484472479
47211.30143117905,9.375e-06,1.588245073997692,6.571491860925403,2.0957383417020177,0.9050446590522092
47256.20332574844,9.375e-06,1.5829089539081456,6.560968766227149,1.9894056575313495,0.9109565079951186
47300.913346767426,9.375e-06,1.6741024531519044,6.514247573690091,1.6310988456580289,0.905097007676153
47345.58006930351,9.375e-06,1.5636072414060325,6.5463750849174565,1.53141142729741,0.9109656427837253
47390.3364174366,9.375e-06,1.6917700463956822,6.596427768927788,2.0753046679648626,0.9080210442547925
47435.62242650986,9.375e-06,1.6926035661297851,6.646508201087602,1.9227915041006294,0.9108217322674821
47480.69222736359,9.375e-06,1.6068712191503556,6.7078718350018915,2.344375926218215,0.9002832825579444
47525.716351270676,9.375e-06,1.6541354647099646,6.553858395426004,2.076157663430378,0.9048598637054065
47570.76221323013,9.375e-06,1.6151195718942444,6.590910953759187,1.9403394954219746,0.90932639359317
47615.78402853012,9.375e-06,1.5765076916943048,6.714444057609876,2.2785863499732533,0.911563628256288
47660.86880278587,9.375e-06,1.6093407411175782,6.5543518669259,1.6976057550709718,0.9038429928420891
47705.96081113815,9.375e-06,1.6327045872346082,6.6700930509881315,2.748067148779608,0.9045721178642996
47750.961656332016,9.375e-06,1.6491311114342486,6.75910071758432,2.4497029152645426,0.909270844515641
47796.016793727875,9.375e-06,1.6172061508470545,7.2320063872406255,3.8838509237690335,0.9107704343948659
47840.77039480209,9.375e-06,1.614081864018258,6.552452497983877,1.7536203226466087,0.9039813083485104
47885.54578995705,9.375e-06,1.5820570028110497,6.617625917362619,1.664592067451234,0.9058524920968076
47930.61375260353,4.6875e-06,1.4945459217755954,6.630422434810213,1.964713481732994,0.9068140510246387
47975.50370812416,4.6875e-06,1.518614529217093,6.519098138526784,1.5450607737158515,0.9000718366871002
48020.63886141777,4.6875e-06,1.5365505886425304,6.4916800407797375,1.5412402523551019,0.8988196495819514
48065.69878411293,4.6875e-06,1.4982257586793604,6.551142886350912,1.489971933547099,0.8991259175661869
48110.43441700935,4.6875e-06,1.5144204905775727,6.598088021081817,2.076575676498899,0.9043730515792812
48155.242810964584,4.6875e-06,1.5249562920116988,6.5400778280279415,1.6838556520498482,0.899800390023469
48200.088306427,4.6875e-06,1.4980536243737503,6.573834310823977,1.8731561721510188,0.9013753891443083
48244.860147714615,4.6875e-06,1.503743651612426,6.510629868123295,1.5022611703083013,0.8970199496996664
48289.6066904068,4.6875e-06,1.5167479459922388,6.531890280482273,1.8008451644022754,0.9001060526207011
48334.43709516525,4.6875e-06,1.523957883681973,6.51056926351564,1.6652823478552945,0.9007771665297026
48379.2337577343,4.6875e-06,1.514531064294075,6.489949231926114,1.711147291341405,0.8997725133015478
48424.14930987358,4.6875e-06,1.5711462388707422,6.494422721168041,1.4831378159249664,0.8982314756204098
48469.021397829056,4.6875e-06,1.4860372024589983,6.566957844888054,1.564681212309819,0.9035192071944346
48513.8888065815,4.6875e-06,1.519232516080304,6.5494120234591335,1.6136614076650826,0.9035666895865415
48558.79145884514,4.6875e-06,1.502906242050977,6.529954897445176,1.5503228570245633,0.8991918314861703
48603.662165403366,4.6875e-06,1.5083034025081086,6.513072237034201,1.5728855546113032,0.8965136899980504
48648.49363279343,4.6875e-06,1.5139866185318578,6.621198135093331,2.0729731663017517,0.8982166667746337
48693.33171534538,4.6875e-06,1.509766608465782,6.576887555513244,2.230356393801938,0.9004621686335189
48738.24751877785,4.6875e-06,1.5153216445598012,6.663941107392735,2.094563116085757,0.9004034306703091
48783.14193439484,4.6875e-06,1.5106919836476853,6.531367778557789,1.7367456691280292,0.8998964209828832
48827.97469377518,4.6875e-06,1.5199331818165458,6.482971610646766,1.43456856065495,0.89786205266142
48873.46742129326,4.6875e-06,1.5134703695665508,6.545829254494716,1.4481404492809515,0.9066830753536386
48918.41196727753,4.6875e-06,1.54233547683622,6.491980992344086,1.6251865994398762,0.9010177847277748
48963.27331209183,4.6875e-06,1.5448409868285522,6.744654435858402,2.581896807433693,0.9008448040674604
49008.166226387024,4.6875e-06,1.5260797662161738,6.581232969564896,1.5261177597531848,0.9016767561929934
49053.049612522125,4.6875e-06,1.4887023715156458,6.598534857054735,1.984041517707193,0.9029580654977839
49097.877259254456,4.6875e-06,1.5620487219214656,6.610927486284116,1.9284990371412531,0.9009500912784787
49142.69640207291,4.6875e-06,1.50448896220473,6.520418413530958,1.5429734879997885,0.9026236662977276
49187.515355825424,4.6875e-06,1.5298643142582071,6.499022843097234,1.5457447951007042,0.9000925104604705
49232.3762948513,4.6875e-06,1.494982262300446,6.512702198713149,1.859454294678512,0.8980857527991244
49277.31414914131,4.6875e-06,1.5054380292449492,6.538516918772968,1.5350274007031872,0.8976434790334044
49322.17519712448,4.6875e-06,1.5520430303445063,6.546134618135799,1.595178742621355,0.8998914853436192
49367.05855059624,4.6875e-06,1.5520883382995272,6.6143543782603595,1.8186811143425619,0.9041869239954741
49412.029457092285,4.6875e-06,1.5226140869988336,6.816982440139637,2.950442738138187,0.9014317209833768
49456.91495990753,4.6875e-06,1.5419463014342094,6.56051798615233,1.794943305337505,0.8996894943067401
49501.75780105591,4.6875e-06,1.5398154514952,6.5188298431908,1.4590934145982097,0.8996112856322307
49546.61898612976,4.6875e-06,1.4924236031829334,6.579320632081211,1.7234135378697875,0.9036182535209617
49591.586844205856,4.6875e-06,1.524302447363327,6.562467028337247,1.6968269153765052,0.8987677463223318
49636.454045534134,4.6875e-06,1.5004123947876615,7.1613888188691766,3.6680977499409084,0.9005999115286661
49681.464725255966,4.6875e-06,1.5615083167896027,6.539140391694344,1.6584906851410106,0.8994090902290384
49726.38703584671,4.6875e-06,1.49313930322998,6.8018346231205715,2.4750461456881965,0.9014758101234897
49771.4220802784,4.6875e-06,1.5641740500166985,6.553508045300012,1.4553433995338003,0.9034477214004383
49816.30729055405,4.6875e-06,1.5477900141575298,6.553794079955453,2.033542322049475,0.90194849783819
49861.2519364357,4.6875e-06,1.5436903107144577,6.6015938662770965,1.8747912583077788,0.9017297661154792
49906.07326626778,4.6875e-06,1.5230157452637163,6.697134170738957,2.308257006991441,0.9086602346032733
49951.095655202866,4.6875e-06,1.5269925980837185,6.746732537957114,2.559147206689142,0.8981782169879767
49996.174725055695,4.6875e-06,1.5199973257947272,6.534266788229166,1.4604380759463949,0.8970939013853105
50041.02841734886,4.6875e-06,1.5091836228396722,6.537443745218162,1.6384356261818271,0.9015378468674732
50086.04861831665,4.6875e-06,1.4964355116984884,6.522417760126909,1.6165408820862983,0.8972197621145266
50130.92783546448,4.6875e-06,1.522535126956217,6.557096998535099,1.9837443770876355,0.8993946804759684
50175.93637061119,4.6875e-06,1.5413359471140446,6.654744739866856,2.6226706049244877,0.8988413760346334
50220.71912884712,4.6875e-06,1.5432632248692608,6.526640867153295,1.7183295717664584,0.8965647275928147
50265.45505285263,4.6875e-06,1.4991043800864714,6.5144278501001365,1.4869961756809502,0.8968219129581507
50310.27734208107,4.6875e-06,1.494076104806855,6.8593795672719216,2.62851425705442,0.9078552067755222
50355.13735461235,4.6875e-06,1.5138501121698182,6.84425776978009,2.8475412453815436,0.8999134740021372
50399.84399032593,4.6875e-06,1.5100571109948915,6.5863395083602985,1.8365158518408513,0.8979612262348969
50444.74149775505,4.6875e-06,1.4796494710206551,6.534282445156356,1.6354466748085752,0.8970351499262121
50489.53096103668,4.6875e-06,1.4911576039586996,6.804115166050709,2.419934091750224,0.9000265695487099
50534.386984586716,4.6875e-06,1.4996718429693976,6.561244881274547,1.6174521185030604,0.8991779480727563
50579.33324098587,4.6875e-06,1.507095809929575,6.586897531139769,1.8066948738827067,0.9038976608308902
50624.182279109955,4.6875e-06,1.511597519146723,6.52939466172783,1.5315623483840068,0.8979565142417871
50668.984637498856,4.6875e-06,1.484471055718719,6.510479690553566,1.6412487175813906,0.8956867834068744
50713.861112356186,4.6875e-06,1.4952154249875707,6.583310915400874,1.5906743505198484,0.9044330350202114
50758.77014064789,4.6875e-06,1.5200097400199737,6.568126722162749,1.9306941232863506,0.900253020919707
50803.57800126076,4.6875e-06,1.5425174581548555,6.683748793466428,2.3145085037134256,0.9001953182839523
50848.56155228615,4.6875e-06,1.5257987832762505,6.565850161817,1.9468263006514046,0.8990229053763918
50893.44541144371,4.6875e-06,1.5068035125298145,6.523373199910017,1.4200935971205402,0.8980271652186735
50938.31667518616,4.6875e-06,1.525466557104948,6.534716475142655,1.5781405552177672,0.9000131392115563
50983.042464733124,4.6875e-06,1.4895362292916832,6.6064483249901995,2.2835743800849673,0.8969162511475361
51027.754578113556,4.6875e-06,1.4925442283922206,6.579773396040359,1.691877629954344,0.8985309011891189
51072.43077325821,4.6875e-06,1.5214785725258304,6.523181595539092,1.8924908996387653,0.899361378406825
51117.12531733513,4.6875e-06,1.5439572080236967,6.6394624027079585,2.565858289390613,0.898171634850302
51161.77157449722,4.6875e-06,1.5052320390885428,6.482877584465079,1.5139480542225443,0.8957348846818733
51206.40828084946,4.6875e-06,1.5078044628185001,6.586617329040994,1.656673873609798,0.9020791920235134
51251.23621082306,4.6875e-06,1.5059238831636468,6.525104272198942,1.537922809382153,0.8996442599440793
51296.23920416832,4.6875e-06,1.5273816206416146,6.648124104420513,2.4912605091265054,0.8966738341403103
51341.160171985626,4.6875e-06,1.5058952522625255,6.5046508724106005,1.5548643100033899,0.895847604271549
51386.03762841225,4.6875e-06,1.5055734319113643,6.654555092753745,2.026226891681647,0.9035631498077569
51430.8301281929,4.6875e-06,1.491657146990625,6.536825574514737,1.4837394277001643,0.8948838512978263
51475.66293287277,4.6875e-06,1.4898769099855684,6.69065455010479,2.2022407750415196,0.8998482657243297
51520.53644347191,4.6875e-06,1.4839158188449881,6.4826142782567375,1.5585491787855792,0.8950751400950357
51565.46446990967,2.34375e-06,1.4482377220806963,6.4948366465655525,1.6369016780974759,0.8935477178375237
51610.47567820549,2.34375e-06,1.4383936135929574,6.540950491738472,1.725359006748078,0.896491668563803
51655.43133187294,2.34375e-06,1.451490440828987,6.668033166299977,2.580400313845106,0.8965634184916192
51700.12375712395,2.34375e-06,1.4487321094519887,6.535272611721068,1.6363741540605095,0.8963806976556947
51744.74406528473,2.34375e-06,1.4599362589405316,6.534351811655267,1.4908909378537707,0.8955245011302614
51789.50288414955,2.34375e-06,1.4353660288187107,6.538550652640884,1.4887349219838526,0.8950013812078003
51834.13995718956,2.34375e-06,1.444738803578639,6.552700098169214,2.036017516312326,0.8956124519083649
51878.87712597847,2.34375e-06,1.4577674652492196,6.5604809894349385,1.9198742933334059,0.8966614063548823
51923.51460838318,2.34375e-06,1.4469008013198936,6.491693548189184,1.3938703014592457,0.8942893246287166
51968.373497486115,2.34375e-06,1.4452849564873673,6.50785708916015,1.6206455692364152,0.8943347016621999
52013.22960519791,2.34375e-06,1.4379994864889398,6.519830555561113,1.522781177690834,0.8928771052043848
52058.07038331032,2.34375e-06,1.4526041706185957,6.504549458127992,1.386365790883447,0.8926823190440407
52103.00241160393,2.34375e-06,1.4497379247390942,6.535716655587054,1.8049550900793379,0.8944639209396964
52147.91476774216,2.34375e-06,1.454272374429338,6.753186573425308,2.7052371079754676,0.8946110627572702
52192.985026836395,2.34375e-06,1.4588724588870134,6.487187562285936,1.7972428753117846,0.8934844336878356
52238.05505442619,2.34375e-06,1.4514586180285678,6.493982064433077,1.7036968328390911,0.8929996247371772
52283.04443836212,2.34375e-06,1.4640968641079624,6.5244820695498404,1.447375942643281,0.8962169211914139
52327.718334198,2.34375e-06,1.4569938971479517,6.6176055149454776,1.8006668722553618,0.9010494807861733
52372.37357711792,2.34375e-06,1.4444772759856206,6.550822342501181,1.7151083636435733,0.8933592747448275
52417.07074522972,2.34375e-06,1.4452090087484142,6.532350664024697,1.8724275698327715,0.8938785579789544
52461.75541353226,2.34375e-06,1.4400757906432577,6.528827736790613,1.413780552566431,0.8963302962956794
52506.441642045975,2.34375e-06,1.4533163056781817,6.63427617778656,1.9246295345816642,0.8966631974520997
52551.22300505638,2.34375e-06,1.457249635772844,6.640910488636791,2.4399244563594746,0.8946483711773474
52596.00345683098,2.34375e-06,1.464708583255066,6.550041556352689,1.8736014663793479,0.8939170077656114
52640.73111104965,2.34375e-06,1.4581067318907635,6.53270872301808,1.4881441541538116,0.8958313976373095
52685.595838308334,2.34375e-06,1.4493684947599261,6.5190076578118115,1.5909693675436032,0.8956378010431474
52730.44669222832,2.34375e-06,1.4566852294030737,6.531508076267202,1.473745533159584,0.8957835894158918
52775.369344472885,2.34375e-06,1.4485109460809844,6.521054227045434,1.344430651330644,0.8951688960332267
52820.28921794891,2.34375e-06,1.4506014012682416,6.5742921204285665,1.7832820989523723,0.8952938139782239
52865.29592061043,2.34375e-06,1.4542879742568524,6.530972399651736,1.4134512032672857,0.8948873852926588
52910.24082159996,2.34375e-06,1.4570095625080046,6.545870188778821,1.8860707641407184,0.8929700745250682
52955.11423420906,2.34375e-06,1.4559680643845994,6.507227872130262,1.5353023942109125,0.8937266617526208
52999.89861917496,2.34375e-06,1.4650730019927243,6.545256234508813,1.4973626057813123,0.8949366298622217
53044.79316329956,2.34375e-06,1.435246325060318,6.511900319931096,1.7103963936969733,0.8934654372606214
53089.61251425743,2.34375e-06,1.444751902747024,6.572194790902281,1.6487183734869502,0.8984245940745182
53134.462453365326,2.34375e-06,1.4565389489432718,6.525591013708885,1.6143104480330353,0.892854700101304
53179.31717634201,2.34375e-06,1.4546418087512851,6.503759300050733,1.7437613298938532,0.8925808261057065
53224.025106430054,2.34375e-06,1.4469876949904394,6.507291206904594,1.4365318103960365,0.8931374023360381
53268.85280799866,2.34375e-06,1.4555578751207918,6.541081918661303,1.8185823792864562,0.8931901751164811
53313.73332166672,2.34375e-06,1.4686716711152012,6.603749285724823,1.774963626740085,0.8996681669467642
53358.667617321014,2.34375e-06,1.4648886757470219,6.531819654657671,1.5331876135176155,0.8951607387325525
53403.53161239624,2.34375e-06,1.4461666359927485,6.514694141262771,1.7802028267246903,0.893426557533513
53448.29360079765,2.34375e-06,1.44188166172778,6.526158156261657,1.6984288233860283,0.8933962149199439
53493.01205253601,2.34375e-06,1.458296720664575,6.523117254244098,1.8120379721283153,0.8909810793811201
53537.79338479042,2.34375e-06,1.4428975417965748,6.54880335439977,1.4673929250923692,0.893036549488421
53582.74730324745,2.34375e-06,1.4612879071730733,6.5305331197515875,1.4166638319659386,0.8928226743576265
53627.57063651085,2.34375e-06,1.4685075734699575,6.566764655539109,1.7277368922142466,0.8924589697994403
53672.47730231285,2.34375e-06,1.4465248989928616,6.528310062229506,1.566266155850356,0.894186389558285
53717.36681675911,2.34375e-06,1.444130079146943,6.538578480517404,1.6576155255554588,0.8948727036938324
53762.284522295,2.34375e-06,1.4274375553773835,6.5807529700477385,1.9169223105072215,0.8952093316434938
53807.30922937393,2.34375e-06,1.4328887088485538,6.54410869530721,1.5265306484927037,0.8971170410503287
53852.32282114029,2.34375e-06,1.45636034598116,6.504664452424464,1.4321212112523947,0.8926894680090371
53897.39862561226,2.34375e-06,1.4520373474270485,6.485666450745854,1.414775000408197,0.8912648651429115
53942.48588299751,2.34375e-06,1.4277488194093895,6.566490021189138,1.5699998406088276,0.8956596894464928
53987.447811603546,2.34375e-06,1.4269962429348888,6.524548409262474,1.3518730285061393,0.8931824246204494
54032.31502318382,2.34375e-06,1.4585572890462337,6.653029279363181,1.905294418334961,0.8986697584590687
54077.1732237339,2.34375e-06,1.4518375741545186,6.532994310377447,1.744171086694025,0.8908210239261283
54121.84812569618,2.34375e-06,1.4370103991096788,6.576841144995564,1.5918955323043142,0.8947163403283681
54166.59235429764,2.34375e-06,1.4406404611191463,6.532035178410671,1.4132733922095815,0.8964847008293108
54211.33855485916,2.34375e-06,1.4244103237579429,6.570488404397348,2.0386404244003784,0.8925563349238431
54256.30705547333,2.34375e-06,1.4465056708601653,6.483355297248133,1.5462049958052908,0.8914395694210001
54301.14487576485,2.34375e-06,1.4353944133973946,6.5417803339923175,1.8332691970144868,0.8924568817926736
54345.86079502106,2.34375e-06,1.4443408361983865,6.510913822374703,1.5114593019910678,0.8923211960565476
54390.47644805908,2.34375e-06,1.4454732066729463,6.499984505678686,1.5887949293586099,0.891910506526149
54435.15282034874,2.34375e-06,1.454637867114583,6.539852101891506,1.6553908864403986,0.8938707014437979
54479.880571603775,2.34375e-06,1.4344071711130264,6.591280830259488,1.7086079737183395,0.8924340525330935
54524.55546402931,2.34375e-06,1.431902643587637,6.529507083475971,1.441532944114345,0.8921859190530482
54569.23321342468,2.34375e-06,1.4373459176939043,6.509225512302139,1.386624818546757,0.8919358961485973
54613.89545273781,2.34375e-06,1.4519466274205888,6.551943767819182,1.4621865485124528,0.8920119146331833
54658.84432077408,2.34375e-06,1.4333729003947941,6.503300000779071,1.3413677774417172,0.8918199510415433
54703.64580512047,2.34375e-06,1.442936372344394,6.539311088252706,1.7772316294870558,0.8951093984442865
54748.40333032608,2.34375e-06,1.4470242114449243,6.504904668434512,1.3683470003164497,0.891447167606289
54793.36862540245,2.34375e-06,1.4718702814835234,6.50154596175438,1.542419887955781,0.8918096652464365
54838.23756194115,2.34375e-06,1.433133374363564,6.509982345782589,1.4653907873068646,0.8911775544555249
54882.88818407059,2.34375e-06,1.4323146624643295,6.543382788184581,1.6357599756520265,0.8912934455790246
54927.51657986641,2.34375e-06,1.4304273135892247,6.510750489278982,1.4917207341285268,0.8930827709789347
54972.134276628494,2.34375e-06,1.4329586157816139,6.534374162908471,1.4442978464114438,0.8929383611148128
55016.76718258858,2.34375e-06,1.4390107694653649,6.610411859157384,1.8393998042793032,0.8936925518581448
55061.381511449814,2.34375e-06,1.4397703353390234,6.533612797407708,1.6401160732196394,0.893515422176074
55106.10456442833,2.34375e-06,1.4341668701345587,6.547759563802571,1.4564979844791874,0.8937213077408098
55150.742127895355,2.34375e-06,1.4381691597415667,6.509187270679397,1.470077184203324,0.8947858518666588
55195.643874406815,1.171875e-06,1.41175382384837,6.50247629521385,1.385245319536537,0.8901488129941809
55240.62565636635,1.171875e-06,1.4068095728347862,6.568539959913858,2.0358504179936308,0.8920215661215253
55285.28252530098,1.171875e-06,1.4093098403543287,6.507909304150697,1.5635980035089383,0.8915804028746397
55330.0213637352,1.171875e-06,1.4099763291781067,6.511313628794542,1.5449258646387962,0.8916387706649046
55374.737866163254,1.171875e-06,1.4121849855221469,6.534943966491616,1.5377508612954693,0.8908855554815209
55419.44118356705,1.171875e-06,1.4177094996518342,6.537927396047231,1.470586062388815,0.893642848428369
55464.17535161972,1.171875e-06,1.4186265291846298,6.5030852063406535,1.4603064081471437,0.8905080157095229
55508.78711986542,1.171875e-06,1.4056869224989565,6.521673536633914,1.3984076554608194,0.8910509071088012
55553.64173960686,1.171875e-06,1.411570667178253,6.5278344841089275,1.3750953382747189,0.8911705886490168
55598.73998117447,1.171875e-06,1.3995933513172338,6.534313398942764,1.441096333789218,0.8940700357186044
55643.52148485184,1.171875e-06,1.4202403125867167,6.517645403486495,1.3721723009826272,0.8919291674841319
55688.36040210724,1.171875e-06,1.411130820771167,6.498949118311217,1.3746343819199094,0.8904747618399816
55733.21770238876,1.171875e-06,1.4149342665472535,6.526726267123725,1.3748377077139107,0.8931459220977207
55778.08430767059,1.171875e-06,1.4148548819762545,6.517159292263545,1.3819410870788964,0.8906637659760474
55823.07580828667,1.171875e-06,1.412430759488125,6.551514824722876,1.800625719690019,0.891364121619704
55867.960978507996,1.171875e-06,1.412810146048638,6.520918148282974,1.4395053061710041,0.8933442306849927
55912.51746034622,1.171875e-06,1.4171676233600832,6.555671803427658,1.6864133701202975,0.8916803283619107
55956.941724300385,1.171875e-06,1.4121190178155465,6.508152173170403,1.4754982261900689,0.8904611155686103
56001.71222066879,1.171875e-06,1.4129149175515374,6.5757840043869775,1.9568525690941294,0.8929725249928433
56046.583965063095,1.171875e-06,1.4178294992186333,6.53576252326048,1.498018043663851,0.8935235968286049
56091.39695954323,1.171875e-06,1.4034770310902205,6.51687481114718,1.682213536645197,0.8913333220739063
56136.33074879646,1.171875e-06,1.423618759396732,6.518003926370924,1.4214869869742424,0.8908302994575732
56181.899173498154,1.171875e-06,1.4156335707570686,6.51238255881495,1.3712862901626879,0.8914447595541637
56226.823582172394,1.171875e-06,1.4127124032470482,6.5674772592665205,1.8556565132870035,0.893137643334049
56272.155529260635,1.171875e-06,1.4069160191956331,6.52339814604529,1.488432615729654,0.8912838827779506
56317.11310553551,1.171875e-06,1.4067051273443225,6.531190304032041,1.5054636888443285,0.8920069847778715
56361.9718375206,1.171875e-06,1.418639156596908,6.547127104929571,1.4632268699111453,0.8928360275754166
56406.81834149361,1.171875e-06,1.409651331649669,6.539664255231231,1.6354151901925444,0.8930795570294608
56451.54271030426,1.171875e-06,1.4088571846376567,6.520834493083543,1.406309344054787,0.892370164924386
56496.34412240982,1.171875e-06,1.405925610460653,6.532988873072581,1.508527454449113,0.8909921556497029
56540.89030337334,1.171875e-06,1.410472672363448,6.504406166104902,1.5760805579507426,0.8900494003506771
56585.671406030655,1.171875e-06,1.4046762884206025,6.5141368766103245,1.434614142642659,0.8912671671559119
56630.528982162476,1.171875e-06,1.4131267456843337,6.540427756558039,1.7310901739035442,0.8918192955269535
56675.447314977646,1.171875e-06,1.409942574275213,6.517767495494464,1.6504621347803978,0.8916098971752102
56720.25488448143,1.171875e-06,1.413469298767479,6.511738157729859,1.5589767504649557,0.8897297714367153
56765.07839035988,1.171875e-06,1.4152808320218313,6.503369423535954,1.3466043581628495,0.891320402652536
56809.92701244354,1.171875e-06,1.4105333833746572,6.499706220977031,1.4083002953013037,0.8905467932534747
56854.78837561607,1.171875e-06,1.4247854331369174,6.535298394185337,1.4548047472716896,0.891083204698235
56899.58903837204,1.171875e-06,1.4075502534381679,6.52763345749337,1.4122913117621354,0.8927787182484157
56944.42001366615,1.171875e-06,1.4089323653549444,6.5535429867091715,1.5877853344959818,0.8904719971108002
56989.278809547424,1.171875e-06,1.4099735705578913,6.536959207264119,1.4419946245327118,0.8911237810513405
57034.109466314316,1.171875e-06,1.4009389422196075,6.532167424446202,1.478277981509069,0.8914923749771727
57078.8768723011,1.171875e-06,1.4090690247999513,6.536268483674574,1.4188006066972283,0.8916535583028558
57123.7218914032,1.171875e-06,1.4036485154772065,6.505281507378646,1.4023630931878546,0.8899634585319928
57168.25859284401,1.171875e-06,1.416157974810331,6.569396329389255,1.7203073197868979,0.8903136941933438
57212.71633338928,1.171875e-06,1.4243681425605315,6.5142667088794415,1.4701776662449928,0.8915085064200328
57257.58645057678,1.171875e-06,1.4197208926543077,6.52294294623452,1.6669028093860407,0.8914143282533267
57302.53548908234,1.171875e-06,1.4037885018819451,6.502712675130528,1.483212433347277,0.8906943303077864
57347.34120321274,1.171875e-06,1.4054766700133166,6.546322234946103,1.7247249749056093,0.8924478877469053
57391.939423799515,1.171875e-06,1.410728766314536,6.530270549895723,1.4208906598911164,0.8915824850974542
57436.53042817116,1.171875e-06,1.4048433616513112,6.521033126193465,1.3908268971048343,0.893330268224231
57481.07584309578,1.171875e-06,1.4026633660649992,6.5142371633611456,1.3866077641772616,0.8908486770018953
57525.67241024971,1.171875e-06,1.4098503395507895,6.528594495131206,1.7269926156208013,0.8910462857309435
57570.3024058342,1.171875e-06,1.4018117060426807,6.531736431305964,1.410924294344179,0.8913543390284441
57614.93578338623,1.171875e-06,1.419820763374287,6.5359262111485785,1.6011154369184166,0.8925541447339197
57659.47418880463,1.171875e-06,1.4160257353374432,6.555339768677914,1.5067294952975716,0.8924242140302949
57704.03043818474,1.171875e-06,1.4025327012838562,6.5813916594234865,2.055946000214595,0.8916815082881723
57748.56683063507,1.171875e-06,1.4152752618320652,6.514516605350311,1.3924672558049487,0.8913496328192865
57793.91227936745,1.171875e-06,1.4102682796766632,6.523772304150143,1.3915249648367523,0.8914245658488312
57838.19411253929,1.171875e-06,1.402165147949872,6.538850796982396,1.5871895954107782,0.8931656395909836
57882.38172340393,1.171875e-06,1.4009447661688201,6.512263489249644,1.5742343465234063,0.8893740313807944
57926.491104364395,1.171875e-06,1.4049822720890706,6.546942242297254,1.448331922786251,0.8925519757518212
57970.82422399521,1.171875e-06,1.4038471235820722,6.551456188048494,1.5337841422694505,0.8917556238524639
58015.10805296898,1.171875e-06,1.4247386820763621,6.538960574295136,1.432731341708238,0.8919684964315329
58059.4385535717,1.171875e-06,1.400105159877645,6.531640156330415,1.4145527784991416,0.8913649198051162
58103.821395635605,1.171875e-06,1.404196066369993,6.532116938044013,1.3967864066931852,0.8926290392037827
58148.17543745041,1.171875e-06,1.412928999794854,6.53463134818155,1.375309354940038,0.8911696632166548
58192.5682926178,1.171875e-06,1.394584772321913,6.536627023696221,1.75936038509296,0.8910921004168147
58236.859740018845,1.171875e-06,1.4089669993014935,6.539992628326859,1.3550894451748794,0.8925728847392502
58281.33065056801,1.171875e-06,1.4059824961782152,6.576034534138488,1.5635430402816481,0.8919027695260059
58325.62683939934,1.171875e-06,1.4005798399991243,6.526679079652934,1.4123458279166252,0.8913799214493011
58369.89807701111,1.171875e-06,1.401816800556982,6.537806923088375,1.3912930968460764,0.8907341104034638
58414.18114066124,1.171875e-06,1.4006931702730216,6.526094325552956,1.3774595418553444,0.8896089466019358
58458.57414793968,1.171875e-06,1.408539122831626,6.565415756704118,1.5850199462501866,0.8897066317716971
58503.03786110878,1.171875e-06,1.4034407780687232,6.523400377916572,1.380834581897517,0.8912729761719675
58547.33662223816,1.171875e-06,1.4062451687015471,6.537112656172857,1.5856635877281238,0.8923536555966447
58591.56298971176,1.171875e-06,1.4147641270321358,6.518238355186533,1.4340109879803506,0.8909365969322535
58635.81822013855,1.171875e-06,1.4052983248385793,6.510845498760795,1.5296360040166574,0.8913663927849591
58680.09571957588,1.171875e-06,1.4031462662424112,6.573203147810462,1.980526978802529,0.8917812197692095
58724.57401895523,1.171875e-06,1.4046204665970932,6.515482825968565,1.3958320180321955,0.8900825423971412
58768.92498040199,1.171875e-06,1.4097359933054079,6.524055796809401,1.432596150780939,0.8898223358807401
