 Time | Epoch | Learning rate | Train loss | Validation loss | MAE_energy | MAE_energy_grad | GPU Memory (MB)
54:42 |     1 |     3.000e-04 | 179152.2114 |       4537.3089 |   152.5064 |         29.7569 |            3023
55:27 |     2 |     3.000e-04 |  3241.2740 |       2382.8267 |   125.5221 |         21.1225 |            3023
56:12 |     3 |     3.000e-04 |  1851.3882 |       1435.8712 |    87.6927 |         17.9305 |            3023
56:57 |     4 |     3.000e-04 |  1250.9670 |       1113.8506 |    74.6046 |         15.8181 |            3023
57:42 |     5 |     3.000e-04 |   945.5674 |        853.9476 |    67.2387 |         14.3996 |            3023
58:28 |     6 |     3.000e-04 |   797.7791 |        896.1239 |    77.0146 |         13.4891 |            3023
59:12 |     7 |     3.000e-04 |   799.1817 |        626.9570 |    58.8601 |         12.4539 |            3123
59:57 |     8 |     3.000e-04 |   594.0587 |        540.6962 |    54.0699 |         11.7356 |            3123
00:43 |     9 |     3.000e-04 |   546.6206 |        924.2098 |    96.9450 |         11.1804 |            3123
01:28 |    10 |     3.000e-04 |   543.1811 |        510.2676 |    56.1954 |         10.5327 |            3123
02:12 |    11 |     3.000e-04 |   518.5482 |        545.3290 |    68.3759 |         10.2896 |            3123
02:57 |    12 |     3.000e-04 |   555.3585 |        731.4191 |    88.2096 |          9.7633 |            3123
03:42 |    13 |     3.000e-04 |   567.7885 |        437.9162 |    56.3775 |          9.6339 |            3123
04:27 |    14 |     3.000e-04 |   557.7111 |        365.6693 |    46.9374 |          9.1999 |            3123
05:12 |    15 |     3.000e-04 |   362.6710 |        376.7413 |    52.6824 |          8.9484 |            3123
05:57 |    16 |     3.000e-04 |   608.0993 |        561.9766 |    80.3393 |          8.8175 |            3123
06:42 |    17 |     3.000e-04 |   507.0096 |        331.7999 |    44.9369 |          8.4636 |            3123
07:28 |    18 |     3.000e-04 |   512.5656 |        314.7518 |    43.2076 |          8.2192 |            3123
08:13 |    19 |     3.000e-04 |   438.5035 |        443.5171 |    67.6926 |          8.0949 |            3191
08:58 |    20 |     3.000e-04 |   403.6785 |        426.9188 |    66.1287 |          7.9721 |            3191
09:43 |    21 |     3.000e-04 |  7181.6231 |        971.7876 |   107.3215 |          9.8097 |            3191
10:27 |    22 |     3.000e-04 |   449.3188 |        345.8188 |    51.6777 |          7.3229 |            3191
11:12 |    23 |     3.000e-04 |   303.4448 |        246.4872 |    39.5178 |          7.0707 |            3191
11:58 |    24 |     3.000e-04 |   494.1070 |        270.2357 |    42.4699 |          7.4221 |            3191
12:42 |    25 |     3.000e-04 |   792.8311 |        551.0568 |    85.3945 |          7.1576 |            3191
13:27 |    26 |     3.000e-04 |   983.5084 |        236.0268 |    40.1159 |          7.0414 |            3191
14:12 |    27 |     3.000e-04 |   417.2848 |        582.8013 |    88.1524 |          6.7508 |            3191
14:57 |    28 |     3.000e-04 |   364.3111 |        268.5046 |    44.4664 |          6.6787 |            3191
15:42 |    29 |     3.000e-04 |  2942.0103 |        805.8332 |    88.8712 |         10.5772 |            3191
16:27 |    30 |     3.000e-04 |   737.0031 |        730.2229 |    92.3731 |          7.3082 |            3191
17:12 |    31 |     3.000e-04 |   437.6019 |        278.4092 |    50.7900 |          6.2139 |            3191
17:56 |    32 |     3.000e-04 |   721.4304 |        311.9975 |    52.7426 |          7.4201 |            3191
18:41 |    33 |     3.000e-04 |   372.7292 |        293.4044 |    56.8550 |          6.1076 |            3191
19:26 |    34 |     3.000e-04 |  1902.9285 |        383.1692 |    64.5389 |          6.8843 |            3191
20:11 |    35 |     3.000e-04 |   470.0380 |        236.7804 |    44.8692 |          6.1535 |            3191
20:56 |    36 |     3.000e-04 |   455.4318 |        261.4033 |    51.5771 |          5.8351 |            3191
21:41 |    37 |     3.000e-04 |   524.5365 |        611.5640 |    94.6648 |          6.2180 |            3191
22:26 |    38 |     3.000e-04 |   275.3504 |        905.0507 |   117.5077 |          5.7868 |            3191
23:11 |    39 |     3.000e-04 | 11292.0805 |       1768.3765 |   139.5188 |         12.7115 |            3191
23:55 |    40 |     3.000e-04 |  2740.2311 |        322.0768 |    55.9875 |          6.1618 |            3191
24:40 |    41 |     3.000e-04 |   274.3064 |        218.4374 |    41.0746 |          5.7537 |            3191
25:25 |    42 |     3.000e-04 |   205.2092 |        190.7112 |    37.3006 |          5.5646 |            3191
26:10 |    43 |     3.000e-04 |   196.4177 |        170.0313 |    32.3502 |          5.4408 |            3191
26:55 |    44 |     3.000e-04 |   215.9469 |        226.0301 |    44.3878 |          5.3813 |            3191
27:40 |    45 |     3.000e-04 |   169.9298 |        174.0784 |    36.3426 |          5.2990 |            3191
28:25 |    46 |     3.000e-04 |   184.0591 |        158.4271 |    31.9085 |          5.2301 |            3197
29:10 |    47 |     3.000e-04 |   166.3102 |        170.9840 |    37.3911 |          5.2306 |            3197
29:55 |    48 |     3.000e-04 |   189.9296 |        200.7999 |    39.9471 |          5.3954 |            3197
30:40 |    49 |     3.000e-04 |   197.8208 |        162.2320 |    33.7327 |          5.1920 |            3197
31:25 |    50 |     3.000e-04 |   200.0111 |        344.2740 |    66.9553 |          5.0797 |            3197
32:09 |    51 |     3.000e-04 |   166.6703 |        152.7792 |    34.0751 |          5.1032 |            3197
32:54 |    52 |     3.000e-04 |   315.7253 |        144.2012 |    31.1447 |          4.9963 |            3197
33:39 |    53 |     3.000e-04 |   204.5982 |        377.1327 |    73.2132 |          5.0771 |            3197
34:24 |    54 |     3.000e-04 |   418.8227 |       1029.1682 |   130.9190 |          6.3430 |            3197
35:09 |    55 |     3.000e-04 |   792.5713 |        979.8667 |   127.2707 |          6.4328 |            3197
35:54 |    56 |     3.000e-04 |  1177.7463 |        138.0337 |    27.5905 |          5.1691 |            3197
36:39 |    57 |     3.000e-04 |   221.8322 |        125.6193 |    28.8279 |          4.8223 |            3197
37:24 |    58 |     3.000e-04 |   356.6571 |        162.8727 |    33.5621 |          4.8817 |            3197
38:10 |    59 |     3.000e-04 |   238.0657 |        163.4584 |    39.1629 |          4.8399 |            3197
38:55 |    60 |     3.000e-04 |   860.4471 |        300.0698 |    56.9175 |          5.3147 |            3197
39:40 |    61 |     3.000e-04 |   289.1734 |        237.4281 |    53.5753 |          4.7922 |            3197
40:24 |    62 |     3.000e-04 |   276.2159 |        118.9590 |    27.4726 |          4.8721 |            3197
41:09 |    63 |     3.000e-04 |   157.3134 |        385.8996 |    73.3857 |          4.9410 |            3197
41:54 |    64 |     3.000e-04 |   438.1630 |        244.0961 |    51.8057 |          4.8181 |            3197
42:39 |    65 |     3.000e-04 |   216.4714 |        149.6239 |    38.5587 |          4.5823 |            3197
43:24 |    66 |     3.000e-04 |   491.1910 |       1832.1843 |   170.8453 |          6.4400 |            3197
44:09 |    67 |     3.000e-04 |  1036.1439 |        686.0682 |   105.6478 |          4.6123 |            3197
44:54 |    68 |     3.000e-04 |   999.5577 |        574.2414 |    91.4421 |          5.0581 |            3197
45:40 |    69 |     3.000e-04 |   251.4331 |        113.6117 |    28.3871 |          4.4696 |            3247
46:25 |    70 |     3.000e-04 |   157.4198 |        148.6472 |    36.2093 |          4.4149 |            3247
47:10 |    71 |     3.000e-04 |  1038.2770 |       1771.9899 |   170.8956 |          5.7655 |            3247
47:54 |    72 |     3.000e-04 |   429.9755 |         98.1815 |    23.2918 |          4.3847 |            3247
48:39 |    73 |     3.000e-04 |   157.5993 |        104.6816 |    27.1256 |          4.3492 |            3247
49:24 |    74 |     3.000e-04 |   189.3522 |        112.3951 |    27.5083 |          4.9228 |            3247
50:09 |    75 |     3.000e-04 |   200.0440 |        256.9711 |    59.7900 |          4.3911 |            3247
50:54 |    76 |     3.000e-04 |   195.0707 |        525.4273 |    86.1563 |          4.6504 |            3247
51:39 |    77 |     3.000e-04 |  1233.4032 |        398.4205 |    68.1721 |          5.2643 |            3247
52:24 |    78 |     3.000e-04 |   265.6494 |        468.0535 |    84.9099 |          4.5290 |            3247
53:09 |    79 |     3.000e-04 |   155.6013 |         83.6048 |    19.7495 |          4.2296 |            3247
53:54 |    80 |     3.000e-04 |   148.8578 |        117.5732 |    33.3101 |          4.1489 |            3247
54:39 |    81 |     3.000e-04 |   237.9720 |        267.7457 |    61.6354 |          4.3611 |            3247
55:24 |    82 |     3.000e-04 |   174.4406 |         97.1169 |    25.5529 |          4.2806 |            3247
56:09 |    83 |     3.000e-04 |    96.6447 |         78.6418 |    20.6277 |          4.1727 |            3247
56:55 |    84 |     3.000e-04 |   259.3509 |        133.1944 |    30.3267 |          5.4600 |            3247
57:40 |    85 |     3.000e-04 |  1005.4718 |       2257.4332 |   196.9962 |          5.9432 |            3247
58:25 |    86 |     3.000e-04 |   605.5042 |        993.0585 |   130.3161 |          4.7385 |            3247
59:10 |    87 |     3.000e-04 |   342.7734 |        173.0719 |    42.0061 |          4.4868 |            3247
59:55 |    88 |     3.000e-04 |   192.6217 |        173.9526 |    43.4154 |          4.5596 |            3247
00:40 |    89 |     3.000e-04 |   201.6235 |        120.6172 |    36.4240 |          3.8994 |            3247
01:25 |    90 |     3.000e-04 |   125.2936 |        198.9908 |    48.9714 |          4.1088 |            3247
02:10 |    91 |     3.000e-04 |   294.0410 |        163.8823 |    41.1221 |          4.4878 |            3247
02:55 |    92 |     3.000e-04 |   132.3349 |         68.7519 |    20.0159 |          3.9140 |            3247
03:40 |    93 |     3.000e-04 |   123.4258 |        109.9991 |    30.9663 |          4.0565 |            3247
04:25 |    94 |     3.000e-04 |   245.6351 |       1654.0118 |   173.6799 |          4.7249 |            3247
05:11 |    95 |     3.000e-04 |   802.3290 |        440.7785 |    82.9784 |          4.5529 |            3247
05:55 |    96 |     3.000e-04 |   312.6795 |         63.4983 |    16.9402 |          3.9236 |            3247
06:41 |    97 |     3.000e-04 |   110.9758 |        217.4882 |    55.7128 |          3.8010 |            3247
07:25 |    98 |     3.000e-04 |   306.0849 |         83.3333 |    23.1013 |          4.2267 |            3247
08:10 |    99 |     3.000e-04 |   122.5397 |         55.8403 |    14.1316 |          3.9041 |            3247
08:55 |   100 |     3.000e-04 |    80.6828 |        199.7247 |    49.1369 |          3.6701 |            3247
09:40 |   101 |     3.000e-04 |   103.8647 |         55.5039 |    17.1840 |          3.6796 |            3247
10:25 |   102 |     3.000e-04 |    85.5574 |        123.4566 |    37.9283 |          3.6503 |            3247
11:10 |   103 |     3.000e-04 |   116.4399 |        260.8679 |    55.1138 |          3.8508 |            3247
11:55 |   104 |     3.000e-04 |   113.3725 |         48.4302 |    13.3065 |          3.6304 |            3247
12:40 |   105 |     3.000e-04 |   212.2162 |         90.3336 |    31.0669 |          3.6520 |            3247
13:25 |   106 |     3.000e-04 |   194.2383 |        135.6131 |    41.0523 |          3.8481 |            3247
14:09 |   107 |     3.000e-04 |   113.0315 |        432.5531 |    84.3816 |          3.6905 |            3247
14:54 |   108 |     3.000e-04 |   483.4225 |        209.7848 |    49.2871 |          5.2533 |            3247
15:39 |   109 |     3.000e-04 |   165.2790 |         49.6014 |    15.1772 |          3.5215 |            3247
16:23 |   110 |     3.000e-04 |    53.7388 |         41.7127 |    12.8643 |          3.2963 |            3247
17:09 |   111 |     3.000e-04 |    82.1442 |         60.0322 |    21.5693 |          3.4208 |            3247
17:53 |   112 |     3.000e-04 |   228.9535 |        934.1843 |   127.5450 |          4.6683 |            3247
18:38 |   113 |     3.000e-04 |   142.8472 |         49.0089 |    18.2522 |          3.2275 |            3247
19:24 |   114 |     3.000e-04 |   115.2254 |         45.8803 |    13.7359 |          3.5907 |            3247
20:09 |   115 |     3.000e-04 |   105.5624 |         48.7093 |    18.8300 |          3.1693 |            3247
20:54 |   116 |     3.000e-04 |    85.1296 |         53.7726 |    20.9738 |          3.1501 |            3247
21:39 |   117 |     3.000e-04 |   113.1392 |         59.9973 |    19.6709 |          3.7903 |            3247
22:24 |   118 |     3.000e-04 |   134.7053 |         50.0068 |    19.4700 |          3.1134 |            3247
23:08 |   119 |     3.000e-04 |    63.7153 |         93.8338 |    34.8428 |          3.0718 |            3247
23:53 |   120 |     3.000e-04 |    50.9735 |         97.4195 |    35.5106 |          3.0040 |            3247
24:38 |   121 |     3.000e-04 |   152.0776 |        167.6671 |    45.6861 |          3.5387 |            3247
25:23 |   122 |     3.000e-04 |   155.6555 |         38.0218 |    12.2315 |          3.1938 |            3247
26:08 |   123 |     3.000e-04 |    47.1419 |         42.1514 |    16.4336 |          3.0564 |            3247
26:52 |   124 |     3.000e-04 |    52.8705 |         39.0386 |    15.4091 |          2.8510 |            3247
27:37 |   125 |     3.000e-04 |   254.5505 |        151.1181 |    43.5195 |          3.6462 |            3247
28:22 |   126 |     3.000e-04 |   162.6840 |         43.4237 |    17.9093 |          3.0524 |            3247
29:07 |   127 |     3.000e-04 |    47.8579 |         49.1364 |    20.2456 |          2.9221 |            3247
29:52 |   128 |     3.000e-04 |    76.6352 |         34.3903 |    13.6113 |          2.8608 |            3247
30:37 |   129 |     3.000e-04 |    68.6318 |         84.5708 |    30.6045 |          2.9117 |            3247
31:22 |   130 |     3.000e-04 |    65.3182 |        225.8938 |    59.5118 |          2.9752 |            3247
32:07 |   131 |     3.000e-04 |   145.4067 |        146.9975 |    45.6400 |          3.0974 |            3247
32:52 |   132 |     3.000e-04 |    83.6094 |         28.7574 |    10.4916 |          2.7853 |            3247
33:36 |   133 |     3.000e-04 |    38.9346 |        102.7959 |    37.6960 |          2.6864 |            3247
34:21 |   134 |     3.000e-04 |    63.4566 |         31.9854 |    13.6342 |          2.7011 |            3247
35:06 |   135 |     3.000e-04 |    41.0715 |        929.1777 |   119.3736 |          2.8939 |            3247
35:51 |   136 |     3.000e-04 |   162.8705 |        163.1741 |    46.3943 |          2.9792 |            3247
36:36 |   137 |     3.000e-04 |    55.3213 |         27.8047 |    10.9546 |          2.6375 |            3247
37:21 |   138 |     3.000e-04 |    58.6503 |         78.2855 |    31.2084 |          2.9031 |            3247
38:06 |   139 |     3.000e-04 |    37.7383 |         30.7870 |    11.3447 |          2.8699 |            3247
38:51 |   140 |     3.000e-04 |    97.2504 |        338.1647 |    71.5551 |          3.5620 |            3247
39:35 |   141 |     3.000e-04 |   116.4512 |         64.6684 |    23.4741 |          2.9784 |            3247
40:20 |   142 |     3.000e-04 |    74.5743 |         51.3772 |    21.6357 |          2.8397 |            3247
41:05 |   143 |     3.000e-04 |    25.7384 |         27.0947 |    12.0908 |          2.5549 |            3247
41:50 |   144 |     3.000e-04 |    23.7640 |         24.7125 |    10.6552 |          2.4401 |            3247
42:35 |   145 |     3.000e-04 |   102.1612 |        222.8469 |    53.5848 |          3.1780 |            3247
43:20 |   146 |     3.000e-04 |    54.9115 |         29.3391 |    12.2752 |          2.4795 |            3247
44:05 |   147 |     3.000e-04 |    32.0286 |         21.9755 |     8.5046 |          2.4414 |            3247
44:50 |   148 |     3.000e-04 |    39.9347 |         19.1687 |     6.3573 |          2.3787 |            3247
45:35 |   149 |     3.000e-04 |   108.9082 |         25.8629 |     9.0955 |          2.7307 |            3247
46:20 |   150 |     3.000e-04 |    50.7864 |        134.3925 |    43.1329 |          2.7984 |            3247
47:05 |   151 |     3.000e-04 |    84.2391 |         83.5305 |    33.7481 |          2.5012 |            3247
47:50 |   152 |     3.000e-04 |    74.2299 |        173.1130 |    52.3548 |          2.8868 |            3247
48:35 |   153 |     3.000e-04 |   162.0844 |         33.0638 |    13.9985 |          2.6404 |            3247
49:20 |   154 |     3.000e-04 |    30.1972 |         24.3690 |    10.1157 |          2.5107 |            3247
50:05 |   155 |     3.000e-04 |    20.7873 |         64.2405 |    29.0546 |          2.4257 |            3247
50:50 |   156 |     3.000e-04 |    39.4839 |        118.3555 |    42.6276 |          2.2858 |            3247
51:35 |   157 |     3.000e-04 |    25.0257 |         23.6496 |    11.7737 |          2.2155 |            3247
52:19 |   158 |     3.000e-04 |    65.4480 |        231.6627 |    58.7138 |          2.9753 |            3247
53:04 |   159 |     3.000e-04 |    57.9696 |         18.4510 |     7.8200 |          2.2153 |            3247
53:49 |   160 |     3.000e-04 |    35.2774 |         20.2345 |     9.8668 |          2.1777 |            3247
54:34 |   161 |     3.000e-04 |    19.6320 |         18.7884 |     8.1778 |          2.1660 |            3247
55:19 |   162 |     3.000e-04 |    70.4221 |        179.0840 |    53.5070 |          2.6772 |            3247
56:04 |   163 |     3.000e-04 |    35.2430 |         16.8025 |     7.2593 |          2.0703 |            3247
56:49 |   164 |     3.000e-04 |    16.6700 |         41.6429 |    19.8551 |          2.1562 |            3247
57:34 |   165 |     3.000e-04 |    34.7650 |        116.9174 |    39.5898 |          2.4703 |            3247
58:19 |   166 |     3.000e-04 |    92.1987 |         71.6097 |    29.7337 |          2.6007 |            3247
59:03 |   167 |     3.000e-04 |    28.7531 |         34.7433 |    18.9896 |          2.2250 |            3247
59:48 |   168 |     3.000e-04 |    60.9564 |         37.0169 |    15.5535 |          2.6252 |            3247
00:33 |   169 |     3.000e-04 |    54.4629 |        233.8412 |    60.1606 |          2.4857 |            3247
01:18 |   170 |     3.000e-04 |    84.3562 |         35.0166 |    14.5564 |          2.7678 |            3247
02:03 |   171 |     3.000e-04 |    27.2342 |         14.7370 |     5.4645 |          2.0316 |            3247
02:47 |   172 |     3.000e-04 |    13.0650 |         51.3554 |    25.8273 |          2.0008 |            3247
03:32 |   173 |     3.000e-04 |    20.3236 |         48.4967 |    23.7422 |          2.0789 |            3247
04:17 |   174 |     3.000e-04 |   148.9554 |         35.4960 |    15.4758 |          2.7925 |            3247
05:02 |   175 |     3.000e-04 |    38.1024 |         16.8524 |     7.6329 |          2.1338 |            3247
05:47 |   176 |     3.000e-04 |    21.5308 |         15.0753 |     6.0992 |          2.0359 |            3247
06:32 |   177 |     3.000e-04 |    26.4572 |         22.0930 |    13.3252 |          1.9073 |            3247
07:17 |   178 |     3.000e-04 |    17.9633 |         16.0096 |     8.2817 |          1.9600 |            3247
08:02 |   179 |     3.000e-04 |    11.7244 |         15.6279 |     8.4986 |          1.9169 |            3247
08:47 |   180 |     3.000e-04 |    11.9813 |         15.9442 |     8.9427 |          1.8409 |            3247
09:32 |   181 |     3.000e-04 |    11.8753 |         17.7217 |    10.4130 |          1.8373 |            3247
10:17 |   182 |     3.000e-04 |    15.6911 |         19.6885 |    10.8879 |          1.9283 |            3247
11:02 |   183 |     3.000e-04 |    23.4611 |        105.6133 |    40.5642 |          2.0107 |            3247
11:46 |   184 |     3.000e-04 |    59.4842 |         14.5877 |     5.7659 |          2.0366 |            3247
12:31 |   185 |     3.000e-04 |    14.2147 |         13.9185 |     5.6677 |          1.8490 |            3247
13:16 |   186 |     3.000e-04 |    88.1572 |        144.1243 |    47.8314 |          2.5643 |            3247
14:01 |   187 |     3.000e-04 |    33.9612 |         14.4134 |     5.7713 |          1.9955 |            3247
14:46 |   188 |     3.000e-04 |    56.5189 |         35.1754 |    18.4931 |          2.0329 |            3247
15:31 |   189 |     3.000e-04 |    17.5483 |         16.3071 |     9.5889 |          1.7884 |            3247
16:15 |   190 |     3.000e-04 |    12.3494 |         12.1364 |     4.6464 |          1.7647 |            3247
17:00 |   191 |     3.000e-04 |    16.9581 |         26.4496 |    16.3385 |          1.9642 |            3247
17:45 |   192 |     3.000e-04 |    25.8563 |         13.7032 |     6.7176 |          1.7511 |            3247
18:30 |   193 |     3.000e-04 |    14.5188 |         14.2956 |     7.1896 |          1.7978 |            3247
19:15 |   194 |     3.000e-04 |    20.5587 |         15.7973 |     9.1000 |          1.8226 |            3247
20:01 |   195 |     3.000e-04 |    46.1692 |         29.5411 |    14.2693 |          2.3143 |            3247
20:46 |   196 |     3.000e-04 |    18.3580 |         28.9137 |    18.0114 |          1.8691 |            3247
21:31 |   197 |     3.000e-04 |    19.5635 |         52.0332 |    26.7303 |          1.9321 |            3247
22:16 |   198 |     3.000e-04 | 27049.2420 |        901.4755 |    85.1357 |         11.3829 |            3247
23:01 |   199 |     3.000e-04 |   444.5658 |        254.2739 |    37.2103 |          8.0611 |            3247
23:46 |   200 |     3.000e-04 |   204.9171 |        161.6060 |    26.9606 |          6.8318 |            3247
24:31 |   201 |     3.000e-04 |   151.4960 |        126.5781 |    22.3171 |          6.1801 |            3247
25:16 |   202 |     3.000e-04 |   122.0214 |        111.8602 |    21.6897 |          5.7196 |            3247
26:00 |   203 |     3.000e-04 |   110.7004 |         92.6552 |    17.8409 |          5.4221 |            3247
26:45 |   204 |     3.000e-04 |    92.9873 |        108.9091 |    26.9677 |          5.1884 |            3247
27:30 |   205 |     3.000e-04 |    80.5825 |         72.9652 |    14.4487 |          4.9171 |            3247
28:15 |   206 |     3.000e-04 |    75.5166 |         87.8973 |    23.5202 |          4.7375 |            3247
28:59 |   207 |     3.000e-04 |    76.3345 |         72.2536 |    17.9595 |          4.5677 |            3247
29:44 |   208 |     3.000e-04 |    61.1298 |         58.3101 |    12.0666 |          4.4227 |            3247
30:29 |   209 |     3.000e-04 |    55.4725 |         54.3848 |    11.7371 |          4.2933 |            3247
31:14 |   210 |     3.000e-04 |    52.9073 |         52.4133 |    11.8858 |          4.1713 |            3247
31:58 |   211 |     3.000e-04 |    49.6740 |         51.4784 |    12.0623 |          4.0458 |            3247
32:43 |   212 |     3.000e-04 |    47.5985 |         53.9491 |    15.3633 |          3.9178 |            3247
33:28 |   213 |     3.000e-04 |    45.1208 |         53.7640 |    16.2787 |          3.8196 |            3247
34:13 |   214 |     3.000e-04 |    46.4541 |         42.4503 |    10.7839 |          3.7564 |            3247
34:58 |   215 |     3.000e-04 |    40.4357 |         48.3808 |    13.9955 |          3.6484 |            3247
35:43 |   216 |     3.000e-04 |    43.4942 |         39.4471 |    10.7767 |          3.5806 |            3247
36:27 |   217 |     3.000e-04 |    40.2926 |         38.4060 |    10.0138 |          3.5388 |            3247
37:12 |   218 |     3.000e-04 |    41.1588 |         35.1255 |     9.0171 |          3.4538 |            3247
37:57 |   219 |     3.000e-04 |    37.5726 |         39.0304 |    13.2953 |          3.3696 |            3247
38:42 |   220 |     3.000e-04 |    38.0337 |         34.5826 |    10.4260 |          3.2951 |            3247
39:27 |   221 |     3.000e-04 |    30.6684 |         31.9027 |     8.4220 |          3.2529 |            3247
40:12 |   222 |     3.000e-04 |    36.2401 |         30.6918 |     8.3875 |          3.2105 |            3247
40:57 |   223 |     3.000e-04 |    31.8124 |         32.1039 |    10.3681 |          3.1413 |            3247
41:42 |   224 |     3.000e-04 |    52.7204 |         73.9582 |    28.8056 |          3.0819 |            3247
42:27 |   225 |     3.000e-04 |    32.7156 |         31.0665 |     9.7203 |          3.0410 |            3247
43:12 |   226 |     3.000e-04 |    29.4371 |         33.6782 |    13.0054 |          2.9938 |            3247
43:57 |   227 |     3.000e-04 |    44.6488 |         49.9787 |    20.0698 |          3.1036 |            3247
44:42 |   228 |     3.000e-04 |    47.3480 |         25.8686 |     7.2935 |          2.9310 |            3247
45:27 |   229 |     3.000e-04 |    27.9098 |         37.3178 |    16.2574 |          2.8787 |            3247
46:12 |   230 |     3.000e-04 |    41.8396 |         28.6847 |     9.5591 |          2.8224 |            3247
46:56 |   231 |     3.000e-04 |    27.0917 |         26.7448 |     9.5112 |          2.7878 |            3247
47:41 |   232 |     3.000e-04 |    33.5462 |         25.2573 |     8.4776 |          2.7628 |            3247
48:26 |   233 |     3.000e-04 |    31.1257 |         27.0329 |    10.1569 |          2.7047 |            3247
49:11 |   234 |     3.000e-04 |    44.1339 |         41.8905 |    17.5613 |          2.7873 |            3247
49:56 |   235 |     3.000e-04 |    25.9535 |         23.9647 |     9.4758 |          2.6458 |            3247
50:41 |   236 |     3.000e-04 |    34.5836 |         21.6569 |     6.4322 |          2.6565 |            3247
51:26 |   237 |     3.000e-04 |    37.2698 |         48.9563 |    22.0972 |          2.6251 |            3247
52:11 |   238 |     3.000e-04 |    50.3255 |        153.6563 |    50.3191 |          2.6350 |            3247
52:56 |   239 |     3.000e-04 |    68.4049 |         29.1270 |    12.0980 |          2.5448 |            3247
53:41 |   240 |     3.000e-04 |    43.3698 |         79.8930 |    33.7294 |          2.5232 |            3247
54:26 |   241 |     3.000e-04 |    36.2242 |         47.9457 |    23.9239 |          2.5319 |            3247
55:10 |   242 |     3.000e-04 |    39.6091 |         50.5441 |    20.4576 |          2.5844 |            3247
55:55 |   243 |     3.000e-04 |    81.7347 |         74.1962 |    31.1783 |          2.6496 |            3247
56:40 |   244 |     3.000e-04 |    43.3855 |         26.2451 |    12.5383 |          2.4263 |            3247
57:25 |   245 |     3.000e-04 |    24.9695 |         30.0092 |    13.2102 |          2.4280 |            3247
58:09 |   246 |     3.000e-04 |   175.7336 |         43.7577 |    15.9095 |          3.0990 |            3247
58:54 |   247 |     3.000e-04 |    71.2541 |         19.3403 |     6.5023 |          2.4591 |            3247
59:39 |   248 |     3.000e-04 |    19.9092 |         19.3236 |     7.5513 |          2.3453 |            3247
00:24 |   249 |     3.000e-04 |    18.3401 |         18.1426 |     5.6284 |          2.3938 |            3247
01:09 |   250 |     3.000e-04 |    18.7183 |         18.4277 |     7.3717 |          2.2506 |            3247
01:54 |   251 |     3.000e-04 |    25.2925 |         19.6169 |     8.5099 |          2.3006 |            3247
02:39 |   252 |     3.000e-04 |    21.7375 |         41.5091 |    21.8899 |          2.2568 |            3247
03:23 |   253 |     3.000e-04 |    17.3247 |         18.0410 |     8.1662 |          2.1805 |            3247
04:08 |   254 |     3.000e-04 |    18.7247 |         26.3831 |    14.3280 |          2.1922 |            3247
04:53 |   255 |     3.000e-04 |    40.8336 |         67.1745 |    29.7903 |          2.4348 |            3247
05:38 |   256 |     3.000e-04 |    30.2877 |         98.8520 |    39.3979 |          2.1451 |            3247
06:23 |   257 |     3.000e-04 |    27.3637 |         72.6194 |    31.9528 |          2.1386 |            3247
07:07 |   258 |     3.000e-04 |    23.9915 |         39.0656 |    21.2011 |          2.1631 |            3247
07:52 |   259 |     3.000e-04 |    74.9828 |         43.1375 |    22.2409 |          2.2860 |            3247
08:37 |   260 |     3.000e-04 |    72.4930 |         16.0432 |     5.4840 |          2.2003 |            3247
09:23 |   261 |     3.000e-04 |    18.4162 |         17.5933 |     8.1252 |          2.1251 |            3247
10:08 |   262 |     3.000e-04 |    22.6506 |         14.2684 |     5.1639 |          2.0846 |            3247
10:52 |   263 |     3.000e-04 |    22.3732 |         15.7460 |     7.1630 |          2.0758 |            3247
11:37 |   264 |     3.000e-04 |    32.9570 |         20.6510 |    10.8094 |          2.0462 |            3247
12:22 |   265 |     3.000e-04 |    34.5016 |         79.4748 |    34.2464 |          2.1734 |            3247
13:07 |   266 |     3.000e-04 |    36.0867 |         28.3266 |    15.1847 |          2.0096 |            3247
13:52 |   267 |     3.000e-04 |    29.9741 |         52.6196 |    26.2721 |          2.0530 |            3247
14:37 |   268 |     3.000e-04 |    52.9848 |         39.9521 |    21.4028 |          2.1304 |            3247
15:22 |   269 |     3.000e-04 |    61.1188 |         33.5018 |    19.6125 |          2.0110 |            3247
16:07 |   270 |     3.000e-04 |    38.3710 |         19.3364 |    10.1503 |          2.0382 |            3247
16:52 |   271 |     3.000e-04 |   130.6439 |         74.5561 |    30.4434 |          2.4946 |            3247
17:37 |   272 |     1.500e-04 |    18.6362 |         17.8181 |     9.8687 |          1.9448 |            3247
18:22 |   273 |     1.500e-04 |    11.1825 |         12.6348 |     4.5705 |          1.9180 |            3247
19:07 |   274 |     1.500e-04 |    10.1723 |         12.4319 |     4.5227 |          1.8612 |            3247
19:52 |   275 |     1.500e-04 |    10.2881 |         11.6411 |     3.9486 |          1.8479 |            3247
20:37 |   276 |     1.500e-04 |     9.5259 |         12.6541 |     5.5139 |          1.8255 |            3247
21:22 |   277 |     1.500e-04 |     9.3986 |         11.4426 |     4.3868 |          1.8083 |            3247
22:06 |   278 |     1.500e-04 |     9.4807 |         13.1822 |     6.8251 |          1.8146 |            3247
22:51 |   279 |     1.500e-04 |     9.3105 |         11.3867 |     3.8071 |          1.8071 |            3247
23:36 |   280 |     1.500e-04 |     9.0207 |         10.9719 |     3.7662 |          1.7676 |            3247
24:21 |   281 |     1.500e-04 |     8.8034 |         11.2874 |     4.7829 |          1.7613 |            3247
25:06 |   282 |     1.500e-04 |     9.1733 |         10.9083 |     3.5130 |          1.7603 |            3247
25:51 |   283 |     1.500e-04 |     8.8431 |         13.6142 |     7.7820 |          1.7472 |            3247
26:36 |   284 |     1.500e-04 |    10.7854 |         10.6857 |     3.5614 |          1.7523 |            3247
27:21 |   285 |     1.500e-04 |     8.7578 |         11.1061 |     4.1982 |          1.7461 |            3247
28:06 |   286 |     1.500e-04 |    11.3979 |         11.7410 |     4.5498 |          1.7594 |            3247
28:51 |   287 |     1.500e-04 |    14.2362 |         16.4954 |     9.4851 |          1.7317 |            3247
29:35 |   288 |     1.500e-04 |    11.4701 |         16.3116 |    10.5848 |          1.7275 |            3247
30:20 |   289 |     1.500e-04 |    19.8430 |         13.1901 |     6.5788 |          1.7993 |            3247
31:05 |   290 |     1.500e-04 |    10.8831 |         11.2446 |     5.2067 |          1.7038 |            3247
31:50 |   291 |     1.500e-04 |    14.3521 |         11.6788 |     5.2941 |          1.7863 |            3247
32:35 |   292 |     1.500e-04 |    14.2265 |         47.6113 |    26.0043 |          1.7538 |            3247
33:19 |   293 |     1.500e-04 |    17.2329 |         13.8572 |     7.7498 |          1.7641 |            3247
34:05 |   294 |     1.500e-04 |    11.8422 |         14.2535 |     8.5024 |          1.6944 |            3247
34:49 |   295 |     1.500e-04 |    28.9002 |         12.1637 |     5.1055 |          1.7456 |            3247
35:34 |   296 |     1.500e-04 |    16.3485 |         16.1287 |     9.8302 |          1.7256 |            3247
36:19 |   297 |     1.500e-04 |    32.6747 |         16.7394 |     9.0567 |          1.9225 |            3247
37:04 |   298 |     1.500e-04 |     9.4544 |         14.8038 |     8.7849 |          1.7187 |            3247
37:49 |   299 |     1.500e-04 |    10.3063 |         11.2838 |     6.0987 |          1.6328 |            3247
38:34 |   300 |     1.500e-04 |    12.6428 |         16.0676 |    11.1502 |          1.6581 |            3247
39:19 |   301 |     1.500e-04 |    37.6323 |         25.2534 |    13.9195 |          1.9558 |            3247
40:04 |   302 |     1.500e-04 |    26.3947 |         19.7466 |    13.1310 |          1.7360 |            3247
40:49 |   303 |     1.500e-04 |    15.9001 |         13.9664 |     8.4807 |          1.6658 |            3247
41:34 |   304 |     1.500e-04 |     9.9021 |         60.3873 |    29.9542 |          1.7013 |            3247
42:19 |   305 |     1.500e-04 |    19.6204 |         11.0282 |     5.7515 |          1.6219 |            3247
43:04 |   306 |     1.500e-04 |     9.3742 |         15.8921 |    10.7339 |          1.6096 |            3247
43:49 |   307 |     1.500e-04 |    16.6932 |         29.2109 |    18.3244 |          1.8218 |            3247
44:33 |   308 |     1.500e-04 |    12.8207 |         27.6497 |    18.5454 |          1.5887 |            3247
45:18 |   309 |     1.500e-04 |    12.6998 |         10.3038 |     5.0615 |          1.6094 |            3247
46:03 |   310 |     1.500e-04 |     8.4627 |         10.2238 |     4.8373 |          1.5717 |            3247
46:48 |   311 |     1.500e-04 |    16.6169 |         26.5053 |    17.9960 |          1.5889 |            3247
47:33 |   312 |     1.500e-04 |    12.9798 |         10.0328 |     4.4847 |          1.6289 |            3247
48:18 |   313 |     1.500e-04 |     9.6018 |         11.1403 |     5.8222 |          1.5801 |            3247
49:03 |   314 |     1.500e-04 |    30.0147 |         36.6432 |    19.8424 |          2.0514 |            3247
49:48 |   315 |     1.500e-04 |    39.0944 |         19.4632 |    12.6868 |          1.7662 |            3247
50:33 |   316 |     1.500e-04 |    11.7505 |         14.1677 |     9.0669 |          1.6546 |            3247
51:17 |   317 |     1.500e-04 |    21.3757 |         16.5859 |    10.7293 |          1.7182 |            3247
52:02 |   318 |     1.500e-04 |    11.0107 |         13.1693 |     8.5717 |          1.5874 |            3247
52:47 |   319 |     1.500e-04 |    49.5234 |         29.3822 |    14.1769 |          1.9544 |            3247
53:32 |   320 |     1.500e-04 |    19.3543 |         12.4172 |     8.0637 |          1.5742 |            3247
54:17 |   321 |     1.500e-04 |     8.1503 |         10.3252 |     5.3635 |          1.5608 |            3247
55:02 |   322 |     1.500e-04 |     9.6488 |         13.4737 |     8.2606 |          1.5608 |            3247
55:47 |   323 |     1.500e-04 |     9.7813 |          8.8912 |     3.3042 |          1.5077 |            3247
56:32 |   324 |     1.500e-04 |    11.7035 |         11.0374 |     5.7214 |          1.6340 |            3247
57:17 |   325 |     1.500e-04 |    11.1064 |          9.1342 |     4.4091 |          1.5020 |            3247
58:02 |   326 |     1.500e-04 |    10.1126 |         11.6630 |     5.9258 |          1.7116 |            3247
58:47 |   327 |     1.500e-04 |    14.3513 |         18.1811 |    12.0888 |          1.6302 |            3247
59:32 |   328 |     1.500e-04 |    11.4968 |          9.7543 |     5.0287 |          1.5410 |            3247
00:17 |   329 |     1.500e-04 |    21.9227 |         12.0394 |     6.7337 |          1.6555 |            3247
01:02 |   330 |     1.500e-04 |    10.6234 |          9.3707 |     4.1634 |          1.5183 |            3247
01:47 |   331 |     1.500e-04 |    12.4308 |         10.8399 |     6.0119 |          1.5972 |            3247
02:32 |   332 |     1.500e-04 |     9.2602 |         12.6756 |     7.9427 |          1.6200 |            3247
03:17 |   333 |     1.500e-04 |    37.1007 |         34.8336 |    20.2075 |          1.8684 |            3247
04:01 |   334 |     1.500e-04 |    31.8920 |         31.1116 |    19.5083 |          1.6864 |            3247
04:46 |   335 |     1.500e-04 |     9.4883 |         10.7055 |     6.5112 |          1.4976 |            3247
05:31 |   336 |     1.500e-04 |     7.2089 |          8.6561 |     3.5672 |          1.4532 |            3247
06:16 |   337 |     1.500e-04 |     8.6242 |         16.9779 |    13.0135 |          1.4578 |            3247
07:01 |   338 |     1.500e-04 |    11.1100 |         17.3146 |    12.1252 |          1.5837 |            3247
07:46 |   339 |     1.500e-04 |    26.7187 |         48.3892 |    26.4546 |          1.6655 |            3247
08:31 |   340 |     1.500e-04 |    14.3677 |          8.8968 |     4.0448 |          1.4659 |            3247
09:17 |   341 |     1.500e-04 |    13.8363 |        124.4672 |    44.6564 |          1.6088 |            3247
10:02 |   342 |     1.500e-04 |    16.8910 |         17.2680 |    11.7759 |          1.4875 |            3247
10:47 |   343 |     1.500e-04 |    14.5198 |         11.2971 |     6.7288 |          1.5124 |            3247
11:32 |   344 |     1.500e-04 |    10.6852 |         12.5087 |     8.4185 |          1.4689 |            3247
12:17 |   345 |     1.500e-04 |    15.8523 |         16.9194 |    12.3061 |          1.4946 |            3247
13:02 |   346 |     1.500e-04 |     9.2523 |          9.6812 |     5.3737 |          1.4459 |            3247
13:47 |   347 |     1.500e-04 |     7.5283 |         10.8115 |     6.2156 |          1.4375 |            3247
14:32 |   348 |     1.500e-04 |    15.6957 |         28.0705 |    17.0286 |          1.6209 |            3247
15:17 |   349 |     1.500e-04 |    15.7572 |         14.3816 |    10.0308 |          1.6081 |            3247
16:02 |   350 |     1.500e-04 |    11.1924 |         10.7210 |     6.3028 |          1.4189 |            3247
16:48 |   351 |     1.500e-04 |    17.1886 |         23.2493 |    13.4015 |          1.9741 |            3247
17:33 |   352 |     1.500e-04 |    10.6481 |         16.6249 |    10.8847 |          1.4337 |            3247
18:17 |   353 |     1.500e-04 |    10.8817 |         21.8062 |    15.3038 |          1.3961 |            3247
19:02 |   354 |     1.500e-04 |    23.0429 |         21.3844 |    13.1449 |          1.7948 |            3247
19:48 |   355 |     1.500e-04 |    12.1107 |         12.2844 |     8.3854 |          1.4420 |            3247
20:33 |   356 |     1.500e-04 |    14.8191 |         10.4076 |     5.8268 |          1.4921 |            3247
21:18 |   357 |     1.500e-04 |    22.3201 |         28.0536 |    16.8917 |          1.5622 |            3247
22:03 |   358 |     1.500e-04 |    11.0624 |          9.2080 |     5.4186 |          1.4030 |            3247
22:48 |   359 |     1.500e-04 |     7.5677 |         13.5660 |     9.2343 |          1.4759 |            3247
23:33 |   360 |     1.500e-04 |     8.4001 |          8.5421 |     4.8604 |          1.3739 |            3247
24:18 |   361 |     1.500e-04 |    14.5992 |         35.9652 |    19.8452 |          1.6164 |            3247
25:03 |   362 |     1.500e-04 |    14.6626 |         10.9974 |     6.4763 |          1.5038 |            3247
25:48 |   363 |     1.500e-04 |     8.3442 |         10.6362 |     6.3176 |          1.4419 |            3247
26:33 |   364 |     1.500e-04 |    14.0274 |         14.0419 |     8.9832 |          1.5578 |            3247
27:19 |   365 |     1.500e-04 |    12.6003 |          8.4963 |     3.8935 |          1.4076 |            3247
28:04 |   366 |     1.500e-04 |    42.4167 |         14.3433 |     9.3978 |          1.5693 |            3247
28:49 |   367 |     1.500e-04 |     9.9052 |          9.8669 |     5.6485 |          1.4053 |            3247
29:34 |   368 |     1.500e-04 |    10.6182 |         10.4092 |     6.3784 |          1.3848 |            3247
30:19 |   369 |     1.500e-04 |     7.5401 |          8.3453 |     4.2743 |          1.3446 |            3247
31:04 |   370 |     1.500e-04 |     9.2445 |         18.3334 |    13.6572 |          1.3839 |            3247
31:49 |   371 |     1.500e-04 |    13.1500 |         11.0220 |     7.7099 |          1.4290 |            3247
32:34 |   372 |     1.500e-04 |     9.6417 |         12.4394 |     7.8036 |          1.5401 |            3247
33:19 |   373 |     1.500e-04 |    20.3671 |         10.0582 |     6.4165 |          1.4418 |            3247
34:04 |   374 |     1.500e-04 |     9.1942 |         11.9017 |     7.7535 |          1.3801 |            3247
34:49 |   375 |     1.500e-04 |     8.2125 |         12.6748 |     7.7031 |          1.5857 |            3247
35:35 |   376 |     1.500e-04 |     8.1464 |         16.6262 |    12.2917 |          1.4468 |            3247
36:19 |   377 |     1.500e-04 |     9.3938 |         14.1220 |     9.8110 |          1.4214 |            3247
37:04 |   378 |     1.500e-04 |    11.3439 |         26.1566 |    17.4964 |          1.5564 |            3247
37:49 |   379 |     1.500e-04 |     8.2131 |          9.1822 |     5.2808 |          1.4149 |            3247
38:34 |   380 |     1.500e-04 |    11.5101 |         13.8594 |     9.3254 |          1.4191 |            3247
39:19 |   381 |     1.500e-04 |    86.6376 |         20.5709 |    13.7532 |          1.6159 |            3247
40:04 |   382 |     1.500e-04 |     8.4248 |         16.7693 |    12.2323 |          1.3593 |            3247
40:49 |   383 |     1.500e-04 |     5.3390 |          9.4682 |     6.5162 |          1.3283 |            3247
41:34 |   384 |     1.500e-04 |     6.7363 |          8.2394 |     4.2951 |          1.2765 |            3247
42:19 |   385 |     1.500e-04 |     6.6994 |         11.1082 |     8.1915 |          1.2936 |            3247
43:04 |   386 |     1.500e-04 |     5.8407 |         16.4179 |    13.1038 |          1.2915 |            3247
43:49 |   387 |     1.500e-04 |     4.9394 |          9.1464 |     5.4812 |          1.3095 |            3247
44:34 |   388 |     1.500e-04 |     6.5802 |         24.4345 |    17.6597 |          1.3059 |            3247
45:19 |   389 |     1.500e-04 |     7.1899 |          7.9260 |     3.9568 |          1.3111 |            3247
46:04 |   390 |     1.500e-04 |     7.6871 |         15.0105 |    12.4485 |          1.2755 |            3247
46:49 |   391 |     1.500e-04 |    14.0169 |         14.3914 |     9.9644 |          1.3989 |            3247
47:34 |   392 |     1.500e-04 |     8.8160 |          8.5965 |     4.9788 |          1.3405 |            3247
48:19 |   393 |     1.500e-04 |     8.1192 |          9.2642 |     4.8784 |          1.4105 |            3247
49:04 |   394 |     1.500e-04 |     8.9880 |         10.0792 |     6.0785 |          1.3856 |            3247
49:49 |   395 |     1.500e-04 |     7.7923 |         11.0243 |     5.4860 |          1.4650 |            3247
50:34 |   396 |     1.500e-04 |    20.9893 |         36.1277 |    20.4260 |          1.6167 |            3247
51:19 |   397 |     1.500e-04 |    16.4765 |          8.1112 |     4.8604 |          1.3192 |            3247
52:03 |   398 |     1.500e-04 |     6.1318 |          8.3823 |     4.7869 |          1.2745 |            3247
52:48 |   399 |     1.500e-04 |     5.8116 |          8.4598 |     4.7324 |          1.3325 |            3247
53:33 |   400 |     1.500e-04 |     8.0606 |         11.5926 |     7.1893 |          1.3757 |            3247
54:18 |   401 |     1.500e-04 |     7.3361 |          9.3723 |     5.9888 |          1.3049 |            3247
55:03 |   402 |     1.500e-04 |     6.8888 |          7.2937 |     2.7052 |          1.2528 |            3247
55:48 |   403 |     1.500e-04 |     9.1856 |         17.7780 |    12.7131 |          1.4274 |            3247
56:33 |   404 |     1.500e-04 |    22.5057 |          7.6317 |     3.4274 |          1.3080 |            3247
57:17 |   405 |     1.500e-04 |     7.0156 |         11.8780 |     8.5050 |          1.3157 |            3247
58:02 |   406 |     1.500e-04 |     5.3461 |         10.0405 |     6.1782 |          1.3519 |            3247
58:47 |   407 |     1.500e-04 |     6.9313 |          8.0864 |     4.8416 |          1.2586 |            3247
59:32 |   408 |     1.500e-04 |     8.3547 |         14.4608 |    10.9342 |          1.2935 |            3247
00:17 |   409 |     1.500e-04 |   471.1395 |        285.5643 |    63.8719 |          3.6962 |            3247
01:02 |   410 |     1.500e-04 |    41.7204 |         13.5829 |     5.7330 |          1.9613 |            3247
01:46 |   411 |     1.500e-04 |     9.6547 |         10.4160 |     4.3207 |          1.6919 |            3247
02:31 |   412 |     1.500e-04 |     7.9038 |          9.4770 |     3.9789 |          1.5746 |            3247
03:16 |   413 |     1.500e-04 |     6.8771 |          8.6592 |     3.4316 |          1.4955 |            3247
04:01 |   414 |     1.500e-04 |     5.8667 |          8.5354 |     3.6397 |          1.4332 |            3247
04:46 |   415 |     1.500e-04 |     5.6604 |          9.0057 |     5.0086 |          1.3880 |            3247
05:31 |   416 |     1.500e-04 |     5.4821 |          7.7659 |     2.7816 |          1.3596 |            3247
06:15 |   417 |     1.500e-04 |     5.4843 |          7.9450 |     3.7547 |          1.3355 |            3247
07:00 |   418 |     1.500e-04 |     4.7068 |          7.4907 |     2.8125 |          1.2965 |            3247
07:45 |   419 |     1.500e-04 |     4.6798 |          7.6461 |     3.8471 |          1.2812 |            3247
08:30 |   420 |     1.500e-04 |     4.3378 |          7.2193 |     2.6305 |          1.2639 |            3247
09:15 |   421 |     1.500e-04 |     4.8211 |          7.3246 |     2.7341 |          1.2655 |            3247
10:00 |   422 |     1.500e-04 |     4.7151 |          7.4498 |     3.2070 |          1.2470 |            3247
10:45 |   423 |     1.500e-04 |     4.5602 |          7.4992 |     3.5515 |          1.2460 |            3247
11:29 |   424 |     1.500e-04 |     4.4314 |         10.0276 |     7.6293 |          1.2317 |            3247
12:14 |   425 |     1.500e-04 |     4.6817 |          7.2381 |     3.8750 |          1.2151 |            3247
12:59 |   426 |     1.500e-04 |     4.9595 |          8.6871 |     5.8585 |          1.2315 |            3247
13:44 |   427 |     1.500e-04 |     5.0562 |          6.9641 |     2.5684 |          1.1874 |            3247
14:29 |   428 |     1.500e-04 |     4.4234 |          7.0106 |     3.4432 |          1.1905 |            3247
15:14 |   429 |     1.500e-04 |     4.3284 |          7.0823 |     2.7414 |          1.2224 |            3247
15:59 |   430 |     1.500e-04 |     4.1975 |          8.2804 |     5.4884 |          1.1996 |            3247
16:44 |   431 |     1.500e-04 |     6.8514 |          6.9379 |     2.8565 |          1.2074 |            3247
17:29 |   432 |     1.500e-04 |     4.7207 |          7.0151 |     2.8376 |          1.1799 |            3247
18:14 |   433 |     1.500e-04 |     4.6284 |          8.1575 |     4.6941 |          1.2358 |            3247
18:58 |   434 |     1.500e-04 |     5.3320 |         16.9542 |    13.1823 |          1.2115 |            3247
19:43 |   435 |     1.500e-04 |     5.8797 |          7.1746 |     3.4007 |          1.2113 |            3247
20:28 |   436 |     1.500e-04 |     5.3699 |          8.0110 |     5.1005 |          1.1942 |            3247
21:13 |   437 |     1.500e-04 |     4.9203 |         11.4914 |     9.0153 |          1.2363 |            3247
21:58 |   438 |     1.500e-04 |     5.6498 |          7.0952 |     3.6877 |          1.1698 |            3247
22:43 |   439 |     1.500e-04 |     5.0218 |          9.6799 |     5.7743 |          1.3218 |            3247
23:28 |   440 |     1.500e-04 |     8.4952 |         17.6682 |    14.3812 |          1.2212 |            3247
24:13 |   441 |     1.500e-04 |     6.4327 |          7.4321 |     3.9485 |          1.1900 |            3247
24:58 |   442 |     1.500e-04 |     5.4696 |          7.1414 |     4.3342 |          1.1531 |            3247
25:43 |   443 |     1.500e-04 |     7.9119 |         10.5075 |     8.2303 |          1.2218 |            3247
26:28 |   444 |     1.500e-04 |     6.8986 |          7.3328 |     3.8216 |          1.2196 |            3247
27:13 |   445 |     1.500e-04 |     6.8387 |          8.4779 |     5.6031 |          1.2072 |            3247
27:58 |   446 |     1.500e-04 |     8.4189 |         10.6425 |     8.1226 |          1.2245 |            3247
28:43 |   447 |     1.500e-04 |     6.7508 |          8.3917 |     3.5057 |          1.2761 |            3247
29:28 |   448 |     1.500e-04 |     5.9642 |         12.0082 |     9.4536 |          1.2866 |            3247
30:13 |   449 |     1.500e-04 |     8.5350 |          9.2341 |     6.6049 |          1.2286 |            3247
30:58 |   450 |     1.500e-04 |     8.6970 |          7.8520 |     3.8879 |          1.2280 |            3247
31:43 |   451 |     1.500e-04 |    15.6907 |         14.3490 |    10.4656 |          1.3677 |            3247
32:28 |   452 |     1.500e-04 |     8.1502 |          8.5565 |     4.3277 |          1.3201 |            3247
33:13 |   453 |     1.500e-04 |     5.9349 |         11.5798 |     7.1885 |          1.2725 |            3247
33:58 |   454 |     1.500e-04 |    10.0683 |          8.2804 |     4.3901 |          1.3024 |            3247
34:43 |   455 |     1.500e-04 |     9.5766 |          7.1163 |     2.9813 |          1.2289 |            3247
35:27 |   456 |     1.500e-04 |     6.9231 |         12.0823 |     9.4095 |          1.3193 |            3247
36:12 |   457 |     1.500e-04 |     7.4221 |          8.0872 |     5.3063 |          1.1865 |            3247
36:57 |   458 |     1.500e-04 |     7.7161 |         12.2249 |     9.2493 |          1.2559 |            3247
37:42 |   459 |     1.500e-04 |     5.9423 |         11.1731 |     8.0485 |          1.2866 |            3247
38:27 |   460 |     1.500e-04 |    16.7562 |         46.6337 |    24.6783 |          1.8010 |            3247
39:12 |   461 |     1.500e-04 |    13.3297 |          7.2656 |     4.1719 |          1.1657 |            3247
39:57 |   462 |     1.500e-04 |    16.7034 |         15.7770 |    11.2649 |          1.3901 |            3247
40:42 |   463 |     1.500e-04 |     8.3115 |         11.7340 |     8.6666 |          1.2561 |            3247
41:27 |   464 |     1.500e-04 |     9.6054 |          9.7793 |     5.3597 |          1.4331 |            3247
42:12 |   465 |     1.500e-04 |    11.7520 |          8.7101 |     4.6593 |          1.2799 |            3247
42:57 |   466 |     1.500e-04 |     6.7068 |          8.3293 |     4.8945 |          1.1891 |            3247
43:42 |   467 |     1.500e-04 |     6.5527 |         12.9265 |    10.0516 |          1.2394 |            3247
44:26 |   468 |     1.500e-04 |     6.2233 |          8.2922 |     4.1848 |          1.2957 |            3247
45:11 |   469 |     1.500e-04 |     5.6693 |          7.7560 |     3.6290 |          1.2687 |            3247
45:56 |   470 |     1.500e-04 |    10.2375 |          7.7652 |     4.5381 |          1.2125 |            3247
46:41 |   471 |     1.500e-04 |     4.6315 |          6.8534 |     2.8875 |          1.1799 |            3247
47:26 |   472 |     1.500e-04 |    19.6604 |         15.6452 |    11.3021 |          1.3571 |            3247
48:11 |   473 |     1.500e-04 |     8.1544 |          7.8929 |     4.1023 |          1.2242 |            3247
48:56 |   474 |     1.500e-04 |     9.1299 |          9.8671 |     6.4058 |          1.2989 |            3247
49:41 |   475 |     1.500e-04 |     7.9069 |         12.6676 |    10.2567 |          1.2588 |            3247
50:26 |   476 |     1.500e-04 |     6.0546 |          7.1942 |     4.1051 |          1.1559 |            3247
51:11 |   477 |     1.500e-04 |     5.7506 |          8.0648 |     4.2884 |          1.2168 |            3247
51:55 |   478 |     1.500e-04 |     6.1392 |         10.1615 |     6.2826 |          1.3115 |            3247
52:40 |   479 |     1.500e-04 |     8.3382 |          9.4200 |     4.8216 |          1.4195 |            3247
53:25 |   480 |     1.500e-04 |     5.2730 |          8.1313 |     4.3058 |          1.2339 |            3247
54:10 |   481 |     1.500e-04 |    11.0693 |         35.4832 |    19.3378 |          1.4906 |            3247
54:55 |   482 |     1.500e-04 |    48.2944 |         10.9412 |     7.1602 |          1.3533 |            3247
55:40 |   483 |     1.500e-04 |     5.3216 |          9.5138 |     6.8051 |          1.1953 |            3247
56:25 |   484 |     1.500e-04 |     4.0003 |          9.4701 |     7.2433 |          1.1539 |            3247
57:10 |   485 |     1.500e-04 |     4.1216 |          7.4208 |     3.6862 |          1.1626 |            3247
57:55 |   486 |     1.500e-04 |     3.7974 |          7.5322 |     4.1065 |          1.1731 |            3247
58:40 |   487 |     1.500e-04 |     4.1896 |          7.8320 |     4.9654 |          1.1619 |            3247
59:25 |   488 |     1.500e-04 |     5.3700 |         24.5563 |    16.7108 |          1.3306 |            3247
00:10 |   489 |     1.500e-04 |    31.7671 |         10.0289 |     5.7745 |          1.3829 |            3247
00:54 |   490 |     1.500e-04 |     5.6428 |          8.9464 |     5.9915 |          1.1798 |            3247
01:39 |   491 |     1.500e-04 |     4.9002 |         15.7335 |    11.3402 |          1.2224 |            3247
02:24 |   492 |     1.500e-04 |     5.3785 |          7.0728 |     3.1097 |          1.1887 |            3247
03:09 |   493 |     1.500e-04 |     4.3414 |         10.5320 |     7.5315 |          1.2172 |            3247
03:54 |   494 |     1.500e-04 |     6.0098 |         10.5949 |     7.6371 |          1.2569 |            3247
04:39 |   495 |     1.500e-04 |     5.0255 |          9.1354 |     6.6835 |          1.1468 |            3247
05:24 |   496 |     1.500e-04 |     4.5871 |          7.6767 |     4.6858 |          1.1578 |            3247
06:09 |   497 |     1.500e-04 |     5.3551 |          8.5449 |     6.2281 |          1.1282 |            3247
06:54 |   498 |     1.500e-04 |     8.0294 |          9.4850 |     6.5287 |          1.1364 |            3247
07:39 |   499 |     1.500e-04 |     4.8377 |          8.3055 |     4.2905 |          1.1673 |            3247
08:24 |   500 |     1.500e-04 |     4.7062 |          7.4969 |     3.1966 |          1.1473 |            3247
09:09 |   501 |     1.500e-04 |     9.6979 |          7.4459 |     3.5629 |          1.2302 |            3247
09:54 |   502 |     1.500e-04 |     5.7927 |         10.1753 |     7.5712 |          1.1874 |            3247
10:38 |   503 |     1.500e-04 |    13.3059 |         25.4700 |    17.0275 |          1.2873 |            3247
11:23 |   504 |     1.500e-04 |     9.5715 |         11.9714 |     7.7782 |          1.3132 |            3247
12:08 |   505 |     1.500e-04 |     6.1615 |         10.1484 |     7.0007 |          1.1497 |            3247
12:53 |   506 |     1.500e-04 |     9.0989 |          7.6674 |     3.7667 |          1.2477 |            3247
13:38 |   507 |     1.500e-04 |     3.7335 |          8.9306 |     6.2973 |          1.1522 |            3247
14:23 |   508 |     1.500e-04 |     4.7098 |          9.9971 |     7.2267 |          1.2466 |            3247
15:08 |   509 |     1.500e-04 |    14.5603 |          8.5598 |     4.5553 |          1.3458 |            3247
15:53 |   510 |     1.500e-04 |    10.0590 |          7.9164 |     3.8790 |          1.2278 |            3247
16:38 |   511 |     1.500e-04 |     5.8839 |         11.6168 |     9.2185 |          1.2747 |            3247
17:23 |   512 |     1.500e-04 |     5.1415 |          8.9065 |     4.5917 |          1.2476 |            3247
18:08 |   513 |     1.500e-04 |     7.6891 |          7.6685 |     3.7661 |          1.2014 |            3247
18:53 |   514 |     1.500e-04 |     5.5843 |          7.4503 |     3.4848 |          1.1659 |            3247
19:38 |   515 |     1.500e-04 |     7.7860 |         14.9216 |    11.3496 |          1.3119 |            3247
20:22 |   516 |     1.500e-04 |    13.7810 |         41.9543 |    23.4104 |          1.4779 |            3247
21:07 |   517 |     1.500e-04 |    10.2016 |         11.2932 |     7.9088 |          1.2304 |            3247
21:52 |   518 |     1.500e-04 |     5.6712 |          9.0311 |     7.1897 |          1.1433 |            3247
22:37 |   519 |     1.500e-04 |     6.1915 |          6.9916 |     4.3412 |          1.1036 |            3247
23:22 |   520 |     1.500e-04 |     4.8838 |          8.7658 |     6.1624 |          1.1466 |            3247
24:07 |   521 |     1.500e-04 |     4.9023 |          6.9862 |     3.9569 |          1.1429 |            3247
24:52 |   522 |     1.500e-04 |     4.8860 |         10.0588 |     7.3561 |          1.2152 |            3247
25:37 |   523 |     1.500e-04 |     5.2735 |          8.7675 |     3.9818 |          1.2323 |            3247
26:22 |   524 |     1.500e-04 |     6.1838 |         36.6475 |    23.0816 |          1.2491 |            3247
27:07 |   525 |     1.500e-04 |  2093.3326 |       4855.5362 |   290.4445 |          7.5346 |            3247
27:52 |   526 |     1.500e-04 |   744.3502 |         70.0805 |    15.4795 |          4.3554 |            3247
28:37 |   527 |     1.500e-04 |    58.0957 |         49.7726 |    13.9410 |          3.6492 |            3247
29:22 |   528 |     1.500e-04 |    41.6112 |         37.5002 |    10.1137 |          3.2550 |            3247
30:07 |   529 |     1.500e-04 |    33.7474 |         36.0316 |    11.9386 |          3.0373 |            3247
30:52 |   530 |     1.500e-04 |    28.6439 |         28.3404 |     7.4957 |          2.9064 |            3247
31:37 |   531 |     1.500e-04 |    25.8289 |         25.8220 |     7.4144 |          2.7463 |            3247
32:22 |   532 |     1.500e-04 |    23.4432 |         23.7309 |     6.5192 |          2.6541 |            3247
33:07 |   533 |     1.500e-04 |    20.8042 |         22.1413 |     6.3033 |          2.5614 |            3247
33:51 |   534 |     1.500e-04 |    19.4326 |         23.2109 |     9.0923 |          2.4899 |            3247
34:36 |   535 |     1.500e-04 |    18.1772 |         21.6748 |     8.4882 |          2.4172 |            3247
35:21 |   536 |     1.500e-04 |    17.3219 |         19.0428 |     5.7312 |          2.3750 |            3247
36:06 |   537 |     1.500e-04 |    16.0383 |         18.1147 |     5.3287 |          2.3064 |            3247
36:50 |   538 |     1.500e-04 |    14.9782 |         18.1324 |     6.3064 |          2.2502 |            3247
37:35 |   539 |     1.500e-04 |    14.4039 |         16.8834 |     5.2040 |          2.2057 |            3247
38:20 |   540 |     1.500e-04 |    13.9876 |         16.4238 |     5.7321 |          2.1582 |            3247
39:05 |   541 |     1.500e-04 |    12.8464 |         16.0020 |     5.0861 |          2.1128 |            3247
39:50 |   542 |     1.500e-04 |    12.2137 |         15.1796 |     4.6009 |          2.0742 |            3247
40:35 |   543 |     1.500e-04 |    11.5367 |         14.5881 |     4.2742 |          2.0402 |            3247
41:19 |   544 |     1.500e-04 |    11.3195 |         14.7562 |     5.1194 |          1.9929 |            3247
42:04 |   545 |     1.500e-04 |    11.5324 |         17.8813 |     9.9493 |          1.9679 |            3247
42:49 |   546 |     1.500e-04 |    11.4170 |         13.6922 |     4.6887 |          1.9248 |            3247
43:34 |   547 |     1.500e-04 |    10.8969 |         14.1361 |     5.4622 |          1.9024 |            3247
44:18 |   548 |     1.500e-04 |    10.2213 |         13.1180 |     4.1094 |          1.8931 |            3247
45:04 |   549 |     1.500e-04 |     9.6267 |         14.6469 |     7.0742 |          1.8509 |            3247
45:49 |   550 |     1.500e-04 |    10.0134 |         15.8415 |     8.2458 |          1.8430 |            3247
46:34 |   551 |     1.500e-04 |     9.5084 |         12.0446 |     3.4751 |          1.7929 |            3247
47:18 |   552 |     1.500e-04 |     8.7147 |         14.7161 |     7.7654 |          1.7955 |            3247
48:03 |   553 |     7.500e-05 |     8.2105 |         11.7647 |     3.9132 |          1.7494 |            3247
48:48 |   554 |     7.500e-05 |     7.9634 |         11.5144 |     3.5881 |          1.7417 |            3247
49:33 |   555 |     7.500e-05 |     7.9343 |         11.3413 |     3.3011 |          1.7307 |            3247
50:18 |   556 |     7.500e-05 |     7.7679 |         11.7485 |     4.2863 |          1.7201 |            3247
51:03 |   557 |     7.500e-05 |     8.0099 |         11.0880 |     3.2201 |          1.6956 |            3247
51:47 |   558 |     7.500e-05 |     7.4027 |         10.8970 |     3.3126 |          1.6855 |            3247
52:32 |   559 |     7.500e-05 |     7.4573 |         11.5831 |     4.8331 |          1.6750 |            3247
53:17 |   560 |     7.500e-05 |     7.5764 |         11.0011 |     3.6905 |          1.6657 |            3247
54:02 |   561 |     7.500e-05 |     7.1989 |         10.6827 |     3.0423 |          1.6559 |            3247
54:47 |   562 |     7.500e-05 |     7.8349 |         10.6586 |     3.3351 |          1.6491 |            3247
55:32 |   563 |     7.500e-05 |     7.0606 |         10.5979 |     3.6411 |          1.6296 |            3247
56:17 |   564 |     7.500e-05 |     7.2636 |         10.5175 |     3.7235 |          1.6231 |            3247
57:02 |   565 |     7.500e-05 |     7.2616 |         10.9535 |     4.4959 |          1.6096 |            3247
57:47 |   566 |     7.500e-05 |     6.9782 |         11.0830 |     4.9099 |          1.5957 |            3247
58:31 |   567 |     7.500e-05 |     6.7612 |         10.4968 |     3.9561 |          1.5954 |            3247
59:16 |   568 |     7.500e-05 |     6.5112 |         11.7455 |     6.5535 |          1.5889 |            3247
00:01 |   569 |     7.500e-05 |     6.7205 |          9.9527 |     3.0260 |          1.5770 |            3247
00:46 |   570 |     7.500e-05 |     6.5998 |         10.3164 |     4.1801 |          1.5690 |            3247
01:31 |   571 |     7.500e-05 |     7.1363 |         10.2737 |     3.6991 |          1.5554 |            3247
02:16 |   572 |     7.500e-05 |     6.8050 |         11.2635 |     5.9374 |          1.5439 |            3247
03:01 |   573 |     7.500e-05 |     6.2988 |         12.4872 |     7.9762 |          1.5309 |            3247
03:45 |   574 |     7.500e-05 |     6.5544 |          9.6884 |     3.4494 |          1.5223 |            3247
04:30 |   575 |     7.500e-05 |     6.1141 |         10.0120 |     4.7589 |          1.5044 |            3247
05:15 |   576 |     7.500e-05 |     6.5072 |          9.4093 |     2.8575 |          1.5044 |            3247
06:01 |   577 |     7.500e-05 |     5.8781 |          9.2640 |     2.7889 |          1.4899 |            3247
06:46 |   578 |     7.500e-05 |     5.9904 |         10.1208 |     4.6127 |          1.4941 |            3247
07:30 |   579 |     7.500e-05 |     6.4974 |         11.6727 |     6.9914 |          1.4758 |            3247
08:15 |   580 |     7.500e-05 |     6.0182 |         11.9619 |     7.5384 |          1.4654 |            3247
09:00 |   581 |     7.500e-05 |     9.5185 |          9.1133 |     3.1686 |          1.4595 |            3247
09:45 |   582 |     7.500e-05 |     6.3052 |         11.4743 |     7.6148 |          1.4578 |            3247
10:30 |   583 |     7.500e-05 |     7.1258 |         15.6827 |    11.3658 |          1.4548 |            3247
11:15 |   584 |     7.500e-05 |     6.1023 |          8.7222 |     2.5977 |          1.4296 |            3247
12:00 |   585 |     7.500e-05 |     6.0579 |         10.0409 |     5.2136 |          1.4180 |            3247
12:45 |   586 |     7.500e-05 |     5.9103 |          8.8465 |     3.0392 |          1.4067 |            3247
13:30 |   587 |     7.500e-05 |     5.8489 |          9.7311 |     4.9373 |          1.3968 |            3247
14:15 |   588 |     7.500e-05 |     6.3691 |          9.5642 |     4.5819 |          1.4095 |            3247
15:00 |   589 |     7.500e-05 |     5.3737 |         11.9737 |     7.7498 |          1.4084 |            3247
15:45 |   590 |     7.500e-05 |     7.3842 |          8.6328 |     3.2986 |          1.3942 |            3247
16:30 |   591 |     7.500e-05 |     5.2338 |          8.7065 |     3.5235 |          1.3685 |            3247
17:15 |   592 |     7.500e-05 |     6.2603 |          8.7253 |     3.8535 |          1.3676 |            3247
18:01 |   593 |     7.500e-05 |     5.3945 |          9.2830 |     4.8385 |          1.3680 |            3247
18:46 |   594 |     7.500e-05 |     6.3078 |          8.7302 |     3.4957 |          1.3627 |            3247
19:31 |   595 |     7.500e-05 |     7.0102 |         12.0275 |     8.4701 |          1.3627 |            3247
20:15 |   596 |     7.500e-05 |     5.6581 |          8.7213 |     3.7691 |          1.3447 |            3247
21:01 |   597 |     7.500e-05 |     7.0145 |         14.6741 |    11.2170 |          1.3526 |            3247
21:46 |   598 |     7.500e-05 |     6.0338 |          8.6796 |     4.2563 |          1.3248 |            3247
22:31 |   599 |     7.500e-05 |     6.7403 |         15.0350 |    10.7505 |          1.3508 |            3247
23:16 |   600 |     7.500e-05 |     6.5458 |          8.4528 |     3.8155 |          1.3255 |            3247
24:01 |   601 |     7.500e-05 |     5.6721 |          8.0358 |     2.4133 |          1.3085 |            3247
24:46 |   602 |     7.500e-05 |     4.8238 |         13.5387 |     9.9905 |          1.3236 |            3247
25:31 |   603 |     7.500e-05 |     6.5225 |          9.9254 |     6.2578 |          1.3039 |            3247
26:16 |   604 |     7.500e-05 |     5.1056 |          9.3469 |     5.5365 |          1.2878 |            3247
27:00 |   605 |     7.500e-05 |     5.8980 |          8.8909 |     4.7937 |          1.2882 |            3247
27:45 |   606 |     7.500e-05 |     6.0668 |         11.3577 |     6.5110 |          1.3404 |            3247
28:30 |   607 |     7.500e-05 |     4.9896 |          9.0264 |     4.8907 |          1.2804 |            3247
29:15 |   608 |     7.500e-05 |     5.1903 |          8.2750 |     3.9908 |          1.2933 |            3247
30:00 |   609 |     7.500e-05 |     6.2451 |          7.9531 |     2.3964 |          1.2856 |            3247
30:45 |   610 |     7.500e-05 |     5.2295 |         13.2312 |     9.6341 |          1.2732 |            3247
31:30 |   611 |     7.500e-05 |     5.5491 |          8.1389 |     3.8538 |          1.2530 |            3247
32:15 |   612 |     7.500e-05 |     6.3538 |         10.3570 |     7.1727 |          1.2685 |            3247
33:00 |   613 |     7.500e-05 |    10.3074 |         52.6827 |    28.9171 |          1.3312 |            3247
33:45 |   614 |     7.500e-05 |    10.2817 |          8.0814 |     3.4294 |          1.2810 |            3247
34:30 |   615 |     7.500e-05 |     4.2704 |          8.2227 |     3.6578 |          1.2209 |            3247
35:14 |   616 |     7.500e-05 |     5.0528 |          8.2350 |     4.2437 |          1.2343 |            3247
35:59 |   617 |     7.500e-05 |     4.1521 |          7.7119 |     2.8119 |          1.2459 |            3247
36:44 |   618 |     7.500e-05 |     4.8839 |         10.1915 |     6.2445 |          1.2406 |            3247
37:29 |   619 |     7.500e-05 |     5.8627 |          8.1300 |     3.5468 |          1.2480 |            3247
38:14 |   620 |     7.500e-05 |     5.0341 |          8.0759 |     4.4617 |          1.2235 |            3247
38:59 |   621 |     7.500e-05 |     4.3563 |          7.6725 |     2.8262 |          1.2083 |            3247
39:44 |   622 |     7.500e-05 |     4.1676 |          8.4482 |     4.3956 |          1.2374 |            3247
40:29 |   623 |     7.500e-05 |     4.8862 |         10.3524 |     7.1841 |          1.2107 |            3247
41:14 |   624 |     7.500e-05 |     7.7968 |          9.4581 |     5.8352 |          1.2380 |            3247
41:58 |   625 |     7.500e-05 |     6.4862 |         11.7552 |     8.8880 |          1.2042 |            3247
42:43 |   626 |     7.500e-05 |     4.6428 |          8.7233 |     5.0519 |          1.2472 |            3247
43:28 |   627 |     7.500e-05 |     6.4653 |          8.0987 |     3.5859 |          1.2172 |            3247
44:13 |   628 |     7.500e-05 |     6.2092 |          7.2917 |     2.8748 |          1.1872 |            3247
44:57 |   629 |     7.500e-05 |     6.7644 |          8.1497 |     3.7260 |          1.2324 |            3247
45:42 |   630 |     7.500e-05 |     5.6660 |          7.8281 |     3.6860 |          1.2275 |            3247
46:27 |   631 |     7.500e-05 |     5.5968 |          9.7621 |     7.0874 |          1.1852 |            3247
47:12 |   632 |     7.500e-05 |     4.5320 |          7.8016 |     3.7596 |          1.1830 |            3247
47:57 |   633 |     7.500e-05 |     5.3737 |          9.4806 |     6.2499 |          1.1999 |            3247
48:42 |   634 |     3.750e-05 |     3.8376 |          7.5097 |     3.7682 |          1.1516 |            3247
49:27 |   635 |     3.750e-05 |     3.2688 |          7.2165 |     2.5256 |          1.1423 |            3247
50:12 |   636 |     3.750e-05 |     3.2631 |          6.9744 |     1.8858 |          1.1352 |            3247
50:57 |   637 |     3.750e-05 |     3.3074 |          7.4114 |     3.2751 |          1.1477 |            3247
51:42 |   638 |     3.750e-05 |     3.2838 |          7.1551 |     2.6292 |          1.1396 |            3247
52:27 |   639 |     3.750e-05 |     3.4357 |          7.6650 |     3.8390 |          1.1344 |            3247
53:12 |   640 |     3.750e-05 |     3.3551 |          7.4976 |     2.9808 |          1.1709 |            3247
53:57 |   641 |     3.750e-05 |     3.2347 |          7.2259 |     2.3083 |          1.1461 |            3247
54:41 |   642 |     3.750e-05 |     3.3954 |          7.0513 |     1.9761 |          1.1343 |            3247
55:26 |   643 |     3.750e-05 |     3.2861 |          6.9754 |     2.1063 |          1.1315 |            3247
56:11 |   644 |     3.750e-05 |     3.2678 |          7.7850 |     4.1200 |          1.1363 |            3247
56:56 |   645 |     3.750e-05 |     3.5464 |          7.6284 |     3.7773 |          1.1443 |            3247
57:41 |   646 |     3.750e-05 |     3.3238 |          8.7463 |     5.8250 |          1.1653 |            3247
58:26 |   647 |     3.750e-05 |     4.0252 |         10.9623 |     8.4310 |          1.1643 |            3247
59:11 |   648 |     3.750e-05 |     3.7739 |          7.2390 |     3.1839 |          1.1368 |            3247
59:56 |   649 |     3.750e-05 |     3.5257 |         12.2211 |    10.0483 |          1.1386 |            3247
00:41 |   650 |     3.750e-05 |     3.4695 |          8.6247 |     5.8054 |          1.1480 |            3247
01:26 |   651 |     3.750e-05 |     3.6077 |          7.6642 |     4.0047 |          1.1183 |            3247
02:11 |   652 |     3.750e-05 |     3.6740 |          8.1346 |     5.4621 |          1.1307 |            3247
02:56 |   653 |     3.750e-05 |     3.5612 |          7.2037 |     2.6431 |          1.1220 |            3247
03:41 |   654 |     3.750e-05 |     3.5827 |          7.6450 |     3.5889 |          1.1314 |            3247
04:26 |   655 |     3.750e-05 |     3.6579 |          7.0577 |     2.5916 |          1.1277 |            3247
05:11 |   656 |     3.750e-05 |     4.6411 |          7.4730 |     3.6014 |          1.1351 |            3247
05:56 |   657 |     3.750e-05 |     3.4714 |          7.6089 |     3.9158 |          1.1358 |            3247
06:41 |   658 |     3.750e-05 |     3.6945 |          7.2472 |     2.2299 |          1.1430 |            3247
07:26 |   659 |     3.750e-05 |     3.2894 |          7.3426 |     3.2557 |          1.1035 |            3247
08:11 |   660 |     3.750e-05 |     3.6189 |          6.9070 |     2.1708 |          1.1040 |            3247
08:56 |   661 |     3.750e-05 |     3.2556 |          6.9397 |     2.4229 |          1.1129 |            3247
09:41 |   662 |     3.750e-05 |     3.4715 |          7.2934 |     3.2748 |          1.1251 |            3247
10:27 |   663 |     3.750e-05 |     3.3795 |          7.8641 |     4.6117 |          1.0974 |            3247
11:12 |   664 |     3.750e-05 |     4.0213 |          8.2509 |     4.5866 |          1.1096 |            3247
11:57 |   665 |     3.750e-05 |     3.6338 |          8.0687 |     4.4324 |          1.1201 |            3247
12:42 |   666 |     3.750e-05 |     3.5215 |          8.1354 |     5.3786 |          1.1046 |            3247
13:26 |   667 |     3.750e-05 |     3.5901 |          8.9249 |     6.2894 |          1.0992 |            3247
14:11 |   668 |     3.750e-05 |     3.4496 |          7.1856 |     3.3149 |          1.0968 |            3247
14:56 |   669 |     3.750e-05 |     3.5001 |          6.9011 |     2.0187 |          1.1075 |            3247
15:41 |   670 |     3.750e-05 |     3.3417 |          7.3081 |     2.8840 |          1.1229 |            3247
16:26 |   671 |     3.750e-05 |     3.2322 |          8.2438 |     5.4302 |          1.1065 |            3247
17:11 |   672 |     3.750e-05 |     4.0519 |         11.0998 |     8.9233 |          1.1114 |            3247
17:56 |   673 |     3.750e-05 |     4.0332 |          8.1751 |     5.3183 |          1.1196 |            3247
18:42 |   674 |     3.750e-05 |     3.3962 |          6.8396 |     2.0252 |          1.0961 |            3247
19:27 |   675 |     3.750e-05 |     3.2533 |          7.0678 |     3.1872 |          1.0849 |            3247
20:11 |   676 |     3.750e-05 |     3.4072 |          6.9582 |     2.8286 |          1.0868 |            3247
20:56 |   677 |     3.750e-05 |     3.3385 |          9.8886 |     7.0291 |          1.0961 |            3247
21:42 |   678 |     3.750e-05 |     3.5572 |          7.6746 |     4.4537 |          1.0965 |            3247
22:27 |   679 |     3.750e-05 |     3.8016 |          8.1829 |     5.2223 |          1.1160 |            3247
23:12 |   680 |     3.750e-05 |     3.6110 |          7.3404 |     3.3719 |          1.1113 |            3247
23:57 |   681 |     3.750e-05 |     3.2832 |          8.7174 |     6.2734 |          1.0825 |            3247
24:42 |   682 |     3.750e-05 |     3.6376 |         10.2722 |     8.2303 |          1.0845 |            3247
25:27 |   683 |     3.750e-05 |     3.8364 |          8.1491 |     4.8501 |          1.0820 |            3247
26:12 |   684 |     3.750e-05 |     2.9540 |          6.8117 |     1.9877 |          1.0755 |            3247
26:57 |   685 |     3.750e-05 |     3.4538 |          8.5210 |     6.0148 |          1.1022 |            3247
27:42 |   686 |     3.750e-05 |     3.4003 |          8.6329 |     5.9330 |          1.1120 |            3247
28:27 |   687 |     3.750e-05 |     3.9643 |          7.2448 |     3.1016 |          1.1227 |            3247
29:12 |   688 |     3.750e-05 |     3.1870 |          6.9381 |     2.3202 |          1.0767 |            3247
29:57 |   689 |     3.750e-05 |     4.0766 |         10.1184 |     6.6368 |          1.0984 |            3247
30:42 |   690 |     3.750e-05 |     3.4436 |          7.5420 |     4.3717 |          1.0738 |            3247
31:27 |   691 |     3.750e-05 |     3.0189 |          7.7479 |     4.5935 |          1.0674 |            3247
32:12 |   692 |     3.750e-05 |     3.4357 |          7.6282 |     3.7417 |          1.0681 |            3247
32:57 |   693 |     3.750e-05 |     3.3857 |          8.7442 |     6.0095 |          1.0810 |            3247
33:42 |   694 |     3.750e-05 |     3.2405 |          6.7636 |     2.2225 |          1.0652 |            3247
34:27 |   695 |     3.750e-05 |     3.1078 |          7.5140 |     4.4512 |          1.0607 |            3247
35:12 |   696 |     3.750e-05 |     3.2674 |          6.7358 |     2.4919 |          1.0488 |            3247
35:57 |   697 |     3.750e-05 |     3.1807 |          6.9646 |     2.5705 |          1.0617 |            3247
36:42 |   698 |     3.750e-05 |     3.2625 |          7.2118 |     3.4446 |          1.0754 |            3247
37:27 |   699 |     3.750e-05 |     4.0293 |          8.0348 |     4.8856 |          1.0649 |            3247
38:12 |   700 |     3.750e-05 |     3.7643 |          8.5278 |     6.1600 |          1.0607 |            3247
38:57 |   701 |     3.750e-05 |     3.0035 |          6.9985 |     2.7558 |          1.0921 |            3247
39:42 |   702 |     3.750e-05 |     3.1959 |          7.2487 |     3.0128 |          1.0837 |            3247
40:27 |   703 |     3.750e-05 |     3.8241 |          6.9014 |     3.3157 |          1.0560 |            3247
41:11 |   704 |     3.750e-05 |     3.3373 |          6.6717 |     2.0285 |          1.0462 |            3247
41:56 |   705 |     3.750e-05 |     2.9872 |          6.7520 |     2.8508 |          1.0479 |            3247
42:41 |   706 |     3.750e-05 |     3.0277 |          7.1487 |     3.1665 |          1.0805 |            3247
43:26 |   707 |     3.750e-05 |     3.6381 |          8.8438 |     6.0721 |          1.0915 |            3247
44:11 |   708 |     3.750e-05 |     2.9067 |          6.6168 |     1.9073 |          1.0406 |            3247
44:56 |   709 |     3.750e-05 |     3.1074 |          6.7286 |     2.5064 |          1.0663 |            3247
45:41 |   710 |     3.750e-05 |     3.0542 |          6.8876 |     2.5329 |          1.0543 |            3247
46:25 |   711 |     3.750e-05 |     3.3034 |          6.9161 |     2.9947 |          1.0530 |            3247
47:10 |   712 |     3.750e-05 |     2.9104 |          9.1730 |     6.2160 |          1.1090 |            3247
47:55 |   713 |     3.750e-05 |     3.0421 |          7.3324 |     4.1246 |          1.0465 |            3247
48:40 |   714 |     3.750e-05 |     3.0911 |         11.6075 |     9.7745 |          1.0542 |            3247
49:25 |   715 |     3.750e-05 |     3.5229 |          9.4250 |     6.6385 |          1.0917 |            3247
50:10 |   716 |     3.750e-05 |     3.3366 |          7.1199 |     3.2068 |          1.0575 |            3247
50:55 |   717 |     3.750e-05 |     3.0096 |          6.9928 |     2.8477 |          1.0425 |            3247
51:40 |   718 |     3.750e-05 |     2.8643 |          6.8895 |     2.5245 |          1.0624 |            3247
52:25 |   719 |     3.750e-05 |     3.0481 |         10.9612 |     8.6591 |          1.0835 |            3247
53:10 |   720 |     3.750e-05 |     3.4758 |          7.6986 |     5.1358 |          1.0463 |            3247
53:55 |   721 |     3.750e-05 |     2.9192 |          6.9686 |     2.6325 |          1.0826 |            3247
54:40 |   722 |     3.750e-05 |     3.1428 |          6.8187 |     2.1636 |          1.0549 |            3250
55:25 |   723 |     3.750e-05 |     2.9119 |          7.7597 |     4.6870 |          1.0688 |            3250
56:10 |   724 |     3.750e-05 |     3.3817 |          6.6150 |     2.1530 |          1.0557 |            3250
56:55 |   725 |     3.750e-05 |     3.0495 |          7.4609 |     3.9813 |          1.0727 |            3250
57:40 |   726 |     3.750e-05 |     4.2973 |          6.7933 |     2.2668 |          1.0539 |            3250
58:25 |   727 |     3.750e-05 |     2.7529 |          6.9060 |     2.5821 |          1.0502 |            3250
59:10 |   728 |     3.750e-05 |     3.0163 |          6.8981 |     3.3100 |          1.0378 |            3250
59:55 |   729 |     3.750e-05 |     2.7280 |          6.8757 |     3.0478 |          1.0363 |            3250
00:40 |   730 |     3.750e-05 |     2.8950 |          7.3398 |     3.8578 |          1.0525 |            3250
01:25 |   731 |     3.750e-05 |     3.8701 |          7.9213 |     5.5121 |          1.0444 |            3250
02:09 |   732 |     3.750e-05 |     2.9591 |          9.0277 |     7.2678 |          1.0400 |            3250
02:55 |   733 |     3.750e-05 |     3.0321 |          6.8610 |     3.1562 |          1.0527 |            3250
03:39 |   734 |     3.750e-05 |     2.6781 |          6.5300 |     2.1075 |          1.0283 |            3250
04:24 |   735 |     3.750e-05 |     4.0799 |          8.2418 |     4.9724 |          1.0765 |            3250
05:10 |   736 |     3.750e-05 |     3.6874 |         10.2467 |     7.6501 |          1.0588 |            3250
05:55 |   737 |     3.750e-05 |     3.2569 |          6.8825 |     2.4905 |          1.0606 |            3250
06:41 |   738 |     3.750e-05 |     2.8512 |          7.0712 |     3.4375 |          1.0367 |            3250
07:26 |   739 |     3.750e-05 |     3.0075 |          6.8325 |     2.9648 |          1.0229 |            3250
08:11 |   740 |     3.750e-05 |     2.6695 |          6.6798 |     1.9084 |          1.0314 |            3250
08:56 |   741 |     3.750e-05 |     2.7746 |          6.6898 |     2.2870 |          1.0508 |            3250
09:41 |   742 |     3.750e-05 |     2.9273 |          9.7735 |     7.6819 |          1.0425 |            3250
10:25 |   743 |     3.750e-05 |     3.2891 |          9.4540 |     7.5426 |          1.0257 |            3250
11:10 |   744 |     3.750e-05 |     2.9059 |          6.7393 |     2.0969 |          1.0385 |            3250
11:56 |   745 |     3.750e-05 |     2.8542 |          7.9952 |     4.2460 |          1.0628 |            3250
12:41 |   746 |     3.750e-05 |     3.2509 |          7.2526 |     3.5733 |          1.0288 |            3250
13:26 |   747 |     3.750e-05 |     3.7159 |          6.9927 |     3.4710 |          1.0358 |            3250
14:11 |   748 |     3.750e-05 |     4.1267 |          6.7711 |     2.4769 |          1.0358 |            3250
14:56 |   749 |     3.750e-05 |     2.6412 |          6.6491 |     2.2143 |          1.0450 |            3250
15:41 |   750 |     3.750e-05 |     3.7982 |          7.1725 |     3.5750 |          1.0399 |            3250
16:26 |   751 |     3.750e-05 |     2.8954 |          6.5841 |     1.9141 |          1.0278 |            3250
17:11 |   752 |     3.750e-05 |     3.2543 |          9.0483 |     5.9276 |          1.0505 |            3250
17:56 |   753 |     3.750e-05 |     2.9533 |          6.5899 |     2.1510 |          1.0123 |            3250
18:41 |   754 |     3.750e-05 |     3.6057 |          8.5059 |     6.0953 |          1.0431 |            3250
19:26 |   755 |     3.750e-05 |     2.8205 |          6.9085 |     2.5410 |          1.0298 |            3250
20:11 |   756 |     3.750e-05 |     2.4595 |          6.8990 |     2.6223 |          1.0352 |            3250
20:56 |   757 |     3.750e-05 |     2.7383 |          7.4820 |     4.2822 |          1.0117 |            3250
21:40 |   758 |     3.750e-05 |     2.7167 |          7.2672 |     3.9853 |          1.0023 |            3250
22:25 |   759 |     3.750e-05 |     3.4614 |          6.7155 |     2.4460 |          1.0232 |            3250
23:10 |   760 |     3.750e-05 |     2.5665 |          7.0549 |     3.0947 |          1.0251 |            3250
23:55 |   761 |     3.750e-05 |     2.7485 |          8.2409 |     5.1076 |          1.0526 |            3250
24:40 |   762 |     3.750e-05 |     3.1185 |          7.9387 |     5.5574 |          1.0159 |            3250
25:25 |   763 |     3.750e-05 |     2.8653 |          7.3948 |     3.8669 |          1.0252 |            3250
26:10 |   764 |     3.750e-05 |     3.5650 |          6.5221 |     2.0402 |          1.0111 |            3250
26:55 |   765 |     3.750e-05 |     2.7025 |          8.4752 |     6.4670 |          1.0211 |            3250
27:40 |   766 |     3.750e-05 |     2.7652 |          7.0086 |     2.4913 |          1.0318 |            3250
28:25 |   767 |     3.750e-05 |     2.8003 |          6.8304 |     2.3141 |          1.0314 |            3250
29:10 |   768 |     3.750e-05 |     2.7961 |          7.9408 |     5.5693 |          1.0036 |            3250
29:55 |   769 |     3.750e-05 |     2.6493 |          6.7279 |     2.6560 |          1.0207 |            3250
30:40 |   770 |     3.750e-05 |     3.0862 |          7.2040 |     3.0823 |          1.0379 |            3250
31:25 |   771 |     3.750e-05 |     2.8099 |          7.6304 |     4.7349 |          0.9965 |            3250
32:10 |   772 |     3.750e-05 |     2.9064 |          7.4612 |     4.0875 |          1.0243 |            3250
32:55 |   773 |     3.750e-05 |     2.8384 |          7.1868 |     3.4840 |          1.0110 |            3250
33:40 |   774 |     3.750e-05 |     3.0981 |          7.9838 |     5.1794 |          1.0622 |            3250
34:25 |   775 |     3.750e-05 |     2.5983 |          7.3451 |     4.3147 |          1.0166 |            3250
35:09 |   776 |     3.750e-05 |     2.8101 |          6.7257 |     2.4835 |          1.0189 |            3250
35:54 |   777 |     3.750e-05 |     2.6647 |          7.3119 |     3.9595 |          1.0120 |            3250
36:39 |   778 |     3.750e-05 |     3.4865 |         10.1415 |     7.5931 |          1.0630 |            3250
37:25 |   779 |     3.750e-05 |     2.8740 |          6.9204 |     3.2523 |          0.9893 |            3250
38:10 |   780 |     3.750e-05 |     2.6456 |          7.4544 |     4.3721 |          1.0071 |            3250
38:54 |   781 |     3.750e-05 |     2.5562 |          7.2129 |     3.6157 |          1.0343 |            3250
39:39 |   782 |     3.750e-05 |     3.3240 |          7.5795 |     4.4672 |          1.0262 |            3250
40:24 |   783 |     3.750e-05 |     2.4595 |          6.6127 |     2.4659 |          0.9958 |            3250
41:09 |   784 |     3.750e-05 |     2.8292 |          8.1310 |     5.6305 |          1.0109 |            3250
41:54 |   785 |     3.750e-05 |     2.7049 |          6.9144 |     3.2015 |          1.0022 |            3250
42:39 |   786 |     3.750e-05 |     2.8247 |          7.6324 |     4.8243 |          1.0250 |            3283
43:24 |   787 |     3.750e-05 |     2.9519 |          6.8503 |     2.5903 |          1.0135 |            3283
44:09 |   788 |     3.750e-05 |     2.4979 |          6.5913 |     2.3865 |          0.9896 |            3283
44:54 |   789 |     3.750e-05 |     2.7439 |          6.7911 |     1.9779 |          1.0491 |            3283
45:39 |   790 |     3.750e-05 |     2.8548 |          6.8753 |     2.4717 |          1.0316 |            3283
46:24 |   791 |     3.750e-05 |     3.0251 |          6.8642 |     2.0186 |          1.0349 |            3283
47:09 |   792 |     3.750e-05 |     2.7165 |          9.8540 |     7.7228 |          1.0345 |            3283
47:54 |   793 |     3.750e-05 |     3.5277 |          8.9053 |     6.4436 |          1.0382 |            3283
48:39 |   794 |     3.750e-05 |     2.6775 |          7.8790 |     5.0724 |          1.0095 |            3283
49:23 |   795 |     3.750e-05 |     2.3928 |          6.9804 |     3.4047 |          1.0024 |            3283
50:08 |   796 |     3.750e-05 |     2.4618 |          7.9331 |     4.5938 |          1.0295 |            3283
50:53 |   797 |     3.750e-05 |     2.9150 |          6.6063 |     2.1355 |          0.9991 |            3283
51:38 |   798 |     3.750e-05 |     3.0523 |          6.5888 |     2.1739 |          1.0049 |            3283
52:23 |   799 |     3.750e-05 |     2.3911 |          6.8286 |     2.1861 |          1.0210 |            3283
53:08 |   800 |     3.750e-05 |     2.7434 |          7.4084 |     4.5546 |          1.0037 |            3283
53:53 |   801 |     3.750e-05 |     2.3713 |          7.5455 |     4.4704 |          0.9875 |            3283
54:38 |   802 |     3.750e-05 |     2.5787 |          6.8266 |     2.3934 |          1.0173 |            3283
55:23 |   803 |     3.750e-05 |     2.4442 |          6.7079 |     2.1994 |          0.9876 |            3283
56:08 |   804 |     3.750e-05 |     2.8415 |          6.9043 |     3.5987 |          0.9959 |            3283
56:53 |   805 |     3.750e-05 |     2.6104 |          7.0633 |     3.2444 |          1.0096 |            3283
57:38 |   806 |     3.750e-05 |     2.9499 |          8.2668 |     4.9142 |          1.0430 |            3283
58:22 |   807 |     3.750e-05 |     4.3993 |          7.2521 |     3.7419 |          1.0298 |            3283
59:07 |   808 |     3.750e-05 |     2.9561 |          6.7057 |     2.3549 |          0.9784 |            3283
59:52 |   809 |     3.750e-05 |     2.4245 |          6.5161 |     2.0499 |          0.9830 |            3283
00:37 |   810 |     3.750e-05 |     2.3892 |          6.7610 |     2.3518 |          1.0078 |            3283
01:22 |   811 |     3.750e-05 |     2.7995 |          6.6556 |     2.5047 |          0.9820 |            3283
02:07 |   812 |     3.750e-05 |     2.8215 |          6.8319 |     2.6405 |          1.0121 |            3283
02:52 |   813 |     3.750e-05 |     2.3018 |          6.8778 |     2.5976 |          1.0060 |            3283
03:37 |   814 |     3.750e-05 |     2.5847 |          6.8923 |     2.2894 |          1.0110 |            3283
04:24 |   815 |     3.750e-05 |     2.6917 |         10.0189 |     7.9565 |          1.0110 |            3283
05:10 |   816 |     3.750e-05 |     2.3642 |          7.5599 |     4.3201 |          0.9895 |            3283
05:56 |   817 |     3.750e-05 |     2.7644 |          7.2947 |     4.0710 |          0.9835 |            3283
06:41 |   818 |     3.750e-05 |     2.5790 |          6.9444 |     2.9103 |          0.9891 |            3283
07:26 |   819 |     3.750e-05 |     2.9308 |          7.1268 |     3.4072 |          0.9834 |            3283
08:11 |   820 |     3.750e-05 |     2.4008 |          6.9615 |     3.0072 |          0.9778 |            3283
08:56 |   821 |     3.750e-05 |     3.1142 |          6.8101 |     2.7097 |          0.9821 |            3283
09:40 |   822 |     3.750e-05 |     2.7849 |          6.5136 |     2.0217 |          0.9737 |            3283
10:25 |   823 |     3.750e-05 |     2.3444 |          6.4367 |     2.3414 |          0.9703 |            3283
11:10 |   824 |     3.750e-05 |     3.0369 |          7.5104 |     4.7819 |          0.9939 |            3283
11:55 |   825 |     3.750e-05 |     2.7666 |          6.6359 |     2.0797 |          1.0089 |            3283
12:40 |   826 |     3.750e-05 |     2.6775 |          6.9132 |     2.9208 |          0.9877 |            3283
13:25 |   827 |     3.750e-05 |     2.8858 |          7.2801 |     4.1043 |          1.0111 |            3283
14:10 |   828 |     3.750e-05 |     2.6662 |          7.4962 |     4.0633 |          1.0036 |            3283
14:55 |   829 |     3.750e-05 |     2.6496 |          7.1359 |     3.6898 |          0.9763 |            3283
15:39 |   830 |     3.750e-05 |     2.3851 |          6.7481 |     2.0686 |          0.9933 |            3283
16:25 |   831 |     3.750e-05 |     3.0307 |          6.9731 |     2.6975 |          0.9932 |            3283
17:09 |   832 |     3.750e-05 |     2.3124 |          7.4724 |     4.2958 |          0.9767 |            3283
17:54 |   833 |     3.750e-05 |     2.5240 |          6.8730 |     3.5802 |          0.9780 |            3283
18:39 |   834 |     3.750e-05 |     2.4219 |          7.1912 |     3.8130 |          0.9891 |            3283
19:23 |   835 |     3.750e-05 |     2.5652 |          6.7603 |     2.3024 |          0.9928 |            3283
20:08 |   836 |     3.750e-05 |     2.5591 |          8.6126 |     6.2606 |          0.9991 |            3283
20:53 |   837 |     3.750e-05 |     3.0206 |          6.5351 |     1.8625 |          0.9739 |            3283
21:38 |   838 |     3.750e-05 |     2.5484 |          6.7766 |     2.4956 |          0.9876 |            3283
22:23 |   839 |     3.750e-05 |     2.7402 |          7.1782 |     4.0170 |          1.0180 |            3283
23:07 |   840 |     3.750e-05 |     2.6298 |          6.9489 |     3.6571 |          0.9759 |            3283
23:52 |   841 |     3.750e-05 |     2.7685 |          8.5016 |     5.7308 |          1.0075 |            3283
24:37 |   842 |     3.750e-05 |     2.5133 |          6.9493 |     2.3215 |          0.9931 |            3283
25:22 |   843 |     3.750e-05 |     2.4890 |          6.7256 |     2.5890 |          0.9713 |            3283
26:06 |   844 |     3.750e-05 |     2.4416 |          6.7626 |     3.0533 |          0.9842 |            3283
26:51 |   845 |     3.750e-05 |     2.6083 |          7.6205 |     4.9805 |          0.9738 |            3283
27:36 |   846 |     3.750e-05 |     2.6043 |          7.4553 |     3.7515 |          1.0239 |            3283
28:20 |   847 |     3.750e-05 |     2.4289 |          6.9306 |     2.3910 |          1.0055 |            3283
29:05 |   848 |     3.750e-05 |     2.7193 |          6.9095 |     2.8013 |          0.9961 |            3283
29:50 |   849 |     3.750e-05 |     2.9030 |          6.9308 |     3.7722 |          0.9673 |            3283
30:35 |   850 |     3.750e-05 |     2.7871 |          6.9336 |     2.6867 |          0.9751 |            3283
31:20 |   851 |     3.750e-05 |     2.5314 |          6.7307 |     1.9042 |          0.9823 |            3283
32:04 |   852 |     3.750e-05 |     2.2117 |          6.5340 |     2.0642 |          0.9916 |            3283
32:49 |   853 |     3.750e-05 |     2.4460 |          6.5688 |     2.2045 |          0.9657 |            3283
33:34 |   854 |     3.750e-05 |     2.7368 |          8.2229 |     4.9415 |          1.0180 |            3283
34:19 |   855 |     3.750e-05 |     2.8292 |          6.7173 |     2.5515 |          0.9793 |            3283
35:04 |   856 |     3.750e-05 |     2.2795 |          7.9674 |     4.8007 |          0.9981 |            3283
35:49 |   857 |     3.750e-05 |     2.7327 |          6.6649 |     2.4091 |          0.9679 |            3283
36:34 |   858 |     3.750e-05 |     2.2292 |          6.7235 |     2.8366 |          0.9748 |            3283
37:19 |   859 |     3.750e-05 |     2.3321 |          7.0195 |     3.6359 |          0.9746 |            3283
38:04 |   860 |     3.750e-05 |     2.5041 |          6.7133 |     2.5013 |          0.9688 |            3283
38:49 |   861 |     3.750e-05 |     2.7447 |          8.1487 |     5.3065 |          1.0262 |            3283
39:34 |   862 |     3.750e-05 |     2.3557 |          7.1874 |     3.9405 |          0.9934 |            3283
40:19 |   863 |     3.750e-05 |     2.2877 |          6.8006 |     2.7275 |          0.9689 |            3283
41:04 |   864 |     3.750e-05 |     2.9373 |          9.7911 |     7.7702 |          0.9756 |            3283
41:48 |   865 |     3.750e-05 |     3.5987 |          9.6585 |     7.3937 |          1.0125 |            3283
42:33 |   866 |     3.750e-05 |     3.0051 |          7.1461 |     3.8115 |          0.9774 |            3283
43:18 |   867 |     3.750e-05 |     2.4302 |          6.8848 |     3.3774 |          0.9553 |            3283
44:03 |   868 |     3.750e-05 |     2.4411 |          7.2965 |     3.3634 |          0.9874 |            3283
44:48 |   869 |     3.750e-05 |     2.3785 |          6.7588 |     2.9637 |          0.9592 |            3283
45:33 |   870 |     3.750e-05 |     2.1178 |          6.5291 |     2.2480 |          0.9550 |            3283
46:17 |   871 |     3.750e-05 |     3.3203 |          9.9731 |     7.5368 |          1.0162 |            3283
47:02 |   872 |     3.750e-05 |     2.5136 |          6.6967 |     2.5400 |          0.9498 |            3283
47:47 |   873 |     3.750e-05 |     2.3319 |          7.1735 |     3.5161 |          0.9602 |            3283
48:32 |   874 |     3.750e-05 |     2.2883 |          6.6691 |     2.5732 |          0.9490 |            3283
49:17 |   875 |     3.750e-05 |     2.1937 |          7.0062 |     3.5876 |          0.9644 |            3283
50:02 |   876 |     3.750e-05 |     2.2997 |          6.6006 |     2.2468 |          0.9683 |            3283
50:46 |   877 |     3.750e-05 |     2.1832 |          6.6648 |     2.2221 |          0.9591 |            3283
51:31 |   878 |     3.750e-05 |     2.2733 |          6.9139 |     2.7611 |          0.9809 |            3283
52:16 |   879 |     3.750e-05 |     2.4966 |          7.0244 |     2.8224 |          0.9800 |            3283
53:01 |   880 |     3.750e-05 |     2.1465 |          7.2857 |     3.5743 |          0.9834 |            3283
53:46 |   881 |     3.750e-05 |     2.4403 |          7.1579 |     3.5398 |          0.9810 |            3283
54:30 |   882 |     3.750e-05 |     2.3301 |          6.6384 |     2.0678 |          0.9766 |            3283
55:15 |   883 |     3.750e-05 |     3.1324 |          6.9596 |     3.2974 |          0.9605 |            3283
56:00 |   884 |     3.750e-05 |     2.7703 |          8.0027 |     4.8056 |          1.0118 |            3283
56:45 |   885 |     3.750e-05 |     2.8241 |          7.7306 |     4.2779 |          1.0050 |            3283
57:30 |   886 |     3.750e-05 |     2.4105 |          6.5185 |     1.7671 |          0.9526 |            3283
58:15 |   887 |     3.750e-05 |     2.3452 |          7.5503 |     4.0581 |          0.9721 |            3283
59:00 |   888 |     3.750e-05 |     3.7537 |          7.1948 |     3.3044 |          0.9892 |            3283
59:44 |   889 |     3.750e-05 |     2.3950 |         10.6811 |     9.0121 |          0.9675 |            3283
00:29 |   890 |     3.750e-05 |     3.3714 |          6.5340 |     1.8885 |          0.9587 |            3283
01:14 |   891 |     3.750e-05 |     2.0434 |          7.0754 |     2.7560 |          0.9677 |            3283
01:59 |   892 |     3.750e-05 |     2.2886 |          6.6107 |     1.8929 |          0.9496 |            3283
02:44 |   893 |     3.750e-05 |     2.1565 |          7.3727 |     4.0518 |          0.9648 |            3283
03:29 |   894 |     3.750e-05 |     2.4472 |          6.7029 |     2.2343 |          0.9661 |            3283
04:14 |   895 |     3.750e-05 |     2.1698 |          6.6898 |     2.0729 |          0.9526 |            3283
04:58 |   896 |     3.750e-05 |     2.4094 |          7.7810 |     5.0093 |          0.9547 |            3283
05:43 |   897 |     3.750e-05 |     2.3410 |          6.8022 |     2.5736 |          0.9518 |            3283
06:28 |   898 |     3.750e-05 |     2.7366 |          8.1163 |     5.5512 |          0.9594 |            3283
07:13 |   899 |     3.750e-05 |     2.3654 |          7.1348 |     3.3353 |          0.9551 |            3283
07:59 |   900 |     3.750e-05 |     2.1574 |          6.5824 |     2.0633 |          0.9555 |            3283
08:44 |   901 |     3.750e-05 |     2.1872 |          6.8013 |     2.8897 |          0.9666 |            3283
09:28 |   902 |     3.750e-05 |     2.5781 |          7.3382 |     3.9753 |          0.9510 |            3283
10:13 |   903 |     3.750e-05 |     2.4571 |          6.9719 |     3.1938 |          0.9688 |            3283
10:58 |   904 |     3.750e-05 |     2.4294 |         10.0691 |     8.4224 |          0.9511 |            3283
11:43 |   905 |     1.875e-05 |     2.1107 |          6.5864 |     2.1187 |          0.9440 |            3283
12:28 |   906 |     1.875e-05 |     1.8155 |          6.5121 |     1.6948 |          0.9318 |            3283
13:13 |   907 |     1.875e-05 |     1.9075 |          6.5652 |     1.7297 |          0.9390 |            3283
13:58 |   908 |     1.875e-05 |     1.9308 |          6.6751 |     2.3086 |          0.9344 |            3283
14:43 |   909 |     1.875e-05 |     1.8844 |          6.7043 |     2.4265 |          0.9388 |            3283
15:27 |   910 |     1.875e-05 |     1.9376 |          6.5740 |     2.0673 |          0.9255 |            3283
16:12 |   911 |     1.875e-05 |     2.0899 |          7.3085 |     4.1561 |          0.9334 |            3283
16:57 |   912 |     1.875e-05 |     1.9904 |          6.4792 |     1.8925 |          0.9353 |            3283
17:42 |   913 |     1.875e-05 |     1.8139 |          6.5111 |     1.8260 |          0.9355 |            3283
18:27 |   914 |     1.875e-05 |     1.8521 |          6.5262 |     1.7747 |          0.9384 |            3283
19:12 |   915 |     1.875e-05 |     2.0457 |          6.5652 |     1.8814 |          0.9296 |            3283
19:56 |   916 |     1.875e-05 |     1.8420 |          6.5172 |     1.8916 |          0.9327 |            3283
20:41 |   917 |     1.875e-05 |     1.8689 |          6.5240 |     1.5441 |          0.9307 |            3283
21:26 |   918 |     1.875e-05 |     1.9230 |          6.5958 |     1.5663 |          0.9366 |            3283
22:11 |   919 |     1.875e-05 |     1.9344 |          6.7288 |     2.8369 |          0.9370 |            3283
22:56 |   920 |     1.875e-05 |     1.8269 |          6.5276 |     2.0287 |          0.9279 |            3283
23:40 |   921 |     1.875e-05 |     1.9201 |          6.8015 |     2.6361 |          0.9291 |            3283
24:25 |   922 |     1.875e-05 |     1.9857 |          6.6868 |     2.0894 |          0.9316 |            3283
25:10 |   923 |     1.875e-05 |     1.8361 |          6.6791 |     2.3248 |          0.9345 |            3283
25:54 |   924 |     1.875e-05 |     2.2218 |          6.5948 |     2.1077 |          0.9414 |            3283
26:39 |   925 |     1.875e-05 |     1.9448 |          6.6733 |     2.2044 |          0.9401 |            3283
27:24 |   926 |     1.875e-05 |     1.8608 |          7.1159 |     3.7206 |          0.9258 |            3283
28:09 |   927 |     1.875e-05 |     1.8117 |          7.3122 |     4.2898 |          0.9282 |            3283
28:54 |   928 |     1.875e-05 |     2.0684 |          6.6388 |     2.0429 |          0.9273 |            3283
29:39 |   929 |     1.875e-05 |     1.8545 |          6.5213 |     1.7883 |          0.9280 |            3283
30:24 |   930 |     1.875e-05 |     1.8466 |          6.6640 |     2.7382 |          0.9222 |            3283
31:08 |   931 |     1.875e-05 |     1.8955 |          6.5205 |     1.6406 |          0.9392 |            3283
31:53 |   932 |     1.875e-05 |     1.9041 |          7.2193 |     3.6570 |          0.9486 |            3283
32:38 |   933 |     1.875e-05 |     2.0192 |          6.5443 |     1.9602 |          0.9305 |            3283
33:23 |   934 |     1.875e-05 |     1.8642 |          6.6211 |     2.4538 |          0.9345 |            3283
34:07 |   935 |     1.875e-05 |     2.0225 |          6.7020 |     2.1464 |          0.9270 |            3283
34:52 |   936 |     1.875e-05 |     1.9613 |          6.7246 |     2.2650 |          0.9574 |            3283
35:37 |   937 |     1.875e-05 |     2.0980 |          6.6123 |     2.1728 |          0.9343 |            3283
36:22 |   938 |     1.875e-05 |     1.8909 |          6.6678 |     2.2639 |          0.9286 |            3283
37:07 |   939 |     1.875e-05 |     1.9358 |          6.5248 |     1.9585 |          0.9191 |            3283
37:52 |   940 |     1.875e-05 |     1.8467 |          6.5952 |     2.4612 |          0.9266 |            3283
38:37 |   941 |     1.875e-05 |     1.7891 |          6.9204 |     3.3910 |          0.9358 |            3283
39:21 |   942 |     1.875e-05 |     1.8160 |          6.4852 |     1.8528 |          0.9276 |            3283
40:06 |   943 |     1.875e-05 |     1.8587 |          6.6681 |     2.1748 |          0.9237 |            3283
40:51 |   944 |     1.875e-05 |     1.8414 |          6.7609 |     2.3077 |          0.9416 |            3283
41:36 |   945 |     1.875e-05 |     2.1552 |          6.8602 |     2.8296 |          0.9262 |            3283
42:21 |   946 |     1.875e-05 |     1.9021 |          7.0677 |     3.3771 |          0.9362 |            3283
43:06 |   947 |     1.875e-05 |     1.8962 |          6.7363 |     2.5147 |          0.9265 |            3283
43:50 |   948 |     1.875e-05 |     1.8705 |          6.5950 |     1.6093 |          0.9368 |            3283
44:35 |   949 |     1.875e-05 |     2.0699 |          7.6700 |     4.9103 |          0.9263 |            3283
45:20 |   950 |     1.875e-05 |     2.1313 |          6.5577 |     2.1023 |          0.9294 |            3283
46:05 |   951 |     1.875e-05 |     1.8644 |          6.5656 |     1.7905 |          0.9257 |            3283
46:49 |   952 |     1.875e-05 |     1.8310 |          6.6879 |     2.3470 |          0.9193 |            3283
47:34 |   953 |     1.875e-05 |     1.9102 |          6.4382 |     1.7625 |          0.9184 |            3283
48:19 |   954 |     1.875e-05 |     1.9167 |          6.8971 |     2.8380 |          0.9370 |            3283
49:04 |   955 |     1.875e-05 |     1.9364 |          6.7997 |     2.2833 |          0.9385 |            3283
49:49 |   956 |     1.875e-05 |     1.8766 |          6.9958 |     3.1781 |          0.9380 |            3283
50:33 |   957 |     1.875e-05 |     1.9175 |          6.8229 |     2.5383 |          0.9304 |            3283
51:18 |   958 |     1.875e-05 |     1.8110 |          6.6112 |     1.7774 |          0.9342 |            3283
52:03 |   959 |     1.875e-05 |     1.8157 |          7.4450 |     4.7553 |          0.9330 |            3283
52:47 |   960 |     1.875e-05 |     2.4274 |          7.0342 |     3.1501 |          0.9348 |            3283
53:32 |   961 |     1.875e-05 |     1.8049 |          6.6908 |     2.4467 |          0.9402 |            3283
54:17 |   962 |     1.875e-05 |     1.8493 |          6.7875 |     2.5068 |          0.9378 |            3283
55:02 |   963 |     1.875e-05 |     1.8001 |          6.6884 |     2.1182 |          0.9217 |            3283
55:46 |   964 |     1.875e-05 |     1.9053 |          6.9094 |     3.4541 |          0.9276 |            3283
56:31 |   965 |     1.875e-05 |     1.9528 |          6.6108 |     1.9173 |          0.9209 |            3283
57:16 |   966 |     1.875e-05 |     1.8424 |          6.6406 |     2.4217 |          0.9301 |            3283
58:00 |   967 |     1.875e-05 |     1.9259 |          6.8983 |     3.0112 |          0.9346 |            3283
58:45 |   968 |     1.875e-05 |     1.9814 |          6.6138 |     1.9299 |          0.9164 |            3283
59:30 |   969 |     1.875e-05 |     1.7996 |          6.7301 |     2.5846 |          0.9235 |            3283
00:14 |   970 |     1.875e-05 |     2.0678 |          7.8931 |     5.1760 |          0.9401 |            3283
00:59 |   971 |     1.875e-05 |     2.4185 |          6.7165 |     2.7185 |          0.9189 |            3283
01:44 |   972 |     1.875e-05 |     1.8153 |          6.6396 |     2.2617 |          0.9301 |            3283
02:29 |   973 |     1.875e-05 |     1.7971 |          6.8580 |     3.0724 |          0.9320 |            3283
03:13 |   974 |     1.875e-05 |     1.9110 |          6.6039 |     2.3265 |          0.9222 |            3283
03:58 |   975 |     1.875e-05 |     1.8747 |          6.6554 |     2.3524 |          0.9312 |            3283
04:43 |   976 |     1.875e-05 |     1.7528 |          6.7582 |     2.1506 |          0.9386 |            3283
05:27 |   977 |     1.875e-05 |     1.9253 |          6.9020 |     2.4633 |          0.9498 |            3283
06:12 |   978 |     1.875e-05 |     1.8849 |          7.0355 |     3.2265 |          0.9202 |            3283
06:57 |   979 |     1.875e-05 |     2.0965 |          6.4912 |     2.0384 |          0.9158 |            3283
07:41 |   980 |     1.875e-05 |     1.7310 |          6.8730 |     2.8127 |          0.9260 |            3283
08:26 |   981 |     1.875e-05 |     2.0814 |          6.5255 |     1.7926 |          0.9204 |            3283
09:10 |   982 |     1.875e-05 |     1.7597 |          6.8544 |     3.0573 |          0.9208 |            3283
09:55 |   983 |     1.875e-05 |     1.7290 |          6.6749 |     1.9133 |          0.9302 |            3283
10:40 |   984 |     1.875e-05 |     1.9076 |          7.1198 |     3.3227 |          0.9338 |            3283
11:24 |   985 |     1.875e-05 |     1.8204 |          6.7476 |     2.2488 |          0.9308 |            3283
12:09 |   986 |     9.375e-06 |     1.7360 |          6.4503 |     1.6459 |          0.9074 |            3283
12:54 |   987 |     9.375e-06 |     1.6406 |          6.6441 |     2.2772 |          0.9137 |            3283
13:38 |   988 |     9.375e-06 |     1.6033 |          6.7212 |     2.2816 |          0.9126 |            3283
14:23 |   989 |     9.375e-06 |     1.6209 |          6.4945 |     1.5527 |          0.9088 |            3283
15:08 |   990 |     9.375e-06 |     1.5989 |          7.0599 |     3.7338 |          0.9119 |            3283
15:53 |   991 |     9.375e-06 |     1.7016 |          6.5925 |     1.7738 |          0.9166 |            3283
16:38 |   992 |     9.375e-06 |     1.6411 |          6.5032 |     1.5583 |          0.9098 |            3283
17:23 |   993 |     9.375e-06 |     1.6152 |          6.4481 |     1.5146 |          0.9098 |            3283
18:07 |   994 |     9.375e-06 |     1.5716 |          6.9118 |     2.8408 |          0.9159 |            3283
18:52 |   995 |     9.375e-06 |     1.7058 |          6.6084 |     1.9161 |          0.9152 |            3283
19:37 |   996 |     9.375e-06 |     1.6703 |          6.5229 |     1.9676 |          0.9092 |            3283
20:22 |   997 |     9.375e-06 |     1.6598 |          6.5170 |     1.8626 |          0.9107 |            3283
21:07 |   998 |     9.375e-06 |     1.6164 |          6.5397 |     1.4323 |          0.9121 |            3283
21:52 |   999 |     9.375e-06 |     1.6549 |          6.5001 |     1.5175 |          0.9137 |            3283
22:37 |  1000 |     9.375e-06 |     1.6162 |          6.5167 |     2.0420 |          0.9076 |            3283
23:22 |  1001 |     9.375e-06 |     1.6828 |          6.7016 |     1.8183 |          0.9427 |            3283
24:07 |  1002 |     9.375e-06 |     1.6818 |          6.5420 |     1.6999 |          0.9120 |            3283
24:52 |  1003 |     9.375e-06 |     1.6790 |          6.5157 |     1.7297 |          0.9041 |            3283
25:36 |  1004 |     9.375e-06 |     1.6815 |          6.5303 |     1.7212 |          0.9070 |            3283
26:21 |  1005 |     9.375e-06 |     1.6362 |          6.5628 |     1.9576 |          0.9061 |            3283
27:06 |  1006 |     9.375e-06 |     1.6255 |          6.5585 |     1.9667 |          0.9136 |            3283
27:51 |  1007 |     9.375e-06 |     1.6441 |          6.5474 |     1.9363 |          0.9106 |            3283
28:36 |  1008 |     9.375e-06 |     1.6395 |          6.4878 |     1.4964 |          0.9101 |            3283
29:20 |  1009 |     9.375e-06 |     1.6615 |          6.9407 |     3.0293 |          0.9104 |            3283
30:05 |  1010 |     9.375e-06 |     1.6511 |          6.5996 |     2.0383 |          0.9155 |            3283
30:50 |  1011 |     9.375e-06 |     1.6161 |          6.4972 |     1.8625 |          0.9052 |            3283
31:35 |  1012 |     9.375e-06 |     1.6294 |          6.6109 |     1.9525 |          0.9166 |            3283
32:22 |  1013 |     9.375e-06 |     1.7867 |          6.5000 |     1.6265 |          0.9102 |            3283
33:07 |  1014 |     9.375e-06 |     1.6084 |          6.5804 |     2.6799 |          0.9055 |            3283
33:51 |  1015 |     9.375e-06 |     1.6756 |          6.5815 |     2.0075 |          0.9131 |            3283
34:36 |  1016 |     9.375e-06 |     1.6348 |          6.4669 |     1.6647 |          0.9121 |            3283
35:21 |  1017 |     9.375e-06 |     1.7077 |          6.6085 |     2.0605 |          0.9116 |            3283
36:06 |  1018 |     9.375e-06 |     1.7041 |          6.6028 |     2.0241 |          0.9110 |            3283
36:51 |  1019 |     9.375e-06 |     1.6295 |          6.7656 |     2.6654 |          0.9128 |            3283
37:36 |  1020 |     9.375e-06 |     1.6199 |          6.5125 |     1.7492 |          0.9090 |            3283
38:21 |  1021 |     9.375e-06 |     1.7334 |          6.8120 |     2.8455 |          0.9068 |            3283
39:06 |  1022 |     9.375e-06 |     1.6190 |          6.7030 |     2.7757 |          0.9087 |            3283
39:51 |  1023 |     9.375e-06 |     1.6757 |          6.4991 |     1.5733 |          0.9054 |            3283
40:36 |  1024 |     9.375e-06 |     1.6507 |          6.7027 |     2.3054 |          0.9125 |            3283
41:21 |  1025 |     9.375e-06 |     1.5830 |          6.5262 |     1.4735 |          0.9113 |            3283
42:06 |  1026 |     9.375e-06 |     1.5828 |          6.4779 |     1.8710 |          0.9015 |            3283
42:51 |  1027 |     9.375e-06 |     1.6801 |          6.6999 |     2.2528 |          0.9127 |            3283
43:36 |  1028 |     9.375e-06 |     1.6313 |          6.8649 |     3.4509 |          0.9082 |            3283
44:21 |  1029 |     9.375e-06 |     1.6971 |          6.6807 |     2.4277 |          0.9084 |            3283
45:06 |  1030 |     9.375e-06 |     1.6557 |          6.7103 |     1.9171 |          0.9284 |            3283
45:51 |  1031 |     9.375e-06 |     1.7409 |          6.6600 |     2.1436 |          0.9072 |            3283
46:36 |  1032 |     9.375e-06 |     1.7843 |          6.5645 |     1.9268 |          0.9052 |            3283
47:21 |  1033 |     9.375e-06 |     1.6343 |          6.5934 |     1.7131 |          0.9164 |            3283
48:06 |  1034 |     9.375e-06 |     1.6134 |          6.4892 |     1.5469 |          0.9054 |            3283
48:50 |  1035 |     9.375e-06 |     1.7881 |          6.5554 |     2.0078 |          0.9078 |            3283
49:35 |  1036 |     9.375e-06 |     1.5993 |          6.5181 |     1.9130 |          0.9034 |            3283
50:20 |  1037 |     9.375e-06 |     1.6181 |          6.7949 |     2.8794 |          0.9030 |            3283
51:05 |  1038 |     9.375e-06 |     1.6411 |          6.5054 |     1.6298 |          0.9063 |            3283
51:50 |  1039 |     9.375e-06 |     1.6237 |          6.5201 |     1.6770 |          0.9027 |            3283
52:35 |  1040 |     9.375e-06 |     1.7252 |          6.6313 |     2.0823 |          0.9162 |            3283
53:20 |  1041 |     9.375e-06 |     1.6355 |          6.5189 |     1.4964 |          0.9074 |            3283
54:05 |  1042 |     9.375e-06 |     1.6467 |          6.5618 |     1.7392 |          0.9069 |            3283
54:50 |  1043 |     9.375e-06 |     1.6398 |          6.6272 |     2.1811 |          0.9092 |            3283
55:34 |  1044 |     9.375e-06 |     1.6174 |          6.6076 |     1.8667 |          0.9129 |            3283
56:19 |  1045 |     9.375e-06 |     1.7112 |          6.6994 |     2.7476 |          0.9052 |            3283
57:04 |  1046 |     9.375e-06 |     1.6045 |          6.5467 |     1.7072 |          0.9079 |            3283
57:49 |  1047 |     9.375e-06 |     1.6317 |          6.6027 |     2.3788 |          0.9071 |            3283
58:34 |  1048 |     9.375e-06 |     1.6198 |          6.5718 |     1.9293 |          0.9118 |            3283
59:19 |  1049 |     9.375e-06 |     1.6329 |          6.6211 |     1.9340 |          0.9148 |            3283
00:04 |  1050 |     9.375e-06 |     1.6548 |          6.5295 |     1.7652 |          0.9067 |            3283
00:49 |  1051 |     9.375e-06 |     1.5882 |          6.5715 |     2.0957 |          0.9050 |            3283
01:34 |  1052 |     9.375e-06 |     1.5829 |          6.5610 |     1.9894 |          0.9110 |            3283
02:18 |  1053 |     9.375e-06 |     1.6741 |          6.5142 |     1.6311 |          0.9051 |            3283
03:03 |  1054 |     9.375e-06 |     1.5636 |          6.5464 |     1.5314 |          0.9110 |            3283
03:48 |  1055 |     9.375e-06 |     1.6918 |          6.5964 |     2.0753 |          0.9080 |            3283
04:33 |  1056 |     9.375e-06 |     1.6926 |          6.6465 |     1.9228 |          0.9108 |            3283
05:18 |  1057 |     9.375e-06 |     1.6069 |          6.7079 |     2.3444 |          0.9003 |            3283
06:03 |  1058 |     9.375e-06 |     1.6541 |          6.5539 |     2.0762 |          0.9049 |            3283
06:48 |  1059 |     9.375e-06 |     1.6151 |          6.5909 |     1.9403 |          0.9093 |            3283
07:33 |  1060 |     9.375e-06 |     1.5765 |          6.7144 |     2.2786 |          0.9116 |            3283
08:18 |  1061 |     9.375e-06 |     1.6093 |          6.5544 |     1.6976 |          0.9038 |            3283
09:03 |  1062 |     9.375e-06 |     1.6327 |          6.6701 |     2.7481 |          0.9046 |            3283
09:48 |  1063 |     9.375e-06 |     1.6491 |          6.7591 |     2.4497 |          0.9093 |            3283
10:33 |  1064 |     9.375e-06 |     1.6172 |          7.2320 |     3.8839 |          0.9108 |            3283
11:18 |  1065 |     9.375e-06 |     1.6141 |          6.5525 |     1.7536 |          0.9040 |            3283
12:03 |  1066 |     9.375e-06 |     1.5821 |          6.6176 |     1.6646 |          0.9059 |            3283
12:48 |  1067 |     4.687e-06 |     1.4945 |          6.6304 |     1.9647 |          0.9068 |            3283
13:33 |  1068 |     4.687e-06 |     1.5186 |          6.5191 |     1.5451 |          0.9001 |            3283
14:18 |  1069 |     4.687e-06 |     1.5366 |          6.4917 |     1.5412 |          0.8988 |            3283
15:03 |  1070 |     4.687e-06 |     1.4982 |          6.5511 |     1.4900 |          0.8991 |            3283
15:48 |  1071 |     4.687e-06 |     1.5144 |          6.5981 |     2.0766 |          0.9044 |            3283
16:33 |  1072 |     4.687e-06 |     1.5250 |          6.5401 |     1.6839 |          0.8998 |            3283
17:17 |  1073 |     4.687e-06 |     1.4981 |          6.5738 |     1.8732 |          0.9014 |            3283
18:02 |  1074 |     4.687e-06 |     1.5037 |          6.5106 |     1.5023 |          0.8970 |            3283
18:47 |  1075 |     4.687e-06 |     1.5167 |          6.5319 |     1.8008 |          0.9001 |            3283
19:32 |  1076 |     4.687e-06 |     1.5240 |          6.5106 |     1.6653 |          0.9008 |            3283
20:17 |  1077 |     4.687e-06 |     1.5145 |          6.4899 |     1.7111 |          0.8998 |            3283
21:01 |  1078 |     4.687e-06 |     1.5711 |          6.4944 |     1.4831 |          0.8982 |            3283
21:46 |  1079 |     4.687e-06 |     1.4860 |          6.5670 |     1.5647 |          0.9035 |            3283
22:31 |  1080 |     4.687e-06 |     1.5192 |          6.5494 |     1.6137 |          0.9036 |            3283
23:16 |  1081 |     4.687e-06 |     1.5029 |          6.5300 |     1.5503 |          0.8992 |            3283
24:01 |  1082 |     4.687e-06 |     1.5083 |          6.5131 |     1.5729 |          0.8965 |            3457
24:46 |  1083 |     4.687e-06 |     1.5140 |          6.6212 |     2.0730 |          0.8982 |            3457
25:31 |  1084 |     4.687e-06 |     1.5098 |          6.5769 |     2.2304 |          0.9005 |            3457
26:16 |  1085 |     4.687e-06 |     1.5153 |          6.6639 |     2.0946 |          0.9004 |            3457
27:00 |  1086 |     4.687e-06 |     1.5107 |          6.5314 |     1.7367 |          0.8999 |            3457
27:45 |  1087 |     4.687e-06 |     1.5199 |          6.4830 |     1.4346 |          0.8979 |            3457
28:31 |  1088 |     4.687e-06 |     1.5135 |          6.5458 |     1.4481 |          0.9067 |            3457
29:16 |  1089 |     4.687e-06 |     1.5423 |          6.4920 |     1.6252 |          0.9010 |            3457
30:01 |  1090 |     4.687e-06 |     1.5448 |          6.7447 |     2.5819 |          0.9008 |            3457
30:45 |  1091 |     4.687e-06 |     1.5261 |          6.5812 |     1.5261 |          0.9017 |            3457
31:30 |  1092 |     4.687e-06 |     1.4887 |          6.5985 |     1.9840 |          0.9030 |            3457
32:15 |  1093 |     4.687e-06 |     1.5620 |          6.6109 |     1.9285 |          0.9010 |            3457
33:00 |  1094 |     4.687e-06 |     1.5045 |          6.5204 |     1.5430 |          0.9026 |            3457
33:45 |  1095 |     4.687e-06 |     1.5299 |          6.4990 |     1.5457 |          0.9001 |            3457
34:30 |  1096 |     4.687e-06 |     1.4950 |          6.5127 |     1.8595 |          0.8981 |            3457
35:15 |  1097 |     4.687e-06 |     1.5054 |          6.5385 |     1.5350 |          0.8976 |            3457
36:00 |  1098 |     4.687e-06 |     1.5520 |          6.5461 |     1.5952 |          0.8999 |            3457
36:44 |  1099 |     4.687e-06 |     1.5521 |          6.6144 |     1.8187 |          0.9042 |            3457
37:29 |  1100 |     4.687e-06 |     1.5226 |          6.8170 |     2.9504 |          0.9014 |            3457
38:14 |  1101 |     4.687e-06 |     1.5419 |          6.5605 |     1.7949 |          0.8997 |            3457
38:59 |  1102 |     4.687e-06 |     1.5398 |          6.5188 |     1.4591 |          0.8996 |            3457
39:44 |  1103 |     4.687e-06 |     1.4924 |          6.5793 |     1.7234 |          0.9036 |            3457
40:29 |  1104 |     4.687e-06 |     1.5243 |          6.5625 |     1.6968 |          0.8988 |            3457
41:14 |  1105 |     4.687e-06 |     1.5004 |          7.1614 |     3.6681 |          0.9006 |            3457
41:59 |  1106 |     4.687e-06 |     1.5615 |          6.5391 |     1.6585 |          0.8994 |            3457
42:44 |  1107 |     4.687e-06 |     1.4931 |          6.8018 |     2.4750 |          0.9015 |            3457
43:29 |  1108 |     4.687e-06 |     1.5642 |          6.5535 |     1.4553 |          0.9034 |            3457
44:14 |  1109 |     4.687e-06 |     1.5478 |          6.5538 |     2.0335 |          0.9019 |            3457
44:59 |  1110 |     4.687e-06 |     1.5437 |          6.6016 |     1.8748 |          0.9017 |            3457
45:43 |  1111 |     4.687e-06 |     1.5230 |          6.6971 |     2.3083 |          0.9087 |            3457
46:28 |  1112 |     4.687e-06 |     1.5270 |          6.7467 |     2.5591 |          0.8982 |            3457
47:13 |  1113 |     4.687e-06 |     1.5200 |          6.5343 |     1.4604 |          0.8971 |            3457
47:58 |  1114 |     4.687e-06 |     1.5092 |          6.5374 |     1.6384 |          0.9015 |            3457
48:43 |  1115 |     4.687e-06 |     1.4964 |          6.5224 |     1.6165 |          0.8972 |            3457
49:28 |  1116 |     4.687e-06 |     1.5225 |          6.5571 |     1.9837 |          0.8994 |            3457
50:13 |  1117 |     4.687e-06 |     1.5413 |          6.6547 |     2.6227 |          0.8988 |            3457
50:58 |  1118 |     4.687e-06 |     1.5433 |          6.5266 |     1.7183 |          0.8966 |            3457
51:43 |  1119 |     4.687e-06 |     1.4991 |          6.5144 |     1.4870 |          0.8968 |            3457
52:28 |  1120 |     4.687e-06 |     1.4941 |          6.8594 |     2.6285 |          0.9079 |            3457
53:12 |  1121 |     4.687e-06 |     1.5139 |          6.8443 |     2.8475 |          0.8999 |            3457
53:57 |  1122 |     4.687e-06 |     1.5101 |          6.5863 |     1.8365 |          0.8980 |            3457
54:42 |  1123 |     4.687e-06 |     1.4796 |          6.5343 |     1.6354 |          0.8970 |            3457
55:27 |  1124 |     4.687e-06 |     1.4912 |          6.8041 |     2.4199 |          0.9000 |            3457
56:12 |  1125 |     4.687e-06 |     1.4997 |          6.5612 |     1.6175 |          0.8992 |            3457
56:57 |  1126 |     4.687e-06 |     1.5071 |          6.5869 |     1.8067 |          0.9039 |            3457
57:42 |  1127 |     4.687e-06 |     1.5116 |          6.5294 |     1.5316 |          0.8980 |            3457
58:26 |  1128 |     4.687e-06 |     1.4845 |          6.5105 |     1.6412 |          0.8957 |            3457
59:11 |  1129 |     4.687e-06 |     1.4952 |          6.5833 |     1.5907 |          0.9044 |            3457
59:56 |  1130 |     4.687e-06 |     1.5200 |          6.5681 |     1.9307 |          0.9003 |            3457
00:41 |  1131 |     4.687e-06 |     1.5425 |          6.6837 |     2.3145 |          0.9002 |            3457
01:26 |  1132 |     4.687e-06 |     1.5258 |          6.5659 |     1.9468 |          0.8990 |            3457
02:11 |  1133 |     4.687e-06 |     1.5068 |          6.5234 |     1.4201 |          0.8980 |            3457
02:56 |  1134 |     4.687e-06 |     1.5255 |          6.5347 |     1.5781 |          0.9000 |            3457
03:40 |  1135 |     4.687e-06 |     1.4895 |          6.6064 |     2.2836 |          0.8969 |            3457
04:25 |  1136 |     4.687e-06 |     1.4925 |          6.5798 |     1.6919 |          0.8985 |            3457
05:10 |  1137 |     4.687e-06 |     1.5215 |          6.5232 |     1.8925 |          0.8994 |            3457
05:54 |  1138 |     4.687e-06 |     1.5440 |          6.6395 |     2.5659 |          0.8982 |            3457
06:39 |  1139 |     4.687e-06 |     1.5052 |          6.4829 |     1.5139 |          0.8957 |            3457
07:24 |  1140 |     4.687e-06 |     1.5078 |          6.5866 |     1.6567 |          0.9021 |            3457
08:09 |  1141 |     4.687e-06 |     1.5059 |          6.5251 |     1.5379 |          0.8996 |            3457
08:54 |  1142 |     4.687e-06 |     1.5274 |          6.6481 |     2.4913 |          0.8967 |            3457
09:38 |  1143 |     4.687e-06 |     1.5059 |          6.5047 |     1.5549 |          0.8958 |            3457
10:23 |  1144 |     4.687e-06 |     1.5056 |          6.6546 |     2.0262 |          0.9036 |            3457
11:08 |  1145 |     4.687e-06 |     1.4917 |          6.5368 |     1.4837 |          0.8949 |            3457
11:53 |  1146 |     4.687e-06 |     1.4899 |          6.6907 |     2.2022 |          0.8998 |            3457
12:38 |  1147 |     4.687e-06 |     1.4839 |          6.4826 |     1.5585 |          0.8951 |            3457
13:23 |  1148 |     2.344e-06 |     1.4482 |          6.4948 |     1.6369 |          0.8935 |            3457
14:08 |  1149 |     2.344e-06 |     1.4384 |          6.5410 |     1.7254 |          0.8965 |            3457
14:53 |  1150 |     2.344e-06 |     1.4515 |          6.6680 |     2.5804 |          0.8966 |            3457
15:37 |  1151 |     2.344e-06 |     1.4487 |          6.5353 |     1.6364 |          0.8964 |            3457
16:22 |  1152 |     2.344e-06 |     1.4599 |          6.5344 |     1.4909 |          0.8955 |            3457
17:07 |  1153 |     2.344e-06 |     1.4354 |          6.5386 |     1.4887 |          0.8950 |            3457
17:51 |  1154 |     2.344e-06 |     1.4447 |          6.5527 |     2.0360 |          0.8956 |            3457
18:36 |  1155 |     2.344e-06 |     1.4578 |          6.5605 |     1.9199 |          0.8967 |            3457
19:21 |  1156 |     2.344e-06 |     1.4469 |          6.4917 |     1.3939 |          0.8943 |            3457
20:06 |  1157 |     2.344e-06 |     1.4453 |          6.5079 |     1.6206 |          0.8943 |            3457
20:51 |  1158 |     2.344e-06 |     1.4380 |          6.5198 |     1.5228 |          0.8929 |            3457
21:35 |  1159 |     2.344e-06 |     1.4526 |          6.5045 |     1.3864 |          0.8927 |            3457
22:20 |  1160 |     2.344e-06 |     1.4497 |          6.5357 |     1.8050 |          0.8945 |            3457
23:05 |  1161 |     2.344e-06 |     1.4543 |          6.7532 |     2.7052 |          0.8946 |            3457
23:50 |  1162 |     2.344e-06 |     1.4589 |          6.4872 |     1.7972 |          0.8935 |            3457
24:35 |  1163 |     2.344e-06 |     1.4515 |          6.4940 |     1.7037 |          0.8930 |            3457
25:20 |  1164 |     2.344e-06 |     1.4641 |          6.5245 |     1.4474 |          0.8962 |            3457
26:05 |  1165 |     2.344e-06 |     1.4570 |          6.6176 |     1.8007 |          0.9010 |            3457
26:50 |  1166 |     2.344e-06 |     1.4445 |          6.5508 |     1.7151 |          0.8934 |            3457
27:34 |  1167 |     2.344e-06 |     1.4452 |          6.5324 |     1.8724 |          0.8939 |            3457
28:19 |  1168 |     2.344e-06 |     1.4401 |          6.5288 |     1.4138 |          0.8963 |            3457
29:04 |  1169 |     2.344e-06 |     1.4533 |          6.6343 |     1.9246 |          0.8967 |            3457
29:49 |  1170 |     2.344e-06 |     1.4572 |          6.6409 |     2.4399 |          0.8946 |            3457
30:33 |  1171 |     2.344e-06 |     1.4647 |          6.5500 |     1.8736 |          0.8939 |            3457
31:18 |  1172 |     2.344e-06 |     1.4581 |          6.5327 |     1.4881 |          0.8958 |            3457
32:03 |  1173 |     2.344e-06 |     1.4494 |          6.5190 |     1.5910 |          0.8956 |            3457
32:48 |  1174 |     2.344e-06 |     1.4567 |          6.5315 |     1.4737 |          0.8958 |            3457
33:33 |  1175 |     2.344e-06 |     1.4485 |          6.5211 |     1.3444 |          0.8952 |            3457
34:18 |  1176 |     2.344e-06 |     1.4506 |          6.5743 |     1.7833 |          0.8953 |            3457
35:03 |  1177 |     2.344e-06 |     1.4543 |          6.5310 |     1.4135 |          0.8949 |            3457
35:48 |  1178 |     2.344e-06 |     1.4570 |          6.5459 |     1.8861 |          0.8930 |            3457
36:32 |  1179 |     2.344e-06 |     1.4560 |          6.5072 |     1.5353 |          0.8937 |            3457
37:17 |  1180 |     2.344e-06 |     1.4651 |          6.5453 |     1.4974 |          0.8949 |            3457
38:02 |  1181 |     2.344e-06 |     1.4352 |          6.5119 |     1.7104 |          0.8935 |            3457
38:47 |  1182 |     2.344e-06 |     1.4448 |          6.5722 |     1.6487 |          0.8984 |            3457
39:32 |  1183 |     2.344e-06 |     1.4565 |          6.5256 |     1.6143 |          0.8929 |            3457
40:17 |  1184 |     2.344e-06 |     1.4546 |          6.5038 |     1.7438 |          0.8926 |            3457
41:01 |  1185 |     2.344e-06 |     1.4470 |          6.5073 |     1.4365 |          0.8931 |            3457
41:46 |  1186 |     2.344e-06 |     1.4556 |          6.5411 |     1.8186 |          0.8932 |            3457
42:31 |  1187 |     2.344e-06 |     1.4687 |          6.6037 |     1.7750 |          0.8997 |            3457
43:16 |  1188 |     2.344e-06 |     1.4649 |          6.5318 |     1.5332 |          0.8952 |            3457
44:01 |  1189 |     2.344e-06 |     1.4462 |          6.5147 |     1.7802 |          0.8934 |            3457
44:46 |  1190 |     2.344e-06 |     1.4419 |          6.5262 |     1.6984 |          0.8934 |            3457
45:30 |  1191 |     2.344e-06 |     1.4583 |          6.5231 |     1.8120 |          0.8910 |            3457
46:15 |  1192 |     2.344e-06 |     1.4429 |          6.5488 |     1.4674 |          0.8930 |            3457
47:00 |  1193 |     2.344e-06 |     1.4613 |          6.5305 |     1.4167 |          0.8928 |            3457
47:45 |  1194 |     2.344e-06 |     1.4685 |          6.5668 |     1.7277 |          0.8925 |            3457
48:30 |  1195 |     2.344e-06 |     1.4465 |          6.5283 |     1.5663 |          0.8942 |            3457
49:15 |  1196 |     2.344e-06 |     1.4441 |          6.5386 |     1.6576 |          0.8949 |            3457
50:00 |  1197 |     2.344e-06 |     1.4274 |          6.5808 |     1.9169 |          0.8952 |            3457
50:45 |  1198 |     2.344e-06 |     1.4329 |          6.5441 |     1.5265 |          0.8971 |            3457
51:30 |  1199 |     2.344e-06 |     1.4564 |          6.5047 |     1.4321 |          0.8927 |            3457
52:15 |  1200 |     2.344e-06 |     1.4520 |          6.4857 |     1.4148 |          0.8913 |            3457
53:00 |  1201 |     2.344e-06 |     1.4277 |          6.5665 |     1.5700 |          0.8957 |            3457
53:45 |  1202 |     2.344e-06 |     1.4270 |          6.5245 |     1.3519 |          0.8932 |            3457
54:30 |  1203 |     2.344e-06 |     1.4586 |          6.6530 |     1.9053 |          0.8987 |            3457
55:14 |  1204 |     2.344e-06 |     1.4518 |          6.5330 |     1.7442 |          0.8908 |            3457
55:59 |  1205 |     2.344e-06 |     1.4370 |          6.5768 |     1.5919 |          0.8947 |            3457
56:44 |  1206 |     2.344e-06 |     1.4406 |          6.5320 |     1.4133 |          0.8965 |            3457
57:29 |  1207 |     2.344e-06 |     1.4244 |          6.5705 |     2.0386 |          0.8926 |            3457
58:14 |  1208 |     2.344e-06 |     1.4465 |          6.4834 |     1.5462 |          0.8914 |            3457
58:58 |  1209 |     2.344e-06 |     1.4354 |          6.5418 |     1.8333 |          0.8925 |            3457
59:43 |  1210 |     2.344e-06 |     1.4443 |          6.5109 |     1.5115 |          0.8923 |            3457
00:28 |  1211 |     2.344e-06 |     1.4455 |          6.5000 |     1.5888 |          0.8919 |            3457
01:12 |  1212 |     2.344e-06 |     1.4546 |          6.5399 |     1.6554 |          0.8939 |            3457
01:57 |  1213 |     2.344e-06 |     1.4344 |          6.5913 |     1.7086 |          0.8924 |            3457
02:42 |  1214 |     2.344e-06 |     1.4319 |          6.5295 |     1.4415 |          0.8922 |            3457
03:27 |  1215 |     2.344e-06 |     1.4373 |          6.5092 |     1.3866 |          0.8919 |            3457
04:11 |  1216 |     2.344e-06 |     1.4519 |          6.5519 |     1.4622 |          0.8920 |            3457
04:56 |  1217 |     2.344e-06 |     1.4334 |          6.5033 |     1.3414 |          0.8918 |            3457
05:41 |  1218 |     2.344e-06 |     1.4429 |          6.5393 |     1.7772 |          0.8951 |            3457
06:26 |  1219 |     2.344e-06 |     1.4470 |          6.5049 |     1.3683 |          0.8914 |            3457
07:11 |  1220 |     2.344e-06 |     1.4719 |          6.5015 |     1.5424 |          0.8918 |            3457
07:56 |  1221 |     2.344e-06 |     1.4331 |          6.5100 |     1.4654 |          0.8912 |            3457
08:40 |  1222 |     2.344e-06 |     1.4323 |          6.5434 |     1.6358 |          0.8913 |            3457
09:25 |  1223 |     2.344e-06 |     1.4304 |          6.5108 |     1.4917 |          0.8931 |            3457
10:09 |  1224 |     2.344e-06 |     1.4330 |          6.5344 |     1.4443 |          0.8929 |            3457
10:54 |  1225 |     2.344e-06 |     1.4390 |          6.6104 |     1.8394 |          0.8937 |            3457
11:39 |  1226 |     2.344e-06 |     1.4398 |          6.5336 |     1.6401 |          0.8935 |            3457
12:23 |  1227 |     2.344e-06 |     1.4342 |          6.5478 |     1.4565 |          0.8937 |            3457
13:08 |  1228 |     2.344e-06 |     1.4382 |          6.5092 |     1.4701 |          0.8948 |            3457
13:53 |  1229 |     1.172e-06 |     1.4118 |          6.5025 |     1.3852 |          0.8901 |            3457
14:38 |  1230 |     1.172e-06 |     1.4068 |          6.5685 |     2.0359 |          0.8920 |            3457
15:23 |  1231 |     1.172e-06 |     1.4093 |          6.5079 |     1.5636 |          0.8916 |            3457
16:07 |  1232 |     1.172e-06 |     1.4100 |          6.5113 |     1.5449 |          0.8916 |            3457
16:52 |  1233 |     1.172e-06 |     1.4122 |          6.5349 |     1.5378 |          0.8909 |            3457
17:37 |  1234 |     1.172e-06 |     1.4177 |          6.5379 |     1.4706 |          0.8936 |            3457
18:21 |  1235 |     1.172e-06 |     1.4186 |          6.5031 |     1.4603 |          0.8905 |            3457
19:06 |  1236 |     1.172e-06 |     1.4057 |          6.5217 |     1.3984 |          0.8911 |            3457
19:51 |  1237 |     1.172e-06 |     1.4116 |          6.5278 |     1.3751 |          0.8912 |            3457
20:36 |  1238 |     1.172e-06 |     1.3996 |          6.5343 |     1.4411 |          0.8941 |            3457
21:21 |  1239 |     1.172e-06 |     1.4202 |          6.5176 |     1.3722 |          0.8919 |            3457
22:06 |  1240 |     1.172e-06 |     1.4111 |          6.4989 |     1.3746 |          0.8905 |            3457
22:51 |  1241 |     1.172e-06 |     1.4149 |          6.5267 |     1.3748 |          0.8931 |            3457
23:35 |  1242 |     1.172e-06 |     1.4149 |          6.5172 |     1.3819 |          0.8907 |            3457
24:20 |  1243 |     1.172e-06 |     1.4124 |          6.5515 |     1.8006 |          0.8914 |            3457
25:05 |  1244 |     1.172e-06 |     1.4128 |          6.5209 |     1.4395 |          0.8933 |            3457
25:50 |  1245 |     1.172e-06 |     1.4172 |          6.5557 |     1.6864 |          0.8917 |            3457
26:34 |  1246 |     1.172e-06 |     1.4121 |          6.5082 |     1.4755 |          0.8905 |            3457
27:19 |  1247 |     1.172e-06 |     1.4129 |          6.5758 |     1.9569 |          0.8930 |            3457
28:04 |  1248 |     1.172e-06 |     1.4178 |          6.5358 |     1.4980 |          0.8935 |            3457
28:49 |  1249 |     1.172e-06 |     1.4035 |          6.5169 |     1.6822 |          0.8913 |            3457
29:34 |  1250 |     1.172e-06 |     1.4236 |          6.5180 |     1.4215 |          0.8908 |            3457
30:19 |  1251 |     1.172e-06 |     1.4156 |          6.5124 |     1.3713 |          0.8914 |            3457
31:04 |  1252 |     1.172e-06 |     1.4127 |          6.5675 |     1.8557 |          0.8931 |            3457
31:50 |  1253 |     1.172e-06 |     1.4069 |          6.5234 |     1.4884 |          0.8913 |            3457
32:34 |  1254 |     1.172e-06 |     1.4067 |          6.5312 |     1.5055 |          0.8920 |            3457
33:19 |  1255 |     1.172e-06 |     1.4186 |          6.5471 |     1.4632 |          0.8928 |            3457
34:04 |  1256 |     1.172e-06 |     1.4097 |          6.5397 |     1.6354 |          0.8931 |            3457
34:49 |  1257 |     1.172e-06 |     1.4089 |          6.5208 |     1.4063 |          0.8924 |            3457
35:34 |  1258 |     1.172e-06 |     1.4059 |          6.5330 |     1.5085 |          0.8910 |            3457
36:18 |  1259 |     1.172e-06 |     1.4105 |          6.5044 |     1.5761 |          0.8900 |            3457
37:03 |  1260 |     1.172e-06 |     1.4047 |          6.5141 |     1.4346 |          0.8913 |            3457
37:48 |  1261 |     1.172e-06 |     1.4131 |          6.5404 |     1.7311 |          0.8918 |            3457
38:33 |  1262 |     1.172e-06 |     1.4099 |          6.5178 |     1.6505 |          0.8916 |            3457
39:18 |  1263 |     1.172e-06 |     1.4135 |          6.5117 |     1.5590 |          0.8897 |            3457
40:02 |  1264 |     1.172e-06 |     1.4153 |          6.5034 |     1.3466 |          0.8913 |            3457
40:47 |  1265 |     1.172e-06 |     1.4105 |          6.4997 |     1.4083 |          0.8905 |            3457
41:32 |  1266 |     1.172e-06 |     1.4248 |          6.5353 |     1.4548 |          0.8911 |            3457
42:17 |  1267 |     1.172e-06 |     1.4076 |          6.5276 |     1.4123 |          0.8928 |            3457
43:02 |  1268 |     1.172e-06 |     1.4089 |          6.5535 |     1.5878 |          0.8905 |            3457
43:47 |  1269 |     1.172e-06 |     1.4100 |          6.5370 |     1.4420 |          0.8911 |            3457
44:31 |  1270 |     1.172e-06 |     1.4009 |          6.5322 |     1.4783 |          0.8915 |            3457
45:16 |  1271 |     1.172e-06 |     1.4091 |          6.5363 |     1.4188 |          0.8917 |            3457
46:01 |  1272 |     1.172e-06 |     1.4036 |          6.5053 |     1.4024 |          0.8900 |            3457
46:46 |  1273 |     1.172e-06 |     1.4162 |          6.5694 |     1.7203 |          0.8903 |            3457
47:30 |  1274 |     1.172e-06 |     1.4244 |          6.5143 |     1.4702 |          0.8915 |            3457
48:15 |  1275 |     1.172e-06 |     1.4197 |          6.5229 |     1.6669 |          0.8914 |            3457
49:00 |  1276 |     1.172e-06 |     1.4038 |          6.5027 |     1.4832 |          0.8907 |            3457
49:45 |  1277 |     1.172e-06 |     1.4055 |          6.5463 |     1.7247 |          0.8924 |            3457
50:29 |  1278 |     1.172e-06 |     1.4107 |          6.5303 |     1.4209 |          0.8916 |            3457
51:14 |  1279 |     1.172e-06 |     1.4048 |          6.5210 |     1.3908 |          0.8933 |            3457
51:58 |  1280 |     1.172e-06 |     1.4027 |          6.5142 |     1.3866 |          0.8908 |            3457
52:43 |  1281 |     1.172e-06 |     1.4099 |          6.5286 |     1.7270 |          0.8910 |            3457
53:28 |  1282 |     1.172e-06 |     1.4018 |          6.5317 |     1.4109 |          0.8914 |            3457
54:12 |  1283 |     1.172e-06 |     1.4198 |          6.5359 |     1.6011 |          0.8926 |            3457
54:57 |  1284 |     1.172e-06 |     1.4160 |          6.5553 |     1.5067 |          0.8924 |            3457
55:41 |  1285 |     1.172e-06 |     1.4025 |          6.5814 |     2.0559 |          0.8917 |            3457
56:26 |  1286 |     1.172e-06 |     1.4153 |          6.5145 |     1.3925 |          0.8913 |            3457
57:11 |  1287 |     1.172e-06 |     1.4103 |          6.5238 |     1.3915 |          0.8914 |            3457
57:56 |  1288 |     1.172e-06 |     1.4022 |          6.5389 |     1.5872 |          0.8932 |            3457
58:40 |  1289 |     1.172e-06 |     1.4009 |          6.5123 |     1.5742 |          0.8894 |            3457
59:24 |  1290 |     1.172e-06 |     1.4050 |          6.5469 |     1.4483 |          0.8926 |            3457
00:08 |  1291 |     1.172e-06 |     1.4038 |          6.5515 |     1.5338 |          0.8918 |            3457
00:52 |  1292 |     1.172e-06 |     1.4247 |          6.5390 |     1.4327 |          0.8920 |            3457
01:37 |  1293 |     1.172e-06 |     1.4001 |          6.5316 |     1.4146 |          0.8914 |            3457
02:21 |  1294 |     1.172e-06 |     1.4042 |          6.5321 |     1.3968 |          0.8926 |            3457
03:05 |  1295 |     1.172e-06 |     1.4129 |          6.5346 |     1.3753 |          0.8912 |            3457
03:50 |  1296 |     1.172e-06 |     1.3946 |          6.5366 |     1.7594 |          0.8911 |            3457
04:34 |  1297 |     1.172e-06 |     1.4090 |          6.5400 |     1.3551 |          0.8926 |            3457
05:19 |  1298 |     1.172e-06 |     1.4060 |          6.5760 |     1.5635 |          0.8919 |            3457
06:03 |  1299 |     1.172e-06 |     1.4006 |          6.5267 |     1.4123 |          0.8914 |            3457
06:47 |  1300 |     1.172e-06 |     1.4018 |          6.5378 |     1.3913 |          0.8907 |            3457
07:32 |  1301 |     1.172e-06 |     1.4007 |          6.5261 |     1.3775 |          0.8896 |            3457
08:16 |  1302 |     1.172e-06 |     1.4085 |          6.5654 |     1.5850 |          0.8897 |            3457
09:00 |  1303 |     1.172e-06 |     1.4034 |          6.5234 |     1.3808 |          0.8913 |            3457
09:45 |  1304 |     1.172e-06 |     1.4062 |          6.5371 |     1.5857 |          0.8924 |            3457
10:29 |  1305 |     1.172e-06 |     1.4148 |          6.5182 |     1.4340 |          0.8909 |            3457
11:13 |  1306 |     1.172e-06 |     1.4053 |          6.5108 |     1.5296 |          0.8914 |            3457
11:57 |  1307 |     1.172e-06 |     1.4031 |          6.5732 |     1.9805 |          0.8918 |            3457
12:42 |  1308 |     1.172e-06 |     1.4046 |          6.5155 |     1.3958 |          0.8901 |            3457
13:26 |  1309 |     1.172e-06 |     1.4097 |          6.5241 |     1.4326 |          0.8898 |            3457
