Time,Learning rate,Train loss,Validation loss,MAE_energy,MAE_energy_grad
108.85424423217773,0.0003,154613.4744011838,4776.7746229223285,173.42527008651294,31.16637860462728
217.04007577896118,0.0003,3645.3030718427162,2437.7582042356407,111.14966518434805,24.367571136068538
325.0015037059784,0.0003,2193.616124082392,2339.3423443558795,134.5361573359786,20.616453261592213
432.8870851993561,0.0003,1708.5243594857307,1403.6951734592653,79.3891893180199,19.71002780156231
540.7592010498047,0.0003,1566.9677338169954,1276.2811175795948,91.35198167070968,17.004211523054394
648.7739706039429,0.0003,1147.518014086517,907.5006683960013,64.39018134149089,16.081119847843347
756.6225168704987,0.0003,1767.6612112920993,1201.3129432426333,91.41456921548465,16.679060241329122
864.8080058097839,0.0003,1500.4976206758447,5418.401872225057,287.9076450077333,16.137733779711386
972.9954357147217,0.0003,2037.1297510342122,1014.2813489924031,80.03100673946103,15.233721858614828
1080.9281091690063,0.0003,1298.6080998968616,1456.0786383759942,121.01737624039802,14.482219809326404
1189.001935005188,0.0003,984.1257627423024,622.2988573794662,57.83009339568212,12.85199389775756
1297.161786556244,0.0003,1162.8320997224987,2502.4996657372467,177.6709102829824,13.964108526198004
1405.5670404434204,0.0003,3153.4728981063954,852.9258421798249,81.56873894183782,13.033911283844883
1514.3949403762817,0.0003,1520.1746871040668,2007.4563196353683,142.35273377559005,12.502666112967214
1622.7468552589417,0.0003,5524.924980246853,771.9548679027719,69.38135178908648,13.36410499236255
1730.6340758800507,0.0003,761.3752373423229,422.6328733115431,44.96753597482516,10.557169530737964
1838.8921461105347,0.0003,1622.5219693386787,1146.850657783789,109.06463203222047,11.747672631257824
1947.1588282585144,0.0003,3902.268010170695,1043.3363857795405,97.65656630768036,10.969657205021967
2055.413394212723,0.0003,4314.2479469671525,1011.3743728714104,89.16133530364776,13.482461210187127
2163.2518837451935,0.0003,1146.3417804367054,594.9010707939295,62.36725964326926,11.639996016889251
2271.326714515686,0.0003,1123.9368135890336,6149.138506011052,302.012985407888,12.234441824922818
2379.7841787338257,0.0003,25907.037511916064,1322.1541955014195,86.96292290275021,17.10517513936237
2487.875091314316,0.0003,1113.3388178590199,918.0041473394715,70.91682563716327,14.27360464403951
2596.0097868442535,0.0003,850.8002600105814,876.8119146499376,79.02939514731023,13.032522461646616
2703.9456763267517,0.0003,752.2328777827354,888.6122709452309,83.08018780274959,12.164395541371158
2811.53018951416,0.0003,752.0429884514795,705.1044639949803,70.10403910969164,11.664676863360192
2919.5582644939423,0.0003,652.9771367865699,544.7891265483214,55.954976974570556,10.993462086690673
3027.863255262375,0.0003,597.0595459745784,906.9889389574671,65.50863411978456,14.793431899092981
3135.5524213314056,0.0003,809.8750155953051,649.345139708017,65.98359774130913,11.261497406976575
3243.476176738739,0.0003,636.3889809394101,579.9016693224883,63.913481916753184,10.746486609174164
3351.3542041778564,0.0003,545.6066347607846,689.9381211531983,78.89650863088487,10.080155268934156
3459.6420822143555,0.0003,517.1869613705246,791.5178626368574,89.06921943313705,9.746435608116789
3567.385695695877,0.0003,481.9497840492145,899.252633981173,97.62275028600418,9.78808673410373
3675.2117371559143,0.0003,702.8213510630152,471.55616027467687,58.52735904446823,9.418913580734324
3782.79860496521,0.0003,490.5982692936901,392.4385141415903,47.70058503005993,9.400596740459616
3890.7602214813232,0.0003,449.94102498082333,563.1891073578266,70.73656306040073,8.735839530634083
3998.6283802986145,0.0003,425.7421716055697,689.2578937294062,88.68978670139566,8.625426498414381
4106.710227251053,0.0003,451.4377891453849,503.94907633607437,62.423789579610016,8.698329042632242
4214.85325884819,0.0003,439.3360592711872,411.5847016373736,57.86363456291978,8.249414020252374
4322.842772483826,0.0003,616.8338645753204,590.6785776666743,76.15192739794428,8.948227573505251
4430.47881603241,0.0003,537.2209720726294,356.66647715037976,51.86643530592171,7.8667673818980175
4538.781856775284,0.0003,401.989164356241,360.38969607313686,51.87012137385522,7.916131594156756
4646.949018001556,0.0003,452.8913838808668,757.1291421765123,88.47498531445616,7.860373109940229
4755.314535617828,0.0003,340.3884656485058,1227.6764325909687,129.39646946110952,7.458404814704262
4863.134972333908,0.0003,1747.494891905365,284.88589060833004,45.541980793953684,7.073674886070011
4971.319570541382,0.0003,308.9843869650117,227.86140352190273,34.86056927675766,7.0400736065531255
5079.621024847031,0.0003,342.0119338278835,525.7498271936851,78.56943274696451,7.165420049746015
5187.816798686981,0.0003,308.69393943332835,1483.3029437183163,143.82970848886276,6.94695859815112
5295.804578065872,0.0003,696.2176866095856,203.2918147712151,31.968539814045908,6.6608764615053815
5403.727575302124,0.0003,253.4441222260752,201.98474923856196,30.78525075221192,7.109754158626034
5511.959568738937,0.0003,399.16279347454366,271.5056380878079,42.69318021802538,7.137166485041016
5620.219811439514,0.0003,395.27917336344746,294.7053659927809,49.06359649206267,6.802183598345437
5728.253658771515,0.0003,262.0656434533112,270.9003638488405,46.94657157011917,6.58485122835927
5836.200155973434,0.0003,347.79502817325164,218.99052806665063,37.420350982356794,6.510511229400472
5944.653467178345,0.0003,308.2369466141301,665.6245024116096,90.63472594976983,6.831113762803862
6052.824996232986,0.0003,726.4779694969974,272.89353723056814,41.83281515096187,7.210051256477079
6160.603865623474,0.0003,341.56509692420883,996.1069302507772,115.23598106188042,6.033249216353743
6268.697764158249,0.0003,274.90009231550385,928.151157700864,115.18708262514157,6.216507866130311
6376.364219427109,0.0003,232.46322118224214,173.19792849672132,31.34658580372692,5.987118806580967
6484.432140350342,0.0003,250.52189623993524,161.8999653076773,31.18913585100895,5.914197905366866
6592.609559297562,0.0003,332.64784219987837,346.79963295090187,47.48997171094245,6.215472495971487
6701.030478477478,0.0003,223.39361948211732,162.0249063810891,31.176074181881532,5.888865511293797
6809.140214920044,0.0003,292.56553487422923,224.7598986609888,43.45951280720236,5.922871316430673
6917.209034442902,0.0003,214.21332389438942,583.7061691903648,92.27432893201511,5.78336114493377
7025.512075185776,0.0003,284.39153036728123,224.4349292888194,44.778981489031366,5.644830821927258
7133.493741035461,0.0003,174.21389430762665,657.1102012737666,94.99828327324644,5.54889153960699
7241.621014118195,0.0003,243.45337292048097,125.37724425761868,23.135508607907493,5.635133391156634
7349.188770055771,0.0003,195.4129026484771,552.5592550991664,79.54513175173467,6.059390619073821
7457.213853120804,0.0003,693.946846856389,138.84020775351345,26.4243287334011,5.517379245453538
7565.396296977997,0.0003,174.48934605446127,119.98535688690954,24.972641728580324,5.260138064872166
7674.132073879242,0.0003,179.3017382027976,116.04312773957146,22.783491296686424,5.408252930576197
7782.251405000687,0.0003,213.30247574379408,154.05330134367583,30.617068926245555,5.531919394058261
7890.1100025177,0.0003,146.5041369061928,114.12804721410626,25.731274992064954,5.00379216011433
7997.968077659607,0.0003,149.04462463113774,187.65961461198458,43.89788238572963,5.024289311708038
8106.062685251236,0.0003,168.05925248507853,431.1816806836921,77.97979629290633,4.958069653757063
8214.092047214508,0.0003,230.51759475194737,133.65523870041147,29.15560687712553,4.954813993880647
8322.29250216484,0.0003,168.75232572804106,140.43318354382987,34.480725978931595,4.7734402748747025
8430.258400440216,0.0003,118.81415694847115,84.56310537368853,17.959302240670517,4.70518637677032
8538.613451480865,0.0003,2803.0076674786196,28056.68130853794,670.3917845252521,15.56929960914661
8646.907455205917,0.0003,4371.685054004896,275.44040406696274,44.38420574756126,6.526791899311793
8755.210072040558,0.0003,280.7251811597947,261.4714351574946,43.04017864533541,6.7826867462010565
8862.991616487503,0.0003,243.92236240426902,200.78211272227247,36.46397020513902,6.01207691662121
8971.352730035782,0.0003,193.20953137998353,160.44386313196105,31.242155834742107,5.6347428481193305
9079.102499723434,0.0003,173.4114373662366,134.07531496235163,24.748752109352164,5.612126637356806
9187.427492141724,0.0003,159.59613556499656,120.07547648246377,23.487142900331637,5.308014165529872
9294.97485780716,0.0003,152.73055272262752,167.4801660814484,36.995901034943124,5.1473273521194045
9403.163516283035,0.0003,145.68844608911084,120.91400353736607,23.934400568878104,5.138805543264221
9511.495327234268,0.0003,215.1791212082334,161.27862261109706,30.234752824505325,5.741945228861213
9620.065687656403,0.0003,162.33209525431468,124.87191928515263,24.646309023802853,5.335444939882849
9728.042088747025,0.0003,156.66642290108132,130.27337615856285,27.234385733481783,5.064328093324641
9836.211350679398,0.0003,149.81521070059276,126.56252610273003,28.15938639473562,5.033492665130704
9944.110096216202,0.0003,151.66659889722567,108.57714237728244,24.330869887270968,4.8555020922405605
10052.306587934494,0.0003,118.78109352008143,122.47911598455296,29.76986840620509,4.639735757125892
10160.229235172272,0.0003,125.63633165127929,117.49359494878213,26.71163363616539,4.700561453216651
10268.41815161705,0.0003,121.86308100431208,85.20411173657291,19.29444018844878,4.546283883769934
10376.416843652725,0.0003,129.8653172259077,89.73945217924172,18.613869739154865,4.796831533294389
10484.119139909744,0.0003,117.06722567654528,87.01205883737865,19.55316632777011,4.620929346875928
10592.15577840805,0.0003,111.38786927935115,84.58473921473718,19.591361666506188,4.502398087468637
10699.849697589874,0.0003,132.41014087903895,165.26244753319753,39.922894758074335,4.41168068707652
10807.973857879639,0.0003,110.51670487969616,92.09943583287703,21.45134052148761,4.431720451140361
10915.570927143097,0.0003,162.08167107935392,167.0571968643474,31.511610725384994,6.009721960294618
11023.761137485504,0.0003,176.80427634888648,124.78099096061169,22.223709240242176,5.813747501012654
11132.0103495121,0.0003,197.4683607972048,97.3440486685533,21.021186097190423,4.910711456899446
11240.061774730682,0.0003,119.08821169351198,265.34076994796294,59.28782247066126,4.503960425960684
11347.719197750092,0.0003,181.92779064624605,83.48663169361596,18.637520972212496,4.5089284842692035
11455.737877368927,0.0003,161.0087949940186,102.96523522770846,23.60046282357196,4.677341905493991
11563.749481678009,0.0003,146.9736224518876,618.1352097025133,98.6203209512046,4.707052740457737
11671.895859241486,0.0003,149.9836174549996,86.69062192624781,21.144923331304536,4.209602286815396
11779.879004716873,0.0003,109.93211159437371,115.25535973696661,28.793992242493484,4.372625194196334
11887.730448961258,0.0003,164.39608405018257,534.7684297991442,86.50396267065106,5.282589544429602
11995.788233995438,0.0003,135.55674610235664,356.39043833916907,71.61357550795712,3.9687096702093707
12103.961483240128,0.0003,125.61476683876886,123.48049013613372,34.52733491346043,3.868642751697125
12211.820565462112,0.0003,124.47950956396016,209.98030363718487,48.83679130239033,3.9511905405075116
12320.236074209213,0.0003,680.479688585349,93.61024552390954,22.903177167694736,4.391770592141984
12427.791262865067,0.0003,91.2346329938651,73.96474938742439,19.676438046914008,4.084405774056899
12535.970465183258,0.0003,89.39772978315483,65.1476143316713,16.50159453453724,3.889312962285722
12644.118907928467,0.0003,79.31250322749392,77.87553244915684,24.181975010123367,3.7899499890796218
12752.200011968613,0.0003,74.04808803209087,63.655904409925675,17.458481402854297,3.824994035659796
12860.1347489357,0.0003,86.73740719824757,63.27163120604008,17.471119991430342,3.7599050795773055
12968.307319879532,0.0003,76.02392267442595,68.00945740723861,18.224545654986674,3.930951988414545
13076.276646852493,0.0003,89.81377919571626,144.95780909512342,39.97027681251104,4.046669172042959
13184.257995843887,0.0003,133.14826536529125,114.97084358749112,27.422256243758525,4.689960504594221
13292.30127286911,0.0003,134.71928853089997,101.81079394828078,24.390813939012034,4.294088635843186
13400.669828414917,0.0003,135.68437617848568,84.75331713434466,23.411251433826664,4.1058642720984135
13508.554237365723,0.0003,8212.761664771482,528.5418565095956,68.13019636099169,8.279774350297364
13616.79715013504,0.0003,466.61122557261285,444.75698126443973,59.86907649764955,8.261737939861558
13724.915565252304,0.0003,366.70408956009766,274.5393882585482,40.952275437483635,7.262848433090591
13833.05779337883,0.0003,311.4258639105552,251.52677076470684,39.857681000873804,7.017919331559403
13941.12994980812,0.0003,257.1632690055781,213.26521836041587,36.19059990089755,6.52518849255904
14049.0775578022,0.0003,232.1558047791955,236.9245934788704,41.19472208119702,6.443899943730307
14157.258769512177,0.0003,255.87208229450746,272.6470812985518,50.408069922788385,6.0658106223681685
14265.325261592865,0.0003,206.43862402447084,495.04035183163006,73.35115207068547,5.910092251178568
14373.090643644333,0.0003,197.0655059202606,147.7146456900805,30.004217919389067,5.610210660337158
14481.253569602966,0.0003,175.0914763843437,131.3021184069927,25.72248659557601,5.5637605246778445
14589.460251808167,0.0003,158.33982471815327,136.5163115188081,28.53679334085989,5.431449118930487
14697.422459363937,0.0003,158.4135877456716,152.54630547919922,33.901006280864856,5.35742414336366
14806.079324245453,0.0003,142.8399240991325,130.67108088508,27.326467771225392,5.249744825492395
14913.989692926407,0.0003,138.2564575660996,98.7803846945212,21.539897942487283,5.02942247477354
15021.745148420334,0.0003,149.39499839192962,156.01311809410183,37.26374481807718,4.897326866041477
15129.662921667099,0.0003,150.68635805520483,115.81052979061276,27.973570665343143,4.785760791650605
15238.014399290085,0.0003,189.12769630858722,128.8895871441958,30.189803075158586,4.7715894616518835
15346.460011720657,0.0003,131.09073888923575,82.73325349540795,17.861114582231245,4.745253717551614
15454.816044569016,0.0003,121.13721877786624,242.30026116215882,54.03455290344667,4.84390047234365
15563.151685714722,0.0003,152.3484255662605,80.65386957602477,19.101280393771425,4.540367271870926
15671.124624967575,0.0003,123.17611930576935,98.46636510570508,24.37019717721203,4.531453797308224
15779.630075216293,0.0003,109.60711172116204,78.65000292173413,20.769218578621082,4.28808939587682
15887.599546194077,0.0003,127.51523566973664,92.90777094840976,23.72861450980254,4.283491083147066
15995.44319152832,0.0003,134.25332265655456,91.06306747094197,24.632501336065754,4.198523548052942
16103.321678161621,0.0003,181.56425382597564,79.17411715628137,19.26963937273271,4.391793034034669
16211.085902690887,0.0003,133.1890923442063,74.8819317987799,19.182803269205667,4.226266829934516
16318.97156381607,0.0003,110.74612914196074,123.53958875403754,32.990288223778,4.223516523895938
16427.327736854553,0.0003,142.56346305427374,590.2730089433089,91.09397102052684,4.214899962077518
16535.263486146927,0.0003,145.3352519558171,101.74741733112972,27.3969330404851,4.366264581048508
16643.31376862526,0.0003,152.03958437845898,315.72934652686735,66.80159798173912,4.380689200815733
16751.338989019394,0.0003,145.0029750185784,79.42912225526041,22.499768724686824,3.8711291887933714
16859.64401435852,0.0003,94.54102557686448,63.978104657228656,16.127950717393812,3.981467129599802
16967.610080480576,0.0003,93.17805273778775,115.86521469013901,33.92335640185528,3.742672737003516
17075.71449613571,0.0003,112.21535742460792,109.99148822833745,29.441762384546983,3.9252249748227173
17183.995875597,0.0003,169.03980513462432,84.80491661149264,25.741144452351477,3.7945609018471482
17292.599457502365,0.0003,118.07297429190788,62.12986760983006,15.178782072832876,3.981841501984271
17400.375529766083,0.0003,102.22467848314,81.0142821034242,23.65043518827562,3.7669732354108425
17508.42011976242,0.0003,129.22657828225832,116.26332298307084,34.263346070715535,3.58672717546585
17616.570461273193,0.0003,97.3532896290433,275.76584864808035,60.113015154796194,4.279998970101887
17724.420810699463,0.0003,3927.2709400689423,228.59657432600832,41.192495160240355,5.823389029080402
17832.718070745468,0.0003,228.76561627437925,159.68021885051712,35.53479959513188,5.209073616489952
17940.67538332939,0.0003,163.09496507073172,146.19418355228575,35.116950923357734,4.787210335313626
18048.70826768875,0.0003,117.99201774639657,175.29622655564137,42.421949426735736,4.474240483583038
18156.872069835663,0.0003,2688.528341360043,3014.9033738967637,192.5085075301113,10.213854363561323
18264.792936325073,0.0003,783.9296894171212,547.8260218193768,74.22717960681751,6.844699652949685
18372.893002271652,0.0003,341.0199903529374,270.9033613757244,45.909124242079415,6.506285480868323
18480.887923002243,0.0003,262.825509326074,249.95176466127756,45.10110157872213,6.164974360318916
18588.763073205948,0.0003,272.55254092931375,189.76854156339598,35.80235194788254,5.803445249434771
18696.88047337532,0.0003,235.46885539407745,146.65346788226196,26.2161946463938,5.816290399412875
18804.77251434326,0.0003,196.67045758120545,144.36563356110145,27.74937410421513,5.533731018867039
18912.773067951202,0.0003,188.36437260183095,133.72828187353525,25.90770381888838,5.418753370715875
19020.809128284454,0.0003,167.7260723662127,118.21584546983868,23.25447007295961,5.323699737343634
19128.90547299385,0.0003,169.58809660675533,138.57829407914193,30.45924508265007,5.171997450771363
19237.6682677269,0.0003,153.59402984870678,108.58561591822534,21.85103277145469,5.121615910507382
19345.716651439667,0.0003,145.170272232297,103.76941175685022,22.057550610180304,4.968236681563801
19453.402718544006,0.0003,154.63031048688677,108.58372564728865,23.55236798566668,4.954378956150547
19561.431967496872,0.0003,181.27497526913663,180.2161936181895,40.93737280972749,4.726470186060109
19669.109565734863,0.0003,208.3824330323734,127.20285495068762,29.77251557419287,4.710621330626796
19777.03600335121,0.0003,160.5820544033174,143.24683167543404,30.595861207481853,4.826797719469025
19885.28665947914,0.0003,153.7428526543753,140.30715635583894,33.98448198099947,4.627698611406422
19993.193306684494,0.0003,126.1408082414348,91.36321856235148,21.68795833751176,4.468855136151826
20101.222569704056,0.0003,120.98250926037518,98.67730706069993,23.897530238329203,4.558204748943473
20209.070210456848,0.0003,131.60341945791808,101.13710250506985,24.866084401345496,4.401008983753833
20317.126331806183,0.0003,152.3961708763974,221.54758455462814,45.58782034002053,4.40297107198476
20425.300889015198,0.0003,183.97803873600475,83.57808269049944,19.95857477819929,4.266332786731941
20533.031709194183,0.0003,116.85647783727681,86.47222759283412,20.93933539267917,4.4060521562110635
20640.91408586502,0.0003,172.44790164695124,132.43387173023925,32.61755593791197,4.337416150492775
20748.85929441452,0.0003,164.30610107775388,169.2054098744802,38.385902184763644,4.31768891007379
20856.97201514244,0.0003,140.75768034270675,97.09837372756886,25.247668607478392,4.048382251962647
20965.13152527809,0.0003,103.5088103802758,73.66418925787795,17.741030962877876,4.089283735850292
21072.9808447361,0.0003,191.66800025163235,143.78689478886267,37.257984179216535,4.0305295266053855
21180.929970026016,0.0003,108.76731524145612,88.68449718108302,23.999076498363134,4.157611961572315
21288.764056921005,0.0003,98.83196709782224,75.89929449563991,20.352090043196526,3.7853335910277335
21397.110157489777,0.0003,143.1991190257065,181.26850977018705,41.041652845946125,4.043495325787166
21505.07509493828,0.0003,161.1148157355567,170.85907603358368,38.52443969203268,4.01925113615492
21612.982317209244,0.0003,128.74418110379028,210.2678269973303,49.303130901333695,3.909040467759633
21720.71482539177,0.0003,1964.2741030809686,728.4058617851867,90.0058368138754,6.38206384041701
21828.83898115158,0.0003,1032.4059849342011,482.3877066442456,69.83235557359917,5.5770800176429765
21936.82697081566,0.0003,416.8570074029159,332.67488748003956,59.427965094312874,5.52048452335248
22044.715291023254,0.0003,238.889728100004,148.29568251961274,29.00827450949237,5.329473370384524
22152.717195272446,0.0003,166.7398490744302,131.9018692734063,29.16826216949677,4.955187790972175
22260.385430812836,0.0003,154.146754417156,132.82292396488643,30.297405694855996,4.789666848831061
22368.44923210144,0.0003,142.23677810121683,108.17653150199902,23.163626610628814,4.78139049062262
22476.331673145294,0.0003,142.62624083629666,144.77302548636249,34.90548289797776,4.670215681335079
22584.43188238144,0.0003,131.315413327386,168.31112119333812,41.03574900876147,4.423947019258029
22692.64457631111,0.0003,129.31885383930575,88.53266737290912,20.98375904680878,4.326595994827012
22800.56767988205,0.0003,126.99500121271512,81.60870967889488,19.15483230329173,4.311459663155053
22908.362210989,0.00015,104.36982839222766,83.68975505504554,19.84435265675617,4.202599603577751
23016.319236278534,0.00015,109.53147373722082,80.98905823272361,18.12418926830693,4.3686523509447595
23124.389230012894,0.00015,108.56166688592324,78.00444087463616,17.798739179817847,4.261771018198353
23232.36192202568,0.00015,97.19603690497725,94.7656115303317,24.895172095354514,4.102423111474037
23340.394071817398,0.00015,102.96457268979826,75.41523356813654,17.89806442379673,4.205292943815842
23447.824991464615,0.00015,93.6052220124236,79.71252789258465,18.755194267814083,4.253177894027281
23555.903602838516,0.00015,104.87362754687511,114.03014836805215,31.07370307309871,4.048176794391806
23664.120589971542,0.00015,102.2703641320847,157.47969316216032,33.84365412116701,5.425532896124052
23772.03294610977,0.00015,116.50749766043232,80.29795107540795,17.462876787430964,4.549151676771654
23880.16939139366,0.00015,105.35932293265401,83.74919858117634,18.87428889345212,4.50276196097279
23988.177228927612,0.00015,112.75018524013561,569.3375291082111,91.96635578539069,4.285060781302125
24096.41699719429,0.00015,179.20918511186525,277.5692496642799,61.649222703251354,4.090708194266122
24204.32203221321,0.00015,102.31038881447618,84.76358130089676,19.557771990472045,4.556426908996837
24312.233974695206,0.00015,100.2649905246625,142.64810994304983,35.29830196437107,4.409618844661388
24420.394070625305,0.00015,114.98237264679493,67.44058928240251,15.771565223985228,4.093815025081875
24528.32332444191,0.00015,88.93467131657387,79.15044132301412,22.302185397545806,3.902019653153394
24636.50016593933,0.00015,108.86851357680754,79.86795140254358,21.41799551829266,4.050599488512256
24744.446980714798,0.00015,99.22183726449458,72.43993235466743,21.077239740480227,3.834724320290729
24852.40423488617,0.00015,83.07729639914605,63.23790979937124,17.37390082010699,3.731244119406792
24960.311617851257,0.00015,92.97869254741299,74.84308235005928,22.29410928501715,3.8546673407453764
25068.402321577072,0.00015,83.76503187278566,61.67040144526733,14.951971456954373,3.9277010891663515
25176.74035000801,0.00015,99.26568738716858,142.40949512617345,40.7773067031349,3.758218502272356
25284.818189382553,0.00015,79.09581656146884,111.73819114341221,32.2341116937175,3.73830359346838
25392.88676071167,0.00015,85.55634146401653,96.54307206206454,28.411197237176815,3.691362738399092
25500.672988414764,0.00015,92.83696368670617,67.19104325382477,18.929905511584025,3.8444130284231712
25608.82333612442,0.00015,84.78904697267801,218.90369297066115,52.58292491790938,3.82338436371079
25716.82651758194,0.00015,102.16414302248921,263.38025964333366,59.410223826336285,3.932609317584671
25824.75945544243,0.00015,98.97127162111605,68.12282202262489,20.447339998216993,3.7368638128057117
25933.146965026855,0.00015,77.75072709200616,52.589348743197085,13.015087847215352,3.619524170990153
26041.10614657402,0.00015,77.65655217645535,53.06659936658037,14.870859174364169,3.512796423615777
26149.36401438713,0.00015,80.31474268168218,86.94465793995222,28.160544427409363,3.4963801370994623
26257.176271915436,0.00015,70.79120267263418,63.670787314840915,18.758320300725877,3.4292802691505746
26365.32561826706,0.00015,76.69247114793791,54.87963528325137,16.518830457703732,3.34039149852434
26473.387685775757,0.00015,71.64273763866089,47.84182078136792,12.927300659084542,3.4608040406715843
26581.668765306473,0.00015,123.13116323785916,75.23480539426853,22.772217150693375,3.4795233056966173
26689.612710237503,0.00015,72.76679765952406,212.21926607877748,55.35711819774363,3.273734206974171
26797.542838335037,0.00015,85.9064677258222,159.1565838990584,45.14158729083447,3.407200788570466
26905.455630779266,0.00015,89.58451577363128,56.80406544198881,18.080814409144484,3.460353454203629
27013.535529613495,0.00015,77.26072581039024,110.13092817898522,31.92944230089314,3.490990526053989
27121.770965337753,0.00015,71.06559086334575,62.10056709194364,21.06900257517933,3.2373454878278767
27229.861028194427,0.00015,73.3366347644557,79.06295218499955,20.789044422556994,3.8093751463126218
27337.83882665634,0.00015,81.27769887630593,57.648952550070824,17.41117041833867,3.2424699547319107
27445.73307466507,0.00015,172.73724808143757,115.22068349323634,26.11874685488171,4.845011441577948
27553.76674938202,0.00015,120.63375983659927,86.64739874035418,23.870229011945955,3.9871930898788928
27661.673426389694,0.00015,85.49338188009926,70.64836024825237,19.593394700940102,3.792911857298268
27769.83068537712,0.00015,76.16604203130493,56.15901713166631,15.10428548026438,3.631921092366764
27877.711073875427,0.00015,76.05967752512326,102.17847616833656,29.969553922919307,3.5818905677089963
27986.018654584885,0.00015,73.81703727604898,49.487620953390895,12.831789904242832,3.4870815958623167
28093.9354865551,0.00015,75.06902173697272,85.35054294831055,24.547272409393003,3.5875470464724066
28201.93734407425,0.00015,71.60553169547914,57.67328560478121,16.866242831699196,3.324804690608136
28309.86316037178,0.00015,62.61667861309633,51.76825244351115,14.521802130659761,3.3917740041845548
28417.903036117554,0.00015,97.90248779242489,47.432536951618104,13.735603784455606,3.427070723510688
28525.64528131485,0.00015,67.4781040056534,45.26685305839921,13.490709008969837,3.277600744493875
28633.744307994843,0.00015,66.80136339625687,68.59598522168473,22.60733338770045,3.2977000236052563
28741.28369116783,0.00015,62.081441723336404,67.77823254230232,22.874905349124898,3.3768866149198407
28849.271406650543,0.00015,65.50040819725126,53.40565257223943,17.69296625899971,3.2506029918994885
28957.445585250854,0.00015,66.05297236656075,153.0955166545424,44.08465573198611,3.185553361219253
29065.51450943947,0.00015,69.82254699227751,44.84511201010096,14.541408030390276,3.1096438894452527
29173.169606924057,0.00015,58.770051937056536,41.1703211395603,11.398633669989238,3.1349867116022083
29281.282039165497,0.00015,56.96713100559968,81.97223997756872,26.763890754777012,3.223156590241886
29389.486719846725,0.00015,65.01980510090475,117.03299049180809,38.086291758417616,3.0218679143709744
29497.61004638672,0.00015,90.01629469734068,45.15666579045436,12.163692215691297,3.3640170617577128
29605.710668325424,0.00015,67.37317211077192,43.22938663358448,13.935681578709758,3.124142461263693
29714.026005983353,0.00015,58.60795751067306,63.28405476385395,22.776588362636552,3.1620345339643467
29822.362437725067,0.00015,58.65545751512595,124.04922317447469,37.58594469529804,3.1594695692378676
29930.108436346054,0.00015,63.107891608782296,48.51673306837937,16.287149832198512,3.137931430105197
30038.16960668564,0.00015,58.58338673966158,40.80268737189041,12.691623625305605,3.1015205200194162
30145.91147017479,0.00015,62.34415179580005,54.39133755786451,18.887442718886437,3.0103697378429612
30254.120167016983,0.00015,65.91423401903751,110.7706751016578,35.90097262352031,3.1441631494309616
30361.938710451126,0.00015,69.33753431324014,90.3963939953711,28.539826926084952,3.190633900377511
30469.97660803795,0.00015,58.852846463025614,45.12366970982933,13.669175196325789,3.0778861973106952
30577.88120341301,0.00015,62.93766277174717,158.27445407586512,45.98471323252653,3.0625096622737242
30685.68990254402,0.00015,72.96033529620257,40.92265885375455,12.581517294618365,3.034246134266279
30793.691261291504,0.00015,63.47120799155776,41.182504653121256,13.903773149474004,2.9773682266856834
30901.464668512344,0.00015,49.3404324149788,53.782277262348785,19.970628537708023,2.884487484245665
31009.524825572968,0.00015,58.01525286434222,87.40819882325351,31.34323198611348,2.98749876785433
31117.49122786522,0.00015,57.81966335562615,86.05406988888956,27.639123272914397,2.878095748008785
31225.27064180374,0.00015,55.41238548251616,48.23714227638889,16.42219676956569,2.902642431216077
31333.508093357086,0.00015,57.33764781174349,36.28216634527994,12.643594787906876,2.735916569524756
31441.546594142914,0.00015,49.36785740978762,38.13399234511314,12.49833352140217,2.780307040478631
31549.626827955246,0.00015,51.91826237376641,40.23712193131882,14.273654197401491,2.7784487331947005
31657.74670767784,0.00015,58.04576163526685,182.92539157090937,50.043200807281515,3.1173457254160906
31765.672621011734,0.00015,67.99050080003438,49.79572436882859,18.5911817543226,2.9787982457869515
31873.385486125946,0.00015,50.65047253604242,43.28750897859533,14.78736482294667,2.967167538054451
31981.91263604164,0.00015,65.80414818899486,66.91582571217393,21.926314489969684,3.0957913583603016
32090.333510875702,0.00015,59.20325101502729,33.43597000610522,10.285155928887525,2.8081501539600175
32198.186129808426,0.00015,63.963260084676115,56.79025088930331,18.596051523114962,3.322830677207843
32306.08714222908,0.00015,58.66836705317235,61.39395298896984,22.200343937030176,2.9578712974134858
32413.82092475891,0.00015,58.56634682604135,48.25121621122103,18.065184143494555,2.7738466958820394
32521.62081336975,0.00015,55.897712321290996,36.38457243141772,11.689562781936752,2.8078945074762136
32629.66624903679,0.00015,56.740329926835585,38.72394702831623,13.473243436865387,2.713340446808955
32737.760421037674,0.00015,42.46746342940064,39.63055180444317,14.07591619811203,2.7593686469701284
32845.79863715172,0.00015,48.75849993368596,40.13653154778144,13.665260190064332,2.7654673023914396
32953.63459777832,0.00015,47.30993322158715,44.661526166313855,16.994200354893508,2.7885545724529237
33061.620802402496,0.00015,47.02827303073379,31.56056352710813,9.721262449411704,2.5853050708874177
33170.20630478859,0.00015,90.45141074014258,48.083006899161305,14.337673746229425,3.4335316598042707
33278.33014559746,0.00015,62.050711946408825,45.23935044660667,16.44214810009404,2.6665441750290717
33386.250856637955,0.00015,54.95844774188855,35.115300576514926,10.988523538281745,2.703238323499928
33494.23655128479,0.00015,50.10928722584691,35.12257966723547,11.68601883303255,2.718501694185043
33602.436995744705,0.00015,47.16901335649327,36.51747514965018,12.478204125086963,2.745333694781916
33710.761035203934,0.00015,44.385320753954545,37.66851388126882,12.393993350926173,2.7155895610339544
33818.58067393303,0.00015,51.05405941081754,32.024369011850176,9.832640751209096,2.6746333808606457
33926.837274074554,0.00015,56.145800057910655,114.9320651752175,29.198268917140233,4.402907211302703
34034.71966648102,0.00015,96.92072062111028,75.10057988742705,23.31023217288201,3.4537038209622892
34142.75831747055,0.00015,73.93738267405257,65.53565682230884,23.88966568837571,3.008443543114183
34251.06765508652,0.00015,61.60774085473366,42.04457704593334,13.034208516264371,2.9379235537433632
34359.14068484306,0.00015,63.65725460209701,34.91123444563153,10.60036187235118,2.866261341967947
34467.222897052765,0.00015,62.436623818679436,42.711778989872755,12.948949069040228,3.1353471180958308
34575.29535841942,0.00015,51.15236640789111,41.230541897497275,14.220482663446726,2.863173170328318
34682.99595141411,0.00015,55.04825615155243,56.25589807150836,18.08325962414522,2.955464817977797
34791.06433033943,0.00015,57.77305152342404,47.88036623415787,17.776574355591485,2.884744094539402
34899.019171476364,0.00015,48.45365266338917,173.38410537058817,48.13770599246304,2.908492060770937
35006.929255485535,0.00015,53.6610741903161,33.25472131202955,9.97083827767257,2.801207051961697
35115.206060647964,0.00015,48.08113593995691,50.65500081037738,20.59591371531795,2.6912113255565284
35222.9093708992,0.00015,53.54488155596982,56.94890561998084,20.481739927248757,2.7816536714581876
35330.90745091438,0.00015,53.11687321576862,41.5968424179505,13.209034171219646,2.901971540935707
35438.98609471321,0.00015,53.0162095609288,34.7414042101347,11.994306964235015,2.702594497025509
35547.075464725494,0.00015,47.797362964279166,56.3625322765996,19.252692429980353,2.683032581810927
35655.22689604759,0.00015,49.56904080918436,47.808671330476166,18.948486105130225,2.6475446968712832
35763.18121886253,0.00015,48.56848150564743,115.73153052247862,34.8410604689517,3.2336549959914715
35871.4103076458,0.00015,56.51449361806671,52.19947931609822,18.216402245608514,2.877229217838096
35979.51227116585,0.00015,55.51482346658585,341.172219173822,69.20659558362358,3.3454498096181546
36087.37906265259,0.00015,69.15296843748206,38.12532867890091,13.197606824843659,2.812192811125145
36195.217378377914,0.00015,46.765291863652,60.1846580903601,23.01999163014389,2.6469610145541433
36303.40020108223,0.00015,53.06646023616676,101.33151151355086,34.71937429616903,2.6602270245577917
36411.351910591125,0.00015,48.29076824583384,56.55780561273768,21.612968397252,2.6385738967701395
36519.678790807724,0.00015,48.54810624729156,75.1276191948637,29.30113083742042,2.609325440484566
36627.499077796936,0.00015,48.49355479746254,49.095684320130005,18.965450049004144,2.513129571757162
36735.69291615486,0.00015,49.59419603490118,43.8791623933179,16.32591645975923,2.5708510513198464
36843.33422994614,0.00015,41.97584444633649,29.86812089480858,10.757813296834659,2.4687120344072215
36951.43986868858,0.00015,40.767212187269266,49.35411254110527,18.85361422139597,2.6664464932232876
37059.16111803055,0.00015,45.9221811028997,67.4678204062906,24.06979415310795,2.5816810911457044
37167.17715716362,0.00015,53.24005579125193,54.15550551067927,17.134246255305253,3.409517807219945
37275.14349484444,0.00015,48.78424761868394,51.85215263551245,20.089479727384546,2.6885923604214885
37382.93715119362,0.00015,68.22466926506723,31.8555316471779,10.023813124290223,2.6180539187958183
37491.13499236107,0.00015,60.915117931302234,48.28701489802772,17.850435419000878,2.787411149386923
37598.82339525223,0.00015,72.58888863614312,110.19947420726164,38.143061750119124,2.529221670197325
37707.44637298584,0.00015,53.198896435699154,34.86740029091902,12.242212383243505,2.5817283894922385
37815.838661670685,0.00015,52.977104812455515,33.05734199826969,11.355771829630376,2.5562640659843354
37924.51870584488,0.00015,46.23313691446632,62.41080502038913,23.452587671792795,2.618978215687579
38032.42569732666,0.00015,45.65813351888438,29.930156148676925,8.64096949719305,2.544942007950584
38140.575249671936,0.00015,42.83181479673498,28.65327250742658,9.308823660585162,2.4190884473404966
38248.59180736542,0.00015,37.11818441151776,47.67411584881376,20.162115678318944,2.483756282083791
38357.05401182175,0.00015,59.37077768503836,63.13509525209821,24.862623968444016,2.5922664723239053
38465.49914979935,0.00015,54.87463635372197,64.20674045560693,22.82096819977972,3.1068173932097904
38574.035608291626,0.00015,57.98083069330335,66.31263150728235,24.4873850072443,2.740620637443411
38682.5178630352,0.00015,40.96592036651115,29.383737456165527,9.514538914360111,2.540767776196143
38790.91806650162,0.00015,45.24211987558944,40.456935615139166,14.081743128859058,2.8835499392122284
38898.97420787811,0.00015,53.48801764413651,35.97443111396043,12.754756570698596,2.6688924949098403
39007.39329576492,0.00015,43.936043230083534,42.03874097240188,14.556330260873677,2.7112038278232116
39116.19614505768,0.00015,50.856124043863,27.915830251725186,8.649090476270215,2.4261261909271825
39224.42527294159,0.00015,54.51442664799273,45.71749402050332,17.584074622471633,2.7719857789150764
39332.5457136631,0.00015,49.26930167388746,37.62441958895997,14.013505351422637,2.633624508573777
39440.43593788147,0.00015,44.32104467798591,34.946182112081736,12.475039870870921,2.574244781789701
39548.39148020744,0.00015,44.78772753016352,38.92029309818444,13.359754385468742,2.6675863284068044
39656.411803245544,0.00015,41.986764259873745,41.42553863009526,15.377312616361646,2.4940937583390137
39764.5915389061,0.00015,39.192263807796856,48.28000045078332,18.201087871382036,2.565071312518566
39872.77611064911,0.00015,40.94535487381699,33.31292763061765,12.038107624485079,2.473647283750728
39981.09825587273,0.00015,41.63038599010458,30.325639913971596,9.908982197381702,2.492303304540667
40088.84747457504,0.00015,43.550522781953326,27.041311905684694,8.718785399677042,2.3533755226065822
40196.9788646698,0.00015,38.333383323514774,39.35221021534965,14.66062228826462,2.4661424805755776
40305.346573352814,0.00015,38.780712383471666,40.66093388014401,16.755317030897015,2.4010375099665255
40413.41439175606,0.00015,43.98708862641203,34.24775348903671,13.087726697081806,2.4277546414853135
40521.678681373596,0.00015,39.53864771774336,52.54872637952231,20.400665842176693,2.808092963107467
40630.119017362595,0.00015,77.94391788441027,40.15596069573149,15.182426776722457,2.558761900874104
40738.75131392479,0.00015,44.33400858842761,39.174480445355236,15.511497334029093,2.3995750685466
40847.116132736206,0.00015,39.39681695771127,27.875376322955617,9.648284531531628,2.353249596190978
40955.49914455414,0.00015,34.7211085629904,47.64337678934609,19.90415541900849,2.311584404162143
41063.94088244438,0.00015,34.536534537767665,31.70495154260223,12.89542526875449,2.2913555926218803
41172.44492816925,0.00015,43.694636597296636,32.91274149052901,11.9177552845361,2.3563005988415595
41280.97133398056,0.00015,42.297831262345035,34.98277448250063,13.18273509821665,2.3563657396151605
41389.223350048065,0.00015,51.945571572670666,38.43022572991197,14.087744126353334,2.517886265597593
41497.505880355835,0.00015,44.707587902624006,36.51085364325844,13.701144916418466,2.5836144976132465
41605.96792602539,0.00015,37.75235061832461,60.53703491204894,24.279475725728464,2.4486516970735375
41713.959914684296,0.00015,41.23330489562492,73.46424263443073,26.875743556747377,2.3890294009998563
41822.124771595,0.00015,46.58136551436987,27.348760946078844,9.205084642393926,2.345225014261509
41930.07574915886,0.00015,48.07495347267537,27.57483997410263,10.372654948305174,2.238717474577566
42038.3972632885,0.00015,34.34209534850517,35.74898090881111,13.157987173887685,2.5748271002683
42146.80767297745,0.00015,37.24060788009076,31.186729117370913,11.845264479413409,2.3306880532228726
42255.19055938721,0.00015,38.17716815079154,31.48309687838027,11.770069684261284,2.3447209747622675
42363.64979696274,0.00015,39.136316579443545,107.10148128991175,34.964761099217,2.8159433063893404
42471.96059799194,0.00015,41.70862404544361,26.992860191002674,8.219994697362672,2.350348345400867
42579.940643787384,0.00015,36.07669113228862,29.183517916339405,11.001752501061812,2.3266245689568
42688.29480719566,0.00015,51.5149705741952,40.62707142529469,14.298936708588574,2.798950675346829
42796.66107869148,0.00015,62.93788386782763,40.39417723795648,15.382394691045082,2.645695043731427
42905.05013561249,0.00015,44.215030108456304,39.08617870160187,13.826951791788579,2.6268210787222777
43013.21759009361,0.00015,62.58965331341222,31.00195472142712,9.22346746336178,2.6295225542184153
43120.88867497444,0.00015,41.25561573235063,51.95044607356248,20.247737194724316,2.529248186338211
43229.334079027176,0.00015,42.7819630552119,33.608968610550676,10.487407925160527,2.5523661866549
43337.54521846771,0.00015,42.942481335618496,52.284915081745844,19.068794970018086,2.569078176332592
43445.398129701614,0.00015,38.522219017795315,27.87531453332095,8.844397008930066,2.3392252574236467
43553.71040248871,0.00015,34.944808565659415,25.71675045574511,8.533836724510996,2.2599950025548416
43661.79634189606,0.00015,34.59540285206925,27.898301419764728,9.34897675666601,2.3924211862946327
43769.892075777054,0.00015,39.55503231838037,32.774038446429465,11.105023931918065,2.58190562662765
43877.90839290619,0.00015,46.63096942591439,30.895463691970654,12.067781708524828,2.390832151504931
43985.955760240555,0.00015,41.4182864771465,69.31706554779666,25.768956342713498,2.420184708184806
44094.503358364105,0.00015,66.17347574520812,41.988433528372084,12.840812064666629,2.9812119982607515
44202.6115295887,0.00015,56.374208956366,37.23996944920152,12.562323964952215,2.7009326973198493
44311.10990548134,0.00015,44.343509826184274,46.705282805141145,18.500073463398316,2.699362811813263
44419.26296162605,0.00015,39.21478938822705,34.17020554795752,10.609028201500884,2.6449873787348097
44527.650695323944,0.00015,46.568815874187685,58.723362511083266,21.891298961565074,2.694603640961158
44635.92670607567,0.00015,42.737122545690575,36.830083872542325,13.207699166920069,2.6263805534054927
44744.15854406357,0.00015,39.01960152999732,35.37023345191168,12.845125381219972,2.5411358476983548
44852.45495009422,0.00015,37.9379683099629,47.29653144392005,18.43660866015606,2.5329920739356195
44960.35692548752,0.00015,42.52244889770698,29.879279715413134,9.84639724231937,2.436095252346288
45068.70969414711,0.00015,42.38076875958153,62.30115363231409,23.118421056543767,2.454559609069804
45176.666014909744,0.00015,35.28564925606996,31.159488985932192,11.58558511176522,2.4108652276084728
45284.97747397423,0.00015,37.08711611228734,31.03155074131844,11.344980604092962,2.3227389254664303
45393.076192855835,0.00015,38.29555660102489,33.226770299986555,11.40092045166301,2.413042025582694
45501.64215135574,0.00015,31.133209375528907,36.277603686215045,13.061504048847725,2.4192322544592866
45610.34320521355,0.00015,37.928529276670446,27.33191030390459,8.346244529551672,2.3677280785151793
45718.68988227844,0.00015,35.9173496906623,31.035267412158312,11.752429189109654,2.272706521681472
45826.832406282425,0.00015,37.10862575402688,66.30345523439344,26.678166470486765,2.3136593421900566
45935.27040934563,0.00015,31.588043055254996,26.23604551884539,8.044857188675985,2.254270511157775
46043.47560477257,0.00015,36.625582284772285,35.48746273993609,12.342081457957196,2.5677833942408257
46151.665132761,0.00015,40.249623709729846,27.392728922420854,9.609028103383183,2.255473971323039
46259.779357910156,0.00015,39.88901751215088,33.40095060376948,12.240033875938884,2.4487818105511665
46368.27101683617,0.00015,38.901757492469926,33.26176051101708,12.759204370940187,2.2717248719111853
46476.765280008316,0.00015,29.707151790694528,30.965908316509367,11.660129841472243,2.244133557444209
46584.99569988251,0.00015,37.00544952236217,59.68062504255124,23.62764836621303,2.403158704395956
46693.119430065155,0.00015,39.86311837691564,27.602996510151073,10.1217556847136,2.1242011336610442
46801.40330672264,0.00015,32.89798966609813,36.858755296725555,13.589749669991521,2.333311204700461
46909.51141691208,0.00015,38.86564015460508,53.440269592273935,22.584301500327868,2.331747926141186
47017.67893075943,0.00015,31.521746492885114,32.06698036571572,12.474427325039846,2.2952839595992427
47126.22748541832,0.00015,30.002646062336407,26.381687863151583,9.467077741377631,2.066562010779402
47234.516083717346,0.00015,43.965312769960576,35.967406470681105,14.322678189117836,2.24066380369588
47342.68111228943,0.00015,46.49764792598895,54.452201847686496,19.93839806536632,2.7651175657256095
47450.63897204399,0.00015,47.24457569466478,31.16212659687909,11.034007440390107,2.465799517343785
47558.78804540634,0.00015,35.20132534794458,38.68536622304304,15.295049127711046,2.304122308069935
47667.130331754684,0.00015,39.79056611616645,47.332008284220926,17.16821519490433,2.4467248421536616
47775.17596936226,0.00015,31.871806465721683,64.02521760764478,24.966264446731294,2.303516568779724
47883.49362516403,0.00015,34.19707181815396,37.847639249467676,17.16106186150947,2.158773960643024
47991.439987421036,0.00015,33.77136742125962,68.28291568437196,27.131474608661417,2.2484496704243155
48098.97982430458,0.00015,41.04117094665786,33.76373175000134,11.90382131931843,2.5693355754597205
48207.314153432846,0.00015,43.59699156215818,29.619249997174187,11.753129056720926,2.2608556632410313
48315.62387442589,0.00015,32.78638840826404,97.66347204309766,36.258057122293714,2.3109077197983487
48424.01019406319,0.00015,36.4811715554968,33.968630959094796,13.85131411652777,2.3161386492800027
48532.135068416595,0.00015,32.54290284216072,25.228426150588714,8.026044466489939,2.115999834633354
48640.028881549835,0.00015,34.025850196170445,41.31174156820737,16.651921784422495,2.4649416344102018
48748.11330842972,0.00015,34.5727633675745,26.222074904036994,9.1504128174399,2.212587423460656
48856.14976787567,0.00015,34.94331564067281,44.51837779716997,17.950948817787555,2.3072341514743746
48964.47763586044,0.00015,44.10660021818675,49.25940261565837,18.42168299555314,2.6571980249195883
49072.64433956146,0.00015,40.241030844103975,28.315432238437825,8.90786381317876,2.325737519333066
49180.53245520592,0.00015,29.750630341969824,25.781014212004706,8.368082663460997,2.233538369233731
49288.45969581604,0.00015,30.85058035163259,33.38995868415648,13.196260043446756,2.199901537821861
49396.57263946533,0.00015,34.441756031565795,29.278718024611145,10.303893906198622,2.3705629580839824
49504.98096370697,0.00015,39.4205105680218,30.491735449254666,10.42286344068829,2.408626385484981
49613.25930714607,0.00015,29.776247216163274,27.492254324437173,9.201610698982412,2.182951274557451
49721.3456799984,0.00015,32.09391305578873,35.97020662327003,14.206471045502257,2.2973424814891397
49830.13356947899,0.00015,34.034843213681945,30.592348610302256,12.649877398067959,2.147363110216186
49938.38204407692,0.00015,35.47958831889084,26.11187067052635,8.682052071170704,2.209707836521977
50046.86180615425,0.00015,32.6188291956306,32.06382658587698,11.59908186153611,2.4409038995424126
50154.832060575485,0.00015,33.5642811959399,30.858678119065964,11.252633957777373,2.35856587220778
50263.40474820137,0.00015,49.63929959962351,86.46524863078928,29.838731570998302,2.620482653060454
50371.40192985535,0.00015,36.796890796279826,38.795877139592,17.235991634805966,2.1632579565644035
50479.50923085213,0.00015,33.211471968702014,35.505247801254775,14.445807322430035,2.145441792526833
50587.71606755257,0.00015,34.06558383963745,28.185973252218663,10.437373755225332,2.160618688250778
50696.01266527176,0.00015,33.59129871794152,30.690960120253642,12.185874876526308,2.2378412917741297
50804.340117931366,0.00015,31.408389678057702,28.388149435282003,10.99085535895332,2.163529408063383
50912.443977594376,0.00015,29.750576361326683,26.485427569590264,9.297421111228033,2.1302691575392454
51020.32673096657,0.00015,38.94659675110366,68.26671646866707,27.850060543973093,2.3795107012844308
51128.52899980545,0.00015,33.75864744112045,24.269936813284126,7.2789945743647015,2.1174893561193864
51236.81181168556,0.00015,28.83148696816135,25.540944567319443,8.864426033810908,2.1476263323496703
51345.17469286919,0.00015,29.002667024051142,36.05895986542707,14.474342375924042,2.2147293303065707
51453.59872889519,0.00015,32.36198107599814,28.42906675463664,10.792778261917602,2.280321693037289
51562.11654114723,0.00015,30.892527000068636,35.48513579138584,16.103435165512312,2.162581729067814
51670.32410645485,0.00015,28.071817948308865,26.63641015348851,10.43849899874752,2.023981262771676
51778.59331226349,0.00015,39.73432509196471,30.023175225128504,11.905404204608683,2.076814028549025
51886.660799741745,0.00015,28.724037494604186,23.659376609361495,8.03365337820789,2.0709973026422084
51994.924048662186,0.00015,30.026581880642116,34.58575761425791,15.21942445512684,2.144015114096125
52103.35970568657,0.00015,29.436340627757392,49.85521386957817,20.119319038658706,2.168287550928304
52211.29417467117,0.00015,33.56233220005864,27.327467607231657,9.719367766882048,2.0897793479842663
52319.495871305466,0.00015,36.163762609473736,28.200494100171532,10.337812196251384,2.115772611045501
52427.755693912506,0.00015,34.15523155995907,65.34359054722995,26.603042287373114,2.317040321532197
52536.1986887455,0.00015,48.76621972991406,70.72304368616044,27.670720960419345,2.331388237108944
52644.360587358475,0.00015,35.68565621549182,28.67464098397632,10.482746588096708,2.2412075951026975
52752.82367706299,0.00015,36.001613121517096,26.882202320113446,10.152686400796322,2.20259963825649
52860.7066924572,0.00015,26.87658115929977,39.622640932318234,16.349253454528,2.231532806239063
52968.42042994499,0.00015,39.35416631343822,34.97790384795786,14.246004739406047,2.453014462310808
53076.60375714302,0.00015,32.42329763850966,42.591902792502665,18.457220316862372,2.16391902355234
53185.08196115494,0.00015,36.866166036839104,33.04429060233703,14.458304006051756,2.1491412970941073
53293.23536515236,0.00015,28.2240034397845,31.06162497970776,9.068988336219698,2.5187511429882146
53401.33311533928,0.00015,35.9996670650517,30.152512927809056,10.381922730039268,2.31073748863159
53509.427334070206,0.00015,30.025327065549202,25.950245058566544,8.141027130935681,2.266443162682948
53617.68720602989,0.00015,27.37445446408706,24.826799990099033,8.647147876623544,2.152021088651736
53725.75417947769,0.00015,28.995773974015204,29.313705498539456,11.457291386783448,2.079549905642058
53833.50500917435,0.00015,31.854519564262556,29.584212244425405,12.265134717743562,2.153012973110784
53941.89820218086,0.00015,35.490426981095936,33.19162633063099,14.899385058313074,2.127578041632887
54050.151240348816,0.00015,34.45549015012024,25.582365467804212,9.208880688376661,2.1129734786374454
54158.22127151489,0.00015,26.606962766114098,22.807953649124748,7.361575565947653,2.0380990641941414
54266.35599756241,0.00015,25.14404296450106,24.224302817690095,9.64053327184307,1.9614149226317275
54374.30386209488,0.00015,23.898675149733624,23.792684178138266,8.38346324037595,2.0816788659506003
54482.36130142212,0.00015,26.5949509124178,35.756909164562316,14.923540134682659,2.1259480804631288
54590.55536174774,0.00015,24.217257581062004,23.172886230761648,7.118695390661155,2.087494866337906
54698.570783138275,0.00015,25.170625211189254,25.965567435665704,8.522037399066024,2.2120138454632414
54807.03652596474,0.00015,31.06119660572741,27.916484465480213,9.863333716210406,2.23177633789965
54914.99418091774,0.00015,28.896239572815226,24.53123736286425,7.835039809264899,2.1346716956927887
55023.245577812195,0.00015,37.560103770167025,26.97676940146007,9.19398214291151,2.150944279846007
55131.62787938118,0.00015,37.52022444312252,25.56890120201274,9.422424518588178,2.055015091772802
55240.29010438919,0.00015,25.01494661442924,31.61158863934991,13.251743393955245,2.0800928656225097
55348.210377931595,0.00015,39.41959053850248,25.414602937632804,7.968106107050241,2.2288449512853337
55456.52942490578,0.00015,27.730899733035436,28.069211327149738,10.846443497382007,2.168867610252535
55565.25999403,0.00015,30.550538643666805,25.86293075678726,9.00218886318192,2.192538623498821
55673.30040001869,0.00015,28.88218313826036,29.113318529932233,11.779044227867692,1.9546744968542624
55781.76108121872,0.00015,30.812870685282515,22.874038226399342,7.948208485556504,1.9765335569229634
55890.081664800644,0.00015,41.53359527868321,29.636017988536654,10.720231095609122,2.2276684691644917
55998.54399371147,0.00015,27.53297814878862,95.02123497493413,33.62808070848068,2.225084815043901
56106.80667924881,0.00015,32.45027504256213,30.351094946212523,13.14882186568536,2.062214195963818
56215.01489043236,0.00015,38.972738904606715,60.20911131925818,21.6348278256756,2.877935780022033
56322.989747047424,0.00015,91.34768131533984,33.13446109755648,10.461776462831445,2.6688253459350704
56431.46167588234,0.00015,29.749995931641088,27.75153044632821,9.482723554223195,2.279780636214523
56539.47688770294,0.00015,27.313875398489277,28.207470910290894,11.447990334229086,2.1340800778441165
56647.78697872162,0.00015,26.247536017013623,28.305460572030267,11.67118251202911,2.1620200293299363
56756.06725478172,0.00015,30.684220947755104,28.01271682862504,8.472210843211863,2.451549956426697
56864.42937541008,0.00015,31.461111399293024,48.172537968095114,19.0332032558236,2.41096258824021
56972.71687602997,0.00015,29.86703028204075,29.880048848447675,11.130875769575777,2.2554100323620037
57080.92520904541,0.00015,26.888107908252724,26.886259452819175,10.01516899055368,2.1825840426836303
57188.97280883789,0.00015,25.707630208457967,47.78657033357316,20.516738154232176,2.227970462272092
57297.52709650993,0.00015,31.74873284492654,24.126896950407176,7.897698132581109,2.0472449821424465
57405.68672156334,0.00015,24.22752844907574,24.362197330272068,8.365936329842357,2.0869259770211226
57514.04001879692,0.00015,28.633406030438636,84.89525974375236,32.93277832649689,2.0896648638257953
57622.15407562256,0.00015,23.39627135508999,23.9106894464315,7.546112122985412,2.089388157706431
57730.8017809391,0.00015,24.423566675897856,36.42973835941056,16.33082726256325,2.163527295106521
57839.10157799721,0.00015,29.026297086383007,27.996159234916917,10.317857282940336,2.1622213438706788
57947.09019947052,0.00015,26.510545773505104,27.7624105190217,11.54481656794797,2.07186653689117
58055.471395492554,0.00015,36.36693164547559,29.046741711960813,12.005721513684243,2.185470466945808
58163.43562102318,0.00015,32.85021913447288,29.344645001397435,11.102408464867345,2.164443477748933
58271.89144253731,0.00015,29.32452045567292,29.988482633196732,12.398123951508305,2.1465953861043428
58380.116864681244,0.00015,27.399806746025877,28.485206760462937,11.41601089453753,1.955865640023578
58488.68202543259,0.00015,24.187391858558716,27.432334866338792,10.177355022237158,2.129051547872882
58596.665736198425,0.00015,28.4701082518967,25.04495617209302,8.770950873383116,2.043522278218246
58705.001321315765,0.00015,28.915188432244367,42.57964970634038,13.925214953285034,3.079064321275571
58813.19445896149,0.00015,36.09917477293093,32.97696618162078,13.34271560157544,2.257782594264192
58921.51180148125,0.00015,27.980204307945357,41.02513263325855,11.109750407241975,3.1704536727433443
59029.267540454865,0.00015,34.91788088406983,70.91161224160615,28.138675347771947,2.3259048472706203
59137.70877838135,0.00015,32.306166484218366,29.653208055533177,12.81173922210955,2.1922718221165636
59245.90545916557,0.00015,32.031291773441936,23.502494013636277,8.471839137683133,2.0465656434881137
59354.657492399216,0.00015,25.475715541393463,26.78905573435429,9.653066113324066,2.225869926154558
59462.63246369362,0.00015,27.010745869630373,33.728205734861824,14.942000429981496,2.000095176158969
59570.487200737,0.00015,28.047631597487054,23.318230869982724,7.167553611035841,2.0631950528716487
59678.89224815369,0.00015,24.511530478671443,27.855202391329257,12.21032755577462,2.0351675024593874
59787.212765455246,7.5e-05,19.18119913582601,21.287433654944234,6.470581693939185,1.8744283294771267
59895.20722723007,7.5e-05,19.797100545569183,28.2744799429488,12.995670449427116,2.019688630463578
60003.38335943222,7.5e-05,19.741642130433014,22.47660662222911,7.00546904197449,2.0259381476089033
60111.51865243912,7.5e-05,18.675095169176156,25.067343559117283,9.679855337759896,1.9345623585498843
60220.127779722214,7.5e-05,20.032729320734322,22.144240985581888,7.95826000472297,1.91863839558704
60328.79451608658,7.5e-05,19.21844083616478,23.312583907151637,8.270200611926203,1.976208463746113
60436.8570933342,7.5e-05,18.781466275234482,21.166898220429296,6.388404180180348,1.8994013605844378
60545.14871740341,7.5e-05,20.351539090259166,23.843834254037954,8.929525971505573,1.9730898179847043
60653.587904930115,7.5e-05,19.499530987368843,22.636366945002802,7.9295165968052785,1.8637851146665945
60761.43484663963,7.5e-05,19.94614758898352,26.133760630961344,10.88712445479859,1.9420988298890398
60869.92629313469,7.5e-05,22.45591404252659,24.734802779360304,8.004643301246507,2.092463308414878
60978.42629265785,7.5e-05,21.964597688854656,30.212967296292444,13.399380188107212,2.0321747156267422
61086.984869003296,7.5e-05,19.908369187125388,24.347078524826507,8.200164176483035,2.0183306330596498
61195.16665792465,7.5e-05,19.78054904406627,23.40844862891494,8.289745880864322,1.998507336418759
61303.63361787796,7.5e-05,20.576005276339867,24.466703856423386,8.955015728088997,1.9570233472765692
61411.78444290161,7.5e-05,19.008412463544445,27.250181585422993,10.889587218001404,1.9364822829021837
61519.841069459915,7.5e-05,18.418943522846973,22.363994475061507,6.743445101326922,1.989689325517601
61627.981437921524,7.5e-05,19.627287194839855,21.69900171075558,6.343542350239802,1.9660404289608868
61736.428718566895,7.5e-05,19.47794907192367,25.288602616644162,10.48477782965264,1.89841552663003
61844.65196657181,7.5e-05,19.690667364214384,23.72264298880883,9.67794818833575,1.9480940653963683
61952.70761728287,7.5e-05,19.09621324165278,22.151216319417617,6.858554911446218,1.9611231823436808
62060.92588353157,7.5e-05,19.823530721675052,22.361822310925866,7.378906458128456,1.9989463312663815
62168.91193652153,7.5e-05,19.266419928863655,34.14242742066134,16.670952785786298,1.9057028377046341
62277.42276549339,7.5e-05,19.968983905993635,21.723928498079186,7.109308196712265,1.8329528405111657
62385.42174720764,7.5e-05,18.16769677797599,21.640342161868368,7.482943997936888,1.8635972795070863
62493.4434800148,7.5e-05,17.79598549910605,23.37717478095947,9.0037895048027,1.9470556013472236
62601.85168004036,7.5e-05,19.58241181512749,23.335674661940743,9.271560086185637,1.8894161077915912
62710.346648454666,7.5e-05,19.136030598668274,23.3983541386338,8.62131257923153,1.821034292193963
62818.1742246151,7.5e-05,20.907219815185165,21.954544590342874,7.531584819219861,1.8264889808430524
62926.70214557648,7.5e-05,19.956454068628126,28.054196150410068,11.61032185364959,1.950954052803905
63034.65850973129,7.5e-05,20.331329891904208,26.594026342208448,11.427798529109822,1.8680640170719456
63143.166865348816,7.5e-05,18.40635953827992,32.833826345928884,14.67482903852931,1.952125495859346
63251.59244155884,7.5e-05,18.93295534343809,21.89399352888341,7.917482407317901,1.8241346729081536
63359.45293831825,7.5e-05,17.525027564650628,21.108624340489815,6.487855258623511,1.834916757649864
63467.33811426163,7.5e-05,17.156623849254803,24.275148775492084,9.910940677229538,1.8076325943572054
63575.629247665405,7.5e-05,21.112477573846014,27.40529191828207,11.198815316774839,1.9221092797759238
63684.145689725876,7.5e-05,19.053451658543352,20.769135835966868,6.273608456713467,1.8027347652437353
63792.647912979126,7.5e-05,17.653700991074157,35.89169700882218,16.77634033892922,1.81627069152866
63900.398168087006,7.5e-05,19.422798533406706,23.413314261139544,8.62271580209234,1.8510869124635367
64008.520392894745,7.5e-05,19.359533423276968,21.752506052186053,7.085246055644653,1.8447042960155429
64116.50970220566,7.5e-05,17.489930698669255,21.17931831593621,6.71862858083224,1.780436415486183
64224.64006733894,7.5e-05,18.009488868245995,20.952709436099607,6.647571447763421,1.781959068262438
64333.04819345474,7.5e-05,16.822311802891907,21.408661086208483,6.7554322181041595,1.7834440948946504
64441.00718140602,7.5e-05,17.895174147584015,24.939606753117893,9.474753016340296,1.817927140204163
64549.14152789116,7.5e-05,20.441063754089587,21.21317337045414,7.030303351505603,1.7749726523751905
64657.57745742798,7.5e-05,19.887401819600907,24.531302171410854,8.769724880822078,1.952661883715121
64765.95639538765,7.5e-05,19.95555493475255,20.456653870305143,5.780592858187407,1.79617866185658
64874.204996824265,7.5e-05,18.94013982245109,20.695705391883337,6.794368476302756,1.8009424054097996
64982.63192486763,7.5e-05,23.351907072791704,33.483861039719336,8.822292993891917,2.845920034325056
65090.92676281929,7.5e-05,26.68214834280815,24.025308721975502,7.187940982571822,2.1370321914083314
65199.40434503555,7.5e-05,20.392845008494888,22.425742274406936,6.088037171218884,2.0150627655476234
65307.766474723816,7.5e-05,17.963088159227617,23.31312429511362,7.193933512211218,2.0014923024043325
65416.3703956604,7.5e-05,17.2163605597588,24.83654301180092,9.232659260369983,1.9059808659329367
65524.429921388626,7.5e-05,17.954648321045084,23.1020117922477,8.331372915908682,1.9216233463197239
65632.98769545555,7.5e-05,20.409800111809297,23.245397065779674,7.888106951932841,1.9389767179804716
65741.09572696686,7.5e-05,17.715565237230965,22.46631435961198,7.7807986645241405,1.8914080701013862
65849.60295414925,7.5e-05,16.673887216266742,35.067960116807065,16.688788270541494,1.8387533901532356
65957.97192287445,7.5e-05,16.174955292835776,23.74227295211374,8.60145304821844,1.8434190639592583
66066.35563206673,7.5e-05,16.990128116688396,31.187068174343135,13.556354156993649,1.8409222009375539
66174.34765291214,7.5e-05,16.44023108785098,22.928029423411317,7.792180017484693,1.8069537954537025
66282.6944475174,7.5e-05,17.55415895442491,23.875777603298562,8.7530448866002,1.8761777040787326
66391.07611250877,7.5e-05,16.262690010886597,22.064628901972537,7.475433349609375,1.8459550375477096
66499.7030889988,7.5e-05,16.28331373911123,23.928683032266967,8.82043840582261,1.914550862550778
66607.74733734131,7.5e-05,19.040687962559876,23.540048828926857,8.289302011253493,1.9582755340919507
66715.77719926834,7.5e-05,19.077840362526732,23.29199530453946,8.39211630282324,1.902056633351962
66823.67562055588,7.5e-05,17.830073943831763,26.740171791981258,12.174385918180922,1.8816403747374983
66931.95863676071,7.5e-05,17.325010594134078,23.105002493076853,8.300280974604428,1.8707487296426766
67040.22408342361,7.5e-05,18.027305707126345,22.557888277174545,8.24665211107428,1.8442968963770683
67148.82486867905,7.5e-05,16.04321126922995,21.380522360359084,6.884334876401668,1.8144424652448699
67257.25652980804,7.5e-05,17.451385047446912,20.70122687666272,5.6963479598796845,1.8051786208775342
67365.45256352425,7.5e-05,17.09749955731581,21.161496062263502,6.918301707956815,1.8295256880828192
67473.69360089302,7.5e-05,19.880643224259426,21.582007237275555,7.284193049346852,1.7910225092333278
67581.96671104431,7.5e-05,18.708877427935413,22.272611685277017,8.004394501517364,1.8381229883798815
67690.35701537132,7.5e-05,20.890170852175054,33.15374878425694,12.443830491598936,2.377601042414461
67798.30076861382,7.5e-05,22.145679841835054,22.58421632139862,7.279761355274465,1.9856445630220563
67906.20113706589,7.5e-05,18.442853104167963,23.698280999996868,9.47488982512072,1.9523663434430911
68014.62508487701,7.5e-05,17.33831740583495,24.84001698201086,9.639989910883914,1.9150550060862368
68123.22099423409,7.5e-05,17.602862055781266,22.621068909653417,8.189759606043994,1.8637178331643613
68231.6587023735,7.5e-05,17.16602294252242,21.502481605860456,7.18118713985452,1.8514692554899628
68339.64057397842,7.5e-05,17.70984803586634,21.503548082038765,7.050409829904582,1.8608458461936488
68447.8607032299,7.5e-05,16.904528906574278,23.999466319352216,8.57793832958813,1.8533235335648843
68556.02506637573,7.5e-05,15.741238213775151,21.348291621827524,6.678150450542209,1.7420147804538475
68664.3601872921,7.5e-05,16.10959125218399,22.45299860573619,7.597795871487838,1.784419464215796
68772.96947598457,7.5e-05,17.9309313651527,21.160202156007752,6.60370998129841,1.7962337213336852
68881.1807141304,7.5e-05,15.770497305724104,26.669325121100574,11.942965480004636,1.786245106286001
68989.24115586281,7.5e-05,18.146963752067602,21.556370523426697,7.889153582364065,1.7606947936070645
69097.48885583878,7.5e-05,15.690203544954915,20.851567661340333,6.399012541083368,1.747975386578207
69205.55547261238,7.5e-05,17.09356174481741,22.45562593485067,8.56809257810597,1.7937254208033884
69313.743724823,7.5e-05,21.825523779264245,22.210397952448837,8.84874174990695,1.7894776373141308
69422.05522680283,7.5e-05,21.29078488903339,27.62645311690417,12.066201466465962,1.870997105390692
69530.43029022217,7.5e-05,17.740996478474415,21.41610877397263,6.949576032226752,1.7678560352342527
69638.93718385696,7.5e-05,16.025960339286804,34.11320868096136,16.637405728513343,1.7366317864283478
69747.11819434166,7.5e-05,15.880030854875884,20.84607462082084,5.87815511143031,1.7405445838030533
69855.58468794823,7.5e-05,16.056767224681273,41.71282676456976,19.798057990248836,1.7795788779010373
69964.10905575752,7.5e-05,19.400706986112674,21.62805474483367,7.169558102138694,1.741102152741923
70071.94306874275,7.5e-05,16.937560951452156,27.79804035755729,13.863518843498438,1.751443125793979
70180.10172271729,7.5e-05,15.876765305758532,23.07613969281542,8.065917623851416,1.7798888586302262
70288.37007284164,7.5e-05,16.0198249090326,20.245487382854638,6.1744258015395515,1.743965962868882
70396.30257320404,7.5e-05,16.75113006157555,30.276262898531062,14.540138845228164,1.8067042424991977
70504.57506227493,7.5e-05,16.164696342245616,22.783462297914053,9.831358281504986,1.7119143117264564
70612.60772585869,7.5e-05,16.43039759646335,26.12403309549284,10.75755045735455,1.768976805457231
70720.69150090218,7.5e-05,17.142937749445,21.375093354131184,6.026154144239537,1.808880181994759
70828.50316405296,7.5e-05,16.60488397067574,22.266734122447552,7.3017160084130515,1.8580918345663286
70936.74851465225,7.5e-05,16.269738328406422,20.81650341567175,7.077361742407664,1.7265890886640582
71045.01069164276,7.5e-05,16.037239022976202,20.624503108727787,6.645990652677517,1.7277548927550817
71153.0884616375,7.5e-05,17.433188378930385,21.058607901812415,7.248846251799181,1.721159266541481
71261.28485035896,7.5e-05,18.772119740915077,22.728052232634226,7.884413751139831,1.8017704275028719
71369.71080636978,7.5e-05,20.935272632555538,23.19943992962145,8.537290642991813,1.8174821794622684
71478.03771162033,7.5e-05,20.50391850988805,24.84687600340989,10.388143338733414,1.910093020730005
71586.21865725517,7.5e-05,19.968404976395888,24.685965878759703,10.32197903508984,1.819934836876599
71694.31763267517,7.5e-05,17.150404398997395,21.753992791647594,7.6842532763700415,1.7928109202956617
71803.01193523407,7.5e-05,26.64628144610722,24.7139745904866,6.2785043604933275,2.203017323234829
71911.17605376244,7.5e-05,19.807438207963283,31.03830934782954,12.880357794341684,2.0146744323086394
72019.63450980186,7.5e-05,18.089192821921632,23.00259854239305,7.2820976447613095,1.9268807795672782
72127.68038272858,7.5e-05,17.019597050234903,21.73898593404153,6.11322684224843,1.8620100057066298
72235.98432826996,7.5e-05,16.599195178672023,21.35053869510171,6.436957385330022,1.8659765036123355
72344.27858996391,7.5e-05,15.823621859075658,27.320688183386498,12.07609072274188,1.8841492001974214
72452.72241091728,7.5e-05,15.945597259205364,23.45625719879899,8.44396133303921,1.8377454330339724
72560.95874094963,7.5e-05,17.73493898034388,28.888501891180066,12.439653163205248,1.8268054141200212
72669.17598700523,7.5e-05,16.441865721745277,21.125213971794835,7.039248355737628,1.754926454182153
72777.39470624924,7.5e-05,16.6053920628154,23.167580773234352,6.5886488429104455,2.1056070813315095
72885.79293584824,7.5e-05,17.40960924671604,43.818810749402004,16.40196860143196,2.3340229524350953
72994.40283727646,7.5e-05,28.049266361823776,30.898582584278472,12.90130922075184,2.1112705936914473
73102.91859340668,7.5e-05,18.104116050191646,22.30207805089621,7.187555293784138,1.921587051493911
73211.48791408539,7.5e-05,16.900266853837294,22.235821320568313,6.910349651880777,1.917607512799488
73320.26560497284,7.5e-05,16.756618565401965,32.8254649267273,14.710644898150735,1.876718106178418
73428.86550164223,7.5e-05,17.937950148086394,27.953694614989182,9.667626176508534,2.2494496354612394
73537.14879846573,7.5e-05,18.817659269491372,30.993289903909524,13.589012324391913,1.957201608657891
73645.32685756683,7.5e-05,18.34477758970577,25.760771223128618,10.61567401960318,1.8993801849693603
73753.57431674004,7.5e-05,16.656898744973606,20.585693800800453,5.892907851019225,1.821019099021104
73862.07124066353,7.5e-05,16.56668031632595,23.636916632280897,9.045389560452682,1.9197531426454633
73970.1517431736,7.5e-05,16.109965172608515,21.705142684652905,6.76661645260437,1.8064526578886093
74078.24241876602,7.5e-05,15.624304419823654,22.898398581254526,8.214232577816732,1.786269790641212
74186.57766485214,7.5e-05,15.331092475437327,21.628773552574092,6.9900894105573785,1.8063501768906933
74294.72944617271,7.5e-05,15.201802827117437,21.24578464704042,6.663848071198675,1.839031860283644
74402.56085371971,7.5e-05,15.025956412098886,20.841279224455434,6.2215047020142835,1.7838216155618205
74510.58590817451,7.5e-05,15.058762059814018,31.627462609187177,13.89048847070636,1.7914364202727122
74618.89014863968,7.5e-05,15.67122234430311,21.79112078179179,7.0065042283139185,1.854195489879016
74727.20602703094,7.5e-05,17.115821145589432,20.59371566068274,6.331652813002362,1.7540496588169243
74835.76996397972,7.5e-05,16.756564156253344,21.427709393492243,8.134775380278043,1.7106869980567658
74944.34482336044,7.5e-05,15.600743986764128,22.458115453156474,8.631552567634374,1.8003105540363755
75052.35416460037,7.5e-05,16.12889715599626,20.865337818553265,6.467968650098341,1.7495489116256477
75160.63900017738,7.5e-05,15.449371244626418,20.60742728442462,6.238475939303939,1.7509801253447221
75268.70136260986,7.5e-05,14.864813933156864,20.925280189562724,6.823736587726596,1.7590539366940765
75377.05777525902,7.5e-05,17.072706811012207,27.101724237843538,12.500966227435546,1.7837657404868201
75485.61046743393,7.5e-05,16.624363406991396,43.97965470923053,21.45051968664465,1.794907645637074
75594.20449972153,7.5e-05,18.722688679813036,23.290893782887274,9.76591737885449,1.7661748341411172
75702.51866936684,7.5e-05,15.835252689821308,20.924572072393484,7.050322279183082,1.7620675349430917
75810.77019667625,7.5e-05,17.034875667926382,21.574871989400275,7.547734415912108,1.7551085371317352
75919.19911813736,3.75e-05,14.06749647416259,19.85618094041917,5.477855364233836,1.7016681146608663
76027.26978349686,3.75e-05,13.099922234987092,20.093163611113404,5.475809538819691,1.7312550445046389
76135.86503958702,3.75e-05,13.403882855852773,22.818556664900406,10.036950769223743,1.6749252464813966
76244.2884247303,3.75e-05,13.2216492098619,20.233899915201828,5.65590301121201,1.7168675092599888
76352.65216398239,3.75e-05,13.347446501135535,20.020582944739033,5.246850653727911,1.6985324702737419
76460.72051811218,3.75e-05,13.739837831313213,19.742324244936587,5.965009411330903,1.6689876150935834
76569.04295563698,3.75e-05,13.716649056755639,22.606498660119072,8.643640430477198,1.6773364766165402
76677.37156391144,3.75e-05,13.348167729606127,20.427952386238392,6.852309360043295,1.6863268876165454
76785.42699790001,3.75e-05,13.124391127917994,23.791920936141025,9.601495803749756,1.661880108244449
76893.73246145248,3.75e-05,13.07670491032251,20.673152594639596,7.881394372168502,1.6589606280931248
77002.09264540672,3.75e-05,12.621287231589777,20.398301200859684,7.135843135747516,1.6757289570516762
77110.65967607498,3.75e-05,12.951945837262638,20.61596007933525,6.784734141705841,1.6725876053499225
77219.00015258789,3.75e-05,13.432811160054657,28.92660058657985,14.258904960317158,1.7016739304724633
77327.47821354866,3.75e-05,13.69196545867937,20.099916869215935,6.4990481393744215,1.6456032417705955
77436.14826965332,3.75e-05,13.138411461045573,21.34643247657899,7.326915648795624,1.7197206427960814
77544.70047235489,3.75e-05,13.266637086177834,22.99443849350508,9.094298584983392,1.681436557744414
77653.39724969864,3.75e-05,12.982837778764038,20.059883609851266,5.776066768940593,1.6777425304033713
77761.95846104622,3.75e-05,12.873551669538246,20.694847887461535,6.63070070975847,1.6608947277037616
77870.74982118607,3.75e-05,12.834199720354222,19.92660827681506,5.616689380220575,1.6886698461067038
77979.15243625641,3.75e-05,13.38663791585112,21.127631130537413,6.942190944823268,1.6759873571136952
78087.7952682972,3.75e-05,13.050417424204301,19.85202675897451,5.8619865750486,1.629701994101283
78196.5605289936,3.75e-05,13.315151180714322,25.69910130562983,11.438634273323897,1.6882011822308485
78304.93496346474,3.75e-05,13.267392864150814,20.420766053181016,6.684471650692233,1.6760838445894637
78413.46531486511,3.75e-05,14.05927555150512,20.98355629517846,6.809215619985888,1.6669138063550633
78521.93225169182,3.75e-05,13.0040947319697,21.858881133116736,8.679004811906108,1.6753443295453307
78630.67148947716,3.75e-05,13.015829114346706,19.695699407925723,5.509252728100225,1.6405083735300496
78739.22519087791,3.75e-05,12.978667212265535,23.83067727507798,10.660466316799958,1.642375613826919
78847.70215821266,3.75e-05,12.938249298659962,20.454564282461572,7.185162393357358,1.623404783473252
78955.81869697571,3.75e-05,12.439090360164323,20.154335336887264,6.214385451140668,1.6820643636486732
79064.42908096313,3.75e-05,13.19075060103194,19.54857352138304,5.258801000153563,1.622260940377213
79172.8747241497,3.75e-05,12.80467336590504,21.3462875353773,7.113907746384131,1.6928800741044534
79281.48943090439,3.75e-05,13.055585171603285,20.411834124092618,6.1987064269401095,1.692017159300228
79389.60537314415,3.75e-05,13.371402993290374,20.363764212398404,7.156445890502454,1.6080241646909974
79497.85228419304,3.75e-05,12.563113115922091,19.62103625277662,5.226069152308737,1.6309748310265346
79605.93225979805,3.75e-05,12.818766590746401,20.726824534287747,7.417933950922216,1.6406753900784286
79713.7757821083,3.75e-05,13.562871018824213,20.265400363602563,5.856672639319047,1.6547769012711622
79821.83432388306,3.75e-05,13.24795886391546,20.13397259906073,5.490714360844411,1.6980375754572523
79930.15463972092,3.75e-05,12.981558515277198,21.108520232909747,6.717560049340953,1.6606317313418184
80038.04904770851,3.75e-05,12.763289783016349,19.93213587581317,5.658793850049133,1.6430962213318434
80145.99636793137,3.75e-05,13.321757057191641,20.607481257029935,6.718545243225336,1.6359703233833107
80254.16593670845,3.75e-05,12.985216787860452,19.610528451413565,5.592573307123578,1.6051217161173859
80362.34145665169,3.75e-05,13.184062681370202,20.29008784865977,6.597828999591449,1.6259889551848146
80470.56431174278,3.75e-05,12.539300327551713,19.77320042056343,5.447855541321419,1.6441989114129132
80578.71074652672,3.75e-05,13.25893828353151,20.49274289575288,6.5454764481363865,1.6281272437863619
80687.0827755928,3.75e-05,12.447254431595592,21.397439750993854,8.867277295535557,1.6089179863098169
80795.20193910599,3.75e-05,12.397389184608043,20.75698843384631,7.804350349741435,1.6189018910925925
80903.44498085976,3.75e-05,12.503418168025231,19.771728329582018,5.598701099446298,1.5905785087327662
81011.21852040291,3.75e-05,14.14600067410604,20.760152084957536,6.627409119580002,1.6949334236820104
81119.15615463257,3.75e-05,13.509855426959138,20.40184191733124,6.346945208863922,1.664941048584134
81227.14796352386,3.75e-05,12.695171160325092,19.801933201252325,5.916344075489119,1.669192153174207
81335.26178359985,3.75e-05,12.72603007408154,22.26139628796455,8.447014556670691,1.6488621931054195
81443.20656371117,3.75e-05,12.26209775406737,20.56519960111299,6.1327040353419715,1.6717014321917458
81551.55805158615,3.75e-05,12.701595735964199,26.0986155449162,12.25134725117256,1.6393746544673757
81659.52161383629,3.75e-05,13.60554695235618,20.049277348960445,6.127855712700336,1.6387346648141072
81767.49699425697,3.75e-05,12.162809067618,20.368151783474392,5.744985534358749,1.6182600555519209
81875.42911982536,3.75e-05,12.868468210250505,20.113782319893886,6.146408161332806,1.6273894940483296
81983.64906215668,3.75e-05,12.418481585442501,21.142775550341746,7.3483298518001705,1.6126533540173564
82091.62615299225,3.75e-05,12.079769093094331,20.046457705688088,6.055213384115408,1.6514652330728061
82199.94905972481,3.75e-05,11.850543865357668,25.17114160073496,10.473451065812739,1.7085325733372274
82308.3503420353,3.75e-05,14.580184733424161,19.77028430496027,5.308342387317589,1.6398644654670624
82416.29588317871,3.75e-05,12.966028720399377,20.341633855306696,6.234745852202061,1.6120040772251047
82524.65113639832,3.75e-05,12.464476183863466,20.13060978518135,5.979344719569384,1.6093248824590474
82632.58862900734,3.75e-05,12.56751310259708,20.38246636012017,7.113116629311375,1.6055780686092047
82740.31059885025,3.75e-05,11.91581108820255,20.564327432036343,6.975122265953249,1.6087397266552375
82848.58065032959,3.75e-05,12.129406588463667,23.898495681202153,7.629474488256132,1.978686978836974
82956.6324455738,3.75e-05,13.799928952814291,21.426697994643035,7.692377231684125,1.683896642452492
83065.15426850319,3.75e-05,12.646309589165892,20.035532771854733,5.729687403071605,1.6895593832464602
83173.48454022408,3.75e-05,12.493329645769983,21.774786165729385,7.548924800667647,1.648130444372084
83281.33168387413,3.75e-05,12.735201670136158,19.867881495143127,5.114456203517185,1.6605935165225836
83389.388225317,3.75e-05,12.747103541750874,20.73229470591459,6.035996164275814,1.6783288310372544
83497.27251768112,3.75e-05,12.42426361785909,20.014799840575677,5.580774814192429,1.6386511153858956
83605.40266633034,3.75e-05,12.060256886200747,20.053498280646323,6.044627756786272,1.6220524808650718
83713.40839719772,3.75e-05,11.585171328166673,19.94956776018402,5.493454267898762,1.6102456852879834
83821.6265616417,3.75e-05,12.168648416838261,21.010333278140248,8.07559386065298,1.6318968081840561
83929.87338471413,3.75e-05,12.262125544357895,20.206739628106213,5.981458528656933,1.620059399194651
84038.10018014908,3.75e-05,11.904485538293164,19.591261520747818,5.501524924488618,1.600071167880884
84146.17337179184,3.75e-05,11.833388947197736,19.42115900992511,5.23317810974359,1.5877931375966072
84254.35592222214,3.75e-05,12.248209243947771,20.765970961863502,6.618993142203066,1.6065116714902175
84362.41198277473,3.75e-05,18.157579718997894,22.72822196515921,6.237864633323806,2.0255118779878627
84470.5114660263,3.75e-05,13.963049035742596,21.24584985832266,5.811092543211749,1.8355086132133775
84578.87091374397,3.75e-05,12.998707709266762,20.777581162913656,5.960818138330687,1.7561116894469548
84687.02624940872,3.75e-05,12.434263890717443,21.159128287996865,7.163094351836135,1.7390170249205459
84795.09885072708,3.75e-05,12.28491038303116,20.789551266424084,5.809189351201522,1.7453493636722488
84903.00636577606,3.75e-05,12.122812724479935,20.23526681319731,5.692303693954218,1.7001071048969358
85011.379622221,3.75e-05,12.600421459485226,20.032905728529578,5.183653667209117,1.6926127982997787
85119.57742214203,3.75e-05,12.726136409192714,20.72579140875887,7.17097629240873,1.681387884191619
85227.97629857063,3.75e-05,12.364051362086734,20.41732007862874,6.021235486072948,1.6838177755174186
85336.18802285194,3.75e-05,12.015144394245517,19.83738529478795,5.1201409736092165,1.6546218609749395
85444.3726029396,3.75e-05,12.095408711568314,20.169666516891134,5.56339630519424,1.6869885021256519
85552.88497543335,3.75e-05,11.554791974182196,20.555426041773092,6.323516530537177,1.6587011963026461
85661.01960539818,3.75e-05,11.71884257556017,20.47539270884327,7.276726497492564,1.6437545416485335
85768.87820458412,3.75e-05,11.788926580483889,19.734878080401874,5.537720050648238,1.6638819285254163
85877.37747168541,3.75e-05,11.859445183440183,20.11784822055129,6.17069869959438,1.6411843618728454
85985.49976444244,3.75e-05,12.043046043295721,23.809661645101727,10.718026836868013,1.6310853148989284
86093.87847614288,3.75e-05,12.151504376386582,19.95475627757685,6.376258531958445,1.6250528688168446
86202.03939723969,3.75e-05,11.95384195531283,19.374634757495066,5.2174242930958625,1.5995079523511524
86310.33112359047,3.75e-05,11.44351627832533,20.0313065102823,6.858783953838393,1.6170663362271507
86418.22791624069,3.75e-05,11.390792375047479,20.949667544676146,6.741290950998141,1.6536878656917637
86526.43146204948,3.75e-05,11.487377945790978,20.102701724690217,6.308137975441508,1.6541449615460961
86634.22021770477,3.75e-05,11.471346672671652,22.256288054006475,8.415705888232308,1.6151601011991565
86742.95046663284,3.75e-05,11.329090658713884,20.192206506415886,5.704146265519009,1.6219100754292561
86850.99833536148,3.75e-05,11.519009369947671,20.042428940739473,6.413463580636242,1.6152731895743562
86959.25757884979,3.75e-05,11.593517950580178,20.801740416112025,7.6127243487981735,1.6183830364331366
87067.86988544464,3.75e-05,11.408141538331492,19.76144772189461,5.620944019415744,1.616053707550783
87176.05027937889,3.75e-05,11.298884455412527,19.695195364001705,5.354160302891363,1.6117459983371334
87284.06675982475,3.75e-05,11.804457010153168,19.678075344676454,5.1243042295460395,1.6078525941478783
87392.21547913551,3.75e-05,11.57750162416536,19.674948287589597,5.559572182682837,1.58482507972668
87500.25230550766,3.75e-05,11.429111407100025,20.54166030797452,5.891322896337472,1.6500305491775071
87608.30364537239,3.75e-05,12.05575213386636,20.532043131486386,6.427924146525858,1.5935900944637569
87716.473757267,3.75e-05,11.730154958114403,19.650801322711565,5.32313963963664,1.6063228589946286
87824.86143708229,3.75e-05,11.446956041582073,20.40856474355872,7.335070231698587,1.6093047869212107
87932.97033071518,3.75e-05,11.246602844039431,21.155534793933512,7.051145299374825,1.653583773643383
88041.05537748337,3.75e-05,11.436802143667132,20.634540763235727,6.39654024857055,1.6258160861315674
88149.61501455307,3.75e-05,13.262651542056826,22.858039671721734,6.001900828265623,2.014800443910192
88257.92441534996,3.75e-05,13.692579197070996,21.58415113392654,7.421739148610473,1.760808703767652
88366.26550889015,3.75e-05,12.801707610650592,20.64688838518745,6.163272575205968,1.6781246201742759
88474.73269748688,3.75e-05,12.79153320417024,20.398277587970487,6.312791260907359,1.6756310365237839
88582.93291974068,3.75e-05,12.47295269145018,20.47268308683828,5.469923466885359,1.6780583914091989
88691.13514256477,3.75e-05,11.73456197572089,20.028674390955647,5.044214315555659,1.6406335351427583
88799.52357983589,3.75e-05,11.919250950565793,25.44303092848082,9.257012742623072,1.845969231800211
88908.23676466942,3.75e-05,12.809398801535481,20.07002371708622,5.56260288086889,1.6361208761643675
89016.61895465851,3.75e-05,12.01649942735862,21.220721142448575,7.44855460912477,1.662408960165614
89124.89789628983,3.75e-05,11.827639200130266,20.07117471323427,6.515624003956677,1.6191407867381853
89233.22486662865,3.75e-05,11.54779859565366,20.894615355632556,6.652382423240323,1.6533738193480845
89341.61983847618,3.75e-05,11.855855916703723,19.898232968628488,5.498267723077549,1.6407814096027808
89450.02465248108,3.75e-05,11.606712747719591,19.904095409648114,5.822025471521558,1.6296537699331435
89558.40055847168,3.75e-05,11.471861363413286,20.359151967233434,6.5716900784618115,1.6111906153099833
89666.55224823952,3.75e-05,11.444685493659591,19.526082131179162,5.2908591302409365,1.6035556546252783
89774.75787091255,3.75e-05,11.447535206995926,21.20360406004199,8.490399849015294,1.604202634130939
89883.03952074051,3.75e-05,11.962018272398202,20.26422570057764,6.511505338054844,1.6042626969874398
89991.19269490242,3.75e-05,12.351984035838656,19.564468104744826,5.795937535917025,1.6121910750585453
90099.20231366158,3.75e-05,11.771865877868285,19.293245008758234,5.457302453270762,1.5862066591048252
90207.23436641693,3.75e-05,11.348728899276981,19.573280854964015,5.534321390272395,1.5553236185850652
90315.47555017471,3.75e-05,11.417790016370617,20.10595627973942,5.805477192879467,1.637949932435571
90423.83547496796,3.75e-05,11.680674543357368,19.86545046088038,5.49195576680422,1.620728195224533
90531.97061181068,3.75e-05,11.85602515703534,20.02647244997381,6.055563578081614,1.5931007043574794
90639.93138623238,3.75e-05,11.447931364241727,19.352520208121067,5.444011783376859,1.6061882564189869
90748.14452576637,3.75e-05,12.075882413494053,20.59741365153115,6.514696411109027,1.6244050403296064
90856.59007954597,3.75e-05,11.328914180315,19.421682174335217,5.503873056484588,1.56467551299024
90964.54073643684,3.75e-05,11.466214431104959,21.923929751629263,8.686656639711613,1.5937104639351982
91072.60793709755,3.75e-05,11.720692726996939,20.606984948128506,6.702520074643665,1.641191792763972
91180.53605079651,3.75e-05,12.69003255172359,20.763529071640043,7.191608913597054,1.6216418355268576
91288.89067840576,3.75e-05,12.415181028256042,19.3941544569658,5.572163463660915,1.5690799951677004
91396.87210226059,3.75e-05,13.54901493968611,19.39567589809066,5.345495516865493,1.5984650013624226
91505.1084010601,3.75e-05,12.659480073027632,23.341988771771913,9.280391493906569,1.5915447643086238
91613.22557878494,3.75e-05,12.320555250159774,20.908587965597125,6.87524441713852,1.6361932997609525
91721.22680997849,3.75e-05,12.408374203847442,19.827398075910256,6.975455000915289,1.565233901412175
91829.44009900093,3.75e-05,11.829293293739433,19.57295349911186,5.515396736602902,1.5872980911145955
91937.49821329117,3.75e-05,11.693745391091092,19.61081123922685,5.554913369919858,1.60983775870535
92045.28856611252,3.75e-05,11.623022222550787,19.365492883738856,5.344109993843204,1.5729105306882885
92153.66019678116,3.75e-05,11.465741294984909,21.7724182307678,7.688488984795538,1.6463386907685527
92261.98824119568,3.75e-05,11.701621362163962,19.58528964931693,4.952504482849074,1.6554034855053208
92370.49153137207,3.75e-05,11.63679534477018,20.058064549519734,6.337993954831701,1.6049142208468636
92478.96914362907,3.75e-05,11.86318855600066,20.819049392228255,6.847417157976682,1.5710962507256
92587.05985546112,3.75e-05,11.70480401575977,20.947489767940386,7.071130867034127,1.6171060012220362
92695.28624415398,3.75e-05,12.102932794663975,19.637485200365177,6.060874094557967,1.5477767003117548
92803.4670226574,3.75e-05,12.358198610969895,20.077759971287335,6.034268317516205,1.6152261723990087
92911.67210102081,3.75e-05,12.088073703700436,21.55601962058484,7.265847028463219,1.6906343962403103
93019.94812846184,3.75e-05,21.347315429871053,30.216360839140965,10.633037451181389,2.4132330280190675
93127.9731426239,3.75e-05,18.907696718414368,24.98233121021582,8.475329240782598,2.028936751116516
93236.1763188839,3.75e-05,15.433045391198334,21.941064460674102,6.207560330373834,1.9028153360992244
93344.3306529522,3.75e-05,14.878188900810542,21.109362139750274,5.572773547629685,1.8314628136652518
93452.45437383652,3.75e-05,13.312762318966143,22.065452340495913,7.171768717717493,1.8022794754178404
93560.70277762413,3.75e-05,13.000009598565224,20.707128191424598,5.924267299827522,1.7749199369506106
93669.7692015171,3.75e-05,12.80292844559892,21.700938666420285,7.943845747414735,1.7625404853125428
93778.3645439148,3.75e-05,12.418105106519468,20.20189676649834,5.212449895155588,1.7416582326534427
93886.89671492577,3.75e-05,12.341902675276,20.404457227483675,5.9880237832073115,1.711280068958992
93995.09159135818,3.75e-05,12.569920105189517,20.245634535122726,5.079103022372453,1.7391947520190543
94103.05176353455,3.75e-05,11.996902857147576,23.419053854394488,8.835320134508544,1.6974750966708558
94211.24806165695,3.75e-05,12.684717301563952,20.110698810219848,5.547358443750038,1.6620616108647595
94319.82825183868,3.75e-05,12.196647491506065,19.90389482927858,5.237201589582864,1.675355999588538
94428.08523392677,3.75e-05,11.96428928515459,20.06479365701476,5.516390163454337,1.6572100603126643
94536.46198701859,3.75e-05,12.368297695662136,20.76686479077601,7.727545353925888,1.6514915739493599
94644.66067099571,3.75e-05,11.861256465159803,20.36777601650278,6.2702691456533834,1.666119536028241
94752.96740317345,3.75e-05,11.648485963396093,19.829273734426053,5.335344009815671,1.667926754190946
94861.11485671997,3.75e-05,11.307728658197291,22.946300356095424,9.205468698859866,1.61324905834532
94969.58458709717,3.75e-05,12.323951904745563,20.841784033569066,7.949861272275216,1.6249561283733451
95078.10079288483,3.75e-05,11.699447844495324,21.156298950537533,7.380959044744145,1.611855622579706
95186.56965994835,3.75e-05,11.459483432621063,19.77882798487595,5.28951387710155,1.6443422901557443
95295.11498332024,3.75e-05,11.472636343934111,20.734904123896552,6.056966890140334,1.6678058117288876
95403.5361084938,3.75e-05,11.54370105247982,22.596251041126255,8.704380118651773,1.644050811900825
95512.116076231,3.75e-05,11.546700331224155,20.52678667187411,6.5976787486860555,1.6380624099757202
95620.31019616127,3.75e-05,11.25729324770388,23.171222695900425,8.527780201318016,1.6735858026345278
95728.50044965744,1.875e-05,10.970572693307036,20.191685974478204,6.5105840247400275,1.6116039881813844
95836.7854590416,1.875e-05,10.625508170001464,20.354615548498327,6.870289577326548,1.6029093825083356
95944.96724510193,1.875e-05,10.685143139984273,19.326207183329906,5.028196859619902,1.5895284418394644
96053.2996532917,1.875e-05,10.668771025278861,19.519580574822392,5.16081613316168,1.6044942746996242
96161.57137203217,1.875e-05,10.460675005658906,19.949805063975663,6.014905324506277,1.5846522111051182
96269.88890504837,1.875e-05,10.471726775727046,19.967214188063252,5.501696770207917,1.5806398397029768
96378.12251615524,1.875e-05,10.503958798325867,19.535754379451934,5.076916686464639,1.5877432993562042
96486.4155972004,1.875e-05,10.560303807338274,20.29051559362013,7.013557716542079,1.5946443668376666
96594.4887316227,1.875e-05,10.543574500545995,19.739722329946233,5.624252857496659,1.581021094881822
96703.1254837513,1.875e-05,10.523707910326548,19.403470644509873,5.04983077194202,1.5756240142374176
96810.87179541588,1.875e-05,10.349102659835186,19.217373469669983,4.935817873115569,1.5659779422475926
96919.52848553658,1.875e-05,10.472791325039523,19.3642105896085,5.082472312849942,1.570600597437603
97027.2354836464,1.875e-05,10.753812203138542,19.50068444659606,5.3589955788520935,1.5888676442233096
97135.50799441338,1.875e-05,10.527139269394768,19.69005719398641,6.229628749499541,1.5675981148036564
97243.63957262039,1.875e-05,10.596483132865227,20.39697939940759,7.270432413507047,1.551360044917261
97351.64783906937,1.875e-05,10.528442950895618,19.763517369912915,5.28702716426002,1.5859418519659039
97460.21861243248,1.875e-05,11.270429639886391,20.082045048599205,5.675786292655154,1.629738350658129
97568.7063627243,1.875e-05,10.842730523217996,19.54685516543856,4.798252816322903,1.5967228524574129
97676.63364768028,1.875e-05,11.05623427306286,19.870894725789416,5.559244683638087,1.5995161099129516
97784.89942574501,1.875e-05,11.007467220822218,19.50349156569938,5.2152641873199865,1.585354564211068
97893.0726749897,1.875e-05,10.608506929372513,19.741889503527137,5.29799374991437,1.588627716561467
98001.04148697853,1.875e-05,10.33533645913712,19.428805464251017,5.306268565652896,1.5700367369696626
98109.17913746834,1.875e-05,10.483218556550915,19.571972202370418,5.197612872461927,1.5813750925718
98217.91610074043,1.875e-05,10.629493981911839,19.61485451548751,5.415589101409317,1.5792613408329017
98326.18460893631,1.875e-05,10.782047963455755,20.10900640181444,5.538991269522687,1.5993108891935814
98434.70918250084,1.875e-05,10.869466862452272,19.744500427187816,5.2518116600886975,1.5596505119044646
98543.1373898983,1.875e-05,10.918692996173162,19.772865618499807,6.045683946260138,1.5715656448695072
98651.34704732895,1.875e-05,10.484886693540195,19.57703801446829,5.254872284173408,1.5652749348502473
98759.62601685524,1.875e-05,10.76119340950568,19.69275551838939,6.167021037077216,1.5700288670543336
98868.05060219765,1.875e-05,10.627103259978249,19.470442831929404,5.004368095962869,1.5694635971330793
98976.72384905815,1.875e-05,10.178865055645938,20.039465537249164,6.835843185103692,1.555175171566111
99084.87637042999,1.875e-05,10.378977815726202,20.84963886820181,7.96667523581073,1.5695057801497658
99193.0664741993,1.875e-05,10.676319428131825,19.65232440965106,5.437933121262726,1.5720190542731556
99301.43417525291,1.875e-05,10.424645102456939,19.54028432851573,5.064693864211382,1.5800503753896082
99409.79805374146,1.875e-05,10.626080887331998,19.546237111600867,5.360852827992368,1.5542104391207616
99517.89397072792,1.875e-05,10.514881927947421,19.824536008605776,5.959032497272209,1.5991149468355879
99626.43230199814,1.875e-05,10.209264248350623,19.836013216174678,5.576445346870928,1.5845216367312194
99734.63719820976,1.875e-05,10.487056255446799,20.032737687820728,5.7649666450958374,1.5833231631096145
99843.00797486305,1.875e-05,10.47870508433185,19.81621092356735,5.397330176337845,1.5520081118388172
99951.17130303383,1.875e-05,10.497423564599016,20.337227156689256,6.339343828422802,1.5593164595257525
100059.53163981438,1.875e-05,10.48033170409021,19.640492803032544,5.224443505540641,1.581452676537425
100168.09828090668,1.875e-05,10.218273959517823,20.127651819876707,5.651017727929916,1.542103705403176
100276.4750893116,1.875e-05,10.385807297494795,19.878667981364174,5.176359641951504,1.5526378824879001
100384.59368872643,1.875e-05,10.311061350957777,19.99428330504628,6.404277423909188,1.5659659825433825
100493.15078425407,1.875e-05,10.303401050070502,20.24228468981916,5.814007923367055,1.578308182740463
100601.5639064312,1.875e-05,10.224837361159636,19.53792537521715,4.966508854950023,1.5579832246121195
100709.91493058205,1.875e-05,10.656286522178455,19.4380626717993,5.385470734475092,1.5337596528572233
100818.46400403976,1.875e-05,10.153070054465346,19.770045257132033,5.2092053271417775,1.566526761927672
100926.49355888367,1.875e-05,10.199993563006412,19.16714289973041,5.041692735251281,1.5329784338234667
101034.6631667614,1.875e-05,10.22031525095419,19.36281425227747,4.937012569103405,1.5446027586534556
101143.16831207275,1.875e-05,10.24604158322884,21.184641142709253,7.217542706294071,1.5678922331034915
101251.32360458374,1.875e-05,10.639611724969086,19.593032003005504,4.924308518181531,1.538033125090067
101360.06777143478,1.875e-05,10.241776637389416,20.17841580163189,5.870127299569681,1.554282334334236
101468.36544442177,1.875e-05,10.084236593070129,21.059864241119005,7.025445440088689,1.5557853736215164
101576.84515118599,1.875e-05,10.135638645216309,19.904050235630656,5.123851793962629,1.6069053438160583
101685.09125757217,1.875e-05,10.537872914084614,21.261796634834713,7.337107140295039,1.55374000144899
101793.22896027565,1.875e-05,10.813776961942908,19.612496994413654,5.4920879045874464,1.566108509282837
101901.59390711784,1.875e-05,10.183127484945127,19.70509661804464,4.9837282140647075,1.558503581537282
102009.80793237686,1.875e-05,10.057725632846635,20.46762093581158,6.850614147825531,1.57287454667607
102118.29657554626,1.875e-05,10.138543607079125,19.7704849572729,5.507389128068788,1.5430942628608495
102226.42091035843,1.875e-05,9.908516362877087,19.605615336233903,4.841375477315854,1.5611974579288244
102334.4513862133,1.875e-05,10.119822774068314,19.440132424056177,5.601012074566408,1.555043024417866
102442.83606529236,1.875e-05,10.171452163667396,19.48147631676311,5.005191892176425,1.5791566710453626
102551.08902716637,1.875e-05,10.118034538008583,19.34900415729835,5.233582027610725,1.5442715611551672
102659.42886924744,1.875e-05,10.138002656089832,19.136034138823824,5.159599265546792,1.531001515179436
102767.32998085022,1.875e-05,9.925892236902497,19.48683515830597,5.544148677787275,1.534184309125476
102875.38663363457,1.875e-05,9.915752953265711,19.688451186310242,6.208803044569651,1.529479726925438
102983.71089577675,1.875e-05,10.003719766306224,20.073738374747045,5.858201241734803,1.5506744088341549
103091.551456213,1.875e-05,9.832568038410162,19.379905129118438,5.107831629383685,1.5492645061355248
103199.78966164589,1.875e-05,10.061143253927217,19.72236541948025,5.620790051930785,1.5452290509242887
103307.80078196526,1.875e-05,10.102587508050549,19.458064343570655,5.116910772405373,1.5183381157530422
103416.55154132843,1.875e-05,9.87706625618258,19.479908747420364,5.2140957779561,1.5240350541005365
103524.6310968399,1.875e-05,9.936734339951354,19.438195982002842,5.533714178476312,1.5331597414658047
103633.03592038155,1.875e-05,9.790511918614984,22.20330233674685,8.051335213617339,1.5790749126804893
103740.86093735695,1.875e-05,10.073889376512215,19.60020040767643,5.007469870016525,1.5237283157614983
103848.89747452736,1.875e-05,10.074264890819913,20.266025915433755,7.06021346510711,1.5325207536107974
103957.26935386658,1.875e-05,10.050406812904512,19.459088754056317,5.434863901472798,1.568297264371155
104065.33970355988,1.875e-05,10.339352024135305,21.448182513394322,7.75612428387161,1.5246850490736448
104173.64966034889,1.875e-05,10.254879197927753,22.161545918005157,9.556525063161635,1.5364442221083523
104282.12936639786,1.875e-05,9.666146602150485,19.7788627714734,5.559701260977765,1.5298150418404828
104390.12364983559,1.875e-05,10.363531633165904,19.647795915515953,5.092054874006882,1.5247800800423745
104498.1461687088,1.875e-05,10.450304804891381,21.017108172423622,6.492074061071882,1.5658313327701208
104606.17980599403,1.875e-05,9.983408448743406,19.80584297163448,5.95292189933319,1.549281122863426
104714.49893975258,1.875e-05,9.77714456856503,19.70294802213223,5.2780868131856105,1.527643439201831
104822.74407291412,1.875e-05,10.371017748063007,19.906747024366265,5.405499090371611,1.5473871307253615
104931.12240672112,1.875e-05,9.765079150302928,19.564979932525862,4.939209076546173,1.5256102573974926
105039.44460368156,1.875e-05,9.576414947866677,19.485102519249214,4.9733584218906035,1.5526502938790885
105147.47045254707,1.875e-05,9.733945240234048,19.675187257727927,5.052870339373547,1.5416455632869708
105253.64858913422,1.875e-05,9.993266647179107,19.77627763963472,5.388572793962058,1.532610110936371
105360.25736260414,1.875e-05,9.799683246242891,20.292625302003323,6.222266960590033,1.5645155170878222
105466.89145994186,1.875e-05,9.843620907466326,20.51644260937899,6.80493490526849,1.5417618449840635
105573.43101644516,1.875e-05,9.90248923366493,19.51925964617448,5.474827163589252,1.5339469013560718
105679.84043097496,1.875e-05,9.812151182093528,20.76885009898584,7.340660068455471,1.5469459417639941
105786.14237213135,1.875e-05,10.565731429182678,20.189505702694408,5.408038135626682,1.5925555184624471
105892.61420822144,1.875e-05,9.999261465601625,19.584436946843752,4.92943424929517,1.5496108068721834
105999.00825309753,1.875e-05,9.978807965161993,20.242750709153377,5.9491469873084935,1.5465557491114599
106105.32061815262,1.875e-05,9.997495237079807,19.938043879326774,5.218726763944559,1.5724433574226302
106211.5316939354,1.875e-05,10.090126777550351,21.65014864296462,7.805273580811308,1.554183311137559
106317.90688204765,1.875e-05,10.102430470033859,20.235282310802912,5.71486072436219,1.534072472926156
106423.43848776817,1.875e-05,9.86619289363777,20.566668978532537,6.080290618206687,1.5451324517858585
106528.93215489388,1.875e-05,9.796780068721928,19.561826376583525,5.236432587645153,1.5167887166036087
106634.18080615997,1.875e-05,9.635793843761164,19.85147636879093,5.532350083765162,1.526909866309265
106739.35985183716,1.875e-05,10.023309131060605,19.791768351919725,5.262855119474772,1.547337953971113
106844.50673937798,1.875e-05,9.607903873769072,20.084131133948592,5.32379949901221,1.5544024076693912
106949.80075526237,1.875e-05,10.33882089807345,19.857740006554895,5.140631633351208,1.5319255683127575
107054.98609876633,1.875e-05,9.906371479710005,19.744994055321992,5.018605589773724,1.5396574045585385
107160.30180072784,1.875e-05,9.767245115164155,19.515416407533206,4.79583510698421,1.5425597532688933
107265.62598824501,1.875e-05,9.69081372528518,19.929311432804578,5.2529198995160575,1.53100877440361
107370.6343228817,1.875e-05,9.607179708856867,19.96502753723513,5.392642311815721,1.5266121825745946
107476.16421890259,1.875e-05,9.694635867328946,19.71068629357293,5.112183286171822,1.5194796103358055
107581.33311629295,1.875e-05,9.651601692275339,20.090737559311286,5.557745742500525,1.5429907102755085
107686.53037118912,1.875e-05,9.634481430159934,19.76081010344059,5.179857564734372,1.546127009385714
107791.88380885124,1.875e-05,9.94187935765216,19.69801027400391,5.0290515896684935,1.5189118651296194
107896.97737407684,1.875e-05,9.687370859134646,19.99181219089836,5.4698442294090315,1.554506026014831
108002.19612026215,1.875e-05,9.930041745925804,19.977169118399843,6.37931568327121,1.5314873814365857
108107.56438469887,1.875e-05,9.699317300524152,19.781541397795028,5.23060873125274,1.5538234897217489
108212.82441306114,9.375e-06,9.235175012931391,19.759848375072487,5.327721465683875,1.51683959736461
108318.10817670822,9.375e-06,8.989434355588978,19.57082835013254,4.826864475954908,1.5098080332126473
108423.57387781143,9.375e-06,9.103761008545826,21.701838616215667,8.613724022476541,1.5143439737121136
108528.84613704681,9.375e-06,9.072415409175237,19.772728555080466,4.813408614505759,1.5352546889822356
108633.61245179176,9.375e-06,9.939794057513378,19.589101965593933,4.953401623530399,1.5247836469161618
108737.81627011299,9.375e-06,9.352586518047806,19.655608207983125,5.3681998605943715,1.5204986460890753
108842.07478404045,9.375e-06,9.105219414197514,19.50469058230496,4.740518889572131,1.5215052136125597
108946.5797727108,9.375e-06,9.103011709195412,19.590453577064558,4.719481309874394,1.5160064084272147
109050.77360129356,9.375e-06,9.175655252712026,19.56487966770262,4.779656173099509,1.5205933846627941
109154.99517393112,9.375e-06,9.121168149024825,19.55522241199034,4.767087257010623,1.5114311815210884
109259.36449551582,9.375e-06,8.997840627048669,19.71340352704401,4.9872800867165425,1.5233530388519112
109363.47017550468,9.375e-06,9.219393262992751,19.58078583270201,5.228994269902503,1.5024685679046754
109467.67563080788,9.375e-06,9.04338361925366,19.534620174360796,4.667139955730245,1.5053097523848014
109572.06407523155,9.375e-06,9.276953801834708,19.934744351304168,5.102821742568458,1.5673208243259553
109676.16381335258,9.375e-06,9.268863261423176,19.76741214918477,4.9715302155896826,1.5302728696896093
109780.48404121399,9.375e-06,9.07422092142018,19.663327268850356,5.513276799618966,1.5261909995043652
109884.62990760803,9.375e-06,9.936768262204149,20.234698586643752,5.349296412241245,1.6187478216571671
109989.11818742752,9.375e-06,9.721690573281236,19.81447818046089,4.968082567721908,1.5763904142257898
110092.67853403091,9.375e-06,9.421397178787569,19.541370401855414,4.70310883139226,1.5529602346054165
110196.11921668053,9.375e-06,9.211471332795213,19.530841885724087,5.158260339512457,1.5450798120501446
110299.70549726486,9.375e-06,9.225673010365739,19.506975379068283,4.6958993211539575,1.5428994086382273
110403.48311948776,9.375e-06,9.13126270636654,19.474534042782636,5.0195113439998496,1.5321481695556582
110507.39322018623,9.375e-06,9.069458998718142,19.415476850800005,4.795637628758967,1.5333151486947432
110611.21349978447,9.375e-06,8.995300908427536,19.38353999190463,4.759422977176943,1.5233668280394732
110715.16085028648,9.375e-06,8.930228118297384,19.487390955526408,4.883679795060786,1.5306616842579794
110818.94448709488,9.375e-06,8.976912419018966,19.554879115137563,4.724671052381199,1.535124232314596
110922.71528148651,9.375e-06,8.896025672737542,19.311904129356186,4.573164707222491,1.5212976229395314
111026.66677498817,9.375e-06,8.974595458025814,19.480361434416235,4.840742918447137,1.5191604416114146
111130.47009372711,9.375e-06,8.896017742305695,20.604075970621256,7.487129782292403,1.5160415402921614
111234.54865264893,9.375e-06,8.904517653897175,19.378651132286024,4.6547687259950585,1.5184645545793922
111338.70913815498,9.375e-06,8.91696453965515,19.897813281510565,5.73400309823587,1.529209738984361
111442.92109918594,9.375e-06,9.05275310538452,19.563259988086486,4.832916137861815,1.519000694935453
111546.91566729546,9.375e-06,8.851802956051486,19.53762812147276,4.841282762035391,1.5184927601936176
111650.82858538628,9.375e-06,8.818248969192998,19.48863426962543,4.565013710075491,1.5105177395063252
111754.68861961365,9.375e-06,8.86876231393455,19.735061392890827,5.308619105992425,1.5186771151042384
111858.52450823784,9.375e-06,8.883001552071065,19.414351161825987,4.841827909926001,1.513333477706248
111962.54471445084,9.375e-06,8.947618425011926,19.80216107835364,5.499940977743242,1.536322555565735
112066.65734028816,9.375e-06,8.895967682583292,19.461105239877984,4.635903115395169,1.5133035370039103
112170.58774852753,9.375e-06,8.888225268828998,19.447830550616057,5.1486991650409655,1.5106484628117383
112274.52319979668,9.375e-06,8.74303967141712,20.0430599152224,5.6495291307766,1.503712183747398
112378.40567421913,9.375e-06,8.784355989780371,19.84926060606075,5.260661317701927,1.5129121334734141
112482.32258248329,9.375e-06,8.976415939547751,19.795687390981808,5.496256393468296,1.5265312521826022
112586.44292521477,9.375e-06,9.06364347260735,19.961358254824674,5.575753935221481,1.5164518592761014
112690.49568104744,9.375e-06,8.910121790575115,19.90298871756322,4.936446629180075,1.5234653929299937
112794.45734930038,9.375e-06,8.842943304550094,19.933811300144264,5.913571159261702,1.5140626838117064
112898.37302470207,9.375e-06,9.014664540340757,19.608926375394468,4.962356787404323,1.510001070902484
113002.28203487396,9.375e-06,9.056026304503755,20.08943613236482,6.295863165673295,1.5061351183166973
113106.22238183022,9.375e-06,8.902394756173525,19.78507009075835,5.054337526055304,1.50693281205381
113210.13307404518,9.375e-06,8.825883725141464,19.60998242517966,4.9281753664916135,1.5031222231395445
113314.11162686348,9.375e-06,8.880536835717846,19.735731177570546,4.704536066330324,1.5102998542841404
113417.90199017525,9.375e-06,9.178191751434214,19.53978220997671,4.646991045885688,1.5017134021010023
113521.67965435982,4.6875e-06,8.657757283000644,19.551757448440693,5.0774904282317905,1.4952888938801714
113625.5403354168,4.6875e-06,8.587844342690424,19.52723796381068,4.588969872133489,1.5041890788593857
113729.31548428535,4.6875e-06,8.553496893595735,19.863044315920046,5.073045821275362,1.5044955640867979
113833.18487286568,4.6875e-06,8.575891353686208,19.58269002424304,5.00397229213224,1.4998525730539956
113936.95483994484,4.6875e-06,8.590589094385056,19.72270934944035,4.871204346488066,1.5009787573332207
114040.81098651886,4.6875e-06,8.566202927230593,19.568112921268934,4.709395434646428,1.5029766710038748
114144.74357509613,4.6875e-06,8.608380394168886,19.57783807550599,4.839521680134679,1.497689306119379
114248.43065524101,4.6875e-06,8.562128736596247,19.63230018233681,4.937361023710374,1.4995905451066318
114352.29953217506,4.6875e-06,8.577245216216667,19.68702378700514,4.742295221342115,1.5033939421396687
114456.38447713852,4.6875e-06,8.616204472420927,19.529880446018712,4.946072451323155,1.49345087739984
114560.27648949623,4.6875e-06,8.633408331026557,19.619447104471604,4.597304441551631,1.5018472702356318
114664.2196366787,4.6875e-06,8.612120963491982,19.58562209451236,4.721191427062846,1.5000368870983847
114768.16367959976,4.6875e-06,8.593125865304888,19.529911702898808,4.777179078765893,1.4940944452946157
114871.90272140503,4.6875e-06,8.507437351685267,19.595406175634395,4.967003632781102,1.4936759555105197
114975.72281312943,4.6875e-06,8.55753057160763,19.716906950497865,4.933753794835864,1.4964008893749123
115079.5231962204,4.6875e-06,8.593725638443761,19.59748107176183,4.525462890173064,1.495153513982753
115183.2878818512,4.6875e-06,8.583296612871068,19.85016518245948,5.295703989030417,1.5051373671071582
115287.15434384346,4.6875e-06,8.896917308085904,19.66643930102729,4.834972331046314,1.5101349047900603
115390.98498106003,4.6875e-06,8.668479915184655,19.593838280611884,4.494822364622786,1.502152000229606
115494.74337363243,4.6875e-06,8.590804613202206,19.89959373865876,5.714188897600419,1.5018887313301872
115598.4077758789,4.6875e-06,8.561840519763813,19.588087716271094,4.538239827680105,1.4974586230035454
115702.17758011818,4.6875e-06,8.497934230639585,19.757060359511602,4.795640658514628,1.508512260546444
115805.95142054558,4.6875e-06,8.547576371586171,19.816421072422425,5.469242414086477,1.499334558454616
115909.77849030495,4.6875e-06,8.512468517636584,19.745920753109374,4.78956131552312,1.5043564453608487
116013.62028741837,4.6875e-06,8.589747070920948,19.73897915752274,4.739204008320952,1.5086529529101105
116117.38472151756,4.6875e-06,8.467042424041992,19.636945008739175,4.493261356606487,1.4969526223568597
116220.98446178436,4.6875e-06,8.461080698107633,19.649291345090862,4.742898787916961,1.4950452217778862
116324.83650684357,4.6875e-06,8.423741981483403,19.664046248347667,4.5773444142271,1.4956492661267407
116428.74351215363,4.6875e-06,8.438025474123446,19.608881534773158,4.50868820047713,1.498264014989034
116532.5179605484,4.6875e-06,8.468382131232799,19.702602617210534,4.559906761068342,1.4951382376384783
116636.32091712952,4.6875e-06,8.454195829244041,19.60639299505802,4.508095248453523,1.494219500424889
116740.396525383,4.6875e-06,8.488967842289854,19.662746622231428,4.967996967461364,1.492304475127978
116844.44968891144,4.6875e-06,8.492564139957814,19.78476642679385,5.190379736670645,1.4950819819607197
116948.33663272858,4.6875e-06,8.498367779502946,19.675495084598047,4.5784895994286,1.4936045552964736
117052.25398850441,4.6875e-06,8.498343111332659,19.720488292329748,4.740666500219403,1.5002082069760956
117156.29381990433,4.6875e-06,8.403954336334639,19.749741772908983,4.617696659507365,1.497497719180774
117260.04842495918,4.6875e-06,8.501067693845869,19.665858073764316,4.709275728078532,1.496916061468854
117364.03121948242,4.6875e-06,8.422555702623319,19.620643027267803,4.697651304867894,1.4935222040834477
117467.97235894203,4.6875e-06,8.429370915180698,19.655606170764592,4.611605685108449,1.4995234372858839
117571.76891040802,4.6875e-06,8.431940491094863,19.85163372887086,5.3283854311365495,1.4973684893634616
117675.52863788605,4.6875e-06,8.442964107800655,19.75053054017589,4.665499332633134,1.5024205195764493
117779.38470339775,4.6875e-06,8.397160373198266,19.627117537068056,5.063239691504629,1.4921559489666734
117883.42717456818,4.6875e-06,8.388555060412363,19.654680897053876,4.611758522753221,1.4918621919876418
117987.36918926239,4.6875e-06,8.467816304618783,19.641261046012428,4.484671119220166,1.496045760093218
118091.37479925156,4.6875e-06,8.515099586423933,19.97943153423707,5.621152070566535,1.5020258576834373
118195.41114735603,4.6875e-06,8.522584552514205,19.688819917009774,5.268031898552054,1.4950716010744536
118299.21882772446,4.6875e-06,8.51380611554794,19.725469453697627,5.232558101020747,1.4884367051460343
118403.08134150505,4.6875e-06,8.443545961624318,19.98518058774589,5.894176676416434,1.4976420644675468
118506.88509774208,4.6875e-06,8.414138399218897,19.632496592839793,4.590632657937863,1.504981896996025
118610.74823403358,4.6875e-06,8.524898907792517,20.076880704686474,5.242416117215472,1.5008016122907262
118714.73557496071,4.6875e-06,8.488404174030531,19.658521461079413,4.49484260660173,1.4987167794544736
118818.57811069489,2.34375e-06,8.283575693730869,19.715784498275102,4.613577919273942,1.4929756660053843
118922.21559047699,2.34375e-06,8.408502872974365,19.49034557828985,4.579756209744389,1.4952204495609673
119026.07002949715,2.34375e-06,8.328719230238859,19.484777974344485,4.476519111163525,1.4936954996420164
119130.03567004204,2.34375e-06,8.32725709943629,19.463149416331007,4.582647001009292,1.494327260793161
119233.88514709473,2.34375e-06,8.294099178524531,19.45635483208062,4.443021936334861,1.492515679584623
119337.68873167038,2.34375e-06,8.290359191359165,19.60226159914348,4.702878703758852,1.4932805882433224
119441.49782657623,2.34375e-06,8.289965499772556,19.429339680917348,4.675166715055542,1.4897723934725313
119545.33160543442,2.34375e-06,8.266803293298256,19.482126736339424,4.60217514692204,1.4931377352934887
119649.32614922523,2.34375e-06,8.254376030520623,19.460595548333355,4.72427127627033,1.4899482608696994
119753.35839414597,2.34375e-06,8.225247379718525,19.504629826773026,4.5432937544765455,1.4924482780738073
119857.48696064949,2.34375e-06,8.237773019982276,19.823492610970895,5.843185847008126,1.4936861910626513
119961.59535264969,2.34375e-06,8.2846035136229,19.600714265553183,4.760835735294285,1.4914552461945734
120065.40870380402,2.34375e-06,8.270407818398887,19.460998927099748,4.457219906551988,1.4929092982375607
120169.3132789135,2.34375e-06,8.259623648302941,19.48451541644915,4.476689363213507,1.4941919275177817
120273.16596055031,2.34375e-06,8.284561524653546,19.497112458108436,4.663747788962218,1.4901804889881092
120377.03475666046,2.34375e-06,8.246732095377194,19.48377759849131,4.451355795142991,1.4941926629660602
120480.93515086174,2.34375e-06,8.276042213894577,19.484553725222945,4.6579160088221725,1.4903151738717955
120584.92464470863,2.34375e-06,8.286580550800748,19.551854884415047,4.552585468009776,1.490138344247541
120688.8179268837,2.34375e-06,8.257272413563532,19.496238089040823,4.767900890609016,1.492110836963544
120792.61361169815,2.34375e-06,8.237109062214369,19.552407582335604,4.514489183552267,1.5003887626222092
120896.49135184288,2.34375e-06,8.431150230009164,19.48721098288062,4.5556525202905025,1.4958027024233624
121000.29691791534,2.34375e-06,8.36723575519809,19.500754565387535,4.7532669983148015,1.4947208329679547
121104.16500425339,2.34375e-06,8.302198149999125,19.484670980595787,4.748661971891289,1.4916663256063047
121208.09910035133,2.34375e-06,8.269942716809682,19.583128467005313,5.142156623251626,1.4918472310616073
121311.8782696724,2.34375e-06,8.262302287678114,19.53899436070261,4.796672276937674,1.496403914627232
121415.6901230812,2.34375e-06,8.296124807150864,19.45602335556058,4.586939692032681,1.4903079782492923
121519.63879585266,2.34375e-06,8.263585683151724,19.475528309394956,4.426195705113519,1.4924754283607633
121623.69484090805,2.34375e-06,8.249489693632102,19.469111797735202,4.814752824029603,1.4924527234276848
121727.5082051754,2.34375e-06,8.27477811062142,19.501299533708554,4.648749731335896,1.4929065255212863
121831.35285639763,2.34375e-06,8.244568455322836,19.644314556805508,5.080772613977326,1.4940105637563224
121935.26126480103,2.34375e-06,8.273666478711743,19.512661880046153,4.457429958709217,1.4895693729105037
122038.87914013863,2.34375e-06,8.241887434629906,19.505415114748846,4.53797493070155,1.4925796661749642
122142.33273816109,2.34375e-06,8.248631938365818,19.673284920181896,5.545015675521696,1.4899013739194922
122245.61958384514,2.34375e-06,8.233779106460931,19.43583974111946,4.521801687643478,1.4899881461681095
122348.76603960991,2.34375e-06,8.253227896296279,19.568800302099117,5.0823706718319945,1.4896669987410622
122452.01398730278,2.34375e-06,8.249246152426146,19.555561428653924,4.902611132626968,1.4952478495060653
122555.17817401886,2.34375e-06,8.246863948977532,19.541860285852675,4.5855629282451105,1.4899330098509767
122658.4112110138,2.34375e-06,8.213805717146192,19.44997820024676,4.695440775513742,1.493175141277902
122761.6379313469,2.34375e-06,8.244621557497878,19.47201737809303,4.458081162914297,1.4912536191134944
122864.73296236992,2.34375e-06,8.218724502224411,19.49484707300311,4.462446805934653,1.4914506481679073
122967.88803625107,2.34375e-06,8.321177793945973,19.471751754164586,4.488305220451563,1.4908627184966616
123071.03699111938,2.34375e-06,8.270679482162384,19.456560514717015,4.456109582866809,1.490606834441911
123174.33403682709,2.34375e-06,8.232724134309649,19.46527631833138,4.954187495766073,1.4886497242648278
123277.57075166702,2.34375e-06,8.25812288795449,19.6579656075375,5.368733338425146,1.4917923232500245
123380.6264731884,2.34375e-06,8.222053569365409,19.429979080276603,4.765540261985915,1.488525564882066
123483.81865644455,2.34375e-06,8.25233834675198,19.489177885313744,4.522465150614595,1.4872953297084825
123586.93473172188,2.34375e-06,8.227957076287051,19.467671157190896,4.588061150590238,1.490583130300684
123689.98412704468,2.34375e-06,8.260829154460938,19.49124033821318,5.040159684833101,1.4843466991271637
123793.028039217,2.34375e-06,8.290146953041448,19.45244560836076,4.504835162976712,1.488423101727153
123896.31335926056,2.34375e-06,8.250974761374838,19.605434832075286,5.0676912975236945,1.4940686345279148
123999.53217434883,2.34375e-06,8.265513928065616,19.45026484852947,4.692582357143483,1.4889617933448023
124102.80611491203,1.171875e-06,8.195030262008704,19.44188329548695,4.615911711219318,1.48761030834905
124205.82506871223,1.171875e-06,8.177607042376781,19.49382708637698,4.962556489630779,1.4874664851139996
124309.12686896324,1.171875e-06,8.168904597681173,19.464196459806654,4.45145301789115,1.488936336848041
124412.39600610733,1.171875e-06,8.165819546777492,19.44729170466183,4.544055061607926,1.4885787610604515
124515.42624282837,1.171875e-06,8.177213384038119,19.453867501948388,4.9052236888525735,1.4851245996502183
124618.70627617836,1.171875e-06,8.138649412613187,19.479104705904653,4.46417400749605,1.4862319578349081
124721.82666492462,1.171875e-06,8.185602413197886,19.48013848441188,4.805412262747832,1.4897601173428148
124825.0379254818,1.171875e-06,8.147480787055002,19.44016449769882,4.475297343610138,1.4880935844929122
124928.22534298897,1.171875e-06,8.147240259940014,19.45035060403721,4.504394959399966,1.487959551310508
125031.22413778305,1.171875e-06,8.169521397220768,19.464053122721477,4.8409989521267445,1.4868624239294088
125134.4439573288,1.171875e-06,8.154652266280372,19.47579622504755,4.641455123318607,1.4909278123604333
125237.62212729454,1.171875e-06,8.169862668587015,19.492596532875776,4.728358336379541,1.4884109989911314
125340.75544214249,1.171875e-06,8.149551794825856,19.425929445840918,4.653024273557953,1.4850874441873179
125443.90139174461,1.171875e-06,8.201271446013031,19.48026113273784,4.713681084981489,1.4867512335316684
125547.03560972214,1.171875e-06,8.159560220548002,19.437862273236835,4.660481530990065,1.4874439435019533
125650.07553219795,1.171875e-06,8.201407889104628,19.5868729405529,5.128618506463543,1.4943456575044713
125753.32763886452,1.171875e-06,8.125194847809496,19.431583857325194,4.4472282748620025,1.4859499537827092
125856.70076584816,1.171875e-06,8.182375181860529,19.5357576444044,4.673610639683641,1.4863677758931577
125959.84093403816,1.171875e-06,8.141344618122783,19.450539947780324,4.838165934347865,1.4871469710411704
126063.11030864716,1.171875e-06,8.134442589229346,19.414874300537317,4.586038808012417,1.4871674074666947
