 Time | Epoch | Learning rate | Train loss | Validation loss | MAE_energy | MAE_energy_grad | GPU Memory (MB)
52:47 |     1 |     3.000e-04 | 154613.4744 |       4776.7746 |   173.4253 |         31.1664 |            4688
54:35 |     2 |     3.000e-04 |  3645.3031 |       2437.7582 |   111.1497 |         24.3676 |            4874
56:23 |     3 |     3.000e-04 |  2193.6161 |       2339.3423 |   134.5362 |         20.6165 |            4874
58:11 |     4 |     3.000e-04 |  1708.5244 |       1403.6952 |    79.3892 |         19.7100 |            4874
59:59 |     5 |     3.000e-04 |  1566.9677 |       1276.2811 |    91.3520 |         17.0042 |            4878
01:47 |     6 |     3.000e-04 |  1147.5180 |        907.5007 |    64.3902 |         16.0811 |            4878
03:34 |     7 |     3.000e-04 |  1767.6612 |       1201.3129 |    91.4146 |         16.6791 |            4878
05:23 |     8 |     3.000e-04 |  1500.4976 |       5418.4019 |   287.9076 |         16.1377 |            4878
07:11 |     9 |     3.000e-04 |  2037.1298 |       1014.2813 |    80.0310 |         15.2337 |            4878
08:59 |    10 |     3.000e-04 |  1298.6081 |       1456.0786 |   121.0174 |         14.4822 |            4878
10:47 |    11 |     3.000e-04 |   984.1258 |        622.2989 |    57.8301 |         12.8520 |            4878
12:35 |    12 |     3.000e-04 |  1162.8321 |       2502.4997 |   177.6709 |         13.9641 |            4878
14:23 |    13 |     3.000e-04 |  3153.4729 |        852.9258 |    81.5687 |         13.0339 |            4878
16:12 |    14 |     3.000e-04 |  1520.1747 |       2007.4563 |   142.3527 |         12.5027 |            4952
18:01 |    15 |     3.000e-04 |  5524.9250 |        771.9549 |    69.3814 |         13.3641 |            4952
19:48 |    16 |     3.000e-04 |   761.3752 |        422.6329 |    44.9675 |         10.5572 |            4952
21:37 |    17 |     3.000e-04 |  1622.5220 |       1146.8507 |   109.0646 |         11.7477 |            4952
23:25 |    18 |     3.000e-04 |  3902.2680 |       1043.3364 |    97.6566 |         10.9697 |            4952
25:13 |    19 |     3.000e-04 |  4314.2479 |       1011.3744 |    89.1613 |         13.4825 |            4952
27:01 |    20 |     3.000e-04 |  1146.3418 |        594.9011 |    62.3673 |         11.6400 |            4952
28:49 |    21 |     3.000e-04 |  1123.9368 |       6149.1385 |   302.0130 |         12.2344 |            4952
30:38 |    22 |     3.000e-04 | 25907.0375 |       1322.1542 |    86.9629 |         17.1052 |            4952
32:26 |    23 |     3.000e-04 |  1113.3388 |        918.0041 |    70.9168 |         14.2736 |            4952
34:14 |    24 |     3.000e-04 |   850.8003 |        876.8119 |    79.0294 |         13.0325 |            4952
36:02 |    25 |     3.000e-04 |   752.2329 |        888.6123 |    83.0802 |         12.1644 |            4952
37:49 |    26 |     3.000e-04 |   752.0430 |        705.1045 |    70.1040 |         11.6647 |            4952
39:37 |    27 |     3.000e-04 |   652.9771 |        544.7891 |    55.9550 |         10.9935 |            4952
41:26 |    28 |     3.000e-04 |   597.0595 |        906.9889 |    65.5086 |         14.7934 |            4952
43:13 |    29 |     3.000e-04 |   809.8750 |        649.3451 |    65.9836 |         11.2615 |            4952
45:01 |    30 |     3.000e-04 |   636.3890 |        579.9017 |    63.9135 |         10.7465 |            4952
46:49 |    31 |     3.000e-04 |   545.6066 |        689.9381 |    78.8965 |         10.0802 |            4952
48:37 |    32 |     3.000e-04 |   517.1870 |        791.5179 |    89.0692 |          9.7464 |            4952
50:25 |    33 |     3.000e-04 |   481.9498 |        899.2526 |    97.6228 |          9.7881 |            4952
52:13 |    34 |     3.000e-04 |   702.8214 |        471.5562 |    58.5274 |          9.4189 |            4952
54:01 |    35 |     3.000e-04 |   490.5983 |        392.4385 |    47.7006 |          9.4006 |            4952
55:49 |    36 |     3.000e-04 |   449.9410 |        563.1891 |    70.7366 |          8.7358 |            4974
57:36 |    37 |     3.000e-04 |   425.7422 |        689.2579 |    88.6898 |          8.6254 |            4974
59:24 |    38 |     3.000e-04 |   451.4378 |        503.9491 |    62.4238 |          8.6983 |            4974
01:13 |    39 |     3.000e-04 |   439.3361 |        411.5847 |    57.8636 |          8.2494 |            4974
03:01 |    40 |     3.000e-04 |   616.8339 |        590.6786 |    76.1519 |          8.9482 |            4974
04:48 |    41 |     3.000e-04 |   537.2210 |        356.6665 |    51.8664 |          7.8668 |            4974
06:37 |    42 |     3.000e-04 |   401.9892 |        360.3897 |    51.8701 |          7.9161 |            4974
08:25 |    43 |     3.000e-04 |   452.8914 |        757.1291 |    88.4750 |          7.8604 |            4974
10:13 |    44 |     3.000e-04 |   340.3885 |       1227.6764 |   129.3965 |          7.4584 |            4974
12:01 |    45 |     3.000e-04 |  1747.4949 |        284.8859 |    45.5420 |          7.0737 |            4974
13:49 |    46 |     3.000e-04 |   308.9844 |        227.8614 |    34.8606 |          7.0401 |            4974
15:37 |    47 |     3.000e-04 |   342.0119 |        525.7498 |    78.5694 |          7.1654 |            4974
17:26 |    48 |     3.000e-04 |   308.6939 |       1483.3029 |   143.8297 |          6.9470 |            4974
19:14 |    49 |     3.000e-04 |   696.2177 |        203.2918 |    31.9685 |          6.6609 |            4974
21:01 |    50 |     3.000e-04 |   253.4441 |        201.9847 |    30.7853 |          7.1098 |            4974
22:50 |    51 |     3.000e-04 |   399.1628 |        271.5056 |    42.6932 |          7.1372 |            4974
24:38 |    52 |     3.000e-04 |   395.2792 |        294.7054 |    49.0636 |          6.8022 |            4974
26:26 |    53 |     3.000e-04 |   262.0656 |        270.9004 |    46.9466 |          6.5849 |            4974
28:14 |    54 |     3.000e-04 |   347.7950 |        218.9905 |    37.4204 |          6.5105 |            4974
30:02 |    55 |     3.000e-04 |   308.2369 |        665.6245 |    90.6347 |          6.8311 |            4974
31:51 |    56 |     3.000e-04 |   726.4780 |        272.8935 |    41.8328 |          7.2101 |            4974
33:38 |    57 |     3.000e-04 |   341.5651 |        996.1069 |   115.2360 |          6.0332 |            4974
35:26 |    58 |     3.000e-04 |   274.9001 |        928.1512 |   115.1871 |          6.2165 |            4974
37:14 |    59 |     3.000e-04 |   232.4632 |        173.1979 |    31.3466 |          5.9871 |            4974
39:02 |    60 |     3.000e-04 |   250.5219 |        161.9000 |    31.1891 |          5.9142 |            4974
40:50 |    61 |     3.000e-04 |   332.6478 |        346.7996 |    47.4900 |          6.2155 |            4974
42:39 |    62 |     3.000e-04 |   223.3936 |        162.0249 |    31.1761 |          5.8889 |            4974
44:27 |    63 |     3.000e-04 |   292.5655 |        224.7599 |    43.4595 |          5.9229 |            4974
46:15 |    64 |     3.000e-04 |   214.2133 |        583.7062 |    92.2743 |          5.7834 |            4974
48:03 |    65 |     3.000e-04 |   284.3915 |        224.4349 |    44.7790 |          5.6448 |            4974
49:51 |    66 |     3.000e-04 |   174.2139 |        657.1102 |    94.9983 |          5.5489 |            4974
51:39 |    67 |     3.000e-04 |   243.4534 |        125.3772 |    23.1355 |          5.6351 |            4974
53:27 |    68 |     3.000e-04 |   195.4129 |        552.5593 |    79.5451 |          6.0594 |            4974
55:15 |    69 |     3.000e-04 |   693.9468 |        138.8402 |    26.4243 |          5.5174 |            4974
57:03 |    70 |     3.000e-04 |   174.4893 |        119.9854 |    24.9726 |          5.2601 |            4974
58:52 |    71 |     3.000e-04 |   179.3017 |        116.0431 |    22.7835 |          5.4083 |            5053
00:40 |    72 |     3.000e-04 |   213.3025 |        154.0533 |    30.6171 |          5.5319 |            5053
02:28 |    73 |     3.000e-04 |   146.5041 |        114.1280 |    25.7313 |          5.0038 |            5053
04:16 |    74 |     3.000e-04 |   149.0446 |        187.6596 |    43.8979 |          5.0243 |            5053
06:04 |    75 |     3.000e-04 |   168.0593 |        431.1817 |    77.9798 |          4.9581 |            5053
07:52 |    76 |     3.000e-04 |   230.5176 |        133.6552 |    29.1556 |          4.9548 |            5053
09:40 |    77 |     3.000e-04 |   168.7523 |        140.4332 |    34.4807 |          4.7734 |            5053
11:28 |    78 |     3.000e-04 |   118.8142 |         84.5631 |    17.9593 |          4.7052 |            5053
13:16 |    79 |     3.000e-04 |  2803.0077 |      28056.6813 |   670.3918 |         15.5693 |            5053
15:05 |    80 |     3.000e-04 |  4371.6851 |        275.4404 |    44.3842 |          6.5268 |            5053
16:53 |    81 |     3.000e-04 |   280.7252 |        261.4714 |    43.0402 |          6.7827 |            5053
18:41 |    82 |     3.000e-04 |   243.9224 |        200.7821 |    36.4640 |          6.0121 |            5053
20:29 |    83 |     3.000e-04 |   193.2095 |        160.4439 |    31.2422 |          5.6347 |            5053
22:17 |    84 |     3.000e-04 |   173.4114 |        134.0753 |    24.7488 |          5.6121 |            5053
24:05 |    85 |     3.000e-04 |   159.5961 |        120.0755 |    23.4871 |          5.3080 |            5053
25:53 |    86 |     3.000e-04 |   152.7306 |        167.4802 |    36.9959 |          5.1473 |            5053
27:41 |    87 |     3.000e-04 |   145.6884 |        120.9140 |    23.9344 |          5.1388 |            5053
29:29 |    88 |     3.000e-04 |   215.1791 |        161.2786 |    30.2348 |          5.7419 |            5053
31:18 |    89 |     3.000e-04 |   162.3321 |        124.8719 |    24.6463 |          5.3354 |            5053
33:06 |    90 |     3.000e-04 |   156.6664 |        130.2734 |    27.2344 |          5.0643 |            5053
34:54 |    91 |     3.000e-04 |   149.8152 |        126.5625 |    28.1594 |          5.0335 |            5053
36:42 |    92 |     3.000e-04 |   151.6666 |        108.5771 |    24.3309 |          4.8555 |            5053
38:30 |    93 |     3.000e-04 |   118.7811 |        122.4791 |    29.7699 |          4.6397 |            5053
40:18 |    94 |     3.000e-04 |   125.6363 |        117.4936 |    26.7116 |          4.7006 |            5053
42:06 |    95 |     3.000e-04 |   121.8631 |         85.2041 |    19.2944 |          4.5463 |            5053
43:54 |    96 |     3.000e-04 |   129.8653 |         89.7395 |    18.6139 |          4.7968 |            5053
45:42 |    97 |     3.000e-04 |   117.0672 |         87.0121 |    19.5532 |          4.6209 |            5053
47:30 |    98 |     3.000e-04 |   111.3879 |         84.5847 |    19.5914 |          4.5024 |            5053
49:18 |    99 |     3.000e-04 |   132.4101 |        165.2624 |    39.9229 |          4.4117 |            5053
51:06 |   100 |     3.000e-04 |   110.5167 |         92.0994 |    21.4513 |          4.4317 |            5053
52:53 |   101 |     3.000e-04 |   162.0817 |        167.0572 |    31.5116 |          6.0097 |            5053
54:42 |   102 |     3.000e-04 |   176.8043 |        124.7810 |    22.2237 |          5.8137 |            5053
56:30 |   103 |     3.000e-04 |   197.4684 |         97.3440 |    21.0212 |          4.9107 |            5053
58:18 |   104 |     3.000e-04 |   119.0882 |        265.3408 |    59.2878 |          4.5040 |            5053
00:05 |   105 |     3.000e-04 |   181.9278 |         83.4866 |    18.6375 |          4.5089 |            5053
01:54 |   106 |     3.000e-04 |   161.0088 |        102.9652 |    23.6005 |          4.6773 |            5053
03:42 |   107 |     3.000e-04 |   146.9736 |        618.1352 |    98.6203 |          4.7071 |            5053
05:30 |   108 |     3.000e-04 |   149.9836 |         86.6906 |    21.1449 |          4.2096 |            5053
07:18 |   109 |     3.000e-04 |   109.9321 |        115.2554 |    28.7940 |          4.3726 |            5054
09:06 |   110 |     3.000e-04 |   164.3961 |        534.7684 |    86.5040 |          5.2826 |            5054
10:54 |   111 |     3.000e-04 |   135.5567 |        356.3904 |    71.6136 |          3.9687 |            5054
12:42 |   112 |     3.000e-04 |   125.6148 |        123.4805 |    34.5273 |          3.8686 |            5054
14:30 |   113 |     3.000e-04 |   124.4795 |        209.9803 |    48.8368 |          3.9512 |            5054
16:18 |   114 |     3.000e-04 |   680.4797 |         93.6102 |    22.9032 |          4.3918 |            5054
18:06 |   115 |     3.000e-04 |    91.2346 |         73.9647 |    19.6764 |          4.0844 |            5054
19:54 |   116 |     3.000e-04 |    89.3977 |         65.1476 |    16.5016 |          3.8893 |            5054
21:42 |   117 |     3.000e-04 |    79.3125 |         77.8755 |    24.1820 |          3.7899 |            5054
23:30 |   118 |     3.000e-04 |    74.0481 |         63.6559 |    17.4585 |          3.8250 |            5054
25:18 |   119 |     3.000e-04 |    86.7374 |         63.2716 |    17.4711 |          3.7599 |            5054
27:06 |   120 |     3.000e-04 |    76.0239 |         68.0095 |    18.2245 |          3.9310 |            5054
28:54 |   121 |     3.000e-04 |    89.8138 |        144.9578 |    39.9703 |          4.0467 |            5054
30:42 |   122 |     3.000e-04 |   133.1483 |        114.9708 |    27.4223 |          4.6900 |            5054
32:30 |   123 |     3.000e-04 |   134.7193 |        101.8108 |    24.3908 |          4.2941 |            5054
34:18 |   124 |     3.000e-04 |   135.6844 |         84.7533 |    23.4113 |          4.1059 |            5054
36:06 |   125 |     3.000e-04 |  8212.7617 |        528.5419 |    68.1302 |          8.2798 |            5054
37:55 |   126 |     3.000e-04 |   466.6112 |        444.7570 |    59.8691 |          8.2617 |            5054
39:43 |   127 |     3.000e-04 |   366.7041 |        274.5394 |    40.9523 |          7.2628 |            5054
41:31 |   128 |     3.000e-04 |   311.4259 |        251.5268 |    39.8577 |          7.0179 |            5054
43:19 |   129 |     3.000e-04 |   257.1633 |        213.2652 |    36.1906 |          6.5252 |            5054
45:07 |   130 |     3.000e-04 |   232.1558 |        236.9246 |    41.1947 |          6.4439 |            5054
46:55 |   131 |     3.000e-04 |   255.8721 |        272.6471 |    50.4081 |          6.0658 |            5054
48:43 |   132 |     3.000e-04 |   206.4386 |        495.0404 |    73.3512 |          5.9101 |            5054
50:31 |   133 |     3.000e-04 |   197.0655 |        147.7146 |    30.0042 |          5.6102 |            5054
52:19 |   134 |     3.000e-04 |   175.0915 |        131.3021 |    25.7225 |          5.5638 |            5054
54:07 |   135 |     3.000e-04 |   158.3398 |        136.5163 |    28.5368 |          5.4314 |            5054
55:55 |   136 |     3.000e-04 |   158.4136 |        152.5463 |    33.9010 |          5.3574 |            5054
57:44 |   137 |     3.000e-04 |   142.8399 |        130.6711 |    27.3265 |          5.2497 |            5054
59:32 |   138 |     3.000e-04 |   138.2565 |         98.7804 |    21.5399 |          5.0294 |            5054
01:20 |   139 |     3.000e-04 |   149.3950 |        156.0131 |    37.2637 |          4.8973 |            5054
03:07 |   140 |     3.000e-04 |   150.6864 |        115.8105 |    27.9736 |          4.7858 |            5054
04:56 |   141 |     3.000e-04 |   189.1277 |        128.8896 |    30.1898 |          4.7716 |            5054
06:44 |   142 |     3.000e-04 |   131.0907 |         82.7333 |    17.8611 |          4.7453 |            5054
08:33 |   143 |     3.000e-04 |   121.1372 |        242.3003 |    54.0346 |          4.8439 |            5054
10:21 |   144 |     3.000e-04 |   152.3484 |         80.6539 |    19.1013 |          4.5404 |            5054
12:09 |   145 |     3.000e-04 |   123.1761 |         98.4664 |    24.3702 |          4.5315 |            5054
13:57 |   146 |     3.000e-04 |   109.6071 |         78.6500 |    20.7692 |          4.2881 |            5054
15:45 |   147 |     3.000e-04 |   127.5152 |         92.9078 |    23.7286 |          4.2835 |            5054
17:33 |   148 |     3.000e-04 |   134.2533 |         91.0631 |    24.6325 |          4.1985 |            5054
19:21 |   149 |     3.000e-04 |   181.5643 |         79.1741 |    19.2696 |          4.3918 |            5054
21:09 |   150 |     3.000e-04 |   133.1891 |         74.8819 |    19.1828 |          4.2263 |            5054
22:57 |   151 |     3.000e-04 |   110.7461 |        123.5396 |    32.9903 |          4.2235 |            5054
24:45 |   152 |     3.000e-04 |   142.5635 |        590.2730 |    91.0940 |          4.2149 |            5054
26:33 |   153 |     3.000e-04 |   145.3353 |        101.7474 |    27.3969 |          4.3663 |            5054
28:21 |   154 |     3.000e-04 |   152.0396 |        315.7293 |    66.8016 |          4.3807 |            5054
30:09 |   155 |     3.000e-04 |   145.0030 |         79.4291 |    22.4998 |          3.8711 |            5054
31:57 |   156 |     3.000e-04 |    94.5410 |         63.9781 |    16.1280 |          3.9815 |            5054
33:45 |   157 |     3.000e-04 |    93.1781 |        115.8652 |    33.9234 |          3.7427 |            5054
35:33 |   158 |     3.000e-04 |   112.2154 |        109.9915 |    29.4418 |          3.9252 |            5054
37:22 |   159 |     3.000e-04 |   169.0398 |         84.8049 |    25.7411 |          3.7946 |            5054
39:10 |   160 |     3.000e-04 |   118.0730 |         62.1299 |    15.1788 |          3.9818 |            5054
40:58 |   161 |     3.000e-04 |   102.2247 |         81.0143 |    23.6504 |          3.7670 |            5054
42:46 |   162 |     3.000e-04 |   129.2266 |        116.2633 |    34.2633 |          3.5867 |            5054
44:34 |   163 |     3.000e-04 |    97.3533 |        275.7658 |    60.1130 |          4.2800 |            5054
46:22 |   164 |     3.000e-04 |  3927.2709 |        228.5966 |    41.1925 |          5.8234 |            5054
48:10 |   165 |     3.000e-04 |   228.7656 |        159.6802 |    35.5348 |          5.2091 |            5054
49:58 |   166 |     3.000e-04 |   163.0950 |        146.1942 |    35.1170 |          4.7872 |            5054
51:46 |   167 |     3.000e-04 |   117.9920 |        175.2962 |    42.4219 |          4.4742 |            5054
53:35 |   168 |     3.000e-04 |  2688.5283 |       3014.9034 |   192.5085 |         10.2139 |            5054
55:23 |   169 |     3.000e-04 |   783.9297 |        547.8260 |    74.2272 |          6.8447 |            5054
57:11 |   170 |     3.000e-04 |   341.0200 |        270.9034 |    45.9091 |          6.5063 |            5054
58:59 |   171 |     3.000e-04 |   262.8255 |        249.9518 |    45.1011 |          6.1650 |            5054
00:47 |   172 |     3.000e-04 |   272.5525 |        189.7685 |    35.8024 |          5.8034 |            5054
02:35 |   173 |     3.000e-04 |   235.4689 |        146.6535 |    26.2162 |          5.8163 |            5054
04:23 |   174 |     3.000e-04 |   196.6705 |        144.3656 |    27.7494 |          5.5337 |            5054
06:11 |   175 |     3.000e-04 |   188.3644 |        133.7283 |    25.9077 |          5.4188 |            5054
07:59 |   176 |     3.000e-04 |   167.7261 |        118.2158 |    23.2545 |          5.3237 |            5054
09:47 |   177 |     3.000e-04 |   169.5881 |        138.5783 |    30.4592 |          5.1720 |            5054
11:35 |   178 |     3.000e-04 |   153.5940 |        108.5856 |    21.8510 |          5.1216 |            5054
13:23 |   179 |     3.000e-04 |   145.1703 |        103.7694 |    22.0576 |          4.9682 |            5054
15:11 |   180 |     3.000e-04 |   154.6303 |        108.5837 |    23.5524 |          4.9544 |            5054
16:59 |   181 |     3.000e-04 |   181.2750 |        180.2162 |    40.9374 |          4.7265 |            5054
18:47 |   182 |     3.000e-04 |   208.3824 |        127.2029 |    29.7725 |          4.7106 |            5054
20:35 |   183 |     3.000e-04 |   160.5821 |        143.2468 |    30.5959 |          4.8268 |            5054
22:23 |   184 |     3.000e-04 |   153.7429 |        140.3072 |    33.9845 |          4.6277 |            5054
24:11 |   185 |     3.000e-04 |   126.1408 |         91.3632 |    21.6880 |          4.4689 |            5054
25:59 |   186 |     3.000e-04 |   120.9825 |         98.6773 |    23.8975 |          4.5582 |            5054
27:47 |   187 |     3.000e-04 |   131.6034 |        101.1371 |    24.8661 |          4.4010 |            5054
29:35 |   188 |     3.000e-04 |   152.3962 |        221.5476 |    45.5878 |          4.4030 |            5054
31:23 |   189 |     3.000e-04 |   183.9780 |         83.5781 |    19.9586 |          4.2663 |            5054
33:11 |   190 |     3.000e-04 |   116.8565 |         86.4722 |    20.9393 |          4.4061 |            5054
34:59 |   191 |     3.000e-04 |   172.4479 |        132.4339 |    32.6176 |          4.3374 |            5054
36:47 |   192 |     3.000e-04 |   164.3061 |        169.2054 |    38.3859 |          4.3177 |            5054
38:35 |   193 |     3.000e-04 |   140.7577 |         97.0984 |    25.2477 |          4.0484 |            5092
40:23 |   194 |     3.000e-04 |   103.5088 |         73.6642 |    17.7410 |          4.0893 |            5092
42:11 |   195 |     3.000e-04 |   191.6680 |        143.7869 |    37.2580 |          4.0305 |            5092
43:59 |   196 |     3.000e-04 |   108.7673 |         88.6845 |    23.9991 |          4.1576 |            5092
45:47 |   197 |     3.000e-04 |    98.8320 |         75.8993 |    20.3521 |          3.7853 |            5092
47:35 |   198 |     3.000e-04 |   143.1991 |        181.2685 |    41.0417 |          4.0435 |            5092
49:23 |   199 |     3.000e-04 |   161.1148 |        170.8591 |    38.5244 |          4.0193 |            5092
51:11 |   200 |     3.000e-04 |   128.7442 |        210.2678 |    49.3031 |          3.9090 |            5092
52:58 |   201 |     3.000e-04 |  1964.2741 |        728.4059 |    90.0058 |          6.3821 |            5092
54:47 |   202 |     3.000e-04 |  1032.4060 |        482.3877 |    69.8324 |          5.5771 |            5092
56:35 |   203 |     3.000e-04 |   416.8570 |        332.6749 |    59.4280 |          5.5205 |            5092
58:22 |   204 |     3.000e-04 |   238.8897 |        148.2957 |    29.0083 |          5.3295 |            5092
00:10 |   205 |     3.000e-04 |   166.7398 |        131.9019 |    29.1683 |          4.9552 |            5092
01:58 |   206 |     3.000e-04 |   154.1468 |        132.8229 |    30.2974 |          4.7897 |            5092
03:46 |   207 |     3.000e-04 |   142.2368 |        108.1765 |    23.1636 |          4.7814 |            5092
05:34 |   208 |     3.000e-04 |   142.6262 |        144.7730 |    34.9055 |          4.6702 |            5092
07:22 |   209 |     3.000e-04 |   131.3154 |        168.3111 |    41.0357 |          4.4239 |            5092
09:10 |   210 |     3.000e-04 |   129.3189 |         88.5327 |    20.9838 |          4.3266 |            5092
10:58 |   211 |     3.000e-04 |   126.9950 |         81.6087 |    19.1548 |          4.3115 |            5092
12:46 |   212 |     1.500e-04 |   104.3698 |         83.6898 |    19.8444 |          4.2026 |            5092
14:34 |   213 |     1.500e-04 |   109.5315 |         80.9891 |    18.1242 |          4.3687 |            5092
16:22 |   214 |     1.500e-04 |   108.5617 |         78.0044 |    17.7987 |          4.2618 |            5092
18:10 |   215 |     1.500e-04 |    97.1960 |         94.7656 |    24.8952 |          4.1024 |            5092
19:58 |   216 |     1.500e-04 |   102.9646 |         75.4152 |    17.8981 |          4.2053 |            5092
21:46 |   217 |     1.500e-04 |    93.6052 |         79.7125 |    18.7552 |          4.2532 |            5092
23:34 |   218 |     1.500e-04 |   104.8736 |        114.0301 |    31.0737 |          4.0482 |            5163
25:22 |   219 |     1.500e-04 |   102.2704 |        157.4797 |    33.8437 |          5.4255 |            5163
27:10 |   220 |     1.500e-04 |   116.5075 |         80.2980 |    17.4629 |          4.5492 |            5163
28:58 |   221 |     1.500e-04 |   105.3593 |         83.7492 |    18.8743 |          4.5028 |            5163
30:46 |   222 |     1.500e-04 |   112.7502 |        569.3375 |    91.9664 |          4.2851 |            5163
32:34 |   223 |     1.500e-04 |   179.2092 |        277.5692 |    61.6492 |          4.0907 |            5163
34:22 |   224 |     1.500e-04 |   102.3104 |         84.7636 |    19.5578 |          4.5564 |            5163
36:10 |   225 |     1.500e-04 |   100.2650 |        142.6481 |    35.2983 |          4.4096 |            5163
37:58 |   226 |     1.500e-04 |   114.9824 |         67.4406 |    15.7716 |          4.0938 |            5163
39:46 |   227 |     1.500e-04 |    88.9347 |         79.1504 |    22.3022 |          3.9020 |            5163
41:34 |   228 |     1.500e-04 |   108.8685 |         79.8680 |    21.4180 |          4.0506 |            5163
43:22 |   229 |     1.500e-04 |    99.2218 |         72.4399 |    21.0772 |          3.8347 |            5163
45:10 |   230 |     1.500e-04 |    83.0773 |         63.2379 |    17.3739 |          3.7312 |            5163
46:58 |   231 |     1.500e-04 |    92.9787 |         74.8431 |    22.2941 |          3.8547 |            5163
48:46 |   232 |     1.500e-04 |    83.7650 |         61.6704 |    14.9520 |          3.9277 |            5163
50:35 |   233 |     1.500e-04 |    99.2657 |        142.4095 |    40.7773 |          3.7582 |            5163
52:23 |   234 |     1.500e-04 |    79.0958 |        111.7382 |    32.2341 |          3.7383 |            5163
54:11 |   235 |     1.500e-04 |    85.5563 |         96.5431 |    28.4112 |          3.6914 |            5163
55:58 |   236 |     1.500e-04 |    92.8370 |         67.1910 |    18.9299 |          3.8444 |            5163
57:47 |   237 |     1.500e-04 |    84.7890 |        218.9037 |    52.5829 |          3.8234 |            5163
59:35 |   238 |     1.500e-04 |   102.1641 |        263.3803 |    59.4102 |          3.9326 |            5163
01:23 |   239 |     1.500e-04 |    98.9713 |         68.1228 |    20.4473 |          3.7369 |            5163
03:11 |   240 |     1.500e-04 |    77.7507 |         52.5893 |    13.0151 |          3.6195 |            5163
04:59 |   241 |     1.500e-04 |    77.6566 |         53.0666 |    14.8709 |          3.5128 |            5163
06:47 |   242 |     1.500e-04 |    80.3147 |         86.9447 |    28.1605 |          3.4964 |            5163
08:35 |   243 |     1.500e-04 |    70.7912 |         63.6708 |    18.7583 |          3.4293 |            5163
10:23 |   244 |     1.500e-04 |    76.6925 |         54.8796 |    16.5188 |          3.3404 |            5163
12:11 |   245 |     1.500e-04 |    71.6427 |         47.8418 |    12.9273 |          3.4608 |            5163
13:59 |   246 |     1.500e-04 |   123.1312 |         75.2348 |    22.7722 |          3.4795 |            5163
15:47 |   247 |     1.500e-04 |    72.7668 |        212.2193 |    55.3571 |          3.2737 |            5163
17:35 |   248 |     1.500e-04 |    85.9065 |        159.1566 |    45.1416 |          3.4072 |            5163
19:23 |   249 |     1.500e-04 |    89.5845 |         56.8041 |    18.0808 |          3.4604 |            5163
21:11 |   250 |     1.500e-04 |    77.2607 |        110.1309 |    31.9294 |          3.4910 |            5163
23:00 |   251 |     1.500e-04 |    71.0656 |         62.1006 |    21.0690 |          3.2373 |            5163
24:48 |   252 |     1.500e-04 |    73.3366 |         79.0630 |    20.7890 |          3.8094 |            5163
26:36 |   253 |     1.500e-04 |    81.2777 |         57.6490 |    17.4112 |          3.2425 |            5163
28:23 |   254 |     1.500e-04 |   172.7372 |        115.2207 |    26.1187 |          4.8450 |            5163
30:12 |   255 |     1.500e-04 |   120.6338 |         86.6474 |    23.8702 |          3.9872 |            5163
31:59 |   256 |     1.500e-04 |    85.4934 |         70.6484 |    19.5934 |          3.7929 |            5163
33:48 |   257 |     1.500e-04 |    76.1660 |         56.1590 |    15.1043 |          3.6319 |            5163
35:35 |   258 |     1.500e-04 |    76.0597 |        102.1785 |    29.9696 |          3.5819 |            5163
37:24 |   259 |     1.500e-04 |    73.8170 |         49.4876 |    12.8318 |          3.4871 |            5163
39:12 |   260 |     1.500e-04 |    75.0690 |         85.3505 |    24.5473 |          3.5875 |            5163
41:00 |   261 |     1.500e-04 |    71.6055 |         57.6733 |    16.8662 |          3.3248 |            5163
42:48 |   262 |     1.500e-04 |    62.6167 |         51.7683 |    14.5218 |          3.3918 |            5163
44:36 |   263 |     1.500e-04 |    97.9025 |         47.4325 |    13.7356 |          3.4271 |            5163
46:23 |   264 |     1.500e-04 |    67.4781 |         45.2669 |    13.4907 |          3.2776 |            5163
48:12 |   265 |     1.500e-04 |    66.8014 |         68.5960 |    22.6073 |          3.2977 |            5163
49:59 |   266 |     1.500e-04 |    62.0814 |         67.7782 |    22.8749 |          3.3769 |            5163
51:47 |   267 |     1.500e-04 |    65.5004 |         53.4057 |    17.6930 |          3.2506 |            5163
53:35 |   268 |     1.500e-04 |    66.0530 |        153.0955 |    44.0847 |          3.1856 |            5163
55:23 |   269 |     1.500e-04 |    69.8225 |         44.8451 |    14.5414 |          3.1096 |            5163
57:11 |   270 |     1.500e-04 |    58.7701 |         41.1703 |    11.3986 |          3.1350 |            5163
58:59 |   271 |     1.500e-04 |    56.9671 |         81.9722 |    26.7639 |          3.2232 |            5163
00:47 |   272 |     1.500e-04 |    65.0198 |        117.0330 |    38.0863 |          3.0219 |            5163
02:35 |   273 |     1.500e-04 |    90.0163 |         45.1567 |    12.1637 |          3.3640 |            5163
04:23 |   274 |     1.500e-04 |    67.3732 |         43.2294 |    13.9357 |          3.1241 |            5163
06:12 |   275 |     1.500e-04 |    58.6080 |         63.2841 |    22.7766 |          3.1620 |            5163
08:00 |   276 |     1.500e-04 |    58.6555 |        124.0492 |    37.5859 |          3.1595 |            5163
09:48 |   277 |     1.500e-04 |    63.1079 |         48.5167 |    16.2871 |          3.1379 |            5163
11:36 |   278 |     1.500e-04 |    58.5834 |         40.8027 |    12.6916 |          3.1015 |            5163
13:24 |   279 |     1.500e-04 |    62.3442 |         54.3913 |    18.8874 |          3.0104 |            5163
15:12 |   280 |     1.500e-04 |    65.9142 |        110.7707 |    35.9010 |          3.1442 |            5163
17:00 |   281 |     1.500e-04 |    69.3375 |         90.3964 |    28.5398 |          3.1906 |            5163
18:48 |   282 |     1.500e-04 |    58.8528 |         45.1237 |    13.6692 |          3.0779 |            5163
20:36 |   283 |     1.500e-04 |    62.9377 |        158.2745 |    45.9847 |          3.0625 |            5163
22:23 |   284 |     1.500e-04 |    72.9603 |         40.9227 |    12.5815 |          3.0342 |            5163
24:11 |   285 |     1.500e-04 |    63.4712 |         41.1825 |    13.9038 |          2.9774 |            5163
25:59 |   286 |     1.500e-04 |    49.3404 |         53.7823 |    19.9706 |          2.8845 |            5163
27:47 |   287 |     1.500e-04 |    58.0153 |         87.4082 |    31.3432 |          2.9875 |            5163
29:35 |   288 |     1.500e-04 |    57.8197 |         86.0541 |    27.6391 |          2.8781 |            5163
31:23 |   289 |     1.500e-04 |    55.4124 |         48.2371 |    16.4222 |          2.9026 |            5163
33:11 |   290 |     1.500e-04 |    57.3376 |         36.2822 |    12.6436 |          2.7359 |            5163
34:59 |   291 |     1.500e-04 |    49.3679 |         38.1340 |    12.4983 |          2.7803 |            5163
36:47 |   292 |     1.500e-04 |    51.9183 |         40.2371 |    14.2737 |          2.7784 |            5163
38:36 |   293 |     1.500e-04 |    58.0458 |        182.9254 |    50.0432 |          3.1173 |            5163
40:23 |   294 |     1.500e-04 |    67.9905 |         49.7957 |    18.5912 |          2.9788 |            5163
42:11 |   295 |     1.500e-04 |    50.6505 |         43.2875 |    14.7874 |          2.9672 |            5163
44:00 |   296 |     1.500e-04 |    65.8041 |         66.9158 |    21.9263 |          3.0958 |            5163
45:48 |   297 |     1.500e-04 |    59.2033 |         33.4360 |    10.2852 |          2.8082 |            5163
47:36 |   298 |     1.500e-04 |    63.9633 |         56.7903 |    18.5961 |          3.3228 |            5163
49:24 |   299 |     1.500e-04 |    58.6684 |         61.3940 |    22.2003 |          2.9579 |            5163
51:12 |   300 |     1.500e-04 |    58.5663 |         48.2512 |    18.0652 |          2.7738 |            5163
52:59 |   301 |     1.500e-04 |    55.8977 |         36.3846 |    11.6896 |          2.8079 |            5163
54:47 |   302 |     1.500e-04 |    56.7403 |         38.7239 |    13.4732 |          2.7133 |            5163
56:36 |   303 |     1.500e-04 |    42.4675 |         39.6306 |    14.0759 |          2.7594 |            5163
58:24 |   304 |     1.500e-04 |    48.7585 |         40.1365 |    13.6653 |          2.7655 |            5163
00:11 |   305 |     1.500e-04 |    47.3099 |         44.6615 |    16.9942 |          2.7886 |            5163
01:59 |   306 |     1.500e-04 |    47.0283 |         31.5606 |     9.7213 |          2.5853 |            5163
03:48 |   307 |     1.500e-04 |    90.4514 |         48.0830 |    14.3377 |          3.4335 |            5163
05:36 |   308 |     1.500e-04 |    62.0507 |         45.2394 |    16.4421 |          2.6665 |            5163
07:24 |   309 |     1.500e-04 |    54.9584 |         35.1153 |    10.9885 |          2.7032 |            5163
09:12 |   310 |     1.500e-04 |    50.1093 |         35.1226 |    11.6860 |          2.7185 |            5163
11:00 |   311 |     1.500e-04 |    47.1690 |         36.5175 |    12.4782 |          2.7453 |            5163
12:49 |   312 |     1.500e-04 |    44.3853 |         37.6685 |    12.3940 |          2.7156 |            5163
14:36 |   313 |     1.500e-04 |    51.0541 |         32.0244 |     9.8326 |          2.6746 |            5163
16:25 |   314 |     1.500e-04 |    56.1458 |        114.9321 |    29.1983 |          4.4029 |            5163
18:12 |   315 |     1.500e-04 |    96.9207 |         75.1006 |    23.3102 |          3.4537 |            5163
20:01 |   316 |     1.500e-04 |    73.9374 |         65.5357 |    23.8897 |          3.0084 |            5163
21:49 |   317 |     1.500e-04 |    61.6077 |         42.0446 |    13.0342 |          2.9379 |            5163
23:37 |   318 |     1.500e-04 |    63.6573 |         34.9112 |    10.6004 |          2.8663 |            5163
25:25 |   319 |     1.500e-04 |    62.4366 |         42.7118 |    12.9489 |          3.1353 |            5163
27:13 |   320 |     1.500e-04 |    51.1524 |         41.2305 |    14.2205 |          2.8632 |            5163
29:01 |   321 |     1.500e-04 |    55.0483 |         56.2559 |    18.0833 |          2.9555 |            5163
30:49 |   322 |     1.500e-04 |    57.7731 |         47.8804 |    17.7766 |          2.8847 |            5163
32:37 |   323 |     1.500e-04 |    48.4537 |        173.3841 |    48.1377 |          2.9085 |            5163
34:25 |   324 |     1.500e-04 |    53.6611 |         33.2547 |     9.9708 |          2.8012 |            5163
36:13 |   325 |     1.500e-04 |    48.0811 |         50.6550 |    20.5959 |          2.6912 |            5163
38:01 |   326 |     1.500e-04 |    53.5449 |         56.9489 |    20.4817 |          2.7817 |            5163
39:49 |   327 |     1.500e-04 |    53.1169 |         41.5968 |    13.2090 |          2.9020 |            5163
41:37 |   328 |     1.500e-04 |    53.0162 |         34.7414 |    11.9943 |          2.7026 |            5163
43:25 |   329 |     1.500e-04 |    47.7974 |         56.3625 |    19.2527 |          2.6830 |            5163
45:13 |   330 |     1.500e-04 |    49.5690 |         47.8087 |    18.9485 |          2.6475 |            5163
47:01 |   331 |     1.500e-04 |    48.5685 |        115.7315 |    34.8411 |          3.2337 |            5163
48:49 |   332 |     1.500e-04 |    56.5145 |         52.1995 |    18.2164 |          2.8772 |            5163
50:37 |   333 |     1.500e-04 |    55.5148 |        341.1722 |    69.2066 |          3.3454 |            5163
52:25 |   334 |     1.500e-04 |    69.1530 |         38.1253 |    13.1976 |          2.8122 |            5163
54:13 |   335 |     1.500e-04 |    46.7653 |         60.1847 |    23.0200 |          2.6470 |            5163
56:01 |   336 |     1.500e-04 |    53.0665 |        101.3315 |    34.7194 |          2.6602 |            5163
57:49 |   337 |     1.500e-04 |    48.2908 |         56.5578 |    21.6130 |          2.6386 |            5163
59:37 |   338 |     1.500e-04 |    48.5481 |         75.1276 |    29.3011 |          2.6093 |            5163
01:25 |   339 |     1.500e-04 |    48.4936 |         49.0957 |    18.9655 |          2.5131 |            5163
03:13 |   340 |     1.500e-04 |    49.5942 |         43.8792 |    16.3259 |          2.5709 |            5163
05:01 |   341 |     1.500e-04 |    41.9758 |         29.8681 |    10.7578 |          2.4687 |            5163
06:49 |   342 |     1.500e-04 |    40.7672 |         49.3541 |    18.8536 |          2.6664 |            5163
08:37 |   343 |     1.500e-04 |    45.9222 |         67.4678 |    24.0698 |          2.5817 |            5163
10:25 |   344 |     1.500e-04 |    53.2401 |         54.1555 |    17.1342 |          3.4095 |            5163
12:13 |   345 |     1.500e-04 |    48.7842 |         51.8522 |    20.0895 |          2.6886 |            5163
14:01 |   346 |     1.500e-04 |    68.2247 |         31.8555 |    10.0238 |          2.6181 |            5163
15:49 |   347 |     1.500e-04 |    60.9151 |         48.2870 |    17.8504 |          2.7874 |            5163
17:37 |   348 |     1.500e-04 |    72.5889 |        110.1995 |    38.1431 |          2.5292 |            5163
19:25 |   349 |     1.500e-04 |    53.1989 |         34.8674 |    12.2422 |          2.5817 |            5163
21:14 |   350 |     1.500e-04 |    52.9771 |         33.0573 |    11.3558 |          2.5563 |            5163
23:02 |   351 |     1.500e-04 |    46.2331 |         62.4108 |    23.4526 |          2.6190 |            5163
24:50 |   352 |     1.500e-04 |    45.6581 |         29.9302 |     8.6410 |          2.5449 |            5163
26:38 |   353 |     1.500e-04 |    42.8318 |         28.6533 |     9.3088 |          2.4191 |            5163
28:26 |   354 |     1.500e-04 |    37.1182 |         47.6741 |    20.1621 |          2.4838 |            5163
30:15 |   355 |     1.500e-04 |    59.3708 |         63.1351 |    24.8626 |          2.5923 |            5163
32:03 |   356 |     1.500e-04 |    54.8746 |         64.2067 |    22.8210 |          3.1068 |            5163
33:52 |   357 |     1.500e-04 |    57.9808 |         66.3126 |    24.4874 |          2.7406 |            5163
35:40 |   358 |     1.500e-04 |    40.9659 |         29.3837 |     9.5145 |          2.5408 |            5163
37:29 |   359 |     1.500e-04 |    45.2421 |         40.4569 |    14.0817 |          2.8835 |            5163
39:17 |   360 |     1.500e-04 |    53.4880 |         35.9744 |    12.7548 |          2.6689 |            5163
41:05 |   361 |     1.500e-04 |    43.9360 |         42.0387 |    14.5563 |          2.7112 |            5163
42:54 |   362 |     1.500e-04 |    50.8561 |         27.9158 |     8.6491 |          2.4261 |            5163
44:42 |   363 |     1.500e-04 |    54.5144 |         45.7175 |    17.5841 |          2.7720 |            5163
46:30 |   364 |     1.500e-04 |    49.2693 |         37.6244 |    14.0135 |          2.6336 |            5163
48:18 |   365 |     1.500e-04 |    44.3210 |         34.9462 |    12.4750 |          2.5742 |            5163
50:06 |   366 |     1.500e-04 |    44.7877 |         38.9203 |    13.3598 |          2.6676 |            5163
51:54 |   367 |     1.500e-04 |    41.9868 |         41.4255 |    15.3773 |          2.4941 |            5163
53:42 |   368 |     1.500e-04 |    39.1923 |         48.2800 |    18.2011 |          2.5651 |            5163
55:31 |   369 |     1.500e-04 |    40.9454 |         33.3129 |    12.0381 |          2.4736 |            5163
57:19 |   370 |     1.500e-04 |    41.6304 |         30.3256 |     9.9090 |          2.4923 |            5163
59:07 |   371 |     1.500e-04 |    43.5505 |         27.0413 |     8.7188 |          2.3534 |            5163
00:55 |   372 |     1.500e-04 |    38.3334 |         39.3522 |    14.6606 |          2.4661 |            5163
02:43 |   373 |     1.500e-04 |    38.7807 |         40.6609 |    16.7553 |          2.4010 |            5163
04:31 |   374 |     1.500e-04 |    43.9871 |         34.2478 |    13.0877 |          2.4278 |            5163
06:19 |   375 |     1.500e-04 |    39.5386 |         52.5487 |    20.4007 |          2.8081 |            5163
08:08 |   376 |     1.500e-04 |    77.9439 |         40.1560 |    15.1824 |          2.5588 |            5163
09:57 |   377 |     1.500e-04 |    44.3340 |         39.1745 |    15.5115 |          2.3996 |            5163
11:45 |   378 |     1.500e-04 |    39.3968 |         27.8754 |     9.6483 |          2.3532 |            5163
13:34 |   379 |     1.500e-04 |    34.7211 |         47.6434 |    19.9042 |          2.3116 |            5163
15:22 |   380 |     1.500e-04 |    34.5365 |         31.7050 |    12.8954 |          2.2914 |            5163
17:10 |   381 |     1.500e-04 |    43.6946 |         32.9127 |    11.9178 |          2.3563 |            5163
18:59 |   382 |     1.500e-04 |    42.2978 |         34.9828 |    13.1827 |          2.3564 |            5163
20:47 |   383 |     1.500e-04 |    51.9456 |         38.4302 |    14.0877 |          2.5179 |            5163
22:35 |   384 |     1.500e-04 |    44.7076 |         36.5109 |    13.7011 |          2.5836 |            5163
24:24 |   385 |     1.500e-04 |    37.7524 |         60.5370 |    24.2795 |          2.4487 |            5163
26:12 |   386 |     1.500e-04 |    41.2333 |         73.4642 |    26.8757 |          2.3890 |            5163
28:00 |   387 |     1.500e-04 |    46.5814 |         27.3488 |     9.2051 |          2.3452 |            5163
29:48 |   388 |     1.500e-04 |    48.0750 |         27.5748 |    10.3727 |          2.2387 |            5163
31:36 |   389 |     1.500e-04 |    34.3421 |         35.7490 |    13.1580 |          2.5748 |            5163
33:25 |   390 |     1.500e-04 |    37.2406 |         31.1867 |    11.8453 |          2.3307 |            5163
35:13 |   391 |     1.500e-04 |    38.1772 |         31.4831 |    11.7701 |          2.3447 |            5163
37:01 |   392 |     1.500e-04 |    39.1363 |        107.1015 |    34.9648 |          2.8159 |            5163
38:50 |   393 |     1.500e-04 |    41.7086 |         26.9929 |     8.2200 |          2.3503 |            5163
40:38 |   394 |     1.500e-04 |    36.0767 |         29.1835 |    11.0018 |          2.3266 |            5163
42:26 |   395 |     1.500e-04 |    51.5150 |         40.6271 |    14.2989 |          2.7990 |            5163
44:14 |   396 |     1.500e-04 |    62.9379 |         40.3942 |    15.3824 |          2.6457 |            5163
46:03 |   397 |     1.500e-04 |    44.2150 |         39.0862 |    13.8270 |          2.6268 |            5163
47:51 |   398 |     1.500e-04 |    62.5897 |         31.0020 |     9.2235 |          2.6295 |            5163
49:39 |   399 |     1.500e-04 |    41.2556 |         51.9504 |    20.2477 |          2.5292 |            5163
51:27 |   400 |     1.500e-04 |    42.7820 |         33.6090 |    10.4874 |          2.5524 |            5163
53:15 |   401 |     1.500e-04 |    42.9425 |         52.2849 |    19.0688 |          2.5691 |            5163
55:03 |   402 |     1.500e-04 |    38.5222 |         27.8753 |     8.8444 |          2.3392 |            5163
56:51 |   403 |     1.500e-04 |    34.9448 |         25.7168 |     8.5338 |          2.2600 |            5163
58:40 |   404 |     1.500e-04 |    34.5954 |         27.8983 |     9.3490 |          2.3924 |            5163
00:28 |   405 |     1.500e-04 |    39.5550 |         32.7740 |    11.1050 |          2.5819 |            5163
02:16 |   406 |     1.500e-04 |    46.6310 |         30.8955 |    12.0678 |          2.3908 |            5163
04:04 |   407 |     1.500e-04 |    41.4183 |         69.3171 |    25.7690 |          2.4202 |            5163
05:52 |   408 |     1.500e-04 |    66.1735 |         41.9884 |    12.8408 |          2.9812 |            5163
07:40 |   409 |     1.500e-04 |    56.3742 |         37.2400 |    12.5623 |          2.7009 |            5163
09:29 |   410 |     1.500e-04 |    44.3435 |         46.7053 |    18.5001 |          2.6994 |            5163
11:17 |   411 |     1.500e-04 |    39.2148 |         34.1702 |    10.6090 |          2.6450 |            5163
13:05 |   412 |     1.500e-04 |    46.5688 |         58.7234 |    21.8913 |          2.6946 |            5163
14:54 |   413 |     1.500e-04 |    42.7371 |         36.8301 |    13.2077 |          2.6264 |            5163
16:42 |   414 |     1.500e-04 |    39.0196 |         35.3702 |    12.8451 |          2.5411 |            5163
18:30 |   415 |     1.500e-04 |    37.9380 |         47.2965 |    18.4366 |          2.5330 |            5163
20:18 |   416 |     1.500e-04 |    42.5224 |         29.8793 |     9.8464 |          2.4361 |            5163
22:06 |   417 |     1.500e-04 |    42.3808 |         62.3012 |    23.1184 |          2.4546 |            5163
23:54 |   418 |     1.500e-04 |    35.2856 |         31.1595 |    11.5856 |          2.4109 |            5163
25:43 |   419 |     1.500e-04 |    37.0871 |         31.0316 |    11.3450 |          2.3227 |            5163
27:31 |   420 |     1.500e-04 |    38.2956 |         33.2268 |    11.4009 |          2.4130 |            5163
29:19 |   421 |     1.500e-04 |    31.1332 |         36.2776 |    13.0615 |          2.4192 |            5163
31:08 |   422 |     1.500e-04 |    37.9285 |         27.3319 |     8.3462 |          2.3677 |            5163
32:56 |   423 |     1.500e-04 |    35.9173 |         31.0353 |    11.7524 |          2.2727 |            5163
34:45 |   424 |     1.500e-04 |    37.1086 |         66.3035 |    26.6782 |          2.3137 |            5163
36:33 |   425 |     1.500e-04 |    31.5880 |         26.2360 |     8.0449 |          2.2543 |            5163
38:21 |   426 |     1.500e-04 |    36.6256 |         35.4875 |    12.3421 |          2.5678 |            5163
40:09 |   427 |     1.500e-04 |    40.2496 |         27.3927 |     9.6090 |          2.2555 |            5163
41:58 |   428 |     1.500e-04 |    39.8890 |         33.4010 |    12.2400 |          2.4488 |            5163
43:46 |   429 |     1.500e-04 |    38.9018 |         33.2618 |    12.7592 |          2.2717 |            5163
45:35 |   430 |     1.500e-04 |    29.7072 |         30.9659 |    11.6601 |          2.2441 |            5163
47:23 |   431 |     1.500e-04 |    37.0054 |         59.6806 |    23.6276 |          2.4032 |            5163
49:11 |   432 |     1.500e-04 |    39.8631 |         27.6030 |    10.1218 |          2.1242 |            5163
50:59 |   433 |     1.500e-04 |    32.8980 |         36.8588 |    13.5897 |          2.3333 |            5163
52:47 |   434 |     1.500e-04 |    38.8656 |         53.4403 |    22.5843 |          2.3317 |            5163
54:35 |   435 |     1.500e-04 |    31.5217 |         32.0670 |    12.4744 |          2.2953 |            5163
56:24 |   436 |     1.500e-04 |    30.0026 |         26.3817 |     9.4671 |          2.0666 |            5163
58:12 |   437 |     1.500e-04 |    43.9653 |         35.9674 |    14.3227 |          2.2407 |            5163
00:00 |   438 |     1.500e-04 |    46.4976 |         54.4522 |    19.9384 |          2.7651 |            5163
01:48 |   439 |     1.500e-04 |    47.2446 |         31.1621 |    11.0340 |          2.4658 |            5163
03:37 |   440 |     1.500e-04 |    35.2013 |         38.6854 |    15.2950 |          2.3041 |            5163
05:25 |   441 |     1.500e-04 |    39.7906 |         47.3320 |    17.1682 |          2.4467 |            5163
07:13 |   442 |     1.500e-04 |    31.8718 |         64.0252 |    24.9663 |          2.3035 |            5163
09:01 |   443 |     1.500e-04 |    34.1971 |         37.8476 |    17.1611 |          2.1588 |            5163
10:49 |   444 |     1.500e-04 |    33.7714 |         68.2829 |    27.1315 |          2.2484 |            5163
12:37 |   445 |     1.500e-04 |    41.0412 |         33.7637 |    11.9038 |          2.5693 |            5163
14:25 |   446 |     1.500e-04 |    43.5970 |         29.6192 |    11.7531 |          2.2609 |            5163
16:13 |   447 |     1.500e-04 |    32.7864 |         97.6635 |    36.2581 |          2.3109 |            5163
18:02 |   448 |     1.500e-04 |    36.4812 |         33.9686 |    13.8513 |          2.3161 |            5163
19:50 |   449 |     1.500e-04 |    32.5429 |         25.2284 |     8.0260 |          2.1160 |            5163
21:38 |   450 |     1.500e-04 |    34.0259 |         41.3117 |    16.6519 |          2.4649 |            5163
23:26 |   451 |     1.500e-04 |    34.5728 |         26.2221 |     9.1504 |          2.2126 |            5163
25:14 |   452 |     1.500e-04 |    34.9433 |         44.5184 |    17.9509 |          2.3072 |            5163
27:02 |   453 |     1.500e-04 |    44.1066 |         49.2594 |    18.4217 |          2.6572 |            5163
28:50 |   454 |     1.500e-04 |    40.2410 |         28.3154 |     8.9079 |          2.3257 |            5163
30:38 |   455 |     1.500e-04 |    29.7506 |         25.7810 |     8.3681 |          2.2335 |            5163
32:26 |   456 |     1.500e-04 |    30.8506 |         33.3900 |    13.1963 |          2.1999 |            5163
34:14 |   457 |     1.500e-04 |    34.4418 |         29.2787 |    10.3039 |          2.3706 |            5163
36:03 |   458 |     1.500e-04 |    39.4205 |         30.4917 |    10.4229 |          2.4086 |            5163
37:51 |   459 |     1.500e-04 |    29.7762 |         27.4923 |     9.2016 |          2.1830 |            5163
39:39 |   460 |     1.500e-04 |    32.0939 |         35.9702 |    14.2065 |          2.2973 |            5163
41:28 |   461 |     1.500e-04 |    34.0348 |         30.5923 |    12.6499 |          2.1474 |            5163
43:16 |   462 |     1.500e-04 |    35.4796 |         26.1119 |     8.6821 |          2.2097 |            5163
45:05 |   463 |     1.500e-04 |    32.6188 |         32.0638 |    11.5991 |          2.4409 |            5163
46:53 |   464 |     1.500e-04 |    33.5643 |         30.8587 |    11.2526 |          2.3586 |            5163
48:41 |   465 |     1.500e-04 |    49.6393 |         86.4652 |    29.8387 |          2.6205 |            5163
50:29 |   466 |     1.500e-04 |    36.7969 |         38.7959 |    17.2360 |          2.1633 |            5163
52:17 |   467 |     1.500e-04 |    33.2115 |         35.5052 |    14.4458 |          2.1454 |            5163
54:05 |   468 |     1.500e-04 |    34.0656 |         28.1860 |    10.4374 |          2.1606 |            5163
55:54 |   469 |     1.500e-04 |    33.5913 |         30.6910 |    12.1859 |          2.2378 |            5163
57:42 |   470 |     1.500e-04 |    31.4084 |         28.3881 |    10.9909 |          2.1635 |            5163
59:30 |   471 |     1.500e-04 |    29.7506 |         26.4854 |     9.2974 |          2.1303 |            5163
01:18 |   472 |     1.500e-04 |    38.9466 |         68.2667 |    27.8501 |          2.3795 |            5163
03:06 |   473 |     1.500e-04 |    33.7586 |         24.2699 |     7.2790 |          2.1175 |            5163
04:55 |   474 |     1.500e-04 |    28.8315 |         25.5409 |     8.8644 |          2.1476 |            5163
06:43 |   475 |     1.500e-04 |    29.0027 |         36.0590 |    14.4743 |          2.2147 |            5163
08:31 |   476 |     1.500e-04 |    32.3620 |         28.4291 |    10.7928 |          2.2803 |            5163
10:20 |   477 |     1.500e-04 |    30.8925 |         35.4851 |    16.1034 |          2.1626 |            5163
12:08 |   478 |     1.500e-04 |    28.0718 |         26.6364 |    10.4385 |          2.0240 |            5163
13:56 |   479 |     1.500e-04 |    39.7343 |         30.0232 |    11.9054 |          2.0768 |            5163
15:44 |   480 |     1.500e-04 |    28.7240 |         23.6594 |     8.0337 |          2.0710 |            5163
17:33 |   481 |     1.500e-04 |    30.0266 |         34.5858 |    15.2194 |          2.1440 |            5163
19:21 |   482 |     1.500e-04 |    29.4363 |         49.8552 |    20.1193 |          2.1683 |            5163
21:09 |   483 |     1.500e-04 |    33.5623 |         27.3275 |     9.7194 |          2.0898 |            5163
22:57 |   484 |     1.500e-04 |    36.1638 |         28.2005 |    10.3378 |          2.1158 |            5163
24:46 |   485 |     1.500e-04 |    34.1552 |         65.3436 |    26.6030 |          2.3170 |            5163
26:34 |   486 |     1.500e-04 |    48.7662 |         70.7230 |    27.6707 |          2.3314 |            5163
28:22 |   487 |     1.500e-04 |    35.6857 |         28.6746 |    10.4827 |          2.2412 |            5163
30:11 |   488 |     1.500e-04 |    36.0016 |         26.8822 |    10.1527 |          2.2026 |            5163
31:58 |   489 |     1.500e-04 |    26.8766 |         39.6226 |    16.3493 |          2.2315 |            5163
33:46 |   490 |     1.500e-04 |    39.3542 |         34.9779 |    14.2460 |          2.4530 |            5163
35:34 |   491 |     1.500e-04 |    32.4233 |         42.5919 |    18.4572 |          2.1639 |            5163
37:23 |   492 |     1.500e-04 |    36.8662 |         33.0443 |    14.4583 |          2.1491 |            5163
39:11 |   493 |     1.500e-04 |    28.2240 |         31.0616 |     9.0690 |          2.5188 |            5163
40:59 |   494 |     1.500e-04 |    35.9997 |         30.1525 |    10.3819 |          2.3107 |            5163
42:47 |   495 |     1.500e-04 |    30.0253 |         25.9502 |     8.1410 |          2.2664 |            5163
44:35 |   496 |     1.500e-04 |    27.3745 |         24.8268 |     8.6471 |          2.1520 |            5163
46:24 |   497 |     1.500e-04 |    28.9958 |         29.3137 |    11.4573 |          2.0795 |            5163
48:11 |   498 |     1.500e-04 |    31.8545 |         29.5842 |    12.2651 |          2.1530 |            5163
50:00 |   499 |     1.500e-04 |    35.4904 |         33.1916 |    14.8994 |          2.1276 |            5163
51:48 |   500 |     1.500e-04 |    34.4555 |         25.5824 |     9.2089 |          2.1130 |            5163
53:36 |   501 |     1.500e-04 |    26.6070 |         22.8080 |     7.3616 |          2.0381 |            5163
55:24 |   502 |     1.500e-04 |    25.1440 |         24.2243 |     9.6405 |          1.9614 |            5163
57:12 |   503 |     1.500e-04 |    23.8987 |         23.7927 |     8.3835 |          2.0817 |            5163
59:00 |   504 |     1.500e-04 |    26.5950 |         35.7569 |    14.9235 |          2.1259 |            5163
00:48 |   505 |     1.500e-04 |    24.2173 |         23.1729 |     7.1187 |          2.0875 |            5163
02:36 |   506 |     1.500e-04 |    25.1706 |         25.9656 |     8.5220 |          2.2120 |            5163
04:25 |   507 |     1.500e-04 |    31.0612 |         27.9165 |     9.8633 |          2.2318 |            5163
06:13 |   508 |     1.500e-04 |    28.8962 |         24.5312 |     7.8350 |          2.1347 |            5163
08:01 |   509 |     1.500e-04 |    37.5601 |         26.9768 |     9.1940 |          2.1509 |            5163
09:49 |   510 |     1.500e-04 |    37.5202 |         25.5689 |     9.4224 |          2.0550 |            5163
11:38 |   511 |     1.500e-04 |    25.0149 |         31.6116 |    13.2517 |          2.0801 |            5163
13:26 |   512 |     1.500e-04 |    39.4196 |         25.4146 |     7.9681 |          2.2288 |            5163
15:14 |   513 |     1.500e-04 |    27.7309 |         28.0692 |    10.8464 |          2.1689 |            5163
17:03 |   514 |     1.500e-04 |    30.5505 |         25.8629 |     9.0022 |          2.1925 |            5163
18:51 |   515 |     1.500e-04 |    28.8822 |         29.1133 |    11.7790 |          1.9547 |            5163
20:40 |   516 |     1.500e-04 |    30.8129 |         22.8740 |     7.9482 |          1.9765 |            5163
22:28 |   517 |     1.500e-04 |    41.5336 |         29.6360 |    10.7202 |          2.2277 |            5163
24:16 |   518 |     1.500e-04 |    27.5330 |         95.0212 |    33.6281 |          2.2251 |            5163
26:05 |   519 |     1.500e-04 |    32.4503 |         30.3511 |    13.1488 |          2.0622 |            5163
27:53 |   520 |     1.500e-04 |    38.9727 |         60.2091 |    21.6348 |          2.8779 |            5163
29:41 |   521 |     1.500e-04 |    91.3477 |         33.1345 |    10.4618 |          2.6688 |            5163
31:29 |   522 |     1.500e-04 |    29.7500 |         27.7515 |     9.4827 |          2.2798 |            5163
33:17 |   523 |     1.500e-04 |    27.3139 |         28.2075 |    11.4480 |          2.1341 |            5163
35:06 |   524 |     1.500e-04 |    26.2475 |         28.3055 |    11.6712 |          2.1620 |            5163
36:54 |   525 |     1.500e-04 |    30.6842 |         28.0127 |     8.4722 |          2.4515 |            5163
38:42 |   526 |     1.500e-04 |    31.4611 |         48.1725 |    19.0332 |          2.4110 |            5163
40:30 |   527 |     1.500e-04 |    29.8670 |         29.8800 |    11.1309 |          2.2554 |            5163
42:19 |   528 |     1.500e-04 |    26.8881 |         26.8863 |    10.0152 |          2.1826 |            5163
44:07 |   529 |     1.500e-04 |    25.7076 |         47.7866 |    20.5167 |          2.2280 |            5163
45:55 |   530 |     1.500e-04 |    31.7487 |         24.1269 |     7.8977 |          2.0472 |            5163
47:43 |   531 |     1.500e-04 |    24.2275 |         24.3622 |     8.3659 |          2.0869 |            5163
49:32 |   532 |     1.500e-04 |    28.6334 |         84.8953 |    32.9328 |          2.0897 |            5163
51:20 |   533 |     1.500e-04 |    23.3963 |         23.9107 |     7.5461 |          2.0894 |            5163
53:09 |   534 |     1.500e-04 |    24.4236 |         36.4297 |    16.3308 |          2.1635 |            5163
54:57 |   535 |     1.500e-04 |    29.0263 |         27.9962 |    10.3179 |          2.1622 |            5163
56:45 |   536 |     1.500e-04 |    26.5105 |         27.7624 |    11.5448 |          2.0719 |            5163
58:33 |   537 |     1.500e-04 |    36.3669 |         29.0467 |    12.0057 |          2.1855 |            5163
00:21 |   538 |     1.500e-04 |    32.8502 |         29.3446 |    11.1024 |          2.1644 |            5163
02:10 |   539 |     1.500e-04 |    29.3245 |         29.9885 |    12.3981 |          2.1466 |            5163
03:58 |   540 |     1.500e-04 |    27.3998 |         28.4852 |    11.4160 |          1.9559 |            5163
05:46 |   541 |     1.500e-04 |    24.1874 |         27.4323 |    10.1774 |          2.1291 |            5163
07:34 |   542 |     1.500e-04 |    28.4701 |         25.0450 |     8.7710 |          2.0435 |            5163
09:23 |   543 |     1.500e-04 |    28.9152 |         42.5796 |    13.9252 |          3.0791 |            5163
11:11 |   544 |     1.500e-04 |    36.0992 |         32.9770 |    13.3427 |          2.2578 |            5163
12:59 |   545 |     1.500e-04 |    27.9802 |         41.0251 |    11.1098 |          3.1705 |            5163
14:47 |   546 |     1.500e-04 |    34.9179 |         70.9116 |    28.1387 |          2.3259 |            5163
16:35 |   547 |     1.500e-04 |    32.3062 |         29.6532 |    12.8117 |          2.1923 |            5163
18:24 |   548 |     1.500e-04 |    32.0313 |         23.5025 |     8.4718 |          2.0466 |            5163
20:12 |   549 |     1.500e-04 |    25.4757 |         26.7891 |     9.6531 |          2.2259 |            5163
22:00 |   550 |     1.500e-04 |    27.0107 |         33.7282 |    14.9420 |          2.0001 |            5163
23:48 |   551 |     1.500e-04 |    28.0476 |         23.3182 |     7.1676 |          2.0632 |            5163
25:37 |   552 |     1.500e-04 |    24.5115 |         27.8552 |    12.2103 |          2.0352 |            5163
27:25 |   553 |     7.500e-05 |    19.1812 |         21.2874 |     6.4706 |          1.8744 |            5163
29:13 |   554 |     7.500e-05 |    19.7971 |         28.2745 |    12.9957 |          2.0197 |            5163
31:01 |   555 |     7.500e-05 |    19.7416 |         22.4766 |     7.0055 |          2.0259 |            5163
32:49 |   556 |     7.500e-05 |    18.6751 |         25.0673 |     9.6799 |          1.9346 |            5163
34:38 |   557 |     7.500e-05 |    20.0327 |         22.1442 |     7.9583 |          1.9186 |            5163
36:27 |   558 |     7.500e-05 |    19.2184 |         23.3126 |     8.2702 |          1.9762 |            5163
38:15 |   559 |     7.500e-05 |    18.7815 |         21.1669 |     6.3884 |          1.8994 |            5163
40:03 |   560 |     7.500e-05 |    20.3515 |         23.8438 |     8.9295 |          1.9731 |            5163
41:51 |   561 |     7.500e-05 |    19.4995 |         22.6364 |     7.9295 |          1.8638 |            5163
43:39 |   562 |     7.500e-05 |    19.9461 |         26.1338 |    10.8871 |          1.9421 |            5163
45:28 |   563 |     7.500e-05 |    22.4559 |         24.7348 |     8.0046 |          2.0925 |            5163
47:16 |   564 |     7.500e-05 |    21.9646 |         30.2130 |    13.3994 |          2.0322 |            5163
49:05 |   565 |     7.500e-05 |    19.9084 |         24.3471 |     8.2002 |          2.0183 |            5163
50:53 |   566 |     7.500e-05 |    19.7805 |         23.4084 |     8.2897 |          1.9985 |            5163
52:41 |   567 |     7.500e-05 |    20.5760 |         24.4667 |     8.9550 |          1.9570 |            5163
54:30 |   568 |     7.500e-05 |    19.0084 |         27.2502 |    10.8896 |          1.9365 |            5163
56:18 |   569 |     7.500e-05 |    18.4189 |         22.3640 |     6.7434 |          1.9897 |            5163
58:06 |   570 |     7.500e-05 |    19.6273 |         21.6990 |     6.3435 |          1.9660 |            5163
59:54 |   571 |     7.500e-05 |    19.4779 |         25.2886 |    10.4848 |          1.8984 |            5163
01:42 |   572 |     7.500e-05 |    19.6907 |         23.7226 |     9.6779 |          1.9481 |            5163
03:30 |   573 |     7.500e-05 |    19.0962 |         22.1512 |     6.8586 |          1.9611 |            5163
05:19 |   574 |     7.500e-05 |    19.8235 |         22.3618 |     7.3789 |          1.9989 |            5163
07:07 |   575 |     7.500e-05 |    19.2664 |         34.1424 |    16.6710 |          1.9057 |            5163
08:55 |   576 |     7.500e-05 |    19.9690 |         21.7239 |     7.1093 |          1.8330 |            5163
10:43 |   577 |     7.500e-05 |    18.1677 |         21.6403 |     7.4829 |          1.8636 |            5163
12:31 |   578 |     7.500e-05 |    17.7960 |         23.3772 |     9.0038 |          1.9471 |            5163
14:20 |   579 |     7.500e-05 |    19.5824 |         23.3357 |     9.2716 |          1.8894 |            5163
16:08 |   580 |     7.500e-05 |    19.1360 |         23.3984 |     8.6213 |          1.8210 |            5163
17:56 |   581 |     7.500e-05 |    20.9072 |         21.9545 |     7.5316 |          1.8265 |            5163
19:44 |   582 |     7.500e-05 |    19.9565 |         28.0542 |    11.6103 |          1.9510 |            5163
21:32 |   583 |     7.500e-05 |    20.3313 |         26.5940 |    11.4278 |          1.8681 |            5163
23:21 |   584 |     7.500e-05 |    18.4064 |         32.8338 |    14.6748 |          1.9521 |            5163
25:09 |   585 |     7.500e-05 |    18.9330 |         21.8940 |     7.9175 |          1.8241 |            5163
26:57 |   586 |     7.500e-05 |    17.5250 |         21.1086 |     6.4879 |          1.8349 |            5163
28:45 |   587 |     7.500e-05 |    17.1566 |         24.2751 |     9.9109 |          1.8076 |            5163
30:33 |   588 |     7.500e-05 |    21.1125 |         27.4053 |    11.1988 |          1.9221 |            5163
32:22 |   589 |     7.500e-05 |    19.0535 |         20.7691 |     6.2736 |          1.8027 |            5163
34:10 |   590 |     7.500e-05 |    17.6537 |         35.8917 |    16.7763 |          1.8163 |            5163
35:58 |   591 |     7.500e-05 |    19.4228 |         23.4133 |     8.6227 |          1.8511 |            5163
37:46 |   592 |     7.500e-05 |    19.3595 |         21.7525 |     7.0852 |          1.8447 |            5163
39:34 |   593 |     7.500e-05 |    17.4899 |         21.1793 |     6.7186 |          1.7804 |            5163
41:22 |   594 |     7.500e-05 |    18.0095 |         20.9527 |     6.6476 |          1.7820 |            5163
43:11 |   595 |     7.500e-05 |    16.8223 |         21.4087 |     6.7554 |          1.7834 |            5163
44:59 |   596 |     7.500e-05 |    17.8952 |         24.9396 |     9.4748 |          1.8179 |            5163
46:47 |   597 |     7.500e-05 |    20.4411 |         21.2132 |     7.0303 |          1.7750 |            5163
48:35 |   598 |     7.500e-05 |    19.8874 |         24.5313 |     8.7697 |          1.9527 |            5163
50:24 |   599 |     7.500e-05 |    19.9556 |         20.4567 |     5.7806 |          1.7962 |            5163
52:12 |   600 |     7.500e-05 |    18.9401 |         20.6957 |     6.7944 |          1.8009 |            5163
54:00 |   601 |     7.500e-05 |    23.3519 |         33.4839 |     8.8223 |          2.8459 |            5163
55:49 |   602 |     7.500e-05 |    26.6821 |         24.0253 |     7.1879 |          2.1370 |            5163
57:37 |   603 |     7.500e-05 |    20.3928 |         22.4257 |     6.0880 |          2.0151 |            5163
59:26 |   604 |     7.500e-05 |    17.9631 |         23.3131 |     7.1939 |          2.0015 |            5163
01:14 |   605 |     7.500e-05 |    17.2164 |         24.8365 |     9.2327 |          1.9060 |            5163
03:02 |   606 |     7.500e-05 |    17.9546 |         23.1020 |     8.3314 |          1.9216 |            5163
04:51 |   607 |     7.500e-05 |    20.4098 |         23.2454 |     7.8881 |          1.9390 |            5163
06:39 |   608 |     7.500e-05 |    17.7156 |         22.4663 |     7.7808 |          1.8914 |            5163
08:27 |   609 |     7.500e-05 |    16.6739 |         35.0680 |    16.6888 |          1.8388 |            5163
10:16 |   610 |     7.500e-05 |    16.1750 |         23.7423 |     8.6015 |          1.8434 |            5163
12:04 |   611 |     7.500e-05 |    16.9901 |         31.1871 |    13.5564 |          1.8409 |            5163
13:52 |   612 |     7.500e-05 |    16.4402 |         22.9280 |     7.7922 |          1.8070 |            5163
15:40 |   613 |     7.500e-05 |    17.5542 |         23.8758 |     8.7530 |          1.8762 |            5163
17:29 |   614 |     7.500e-05 |    16.2627 |         22.0646 |     7.4754 |          1.8460 |            5163
19:17 |   615 |     7.500e-05 |    16.2833 |         23.9287 |     8.8204 |          1.9146 |            5163
21:06 |   616 |     7.500e-05 |    19.0407 |         23.5400 |     8.2893 |          1.9583 |            5163
22:54 |   617 |     7.500e-05 |    19.0778 |         23.2920 |     8.3921 |          1.9021 |            5163
24:41 |   618 |     7.500e-05 |    17.8301 |         26.7402 |    12.1744 |          1.8816 |            5163
26:30 |   619 |     7.500e-05 |    17.3250 |         23.1050 |     8.3003 |          1.8707 |            5163
28:18 |   620 |     7.500e-05 |    18.0273 |         22.5579 |     8.2467 |          1.8443 |            5163
30:07 |   621 |     7.500e-05 |    16.0432 |         21.3805 |     6.8843 |          1.8144 |            5163
31:55 |   622 |     7.500e-05 |    17.4514 |         20.7012 |     5.6963 |          1.8052 |            5163
33:43 |   623 |     7.500e-05 |    17.0975 |         21.1615 |     6.9183 |          1.8295 |            5163
35:31 |   624 |     7.500e-05 |    19.8806 |         21.5820 |     7.2842 |          1.7910 |            5163
37:20 |   625 |     7.500e-05 |    18.7089 |         22.2726 |     8.0044 |          1.8381 |            5163
39:08 |   626 |     7.500e-05 |    20.8902 |         33.1537 |    12.4438 |          2.3776 |            5163
40:56 |   627 |     7.500e-05 |    22.1457 |         22.5842 |     7.2798 |          1.9856 |            5163
42:44 |   628 |     7.500e-05 |    18.4429 |         23.6983 |     9.4749 |          1.9524 |            5163
44:32 |   629 |     7.500e-05 |    17.3383 |         24.8400 |     9.6400 |          1.9151 |            5163
46:21 |   630 |     7.500e-05 |    17.6029 |         22.6211 |     8.1898 |          1.8637 |            5163
48:09 |   631 |     7.500e-05 |    17.1660 |         21.5025 |     7.1812 |          1.8515 |            5163
49:57 |   632 |     7.500e-05 |    17.7098 |         21.5035 |     7.0504 |          1.8608 |            5163
51:46 |   633 |     7.500e-05 |    16.9045 |         23.9995 |     8.5779 |          1.8533 |            5163
53:34 |   634 |     7.500e-05 |    15.7412 |         21.3483 |     6.6782 |          1.7420 |            5163
55:22 |   635 |     7.500e-05 |    16.1096 |         22.4530 |     7.5978 |          1.7844 |            5163
57:11 |   636 |     7.500e-05 |    17.9309 |         21.1602 |     6.6037 |          1.7962 |            5163
58:59 |   637 |     7.500e-05 |    15.7705 |         26.6693 |    11.9430 |          1.7862 |            5163
00:47 |   638 |     7.500e-05 |    18.1470 |         21.5564 |     7.8892 |          1.7607 |            5163
02:35 |   639 |     7.500e-05 |    15.6902 |         20.8516 |     6.3990 |          1.7480 |            5163
04:23 |   640 |     7.500e-05 |    17.0936 |         22.4556 |     8.5681 |          1.7937 |            5163
06:12 |   641 |     7.500e-05 |    21.8255 |         22.2104 |     8.8487 |          1.7895 |            5163
08:00 |   642 |     7.500e-05 |    21.2908 |         27.6265 |    12.0662 |          1.8710 |            5163
09:48 |   643 |     7.500e-05 |    17.7410 |         21.4161 |     6.9496 |          1.7679 |            5163
11:37 |   644 |     7.500e-05 |    16.0260 |         34.1132 |    16.6374 |          1.7366 |            5163
13:25 |   645 |     7.500e-05 |    15.8800 |         20.8461 |     5.8782 |          1.7405 |            5163
15:13 |   646 |     7.500e-05 |    16.0568 |         41.7128 |    19.7981 |          1.7796 |            5163
17:02 |   647 |     7.500e-05 |    19.4007 |         21.6281 |     7.1696 |          1.7411 |            5163
18:50 |   648 |     7.500e-05 |    16.9376 |         27.7980 |    13.8635 |          1.7514 |            5163
20:38 |   649 |     7.500e-05 |    15.8768 |         23.0761 |     8.0659 |          1.7799 |            5163
22:26 |   650 |     7.500e-05 |    16.0198 |         20.2455 |     6.1744 |          1.7440 |            5163
24:14 |   651 |     7.500e-05 |    16.7511 |         30.2763 |    14.5401 |          1.8067 |            5163
26:02 |   652 |     7.500e-05 |    16.1647 |         22.7835 |     9.8314 |          1.7119 |            5163
27:50 |   653 |     7.500e-05 |    16.4304 |         26.1240 |    10.7576 |          1.7690 |            5163
29:38 |   654 |     7.500e-05 |    17.1429 |         21.3751 |     6.0262 |          1.8089 |            5163
31:26 |   655 |     7.500e-05 |    16.6049 |         22.2667 |     7.3017 |          1.8581 |            5163
33:15 |   656 |     7.500e-05 |    16.2697 |         20.8165 |     7.0774 |          1.7266 |            5163
35:03 |   657 |     7.500e-05 |    16.0372 |         20.6245 |     6.6460 |          1.7278 |            5163
36:51 |   658 |     7.500e-05 |    17.4332 |         21.0586 |     7.2488 |          1.7212 |            5163
38:39 |   659 |     7.500e-05 |    18.7721 |         22.7281 |     7.8844 |          1.8018 |            5163
40:27 |   660 |     7.500e-05 |    20.9353 |         23.1994 |     8.5373 |          1.8175 |            5163
42:16 |   661 |     7.500e-05 |    20.5039 |         24.8469 |    10.3881 |          1.9101 |            5163
44:04 |   662 |     7.500e-05 |    19.9684 |         24.6860 |    10.3220 |          1.8199 |            5163
45:52 |   663 |     7.500e-05 |    17.1504 |         21.7540 |     7.6843 |          1.7928 |            5163
47:41 |   664 |     7.500e-05 |    26.6463 |         24.7140 |     6.2785 |          2.2030 |            5163
49:29 |   665 |     7.500e-05 |    19.8074 |         31.0383 |    12.8804 |          2.0147 |            5163
51:17 |   666 |     7.500e-05 |    18.0892 |         23.0026 |     7.2821 |          1.9269 |            5163
53:05 |   667 |     7.500e-05 |    17.0196 |         21.7390 |     6.1132 |          1.8620 |            5163
54:54 |   668 |     7.500e-05 |    16.5992 |         21.3505 |     6.4370 |          1.8660 |            5163
56:42 |   669 |     7.500e-05 |    15.8236 |         27.3207 |    12.0761 |          1.8841 |            5163
58:30 |   670 |     7.500e-05 |    15.9456 |         23.4563 |     8.4440 |          1.8377 |            5163
00:19 |   671 |     7.500e-05 |    17.7349 |         28.8885 |    12.4397 |          1.8268 |            5163
02:07 |   672 |     7.500e-05 |    16.4419 |         21.1252 |     7.0392 |          1.7549 |            5163
03:55 |   673 |     7.500e-05 |    16.6054 |         23.1676 |     6.5886 |          2.1056 |            5163
05:44 |   674 |     7.500e-05 |    17.4096 |         43.8188 |    16.4020 |          2.3340 |            5163
07:32 |   675 |     7.500e-05 |    28.0493 |         30.8986 |    12.9013 |          2.1113 |            5163
09:21 |   676 |     7.500e-05 |    18.1041 |         22.3021 |     7.1876 |          1.9216 |            5163
11:09 |   677 |     7.500e-05 |    16.9003 |         22.2358 |     6.9103 |          1.9176 |            5163
12:58 |   678 |     7.500e-05 |    16.7566 |         32.8255 |    14.7106 |          1.8767 |            5163
14:47 |   679 |     7.500e-05 |    17.9380 |         27.9537 |     9.6676 |          2.2494 |            5163
16:35 |   680 |     7.500e-05 |    18.8177 |         30.9933 |    13.5890 |          1.9572 |            5163
18:23 |   681 |     7.500e-05 |    18.3448 |         25.7608 |    10.6157 |          1.8994 |            5163
20:11 |   682 |     7.500e-05 |    16.6569 |         20.5857 |     5.8929 |          1.8210 |            5163
22:00 |   683 |     7.500e-05 |    16.5667 |         23.6369 |     9.0454 |          1.9198 |            5163
23:48 |   684 |     7.500e-05 |    16.1100 |         21.7051 |     6.7666 |          1.8065 |            5163
25:36 |   685 |     7.500e-05 |    15.6243 |         22.8984 |     8.2142 |          1.7863 |            5163
27:24 |   686 |     7.500e-05 |    15.3311 |         21.6288 |     6.9901 |          1.8064 |            5163
29:12 |   687 |     7.500e-05 |    15.2018 |         21.2458 |     6.6638 |          1.8390 |            5163
31:00 |   688 |     7.500e-05 |    15.0260 |         20.8413 |     6.2215 |          1.7838 |            5163
32:48 |   689 |     7.500e-05 |    15.0588 |         31.6275 |    13.8905 |          1.7914 |            5163
34:37 |   690 |     7.500e-05 |    15.6712 |         21.7911 |     7.0065 |          1.8542 |            5163
36:25 |   691 |     7.500e-05 |    17.1158 |         20.5937 |     6.3317 |          1.7540 |            5163
38:14 |   692 |     7.500e-05 |    16.7566 |         21.4277 |     8.1348 |          1.7107 |            5163
40:02 |   693 |     7.500e-05 |    15.6007 |         22.4581 |     8.6316 |          1.8003 |            5163
41:50 |   694 |     7.500e-05 |    16.1289 |         20.8653 |     6.4680 |          1.7495 |            5163
43:38 |   695 |     7.500e-05 |    15.4494 |         20.6074 |     6.2385 |          1.7510 |            5163
45:26 |   696 |     7.500e-05 |    14.8648 |         20.9253 |     6.8237 |          1.7591 |            5163
47:15 |   697 |     7.500e-05 |    17.0727 |         27.1017 |    12.5010 |          1.7838 |            5163
49:03 |   698 |     7.500e-05 |    16.6244 |         43.9797 |    21.4505 |          1.7949 |            5163
50:52 |   699 |     7.500e-05 |    18.7227 |         23.2909 |     9.7659 |          1.7662 |            5163
52:40 |   700 |     7.500e-05 |    15.8353 |         20.9246 |     7.0503 |          1.7621 |            5163
54:29 |   701 |     7.500e-05 |    17.0349 |         21.5749 |     7.5477 |          1.7551 |            5163
56:17 |   702 |     3.750e-05 |    14.0675 |         19.8562 |     5.4779 |          1.7017 |            5163
58:05 |   703 |     3.750e-05 |    13.0999 |         20.0932 |     5.4758 |          1.7313 |            5163
59:54 |   704 |     3.750e-05 |    13.4039 |         22.8186 |    10.0370 |          1.6749 |            5163
01:42 |   705 |     3.750e-05 |    13.2216 |         20.2339 |     5.6559 |          1.7169 |            5163
03:30 |   706 |     3.750e-05 |    13.3474 |         20.0206 |     5.2469 |          1.6985 |            5163
05:18 |   707 |     3.750e-05 |    13.7398 |         19.7423 |     5.9650 |          1.6690 |            5163
07:07 |   708 |     3.750e-05 |    13.7166 |         22.6065 |     8.6436 |          1.6773 |            5163
08:55 |   709 |     3.750e-05 |    13.3482 |         20.4280 |     6.8523 |          1.6863 |            5163
10:43 |   710 |     3.750e-05 |    13.1244 |         23.7919 |     9.6015 |          1.6619 |            5163
12:31 |   711 |     3.750e-05 |    13.0767 |         20.6732 |     7.8814 |          1.6590 |            5163
14:20 |   712 |     3.750e-05 |    12.6213 |         20.3983 |     7.1358 |          1.6757 |            5163
16:08 |   713 |     3.750e-05 |    12.9519 |         20.6160 |     6.7847 |          1.6726 |            5163
17:57 |   714 |     3.750e-05 |    13.4328 |         28.9266 |    14.2589 |          1.7017 |            5163
19:45 |   715 |     3.750e-05 |    13.6920 |         20.0999 |     6.4990 |          1.6456 |            5163
21:34 |   716 |     3.750e-05 |    13.1384 |         21.3464 |     7.3269 |          1.7197 |            5163
23:22 |   717 |     3.750e-05 |    13.2666 |         22.9944 |     9.0943 |          1.6814 |            5163
25:11 |   718 |     3.750e-05 |    12.9828 |         20.0599 |     5.7761 |          1.6777 |            5163
27:00 |   719 |     3.750e-05 |    12.8736 |         20.6948 |     6.6307 |          1.6609 |            5163
28:49 |   720 |     3.750e-05 |    12.8342 |         19.9266 |     5.6167 |          1.6887 |            5163
30:37 |   721 |     3.750e-05 |    13.3866 |         21.1276 |     6.9422 |          1.6760 |            5163
32:26 |   722 |     3.750e-05 |    13.0504 |         19.8520 |     5.8620 |          1.6297 |            5163
34:14 |   723 |     3.750e-05 |    13.3152 |         25.6991 |    11.4386 |          1.6882 |            5163
36:03 |   724 |     3.750e-05 |    13.2674 |         20.4208 |     6.6845 |          1.6761 |            5163
37:51 |   725 |     3.750e-05 |    14.0593 |         20.9836 |     6.8092 |          1.6669 |            5163
39:40 |   726 |     3.750e-05 |    13.0041 |         21.8589 |     8.6790 |          1.6753 |            5163
41:28 |   727 |     3.750e-05 |    13.0158 |         19.6957 |     5.5093 |          1.6405 |            5163
43:17 |   728 |     3.750e-05 |    12.9787 |         23.8307 |    10.6605 |          1.6424 |            5163
45:05 |   729 |     3.750e-05 |    12.9382 |         20.4546 |     7.1852 |          1.6234 |            5163
46:54 |   730 |     3.750e-05 |    12.4391 |         20.1543 |     6.2144 |          1.6821 |            5163
48:42 |   731 |     3.750e-05 |    13.1908 |         19.5486 |     5.2588 |          1.6223 |            5163
50:31 |   732 |     3.750e-05 |    12.8047 |         21.3463 |     7.1139 |          1.6929 |            5163
52:19 |   733 |     3.750e-05 |    13.0556 |         20.4118 |     6.1987 |          1.6920 |            5163
54:07 |   734 |     3.750e-05 |    13.3714 |         20.3638 |     7.1564 |          1.6080 |            5163
55:56 |   735 |     3.750e-05 |    12.5631 |         19.6210 |     5.2261 |          1.6310 |            5163
57:44 |   736 |     3.750e-05 |    12.8188 |         20.7268 |     7.4179 |          1.6407 |            5163
59:32 |   737 |     3.750e-05 |    13.5629 |         20.2654 |     5.8567 |          1.6548 |            5163
01:20 |   738 |     3.750e-05 |    13.2480 |         20.1340 |     5.4907 |          1.6980 |            5163
03:08 |   739 |     3.750e-05 |    12.9816 |         21.1085 |     6.7176 |          1.6606 |            5163
04:56 |   740 |     3.750e-05 |    12.7633 |         19.9321 |     5.6588 |          1.6431 |            5163
06:44 |   741 |     3.750e-05 |    13.3218 |         20.6075 |     6.7185 |          1.6360 |            5163
08:32 |   742 |     3.750e-05 |    12.9852 |         19.6105 |     5.5926 |          1.6051 |            5163
10:20 |   743 |     3.750e-05 |    13.1841 |         20.2901 |     6.5978 |          1.6260 |            5163
12:08 |   744 |     3.750e-05 |    12.5393 |         19.7732 |     5.4479 |          1.6442 |            5163
13:56 |   745 |     3.750e-05 |    13.2589 |         20.4927 |     6.5455 |          1.6281 |            5163
15:45 |   746 |     3.750e-05 |    12.4473 |         21.3974 |     8.8673 |          1.6089 |            5163
17:33 |   747 |     3.750e-05 |    12.3974 |         20.7570 |     7.8044 |          1.6189 |            5163
19:21 |   748 |     3.750e-05 |    12.5034 |         19.7717 |     5.5987 |          1.5906 |            5163
21:09 |   749 |     3.750e-05 |    14.1460 |         20.7602 |     6.6274 |          1.6949 |            5163
22:57 |   750 |     3.750e-05 |    13.5099 |         20.4018 |     6.3469 |          1.6649 |            5163
24:45 |   751 |     3.750e-05 |    12.6952 |         19.8019 |     5.9163 |          1.6692 |            5163
26:33 |   752 |     3.750e-05 |    12.7260 |         22.2614 |     8.4470 |          1.6489 |            5163
28:21 |   753 |     3.750e-05 |    12.2621 |         20.5652 |     6.1327 |          1.6717 |            5163
30:09 |   754 |     3.750e-05 |    12.7016 |         26.0986 |    12.2513 |          1.6394 |            5163
31:57 |   755 |     3.750e-05 |    13.6055 |         20.0493 |     6.1279 |          1.6387 |            5163
33:45 |   756 |     3.750e-05 |    12.1628 |         20.3682 |     5.7450 |          1.6183 |            5163
35:33 |   757 |     3.750e-05 |    12.8685 |         20.1138 |     6.1464 |          1.6274 |            5163
37:21 |   758 |     3.750e-05 |    12.4185 |         21.1428 |     7.3483 |          1.6127 |            5163
39:09 |   759 |     3.750e-05 |    12.0798 |         20.0465 |     6.0552 |          1.6515 |            5163
40:58 |   760 |     3.750e-05 |    11.8505 |         25.1711 |    10.4735 |          1.7085 |            5163
42:46 |   761 |     3.750e-05 |    14.5802 |         19.7703 |     5.3083 |          1.6399 |            5163
44:34 |   762 |     3.750e-05 |    12.9660 |         20.3416 |     6.2347 |          1.6120 |            5163
46:22 |   763 |     3.750e-05 |    12.4645 |         20.1306 |     5.9793 |          1.6093 |            5163
48:10 |   764 |     3.750e-05 |    12.5675 |         20.3825 |     7.1131 |          1.6056 |            5163
49:58 |   765 |     3.750e-05 |    11.9158 |         20.5643 |     6.9751 |          1.6087 |            5163
51:46 |   766 |     3.750e-05 |    12.1294 |         23.8985 |     7.6295 |          1.9787 |            5163
53:34 |   767 |     3.750e-05 |    13.7999 |         21.4267 |     7.6924 |          1.6839 |            5163
55:23 |   768 |     3.750e-05 |    12.6463 |         20.0355 |     5.7297 |          1.6896 |            5163
57:11 |   769 |     3.750e-05 |    12.4933 |         21.7748 |     7.5489 |          1.6481 |            5163
58:59 |   770 |     3.750e-05 |    12.7352 |         19.8679 |     5.1145 |          1.6606 |            5163
00:47 |   771 |     3.750e-05 |    12.7471 |         20.7323 |     6.0360 |          1.6783 |            5163
02:35 |   772 |     3.750e-05 |    12.4243 |         20.0148 |     5.5808 |          1.6387 |            5163
04:23 |   773 |     3.750e-05 |    12.0603 |         20.0535 |     6.0446 |          1.6221 |            5163
06:11 |   774 |     3.750e-05 |    11.5852 |         19.9496 |     5.4935 |          1.6102 |            5163
07:59 |   775 |     3.750e-05 |    12.1686 |         21.0103 |     8.0756 |          1.6319 |            5163
09:48 |   776 |     3.750e-05 |    12.2621 |         20.2067 |     5.9815 |          1.6201 |            5163
11:36 |   777 |     3.750e-05 |    11.9045 |         19.5913 |     5.5015 |          1.6001 |            5163
13:24 |   778 |     3.750e-05 |    11.8334 |         19.4212 |     5.2332 |          1.5878 |            5163
15:12 |   779 |     3.750e-05 |    12.2482 |         20.7660 |     6.6190 |          1.6065 |            5163
17:00 |   780 |     3.750e-05 |    18.1576 |         22.7282 |     6.2379 |          2.0255 |            5163
18:48 |   781 |     3.750e-05 |    13.9630 |         21.2458 |     5.8111 |          1.8355 |            5163
20:37 |   782 |     3.750e-05 |    12.9987 |         20.7776 |     5.9608 |          1.7561 |            5163
22:25 |   783 |     3.750e-05 |    12.4343 |         21.1591 |     7.1631 |          1.7390 |            5163
24:13 |   784 |     3.750e-05 |    12.2849 |         20.7896 |     5.8092 |          1.7453 |            5163
26:01 |   785 |     3.750e-05 |    12.1228 |         20.2353 |     5.6923 |          1.7001 |            5163
27:49 |   786 |     3.750e-05 |    12.6004 |         20.0329 |     5.1837 |          1.6926 |            5163
29:37 |   787 |     3.750e-05 |    12.7261 |         20.7258 |     7.1710 |          1.6814 |            5163
31:26 |   788 |     3.750e-05 |    12.3641 |         20.4173 |     6.0212 |          1.6838 |            5163
33:14 |   789 |     3.750e-05 |    12.0151 |         19.8374 |     5.1201 |          1.6546 |            5163
35:02 |   790 |     3.750e-05 |    12.0954 |         20.1697 |     5.5634 |          1.6870 |            5163
36:51 |   791 |     3.750e-05 |    11.5548 |         20.5554 |     6.3235 |          1.6587 |            5163
38:39 |   792 |     3.750e-05 |    11.7188 |         20.4754 |     7.2767 |          1.6438 |            5163
40:27 |   793 |     3.750e-05 |    11.7889 |         19.7349 |     5.5377 |          1.6639 |            5163
42:15 |   794 |     3.750e-05 |    11.8594 |         20.1178 |     6.1707 |          1.6412 |            5163
44:03 |   795 |     3.750e-05 |    12.0430 |         23.8097 |    10.7180 |          1.6311 |            5163
45:52 |   796 |     3.750e-05 |    12.1515 |         19.9548 |     6.3763 |          1.6251 |            5163
47:40 |   797 |     3.750e-05 |    11.9538 |         19.3746 |     5.2174 |          1.5995 |            5163
49:28 |   798 |     3.750e-05 |    11.4435 |         20.0313 |     6.8588 |          1.6171 |            5163
51:16 |   799 |     3.750e-05 |    11.3908 |         20.9497 |     6.7413 |          1.6537 |            5163
53:04 |   800 |     3.750e-05 |    11.4874 |         20.1027 |     6.3081 |          1.6541 |            5163
54:52 |   801 |     3.750e-05 |    11.4713 |         22.2563 |     8.4157 |          1.6152 |            5163
56:41 |   802 |     3.750e-05 |    11.3291 |         20.1922 |     5.7041 |          1.6219 |            5163
58:29 |   803 |     3.750e-05 |    11.5190 |         20.0424 |     6.4135 |          1.6153 |            5163
00:17 |   804 |     3.750e-05 |    11.5935 |         20.8017 |     7.6127 |          1.6184 |            5163
02:06 |   805 |     3.750e-05 |    11.4081 |         19.7614 |     5.6209 |          1.6161 |            5163
03:54 |   806 |     3.750e-05 |    11.2989 |         19.6952 |     5.3542 |          1.6117 |            5163
05:42 |   807 |     3.750e-05 |    11.8045 |         19.6781 |     5.1243 |          1.6079 |            5163
07:30 |   808 |     3.750e-05 |    11.5775 |         19.6749 |     5.5596 |          1.5848 |            5163
09:18 |   809 |     3.750e-05 |    11.4291 |         20.5417 |     5.8913 |          1.6500 |            5163
11:06 |   810 |     3.750e-05 |    12.0558 |         20.5320 |     6.4279 |          1.5936 |            5163
12:54 |   811 |     3.750e-05 |    11.7302 |         19.6508 |     5.3231 |          1.6063 |            5163
14:43 |   812 |     3.750e-05 |    11.4470 |         20.4086 |     7.3351 |          1.6093 |            5163
16:31 |   813 |     3.750e-05 |    11.2466 |         21.1555 |     7.0511 |          1.6536 |            5163
18:19 |   814 |     3.750e-05 |    11.4368 |         20.6345 |     6.3965 |          1.6258 |            5163
20:07 |   815 |     3.750e-05 |    13.2627 |         22.8580 |     6.0019 |          2.0148 |            5163
21:56 |   816 |     3.750e-05 |    13.6926 |         21.5842 |     7.4217 |          1.7608 |            5163
23:44 |   817 |     3.750e-05 |    12.8017 |         20.6469 |     6.1633 |          1.6781 |            5163
25:32 |   818 |     3.750e-05 |    12.7915 |         20.3983 |     6.3128 |          1.6756 |            5163
27:21 |   819 |     3.750e-05 |    12.4730 |         20.4727 |     5.4699 |          1.6781 |            5163
29:09 |   820 |     3.750e-05 |    11.7346 |         20.0287 |     5.0442 |          1.6406 |            5163
30:57 |   821 |     3.750e-05 |    11.9193 |         25.4430 |     9.2570 |          1.8460 |            5163
32:46 |   822 |     3.750e-05 |    12.8094 |         20.0700 |     5.5626 |          1.6361 |            5163
34:34 |   823 |     3.750e-05 |    12.0165 |         21.2207 |     7.4486 |          1.6624 |            5163
36:23 |   824 |     3.750e-05 |    11.8276 |         20.0712 |     6.5156 |          1.6191 |            5163
38:11 |   825 |     3.750e-05 |    11.5478 |         20.8946 |     6.6524 |          1.6534 |            5163
39:59 |   826 |     3.750e-05 |    11.8559 |         19.8982 |     5.4983 |          1.6408 |            5163
41:48 |   827 |     3.750e-05 |    11.6067 |         19.9041 |     5.8220 |          1.6297 |            5163
43:36 |   828 |     3.750e-05 |    11.4719 |         20.3592 |     6.5717 |          1.6112 |            5163
45:24 |   829 |     3.750e-05 |    11.4447 |         19.5261 |     5.2909 |          1.6036 |            5163
47:13 |   830 |     3.750e-05 |    11.4475 |         21.2036 |     8.4904 |          1.6042 |            5163
49:01 |   831 |     3.750e-05 |    11.9620 |         20.2642 |     6.5115 |          1.6043 |            5163
50:49 |   832 |     3.750e-05 |    12.3520 |         19.5645 |     5.7959 |          1.6122 |            5163
52:37 |   833 |     3.750e-05 |    11.7719 |         19.2932 |     5.4573 |          1.5862 |            5163
54:25 |   834 |     3.750e-05 |    11.3487 |         19.5733 |     5.5343 |          1.5553 |            5163
56:13 |   835 |     3.750e-05 |    11.4178 |         20.1060 |     5.8055 |          1.6379 |            5163
58:02 |   836 |     3.750e-05 |    11.6807 |         19.8655 |     5.4920 |          1.6207 |            5163
59:50 |   837 |     3.750e-05 |    11.8560 |         20.0265 |     6.0556 |          1.5931 |            5163
01:38 |   838 |     3.750e-05 |    11.4479 |         19.3525 |     5.4440 |          1.6062 |            5163
03:26 |   839 |     3.750e-05 |    12.0759 |         20.5974 |     6.5147 |          1.6244 |            5163
05:14 |   840 |     3.750e-05 |    11.3289 |         19.4217 |     5.5039 |          1.5647 |            5163
07:02 |   841 |     3.750e-05 |    11.4662 |         21.9239 |     8.6867 |          1.5937 |            5163
08:50 |   842 |     3.750e-05 |    11.7207 |         20.6070 |     6.7025 |          1.6412 |            5163
10:38 |   843 |     3.750e-05 |    12.6900 |         20.7635 |     7.1916 |          1.6216 |            5163
12:27 |   844 |     3.750e-05 |    12.4152 |         19.3942 |     5.5722 |          1.5691 |            5163
14:15 |   845 |     3.750e-05 |    13.5490 |         19.3957 |     5.3455 |          1.5985 |            5163
16:03 |   846 |     3.750e-05 |    12.6595 |         23.3420 |     9.2804 |          1.5915 |            5163
17:51 |   847 |     3.750e-05 |    12.3206 |         20.9086 |     6.8752 |          1.6362 |            5163
19:39 |   848 |     3.750e-05 |    12.4084 |         19.8274 |     6.9755 |          1.5652 |            5163
21:27 |   849 |     3.750e-05 |    11.8293 |         19.5730 |     5.5154 |          1.5873 |            5163
23:15 |   850 |     3.750e-05 |    11.6937 |         19.6108 |     5.5549 |          1.6098 |            5163
25:03 |   851 |     3.750e-05 |    11.6230 |         19.3655 |     5.3441 |          1.5729 |            5163
26:51 |   852 |     3.750e-05 |    11.4657 |         21.7724 |     7.6885 |          1.6463 |            5163
28:40 |   853 |     3.750e-05 |    11.7016 |         19.5853 |     4.9525 |          1.6554 |            5163
30:28 |   854 |     3.750e-05 |    11.6368 |         20.0581 |     6.3380 |          1.6049 |            5163
32:17 |   855 |     3.750e-05 |    11.8632 |         20.8190 |     6.8474 |          1.5711 |            5163
34:05 |   856 |     3.750e-05 |    11.7048 |         20.9475 |     7.0711 |          1.6171 |            5163
35:53 |   857 |     3.750e-05 |    12.1029 |         19.6375 |     6.0609 |          1.5478 |            5163
37:41 |   858 |     3.750e-05 |    12.3582 |         20.0778 |     6.0343 |          1.6152 |            5163
39:29 |   859 |     3.750e-05 |    12.0881 |         21.5560 |     7.2658 |          1.6906 |            5163
41:18 |   860 |     3.750e-05 |    21.3473 |         30.2164 |    10.6330 |          2.4132 |            5163
43:06 |   861 |     3.750e-05 |    18.9077 |         24.9823 |     8.4753 |          2.0289 |            5163
44:54 |   862 |     3.750e-05 |    15.4330 |         21.9411 |     6.2076 |          1.9028 |            5163
46:42 |   863 |     3.750e-05 |    14.8782 |         21.1094 |     5.5728 |          1.8315 |            5163
48:30 |   864 |     3.750e-05 |    13.3128 |         22.0655 |     7.1718 |          1.8023 |            5163
50:18 |   865 |     3.750e-05 |    13.0000 |         20.7071 |     5.9243 |          1.7749 |            5163
52:08 |   866 |     3.750e-05 |    12.8029 |         21.7009 |     7.9438 |          1.7625 |            5334
53:56 |   867 |     3.750e-05 |    12.4181 |         20.2019 |     5.2124 |          1.7417 |            5334
55:45 |   868 |     3.750e-05 |    12.3419 |         20.4045 |     5.9880 |          1.7113 |            5334
57:33 |   869 |     3.750e-05 |    12.5699 |         20.2456 |     5.0791 |          1.7392 |            5334
59:21 |   870 |     3.750e-05 |    11.9969 |         23.4191 |     8.8353 |          1.6975 |            5334
01:09 |   871 |     3.750e-05 |    12.6847 |         20.1107 |     5.5474 |          1.6621 |            5334
02:58 |   872 |     3.750e-05 |    12.1966 |         19.9039 |     5.2372 |          1.6754 |            5334
04:46 |   873 |     3.750e-05 |    11.9643 |         20.0648 |     5.5164 |          1.6572 |            5334
06:34 |   874 |     3.750e-05 |    12.3683 |         20.7669 |     7.7275 |          1.6515 |            5334
08:22 |   875 |     3.750e-05 |    11.8613 |         20.3678 |     6.2703 |          1.6661 |            5334
10:11 |   876 |     3.750e-05 |    11.6485 |         19.8293 |     5.3353 |          1.6679 |            5334
11:59 |   877 |     3.750e-05 |    11.3077 |         22.9463 |     9.2055 |          1.6132 |            5334
13:47 |   878 |     3.750e-05 |    12.3240 |         20.8418 |     7.9499 |          1.6250 |            5334
15:36 |   879 |     3.750e-05 |    11.6994 |         21.1563 |     7.3810 |          1.6119 |            5334
17:24 |   880 |     3.750e-05 |    11.4595 |         19.7788 |     5.2895 |          1.6443 |            5334
19:13 |   881 |     3.750e-05 |    11.4726 |         20.7349 |     6.0570 |          1.6678 |            5334
21:01 |   882 |     3.750e-05 |    11.5437 |         22.5963 |     8.7044 |          1.6441 |            5334
22:50 |   883 |     3.750e-05 |    11.5467 |         20.5268 |     6.5977 |          1.6381 |            5334
24:38 |   884 |     3.750e-05 |    11.2573 |         23.1712 |     8.5278 |          1.6736 |            5334
26:26 |   885 |     1.875e-05 |    10.9706 |         20.1917 |     6.5106 |          1.6116 |            5334
28:15 |   886 |     1.875e-05 |    10.6255 |         20.3546 |     6.8703 |          1.6029 |            5334
30:03 |   887 |     1.875e-05 |    10.6851 |         19.3262 |     5.0282 |          1.5895 |            5334
31:51 |   888 |     1.875e-05 |    10.6688 |         19.5196 |     5.1608 |          1.6045 |            5334
33:39 |   889 |     1.875e-05 |    10.4607 |         19.9498 |     6.0149 |          1.5847 |            5334
35:28 |   890 |     1.875e-05 |    10.4717 |         19.9672 |     5.5017 |          1.5806 |            5334
37:16 |   891 |     1.875e-05 |    10.5040 |         19.5358 |     5.0769 |          1.5877 |            5334
39:04 |   892 |     1.875e-05 |    10.5603 |         20.2905 |     7.0136 |          1.5946 |            5334
40:52 |   893 |     1.875e-05 |    10.5436 |         19.7397 |     5.6243 |          1.5810 |            5334
42:41 |   894 |     1.875e-05 |    10.5237 |         19.4035 |     5.0498 |          1.5756 |            5334
44:29 |   895 |     1.875e-05 |    10.3491 |         19.2174 |     4.9358 |          1.5660 |            5334
46:17 |   896 |     1.875e-05 |    10.4728 |         19.3642 |     5.0825 |          1.5706 |            5334
48:05 |   897 |     1.875e-05 |    10.7538 |         19.5007 |     5.3590 |          1.5889 |            5334
49:53 |   898 |     1.875e-05 |    10.5271 |         19.6901 |     6.2296 |          1.5676 |            5334
51:41 |   899 |     1.875e-05 |    10.5965 |         20.3970 |     7.2704 |          1.5514 |            5334
53:29 |   900 |     1.875e-05 |    10.5284 |         19.7635 |     5.2870 |          1.5859 |            5334
55:18 |   901 |     1.875e-05 |    11.2704 |         20.0820 |     5.6758 |          1.6297 |            5334
57:06 |   902 |     1.875e-05 |    10.8427 |         19.5469 |     4.7983 |          1.5967 |            5334
58:54 |   903 |     1.875e-05 |    11.0562 |         19.8709 |     5.5592 |          1.5995 |            5334
00:43 |   904 |     1.875e-05 |    11.0075 |         19.5035 |     5.2153 |          1.5854 |            5334
02:31 |   905 |     1.875e-05 |    10.6085 |         19.7419 |     5.2980 |          1.5886 |            5334
04:19 |   906 |     1.875e-05 |    10.3353 |         19.4288 |     5.3063 |          1.5700 |            5334
06:07 |   907 |     1.875e-05 |    10.4832 |         19.5720 |     5.1976 |          1.5814 |            5334
07:56 |   908 |     1.875e-05 |    10.6295 |         19.6149 |     5.4156 |          1.5793 |            5334
09:44 |   909 |     1.875e-05 |    10.7820 |         20.1090 |     5.5390 |          1.5993 |            5334
11:32 |   910 |     1.875e-05 |    10.8695 |         19.7445 |     5.2518 |          1.5597 |            5334
13:21 |   911 |     1.875e-05 |    10.9187 |         19.7729 |     6.0457 |          1.5716 |            5334
15:09 |   912 |     1.875e-05 |    10.4849 |         19.5770 |     5.2549 |          1.5653 |            5334
16:57 |   913 |     1.875e-05 |    10.7612 |         19.6928 |     6.1670 |          1.5700 |            5334
18:46 |   914 |     1.875e-05 |    10.6271 |         19.4704 |     5.0044 |          1.5695 |            5334
20:34 |   915 |     1.875e-05 |    10.1789 |         20.0395 |     6.8358 |          1.5552 |            5334
22:23 |   916 |     1.875e-05 |    10.3790 |         20.8496 |     7.9667 |          1.5695 |            5334
24:11 |   917 |     1.875e-05 |    10.6763 |         19.6523 |     5.4379 |          1.5720 |            5334
25:59 |   918 |     1.875e-05 |    10.4246 |         19.5403 |     5.0647 |          1.5801 |            5334
27:48 |   919 |     1.875e-05 |    10.6261 |         19.5462 |     5.3609 |          1.5542 |            5334
29:36 |   920 |     1.875e-05 |    10.5149 |         19.8245 |     5.9590 |          1.5991 |            5334
31:24 |   921 |     1.875e-05 |    10.2093 |         19.8360 |     5.5764 |          1.5845 |            5334
33:12 |   922 |     1.875e-05 |    10.4871 |         20.0327 |     5.7650 |          1.5833 |            5334
35:01 |   923 |     1.875e-05 |    10.4787 |         19.8162 |     5.3973 |          1.5520 |            5334
36:49 |   924 |     1.875e-05 |    10.4974 |         20.3372 |     6.3393 |          1.5593 |            5334
38:37 |   925 |     1.875e-05 |    10.4803 |         19.6405 |     5.2244 |          1.5815 |            5334
40:26 |   926 |     1.875e-05 |    10.2183 |         20.1277 |     5.6510 |          1.5421 |            5334
42:14 |   927 |     1.875e-05 |    10.3858 |         19.8787 |     5.1764 |          1.5526 |            5334
44:02 |   928 |     1.875e-05 |    10.3111 |         19.9943 |     6.4043 |          1.5660 |            5334
45:51 |   929 |     1.875e-05 |    10.3034 |         20.2423 |     5.8140 |          1.5783 |            5334
47:39 |   930 |     1.875e-05 |    10.2248 |         19.5379 |     4.9665 |          1.5580 |            5334
49:28 |   931 |     1.875e-05 |    10.6563 |         19.4381 |     5.3855 |          1.5338 |            5334
51:16 |   932 |     1.875e-05 |    10.1531 |         19.7700 |     5.2092 |          1.5665 |            5334
53:04 |   933 |     1.875e-05 |    10.2000 |         19.1671 |     5.0417 |          1.5330 |            5334
54:52 |   934 |     1.875e-05 |    10.2203 |         19.3628 |     4.9370 |          1.5446 |            5334
56:41 |   935 |     1.875e-05 |    10.2460 |         21.1846 |     7.2175 |          1.5679 |            5334
58:29 |   936 |     1.875e-05 |    10.6396 |         19.5930 |     4.9243 |          1.5380 |            5334
00:18 |   937 |     1.875e-05 |    10.2418 |         20.1784 |     5.8701 |          1.5543 |            5334
02:06 |   938 |     1.875e-05 |    10.0842 |         21.0599 |     7.0254 |          1.5558 |            5334
03:55 |   939 |     1.875e-05 |    10.1356 |         19.9041 |     5.1239 |          1.6069 |            5334
05:43 |   940 |     1.875e-05 |    10.5379 |         21.2618 |     7.3371 |          1.5537 |            5334
07:31 |   941 |     1.875e-05 |    10.8138 |         19.6125 |     5.4921 |          1.5661 |            5334
09:19 |   942 |     1.875e-05 |    10.1831 |         19.7051 |     4.9837 |          1.5585 |            5334
11:08 |   943 |     1.875e-05 |    10.0577 |         20.4676 |     6.8506 |          1.5729 |            5334
12:56 |   944 |     1.875e-05 |    10.1385 |         19.7705 |     5.5074 |          1.5431 |            5334
14:44 |   945 |     1.875e-05 |     9.9085 |         19.6056 |     4.8414 |          1.5612 |            5334
16:32 |   946 |     1.875e-05 |    10.1198 |         19.4401 |     5.6010 |          1.5550 |            5334
18:21 |   947 |     1.875e-05 |    10.1715 |         19.4815 |     5.0052 |          1.5792 |            5334
20:09 |   948 |     1.875e-05 |    10.1180 |         19.3490 |     5.2336 |          1.5443 |            5334
21:57 |   949 |     1.875e-05 |    10.1380 |         19.1360 |     5.1596 |          1.5310 |            5334
23:45 |   950 |     1.875e-05 |     9.9259 |         19.4868 |     5.5441 |          1.5342 |            5334
25:33 |   951 |     1.875e-05 |     9.9158 |         19.6885 |     6.2088 |          1.5295 |            5334
27:21 |   952 |     1.875e-05 |    10.0037 |         20.0737 |     5.8582 |          1.5507 |            5334
29:09 |   953 |     1.875e-05 |     9.8326 |         19.3799 |     5.1078 |          1.5493 |            5334
30:58 |   954 |     1.875e-05 |    10.0611 |         19.7224 |     5.6208 |          1.5452 |            5334
32:46 |   955 |     1.875e-05 |    10.1026 |         19.4581 |     5.1169 |          1.5183 |            5334
34:34 |   956 |     1.875e-05 |     9.8771 |         19.4799 |     5.2141 |          1.5240 |            5334
36:22 |   957 |     1.875e-05 |     9.9367 |         19.4382 |     5.5337 |          1.5332 |            5334
38:11 |   958 |     1.875e-05 |     9.7905 |         22.2033 |     8.0513 |          1.5791 |            5334
39:59 |   959 |     1.875e-05 |    10.0739 |         19.6002 |     5.0075 |          1.5237 |            5334
41:47 |   960 |     1.875e-05 |    10.0743 |         20.2660 |     7.0602 |          1.5325 |            5334
43:35 |   961 |     1.875e-05 |    10.0504 |         19.4591 |     5.4349 |          1.5683 |            5334
45:23 |   962 |     1.875e-05 |    10.3394 |         21.4482 |     7.7561 |          1.5247 |            5334
47:11 |   963 |     1.875e-05 |    10.2549 |         22.1615 |     9.5565 |          1.5364 |            5334
49:00 |   964 |     1.875e-05 |     9.6661 |         19.7789 |     5.5597 |          1.5298 |            5334
50:48 |   965 |     1.875e-05 |    10.3635 |         19.6478 |     5.0921 |          1.5248 |            5334
52:36 |   966 |     1.875e-05 |    10.4503 |         21.0171 |     6.4921 |          1.5658 |            5334
54:24 |   967 |     1.875e-05 |     9.9834 |         19.8058 |     5.9529 |          1.5493 |            5334
56:12 |   968 |     1.875e-05 |     9.7771 |         19.7029 |     5.2781 |          1.5276 |            5334
58:01 |   969 |     1.875e-05 |    10.3710 |         19.9067 |     5.4055 |          1.5474 |            5334
59:49 |   970 |     1.875e-05 |     9.7651 |         19.5650 |     4.9392 |          1.5256 |            5334
01:37 |   971 |     1.875e-05 |     9.5764 |         19.4851 |     4.9734 |          1.5527 |            5334
03:25 |   972 |     1.875e-05 |     9.7339 |         19.6752 |     5.0529 |          1.5416 |            5334
05:11 |   973 |     1.875e-05 |     9.9933 |         19.7763 |     5.3886 |          1.5326 |            5334
06:58 |   974 |     1.875e-05 |     9.7997 |         20.2926 |     6.2223 |          1.5645 |            5334
08:45 |   975 |     1.875e-05 |     9.8436 |         20.5164 |     6.8049 |          1.5418 |            5334
10:31 |   976 |     1.875e-05 |     9.9025 |         19.5193 |     5.4748 |          1.5339 |            5334
12:18 |   977 |     1.875e-05 |     9.8122 |         20.7689 |     7.3407 |          1.5469 |            5334
14:04 |   978 |     1.875e-05 |    10.5657 |         20.1895 |     5.4080 |          1.5926 |            5334
15:50 |   979 |     1.875e-05 |     9.9993 |         19.5844 |     4.9294 |          1.5496 |            5334
17:37 |   980 |     1.875e-05 |     9.9788 |         20.2428 |     5.9491 |          1.5466 |            5334
19:23 |   981 |     1.875e-05 |     9.9975 |         19.9380 |     5.2187 |          1.5724 |            5334
21:09 |   982 |     1.875e-05 |    10.0901 |         21.6501 |     7.8053 |          1.5542 |            5334
22:56 |   983 |     1.875e-05 |    10.1024 |         20.2353 |     5.7149 |          1.5341 |            5334
24:41 |   984 |     1.875e-05 |     9.8662 |         20.5667 |     6.0803 |          1.5451 |            5334
26:27 |   985 |     1.875e-05 |     9.7968 |         19.5618 |     5.2364 |          1.5168 |            5334
28:12 |   986 |     1.875e-05 |     9.6358 |         19.8515 |     5.5324 |          1.5269 |            5334
29:57 |   987 |     1.875e-05 |    10.0233 |         19.7918 |     5.2629 |          1.5473 |            5334
31:42 |   988 |     1.875e-05 |     9.6079 |         20.0841 |     5.3238 |          1.5544 |            5334
33:28 |   989 |     1.875e-05 |    10.3388 |         19.8577 |     5.1406 |          1.5319 |            5334
35:13 |   990 |     1.875e-05 |     9.9064 |         19.7450 |     5.0186 |          1.5397 |            5334
36:58 |   991 |     1.875e-05 |     9.7672 |         19.5154 |     4.7958 |          1.5426 |            5334
38:43 |   992 |     1.875e-05 |     9.6908 |         19.9293 |     5.2529 |          1.5310 |            5334
40:28 |   993 |     1.875e-05 |     9.6072 |         19.9650 |     5.3926 |          1.5266 |            5334
42:14 |   994 |     1.875e-05 |     9.6946 |         19.7107 |     5.1122 |          1.5195 |            5334
43:59 |   995 |     1.875e-05 |     9.6516 |         20.0907 |     5.5577 |          1.5430 |            5334
45:44 |   996 |     1.875e-05 |     9.6345 |         19.7608 |     5.1799 |          1.5461 |            5334
47:30 |   997 |     1.875e-05 |     9.9419 |         19.6980 |     5.0291 |          1.5189 |            5334
49:15 |   998 |     1.875e-05 |     9.6874 |         19.9918 |     5.4698 |          1.5545 |            5334
51:00 |   999 |     1.875e-05 |     9.9300 |         19.9772 |     6.3793 |          1.5315 |            5334
52:45 |  1000 |     1.875e-05 |     9.6993 |         19.7815 |     5.2306 |          1.5538 |            5334
54:31 |  1001 |     9.375e-06 |     9.2352 |         19.7598 |     5.3277 |          1.5168 |            5334
56:16 |  1002 |     9.375e-06 |     8.9894 |         19.5708 |     4.8269 |          1.5098 |            5334
58:01 |  1003 |     9.375e-06 |     9.1038 |         21.7018 |     8.6137 |          1.5143 |            5334
59:47 |  1004 |     9.375e-06 |     9.0724 |         19.7727 |     4.8134 |          1.5353 |            5334
01:31 |  1005 |     9.375e-06 |     9.9398 |         19.5891 |     4.9534 |          1.5248 |            5334
03:16 |  1006 |     9.375e-06 |     9.3526 |         19.6556 |     5.3682 |          1.5205 |            5334
05:00 |  1007 |     9.375e-06 |     9.1052 |         19.5047 |     4.7405 |          1.5215 |            5334
06:44 |  1008 |     9.375e-06 |     9.1030 |         19.5905 |     4.7195 |          1.5160 |            5334
08:29 |  1009 |     9.375e-06 |     9.1757 |         19.5649 |     4.7797 |          1.5206 |            5334
10:13 |  1010 |     9.375e-06 |     9.1212 |         19.5552 |     4.7671 |          1.5114 |            5334
11:57 |  1011 |     9.375e-06 |     8.9978 |         19.7134 |     4.9873 |          1.5234 |            5334
13:41 |  1012 |     9.375e-06 |     9.2194 |         19.5808 |     5.2290 |          1.5025 |            5334
15:25 |  1013 |     9.375e-06 |     9.0434 |         19.5346 |     4.6671 |          1.5053 |            5334
17:10 |  1014 |     9.375e-06 |     9.2770 |         19.9347 |     5.1028 |          1.5673 |            5334
18:54 |  1015 |     9.375e-06 |     9.2689 |         19.7674 |     4.9715 |          1.5303 |            5334
20:38 |  1016 |     9.375e-06 |     9.0742 |         19.6633 |     5.5133 |          1.5262 |            5334
22:22 |  1017 |     9.375e-06 |     9.9368 |         20.2347 |     5.3493 |          1.6187 |            5334
24:07 |  1018 |     9.375e-06 |     9.7217 |         19.8145 |     4.9681 |          1.5764 |            5334
25:50 |  1019 |     9.375e-06 |     9.4214 |         19.5414 |     4.7031 |          1.5530 |            5334
27:34 |  1020 |     9.375e-06 |     9.2115 |         19.5308 |     5.1583 |          1.5451 |            5334
29:17 |  1021 |     9.375e-06 |     9.2257 |         19.5070 |     4.6959 |          1.5429 |            5334
31:01 |  1022 |     9.375e-06 |     9.1313 |         19.4745 |     5.0195 |          1.5321 |            5334
32:45 |  1023 |     9.375e-06 |     9.0695 |         19.4155 |     4.7956 |          1.5333 |            5334
34:29 |  1024 |     9.375e-06 |     8.9953 |         19.3835 |     4.7594 |          1.5234 |            5334
36:13 |  1025 |     9.375e-06 |     8.9302 |         19.4874 |     4.8837 |          1.5307 |            5334
37:57 |  1026 |     9.375e-06 |     8.9769 |         19.5549 |     4.7247 |          1.5351 |            5334
39:40 |  1027 |     9.375e-06 |     8.8960 |         19.3119 |     4.5732 |          1.5213 |            5334
41:24 |  1028 |     9.375e-06 |     8.9746 |         19.4804 |     4.8407 |          1.5192 |            5334
43:08 |  1029 |     9.375e-06 |     8.8960 |         20.6041 |     7.4871 |          1.5160 |            5334
44:52 |  1030 |     9.375e-06 |     8.9045 |         19.3787 |     4.6548 |          1.5185 |            5334
46:36 |  1031 |     9.375e-06 |     8.9170 |         19.8978 |     5.7340 |          1.5292 |            5334
48:21 |  1032 |     9.375e-06 |     9.0528 |         19.5633 |     4.8329 |          1.5190 |            5334
50:05 |  1033 |     9.375e-06 |     8.8518 |         19.5376 |     4.8413 |          1.5185 |            5334
51:49 |  1034 |     9.375e-06 |     8.8182 |         19.4886 |     4.5650 |          1.5105 |            5334
53:32 |  1035 |     9.375e-06 |     8.8688 |         19.7351 |     5.3086 |          1.5187 |            5334
55:16 |  1036 |     9.375e-06 |     8.8830 |         19.4144 |     4.8418 |          1.5133 |            5334
57:00 |  1037 |     9.375e-06 |     8.9476 |         19.8022 |     5.4999 |          1.5363 |            5334
58:44 |  1038 |     9.375e-06 |     8.8960 |         19.4611 |     4.6359 |          1.5133 |            5334
00:28 |  1039 |     9.375e-06 |     8.8882 |         19.4478 |     5.1487 |          1.5106 |            5334
02:12 |  1040 |     9.375e-06 |     8.7430 |         20.0431 |     5.6495 |          1.5037 |            5334
03:56 |  1041 |     9.375e-06 |     8.7844 |         19.8493 |     5.2607 |          1.5129 |            5334
05:40 |  1042 |     9.375e-06 |     8.9764 |         19.7957 |     5.4963 |          1.5265 |            5334
07:24 |  1043 |     9.375e-06 |     9.0636 |         19.9614 |     5.5758 |          1.5165 |            5334
09:08 |  1044 |     9.375e-06 |     8.9101 |         19.9030 |     4.9364 |          1.5235 |            5334
10:52 |  1045 |     9.375e-06 |     8.8429 |         19.9338 |     5.9136 |          1.5141 |            5334
12:36 |  1046 |     9.375e-06 |     9.0147 |         19.6089 |     4.9624 |          1.5100 |            5334
14:20 |  1047 |     9.375e-06 |     9.0560 |         20.0894 |     6.2959 |          1.5061 |            5334
16:04 |  1048 |     9.375e-06 |     8.9024 |         19.7851 |     5.0543 |          1.5069 |            5334
17:48 |  1049 |     9.375e-06 |     8.8259 |         19.6100 |     4.9282 |          1.5031 |            5334
19:32 |  1050 |     9.375e-06 |     8.8805 |         19.7357 |     4.7045 |          1.5103 |            5334
21:16 |  1051 |     9.375e-06 |     9.1782 |         19.5398 |     4.6470 |          1.5017 |            5334
22:59 |  1052 |     4.687e-06 |     8.6578 |         19.5518 |     5.0775 |          1.4953 |            5334
24:43 |  1053 |     4.687e-06 |     8.5878 |         19.5272 |     4.5890 |          1.5042 |            5334
26:27 |  1054 |     4.687e-06 |     8.5535 |         19.8630 |     5.0730 |          1.5045 |            5334
28:11 |  1055 |     4.687e-06 |     8.5759 |         19.5827 |     5.0040 |          1.4999 |            5334
29:55 |  1056 |     4.687e-06 |     8.5906 |         19.7227 |     4.8712 |          1.5010 |            5334
31:39 |  1057 |     4.687e-06 |     8.5662 |         19.5681 |     4.7094 |          1.5030 |            5334
33:23 |  1058 |     4.687e-06 |     8.6084 |         19.5778 |     4.8395 |          1.4977 |            5334
35:06 |  1059 |     4.687e-06 |     8.5621 |         19.6323 |     4.9374 |          1.4996 |            5334
36:50 |  1060 |     4.687e-06 |     8.5772 |         19.6870 |     4.7423 |          1.5034 |            5334
38:34 |  1061 |     4.687e-06 |     8.6162 |         19.5299 |     4.9461 |          1.4935 |            5334
40:18 |  1062 |     4.687e-06 |     8.6334 |         19.6194 |     4.5973 |          1.5018 |            5334
42:02 |  1063 |     4.687e-06 |     8.6121 |         19.5856 |     4.7212 |          1.5000 |            5334
43:46 |  1064 |     4.687e-06 |     8.5931 |         19.5299 |     4.7772 |          1.4941 |            5334
45:30 |  1065 |     4.687e-06 |     8.5074 |         19.5954 |     4.9670 |          1.4937 |            5334
47:13 |  1066 |     4.687e-06 |     8.5575 |         19.7169 |     4.9338 |          1.4964 |            5334
48:57 |  1067 |     4.687e-06 |     8.5937 |         19.5975 |     4.5255 |          1.4952 |            5334
50:41 |  1068 |     4.687e-06 |     8.5833 |         19.8502 |     5.2957 |          1.5051 |            5334
52:25 |  1069 |     4.687e-06 |     8.8969 |         19.6664 |     4.8350 |          1.5101 |            5334
54:09 |  1070 |     4.687e-06 |     8.6685 |         19.5938 |     4.4948 |          1.5022 |            5334
55:53 |  1071 |     4.687e-06 |     8.5908 |         19.8996 |     5.7142 |          1.5019 |            5334
57:36 |  1072 |     4.687e-06 |     8.5618 |         19.5881 |     4.5382 |          1.4975 |            5334
59:20 |  1073 |     4.687e-06 |     8.4979 |         19.7571 |     4.7956 |          1.5085 |            5334
01:04 |  1074 |     4.687e-06 |     8.5476 |         19.8164 |     5.4692 |          1.4993 |            5334
02:48 |  1075 |     4.687e-06 |     8.5125 |         19.7459 |     4.7896 |          1.5044 |            5334
04:31 |  1076 |     4.687e-06 |     8.5897 |         19.7390 |     4.7392 |          1.5087 |            5334
06:15 |  1077 |     4.687e-06 |     8.4670 |         19.6369 |     4.4933 |          1.4970 |            5334
07:59 |  1078 |     4.687e-06 |     8.4611 |         19.6493 |     4.7429 |          1.4950 |            5334
09:43 |  1079 |     4.687e-06 |     8.4237 |         19.6640 |     4.5773 |          1.4956 |            5334
11:27 |  1080 |     4.687e-06 |     8.4380 |         19.6089 |     4.5087 |          1.4983 |            5334
13:10 |  1081 |     4.687e-06 |     8.4684 |         19.7026 |     4.5599 |          1.4951 |            5334
14:54 |  1082 |     4.687e-06 |     8.4542 |         19.6064 |     4.5081 |          1.4942 |            5334
16:38 |  1083 |     4.687e-06 |     8.4890 |         19.6627 |     4.9680 |          1.4923 |            5334
18:22 |  1084 |     4.687e-06 |     8.4926 |         19.7848 |     5.1904 |          1.4951 |            5334
20:06 |  1085 |     4.687e-06 |     8.4984 |         19.6755 |     4.5785 |          1.4936 |            5334
21:50 |  1086 |     4.687e-06 |     8.4983 |         19.7205 |     4.7407 |          1.5002 |            5334
23:34 |  1087 |     4.687e-06 |     8.4040 |         19.7497 |     4.6177 |          1.4975 |            5334
25:18 |  1088 |     4.687e-06 |     8.5011 |         19.6659 |     4.7093 |          1.4969 |            5334
27:02 |  1089 |     4.687e-06 |     8.4226 |         19.6206 |     4.6977 |          1.4935 |            5334
28:46 |  1090 |     4.687e-06 |     8.4294 |         19.6556 |     4.6116 |          1.4995 |            5334
30:30 |  1091 |     4.687e-06 |     8.4319 |         19.8516 |     5.3284 |          1.4974 |            5334
32:13 |  1092 |     4.687e-06 |     8.4430 |         19.7505 |     4.6655 |          1.5024 |            5334
33:57 |  1093 |     4.687e-06 |     8.3972 |         19.6271 |     5.0632 |          1.4922 |            5334
35:41 |  1094 |     4.687e-06 |     8.3886 |         19.6547 |     4.6118 |          1.4919 |            5334
37:25 |  1095 |     4.687e-06 |     8.4678 |         19.6413 |     4.4847 |          1.4960 |            5334
39:09 |  1096 |     4.687e-06 |     8.5151 |         19.9794 |     5.6212 |          1.5020 |            5334
40:53 |  1097 |     4.687e-06 |     8.5226 |         19.6888 |     5.2680 |          1.4951 |            5334
42:37 |  1098 |     4.687e-06 |     8.5138 |         19.7255 |     5.2326 |          1.4884 |            5334
44:21 |  1099 |     4.687e-06 |     8.4435 |         19.9852 |     5.8942 |          1.4976 |            5334
46:05 |  1100 |     4.687e-06 |     8.4141 |         19.6325 |     4.5906 |          1.5050 |            5334
47:49 |  1101 |     4.687e-06 |     8.5249 |         20.0769 |     5.2424 |          1.5008 |            5334
49:33 |  1102 |     4.687e-06 |     8.4884 |         19.6585 |     4.4948 |          1.4987 |            5334
51:16 |  1103 |     2.344e-06 |     8.2836 |         19.7158 |     4.6136 |          1.4930 |            5334
53:00 |  1104 |     2.344e-06 |     8.4085 |         19.4903 |     4.5798 |          1.4952 |            5334
54:44 |  1105 |     2.344e-06 |     8.3287 |         19.4848 |     4.4765 |          1.4937 |            5334
56:28 |  1106 |     2.344e-06 |     8.3273 |         19.4631 |     4.5826 |          1.4943 |            5334
58:12 |  1107 |     2.344e-06 |     8.2941 |         19.4564 |     4.4430 |          1.4925 |            5334
59:55 |  1108 |     2.344e-06 |     8.2904 |         19.6023 |     4.7029 |          1.4933 |            5334
01:39 |  1109 |     2.344e-06 |     8.2900 |         19.4293 |     4.6752 |          1.4898 |            5334
03:23 |  1110 |     2.344e-06 |     8.2668 |         19.4821 |     4.6022 |          1.4931 |            5334
05:07 |  1111 |     2.344e-06 |     8.2544 |         19.4606 |     4.7243 |          1.4899 |            5334
06:51 |  1112 |     2.344e-06 |     8.2252 |         19.5046 |     4.5433 |          1.4924 |            5334
08:35 |  1113 |     2.344e-06 |     8.2378 |         19.8235 |     5.8432 |          1.4937 |            5334
10:19 |  1114 |     2.344e-06 |     8.2846 |         19.6007 |     4.7608 |          1.4915 |            5334
12:03 |  1115 |     2.344e-06 |     8.2704 |         19.4610 |     4.4572 |          1.4929 |            5334
13:47 |  1116 |     2.344e-06 |     8.2596 |         19.4845 |     4.4767 |          1.4942 |            5334
15:31 |  1117 |     2.344e-06 |     8.2846 |         19.4971 |     4.6637 |          1.4902 |            5334
17:15 |  1118 |     2.344e-06 |     8.2467 |         19.4838 |     4.4514 |          1.4942 |            5334
18:59 |  1119 |     2.344e-06 |     8.2760 |         19.4846 |     4.6579 |          1.4903 |            5334
20:43 |  1120 |     2.344e-06 |     8.2866 |         19.5519 |     4.5526 |          1.4901 |            5334
22:27 |  1121 |     2.344e-06 |     8.2573 |         19.4962 |     4.7679 |          1.4921 |            5334
24:10 |  1122 |     2.344e-06 |     8.2371 |         19.5524 |     4.5145 |          1.5004 |            5334
25:54 |  1123 |     2.344e-06 |     8.4312 |         19.4872 |     4.5557 |          1.4958 |            5334
27:38 |  1124 |     2.344e-06 |     8.3672 |         19.5008 |     4.7533 |          1.4947 |            5334
29:22 |  1125 |     2.344e-06 |     8.3022 |         19.4847 |     4.7487 |          1.4917 |            5334
31:06 |  1126 |     2.344e-06 |     8.2699 |         19.5831 |     5.1422 |          1.4918 |            5334
32:50 |  1127 |     2.344e-06 |     8.2623 |         19.5390 |     4.7967 |          1.4964 |            5334
34:33 |  1128 |     2.344e-06 |     8.2961 |         19.4560 |     4.5869 |          1.4903 |            5334
36:17 |  1129 |     2.344e-06 |     8.2636 |         19.4755 |     4.4262 |          1.4925 |            5334
38:01 |  1130 |     2.344e-06 |     8.2495 |         19.4691 |     4.8148 |          1.4925 |            5334
39:45 |  1131 |     2.344e-06 |     8.2748 |         19.5013 |     4.6487 |          1.4929 |            5334
41:29 |  1132 |     2.344e-06 |     8.2446 |         19.6443 |     5.0808 |          1.4940 |            5334
43:13 |  1133 |     2.344e-06 |     8.2737 |         19.5127 |     4.4574 |          1.4896 |            5334
44:57 |  1134 |     2.344e-06 |     8.2419 |         19.5054 |     4.5380 |          1.4926 |            5334
46:40 |  1135 |     2.344e-06 |     8.2486 |         19.6733 |     5.5450 |          1.4899 |            5334
48:23 |  1136 |     2.344e-06 |     8.2338 |         19.4358 |     4.5218 |          1.4900 |            5334
50:07 |  1137 |     2.344e-06 |     8.2532 |         19.5688 |     5.0824 |          1.4897 |            5334
51:50 |  1138 |     2.344e-06 |     8.2492 |         19.5556 |     4.9026 |          1.4952 |            5334
53:33 |  1139 |     2.344e-06 |     8.2469 |         19.5419 |     4.5856 |          1.4899 |            5334
55:16 |  1140 |     2.344e-06 |     8.2138 |         19.4500 |     4.6954 |          1.4932 |            5334
56:59 |  1141 |     2.344e-06 |     8.2446 |         19.4720 |     4.4581 |          1.4913 |            5334
58:42 |  1142 |     2.344e-06 |     8.2187 |         19.4948 |     4.4624 |          1.4915 |            5334
00:26 |  1143 |     2.344e-06 |     8.3212 |         19.4718 |     4.4883 |          1.4909 |            5334
02:09 |  1144 |     2.344e-06 |     8.2707 |         19.4566 |     4.4561 |          1.4906 |            5334
03:52 |  1145 |     2.344e-06 |     8.2327 |         19.4653 |     4.9542 |          1.4886 |            5334
05:35 |  1146 |     2.344e-06 |     8.2581 |         19.6580 |     5.3687 |          1.4918 |            5334
07:18 |  1147 |     2.344e-06 |     8.2221 |         19.4300 |     4.7655 |          1.4885 |            5334
09:02 |  1148 |     2.344e-06 |     8.2523 |         19.4892 |     4.5225 |          1.4873 |            5334
10:45 |  1149 |     2.344e-06 |     8.2280 |         19.4677 |     4.5881 |          1.4906 |            5334
12:28 |  1150 |     2.344e-06 |     8.2608 |         19.4912 |     5.0402 |          1.4843 |            5334
14:11 |  1151 |     2.344e-06 |     8.2901 |         19.4524 |     4.5048 |          1.4884 |            5334
15:54 |  1152 |     2.344e-06 |     8.2510 |         19.6054 |     5.0677 |          1.4941 |            5334
17:37 |  1153 |     2.344e-06 |     8.2655 |         19.4503 |     4.6926 |          1.4890 |            5334
19:21 |  1154 |     1.172e-06 |     8.1950 |         19.4419 |     4.6159 |          1.4876 |            5334
21:04 |  1155 |     1.172e-06 |     8.1776 |         19.4938 |     4.9626 |          1.4875 |            5334
22:47 |  1156 |     1.172e-06 |     8.1689 |         19.4642 |     4.4515 |          1.4889 |            5334
24:30 |  1157 |     1.172e-06 |     8.1658 |         19.4473 |     4.5441 |          1.4886 |            5334
26:13 |  1158 |     1.172e-06 |     8.1772 |         19.4539 |     4.9052 |          1.4851 |            5334
27:56 |  1159 |     1.172e-06 |     8.1386 |         19.4791 |     4.4642 |          1.4862 |            5334
29:40 |  1160 |     1.172e-06 |     8.1856 |         19.4801 |     4.8054 |          1.4898 |            5334
31:23 |  1161 |     1.172e-06 |     8.1475 |         19.4402 |     4.4753 |          1.4881 |            5334
33:06 |  1162 |     1.172e-06 |     8.1472 |         19.4504 |     4.5044 |          1.4880 |            5334
34:49 |  1163 |     1.172e-06 |     8.1695 |         19.4641 |     4.8410 |          1.4869 |            5334
36:32 |  1164 |     1.172e-06 |     8.1547 |         19.4758 |     4.6415 |          1.4909 |            5334
38:15 |  1165 |     1.172e-06 |     8.1699 |         19.4926 |     4.7284 |          1.4884 |            5334
39:59 |  1166 |     1.172e-06 |     8.1496 |         19.4259 |     4.6530 |          1.4851 |            5334
41:42 |  1167 |     1.172e-06 |     8.2013 |         19.4803 |     4.7137 |          1.4868 |            5334
43:25 |  1168 |     1.172e-06 |     8.1596 |         19.4379 |     4.6605 |          1.4874 |            5334
45:08 |  1169 |     1.172e-06 |     8.2014 |         19.5869 |     5.1286 |          1.4943 |            5334
46:51 |  1170 |     1.172e-06 |     8.1252 |         19.4316 |     4.4472 |          1.4859 |            5334
48:34 |  1171 |     1.172e-06 |     8.1824 |         19.5358 |     4.6736 |          1.4864 |            5334
50:18 |  1172 |     1.172e-06 |     8.1413 |         19.4505 |     4.8382 |          1.4871 |            5334
52:01 |  1173 |     1.172e-06 |     8.1344 |         19.4149 |     4.5860 |          1.4872 |            5334
