Time,Learning rate,Train loss,Validation loss,MAE_energy,MAE_energy_grad
108.04375171661377,0.0003,313050.56634783896,4443.647218703199,162.64016521450884,32.16330218318048
214.64091634750366,0.0003,2906.5428741176347,2493.9807379836425,120.81821187733675,24.28258016706834
321.55328154563904,0.0003,2078.093824618164,1842.2189118406386,106.74966781509174,20.402917516500104
428.86565947532654,0.0003,1529.2982519824936,1265.472149898393,78.98372876709175,17.836694485358258
535.1983428001404,0.0003,1227.887285728395,1104.0309256021246,75.8035143631469,16.663509311662175
641.5367949008942,0.0003,1108.1675500561703,1681.5805840121134,125.36152626328978,15.716975588212195
747.9925715923309,0.0003,1049.0865203592289,997.9870182814063,78.02047065265087,14.532410520403811
854.6284494400024,0.0003,961.6738284241253,1043.9554168997308,87.59330973101146,14.581468888056492
961.3728582859039,0.0003,979.5011809058645,1028.4212865711563,72.0697331179517,16.483329630277144
1067.8408551216125,0.0003,1020.5514712232767,836.5372940897925,71.58195063887587,14.58107755877591
1174.5525147914886,0.0003,897.6979321849243,708.1703387710011,63.31967342671062,13.742615923156343
1281.553281545639,0.0003,1032.6046240405692,1502.4664069248108,130.59416932531937,13.07619138948909
1388.0077364444733,0.0003,991.2432827744512,1206.188215054302,116.62826106368055,12.16282934821496
1494.6313145160675,0.0003,702.2516014488324,553.0414249544168,49.7349976133018,12.224371420716691
1601.2712004184723,0.0003,979.2984349248031,741.0106176134113,71.88331721745146,13.030165278973758
1707.7923564910889,0.0003,2355.0709790599244,6115.7591186492355,283.5285472319819,18.737573014027298
1814.298888683319,0.0003,1174.9446478979867,1179.5022060322951,109.9087510142397,12.202179813556784
1921.1002233028412,0.0003,1019.7699630237629,504.79123314357724,52.550217061328965,11.44435160826097
2027.5395975112915,0.0003,2093.2113839444987,648.9656770731916,62.016072386981726,12.126606217889043
2134.565962076187,0.0003,704.6435036050581,498.39600139312176,51.45513075176664,11.495084948072119
2240.953267812729,0.0003,1374.299567929831,755.590281375541,87.39402815000396,10.568407700758138
2347.600514650345,0.0003,977.5083067773525,732.9843256859698,85.9732376776537,10.053037448184842
2454.2933151721954,0.0003,913.002860983859,431.7229929517768,53.482028500325775,9.63237526470267
2560.744487762451,0.0003,1150.630390489306,423.6944832553735,50.71405565673638,9.978839290161059
2667.679176092148,0.0003,598.2034663835383,540.2872070671663,65.5883778596612,9.737190301190253
2774.3890283107758,0.0003,1279.947760024722,592.632827071114,74.12322659094819,9.48820942903644
2880.8657445907593,0.0003,957.1266495672146,403.6385641573686,49.78401808467398,9.425532383857202
2987.7107679843903,0.0003,3145.055386637388,1446.6404905800273,121.55452642046839,11.007049266137331
3094.3399868011475,0.0003,584.4821174674269,448.9813698780406,59.992922692956725,8.46435789539836
3200.994964361191,0.0003,573.0997860832665,456.67210166599403,66.48156112706577,8.061021679602774
3307.467627763748,0.0003,661.2978576129889,454.92887416730275,59.38137449887425,8.655635335035505
3414.231934785843,0.0003,1393.1747431764627,5419.0860737054245,294.02825019105,13.836764020115156
3520.7748522758484,0.0003,1281.7415520559045,332.4336251076382,49.2208355184839,8.088531812148979
3627.124315261841,0.0003,1271.140096391222,1656.7240866193422,159.18470781999739,7.742248911010467
3733.9375779628754,0.0003,497.1997260528993,776.6142237024347,92.99637937359947,8.021214294102634
3840.4601418972015,0.0003,471.59282094063593,1004.6376846187856,117.64033892446444,8.324224434435296
3946.8321692943573,0.0003,1353.6099449152616,606.1639712986577,79.02148701525812,8.8275100783265
4053.535712003708,0.0003,563.755496393256,513.6215836397104,74.29663166810272,7.502196307283084
4159.859771728516,0.0003,792.3636519886066,963.9254187653721,106.99531192437615,6.98751610060466
4266.170018196106,0.0003,404.5911055284663,213.28458539032647,32.99312080746039,6.848791369450591
4372.704055070877,0.0003,432.4380014835527,513.4355308050738,67.29027289779319,8.32371816974095
4479.1420221328735,0.0003,876.6682389179246,230.07954852324104,34.27408497573246,7.262678727716829
4585.719261407852,0.0003,362.4337836333759,434.0910893018085,68.16572695083202,7.259075220518332
4692.191040754318,0.0003,323.34326770125585,266.3799821994637,37.498269507035744,8.411082608046357
4798.747141361237,0.0003,611.0275220830607,266.10774203760843,39.50441961370217,7.874966153550719
4905.147717475891,0.0003,289.37772172064047,313.74899246665206,52.61436872712728,7.171750461597328
5011.702491044998,0.0003,280.89404865213055,200.57367244460045,31.9060499826076,7.112855216079269
5118.330147981644,0.0003,356.80479485878675,213.78874924479203,37.38055599507,6.554874508481684
5224.856654167175,0.0003,241.1848336685259,184.43544248609587,32.10413826803444,6.6292763472585925
5331.628397464752,0.0003,1061.785072943606,311.06736136377185,48.9608706610331,6.8481284915417815
5438.3772966861725,0.0003,261.7835246031097,415.85040010464195,66.56537131638798,6.4511641184740744
5544.882518768311,0.0003,324.52804486569386,173.0964171139021,30.89434518910718,6.15132246948188
5651.559025526047,0.0003,243.7168796273323,148.965226537015,25.4467259241284,6.118300901638466
5758.0530660152435,0.0003,256.48116474657235,152.33227501290014,25.09650176740306,6.3325679594615085
5864.427585840225,0.0003,211.78417397692624,181.15848810523627,28.973322748673304,7.045160936125053
5971.005837440491,0.0003,219.70310496540372,179.2400752423248,33.98978478185664,6.192802182922613
6077.818001031876,0.0003,279.6797155361979,347.62692247964293,52.365265005562144,6.683138115113457
6184.082848310471,0.0003,197.8286045114403,121.70141196727793,23.004692547412375,5.552520018375484
6290.672964096069,0.0003,175.1978917112327,118.9944298951114,20.69889436693556,5.700387836196244
6397.221276283264,0.0003,187.62446457252494,155.0854801218233,33.788443912497186,5.441872574571871
6503.72731089592,0.0003,283.89141263768465,142.50713918925877,30.665132298101604,5.387552278961712
6610.3626391887665,0.0003,146.9343719618388,216.18176961264172,46.35449896654113,5.193235474916357
6717.038938760757,0.0003,230.24173134752573,122.15316223551179,23.69558794314473,5.461746464327293
6823.707618713379,0.0003,178.97729455136755,106.07790329407293,21.610131255556436,5.151876745091705
6930.04563999176,0.0003,138.15323237476278,100.25359159310906,21.893342670015496,4.956445986850384
7036.867301940918,0.0003,174.27986877536583,193.2184596206726,42.11724594247035,5.54187630237803
7143.4690618515015,0.0003,157.02716445497958,97.82105924174799,19.635652490082144,5.098625129360618
7250.103672981262,0.0003,133.4709394679725,93.8922572509738,18.838019367316136,5.029041614155285
7356.860239505768,0.0003,135.90878549645063,97.19659178997667,19.52178675294015,5.005715065399232
7463.449012517929,0.0003,144.82803341667326,329.8632227730123,54.51660636729406,5.347342781827165
7569.950605630875,0.0003,162.679541452076,124.68244039823834,29.045946066210444,4.650520163472479
7676.315931797028,0.0003,143.89103881519816,86.86040312777038,18.85502274558587,4.712044889697735
7782.656503915787,0.0003,123.36392525995619,138.43754005977132,30.879057589119892,4.783741709703529
7889.009042024612,0.0003,133.36196760133848,138.33594890534803,36.37443601351089,4.561133428601614
7995.390572071075,0.0003,116.82244659240274,92.04622100977714,20.410423492883577,4.543215019698122
8101.7824075222015,0.0003,134.23112637185656,82.42136991625341,18.34022127717896,4.39327781129653
8208.2376871109,0.0003,94.30817472985179,98.09938013767102,26.27603395600293,4.32732573708592
8314.346544742584,0.0003,150.7411620041713,73.51180228244858,17.723919182388652,4.211749436050605
8420.8876080513,0.0003,20709.38968586895,1490.1889537148966,127.91349865028101,10.176204530918097
8527.484160900116,0.0003,787.474379164096,751.7009882117935,86.72599270375372,8.227631734451105
8633.976023435593,0.0003,546.3690006479598,450.0952760118654,58.47835682893487,7.617476337922213
8740.537417173386,0.0003,434.48813095313716,446.36654558704373,63.03230150063709,7.210614304512818
8847.110222101212,0.0003,357.1849097177323,372.58840678795616,55.1247974791196,7.0467158864628425
8953.45763349533,0.0003,312.52833078188524,245.42182172136967,37.17056181648237,6.9577162923715825
9059.913452386856,0.0003,269.52008484933657,219.8184654440243,35.60718756993116,6.878403351301767
9166.355262041092,0.0003,290.68147183675546,271.973215544386,37.79755791108867,7.987576310953723
9272.595508813858,0.0003,259.9150031402717,486.94467952897816,61.877781618970126,8.87523175643
9378.979816436768,0.0003,287.088585938343,234.41422558302966,40.32077137567248,6.711978687553267
9485.51049232483,0.0003,215.85976816960448,161.00926726842516,25.6817504335732,6.629423340216726
9592.18868803978,0.0003,197.486786476725,189.01830043938958,35.018216347935976,6.41620634079717
9698.531638622284,0.0003,167.337701550622,137.70129607978168,24.655745496623513,6.124369386269042
9804.795988798141,0.0003,182.8337402479716,143.16196430275477,25.603159080142632,6.181849432450693
9911.539929389954,0.0003,172.23832190384655,129.85878228149707,22.655745692858915,5.845887725827488
10018.054668664932,0.0003,145.77197763260713,122.30129144965201,22.683190801416814,5.512584294488688
10124.611124515533,0.0003,144.74759255126898,117.69232653883535,22.73734250444039,5.344574772652058
10230.908686876297,0.0003,144.29246919376598,101.45667812431483,20.392777749921603,5.17338018965689
10337.392527580261,0.0003,129.84055364910014,97.23918827680778,17.775922654851378,5.256311750948447
10443.428650856018,0.0003,136.30896134779113,132.43500135462062,29.195389186416115,5.138651573116471
10549.688835859299,0.0003,134.87863078959722,94.11809151601693,20.366689418873,4.954082159673573
10656.210092544556,0.0003,129.15898638117895,498.82358367321604,85.42294287737329,5.240186783682874
10762.605298757553,0.0003,129.52120146705727,87.04246306534714,19.08725690953172,4.728207848169428
10869.166550636292,0.0003,143.94102043275925,99.17253800921317,21.68633994848024,4.944289987163537
10975.736569404602,0.0003,276.46677721431035,550.8855831195776,85.74331401013251,4.860340489190115
11082.323448181152,0.0003,130.95557488713186,81.41042904332156,16.488539677156847,4.709406542169384
11189.015182495117,0.0003,130.53237912319742,121.4218693921889,28.47773909178546,4.88111463239123
11295.350118637085,0.0003,124.46751352481412,78.21504026707535,16.644253978298124,4.633255186622428
11401.579116344452,0.0003,106.4030301881596,90.11128205983518,21.961969501974057,4.537612747976755
11508.075714588165,0.0003,121.94413236064405,71.44090907419304,15.009493508937297,4.424938908897303
11614.467111587524,0.0003,135.03282028031683,139.87174077886172,32.232409324854125,4.54050926245693
11720.80150961876,0.0003,95.78877641725019,81.61539948392995,22.250041245113383,4.1226367383312565
11827.235245466232,0.0003,116.68370695362698,71.82752013375783,18.665530768949726,4.035831121860074
11933.61413025856,0.0003,95.72704195025557,70.44394055044721,18.216345940914735,4.086418618435599
12040.299278497696,0.0003,151.86272669720157,118.06764491599233,32.628225878078496,4.079742239108871
12146.793909311295,0.0003,121.75408121110283,649.9428455120644,99.38490199076413,4.3582578438484285
12253.438383340836,0.0003,137.94269239867972,77.59122286877052,21.565485656214985,4.014256060662489
12359.987915754318,0.0003,82.45238511061504,72.90188712533045,21.29653184374886,3.865510837360925
12466.375113725662,0.0003,102.3539249167779,76.83173815202493,16.25474698489658,4.5420736770686725
12572.974793672562,0.0003,122.71244320494478,183.2176511819944,28.28285023428366,6.28620439747546
12679.767729997635,0.0003,14303.504353428716,1041.7567293301638,92.7883777098087,8.730964828066575
12786.15456199646,0.0003,956.8705100205885,728.9468617512252,81.82548945152658,7.852199215462283
12892.69307756424,0.0003,713.0838010519856,605.7660209488915,68.4752695584613,7.820012395660567
12999.105758428574,0.0003,537.8819670359577,483.7409934137425,58.428420723181446,7.963427846728359
13105.987421989441,0.0003,482.56125355850327,394.6819408096329,51.537508993527894,7.795729147695526
13212.541167497635,0.0003,416.83095520794535,329.58421405761266,43.38343331745055,7.763144194097832
13318.879847288132,0.0003,338.4042278450405,284.63220298331737,40.3327223791894,7.4061425713101245
13425.821125268936,0.0003,303.17634574701486,302.0288240308252,42.475033017498205,7.203647581256896
13532.499081134796,0.0003,271.04694282666003,392.88096818393245,59.58951023306962,6.977838366782217
13638.841202020645,0.0003,255.5116896277734,220.27032391834175,33.321120829296035,6.953806602701137
13745.503644704819,0.0003,223.35980819800724,186.06241915522565,30.039622555834562,6.594835258043064
13852.271055698395,0.0003,208.30745809363427,256.6839063140794,43.385216538272424,6.563989628831839
13958.446487903595,0.0003,221.98579154861187,193.98846535697922,30.34467922219613,6.6653562730987455
14064.951288461685,0.0003,213.07913530927163,159.61434000283822,25.90278791396393,6.286566182772723
14171.242224216461,0.0003,185.3553256321442,227.10116187940747,43.635586590666556,5.9581864163518565
14277.745793819427,0.0003,179.01515156284265,187.44550868683592,38.90122526767936,5.65533106118926
14384.359429359436,0.0003,160.86092512844985,127.20899663227945,24.872785893809674,5.575449650113223
14490.936321258545,0.0003,153.60904870699287,117.06001601228755,21.417214917653443,5.391289381325678
14597.364097118378,0.0003,143.89091143796108,114.98425198364862,22.979237679104646,5.2778816796926575
14703.759438991547,0.0003,154.11757587255255,112.43932380474456,22.955316717515025,5.409118217204718
14811.47400021553,0.0003,137.10137068590626,130.2847346240204,25.97555031780145,5.324359194000581
14917.858895540237,0.0003,133.19510602536778,108.58373356051644,21.031386564972802,5.197169635401563
15024.486051082611,0.0003,155.82720758612743,171.06997105032968,37.87457853095753,4.935086905414975
15130.964381694794,0.0003,130.26942202847846,129.6597382536325,28.840004080269175,5.062131018216863
15237.419834136963,0.0003,147.9442559622741,94.71434680223093,19.978760725989158,5.016678887166505
15344.216471195221,0.0003,141.6650589577311,90.65831272693882,20.41424549843126,4.681999308492705
15450.843470335007,0.0003,4938.823173273112,1143.1966722602638,93.9655624710761,8.055816983939659
15557.172290802002,0.0003,1128.8540201269989,884.1604495268008,93.65382249673084,6.089740302602038
15663.58480834961,0.0003,786.3375160351552,709.4546586518362,80.34431796471587,6.271286517972706
15770.308524608612,0.0003,588.1713345417813,459.98711221445484,61.39730598289151,6.4435694141934565
15876.869800567627,0.0003,433.2976450436788,361.8383437009985,50.03172308192621,6.614406930502191
15983.375104427338,0.0003,370.5115085804906,299.18171241991854,44.1751366404937,6.321669937507773
16089.963432788849,0.0003,325.6122281794082,355.49886792019123,57.557190060336794,6.127184852650965
16196.450604200363,0.0003,277.648480886764,235.29249964292697,39.2548365544641,6.0451640172087036
16302.542714357376,0.0003,245.0975724830211,197.29875041685284,34.66809033269726,5.822818713186777
16408.8765335083,0.0003,240.44534575729386,247.4869912863823,46.21845279851186,5.6407164828013165
16515.708191394806,0.0003,231.10365463668134,161.76369513227473,30.14134919782774,5.485969043205428
16622.21702504158,0.0003,200.74517728619014,186.71532933235196,38.155953839154144,5.321098210290197
16728.764629602432,0.0003,240.3500049868945,155.50698085023743,31.21261073385285,5.255474094497315
16835.173649311066,0.0003,186.22284541275593,313.7471042097443,58.278076005372235,5.220299613553256
16941.429404735565,0.0003,180.47082638501536,154.42024455994706,33.93696934974296,5.016222916716397
17048.086171388626,0.0003,157.13177277787435,147.4504193685232,33.706894247957436,4.884567005616029
17154.466175556183,0.0003,155.0489556339542,108.88002980876772,25.14169468511758,4.6951094731065846
17261.270756721497,0.0003,161.596702201777,122.48570335384514,27.924610890175156,4.781329724262571
17367.7399187088,0.0003,131.85199921272942,217.81062728636206,45.70726737470619,4.888260320963707
17474.43548297882,0.00015,118.93313968460447,105.8285242907852,24.667574316843915,4.532828496194315
17580.968172073364,0.00015,112.23157245774502,89.34696665370562,20.41321459359149,4.489812073720306
17687.806079387665,0.00015,111.35152756012636,100.67006151210835,24.21822421994882,4.470718878356805
17794.01603794098,0.00015,109.42650868701999,115.20666666910712,28.872247941217104,4.43280279041354
17900.79794549942,0.00015,112.20962050402449,93.11691912368497,22.48242341515057,4.363393457736682
18007.559161424637,0.00015,100.38083362303165,91.89961907234098,22.100571725299744,4.355522181159219
18113.932433128357,0.00015,103.48778089666504,81.03189230427922,19.345122746908377,4.2913263263562635
18220.295377969742,0.00015,114.37801624518191,88.07234276267472,21.800585531946837,4.325043848430751
18326.872557401657,0.00015,98.88858782419199,77.26587764547783,18.897091146753063,4.270443180539765
18433.213162899017,0.00015,101.39255876853434,74.97724988153168,18.05358205246721,4.151392537226536
18539.584720611572,0.00015,90.48777401508374,195.9213541394417,46.381779112485084,4.392182435695384
18646.043564796448,0.00015,99.13292921155087,80.49530343099892,20.42001637721192,4.18016985650975
18752.473041772842,0.00015,103.10570523743641,77.2660166418569,19.99335411351264,4.05234956302003
18858.975459337234,0.00015,96.66313604098647,78.03982198661627,21.19665974225277,4.014813460236728
18965.592153072357,0.00015,99.34407965476754,92.66561019866812,25.44804999573753,4.007684060886716
19071.716569185257,0.00015,91.20809241736963,228.12437586730806,52.03295532131418,4.256768461595375
19178.32768034935,0.00015,147.79425597791018,99.98491847591663,23.297263450949618,4.602143312183826
19285.86238837242,0.00015,130.34870757002903,93.3187200705071,23.071486558564825,4.311807494073084
19392.384173631668,0.00015,136.8238070142325,88.97200386802166,22.33188619041294,4.268191293742386
19499.36562037468,0.00015,105.48674846741797,89.15318849461991,22.04972071064141,4.0901996620714876
19605.884832143784,0.00015,98.65410550619505,85.6181022116739,23.22906090966074,3.985059177849325
19712.11504793167,0.00015,87.13041739188688,71.15269821639257,18.18198978724372,3.895039597145429
19818.546924829483,0.00015,88.87763843464145,101.30358292719436,23.89806104914248,4.582418275087878
19924.80107998848,0.00015,94.19842748712075,69.20285501198697,16.23165816547159,4.094061631494724
20031.439728736877,0.00015,81.42185556025515,69.08467671530356,18.250849196804936,3.87989743512846
20137.95620417595,0.00015,82.17054982736664,68.03708954401345,16.089701752874504,4.080805132099277
20244.5626809597,0.00015,93.46493188658756,78.79001130144994,19.256945198992685,3.898026146553592
20351.079897403717,0.00015,86.00857533747859,73.42174205714737,18.99077283899392,3.9853028505271912
20457.408774614334,0.00015,79.23280285949775,60.84727124908566,16.971143179913565,3.6814628465309114
20563.92855978012,0.00015,107.37774491134851,240.19044015112598,55.5061631236147,3.999528608015377
20670.312170505524,0.00015,94.51707140080619,95.24673510521855,28.882789656415362,3.6868564109526325
20776.745785713196,0.00015,76.39806236459142,73.81240303123082,22.084319812658702,3.746135932585001
20882.85399580002,0.00015,78.90835425805398,60.35831713654194,16.461527663102302,3.526950751247509
20989.309349298477,0.00015,90.70623944580595,63.02736174286948,16.98203985521966,3.6542205351521244
21095.59162926674,0.00015,82.86380694060688,53.51115905004542,15.234622996947957,3.5253560297201894
21201.80655670166,0.00015,75.90395069525964,53.27675853915628,14.400674934416939,3.590591649816426
21308.181813001633,0.00015,95.5559526878148,133.7306748709996,35.048869393899494,3.8997144704582682
21414.950048923492,0.00015,98.33293786307013,72.35235403063449,18.668863030401692,3.885636372450702
21521.331234693527,0.00015,90.57465261254127,57.828230792637626,14.187557137207602,3.6880967079968627
21627.746670484543,0.00015,84.86600188971043,64.59081190520811,18.422076191831547,3.6853336914090127
21733.840039253235,0.00015,65.34175963220153,51.456310905391575,13.670515564392995,3.524627233140421
21839.954157829285,0.00015,69.52806950529,59.42696976762184,15.634564709681975,3.7638120404195075
21946.45723247528,0.00015,73.43326286473979,91.62421664937496,27.44665368571471,3.624226445687042
22053.047063589096,0.00015,90.39385584973365,75.24765854309204,23.558096566798625,3.375938962113195
22159.41751408577,0.00015,75.72139049622656,79.31649612876573,24.68667390545364,3.4448849494240434
22266.055569648743,0.00015,213.4106426005322,121.01318260972279,33.846529763653606,3.7897813508325346
22372.79262828827,0.00015,69.60934752466207,51.29333871098986,13.207782150708598,3.5047769819100227
22478.969900131226,0.00015,65.34785044944799,48.9734464303221,12.801462391996793,3.3387210469769286
22584.87662935257,0.00015,64.0086911576021,63.32951482597509,19.405446091947013,3.3821374779133557
22691.49646949768,0.00015,59.60696401105317,48.46350471549895,13.387650270528935,3.3256700509109907
22797.82560825348,0.00015,65.77028207742815,102.88993299360521,30.83032858975679,3.5235252026748682
22903.89779829979,0.00015,61.08608649031413,49.090603222154805,14.005255085922087,3.2799209291251623
23010.315386533737,0.00015,64.73942414910684,49.527335704244756,15.325852543510502,3.274614399992452
23116.999665737152,0.00015,60.12572693309584,51.633568551046835,16.42859655902057,3.2487611672331487
23223.180762290955,0.00015,79.40907311901586,95.19405419490535,28.5061986243827,3.478164314696453
23329.27710533142,0.00015,76.54865765587527,43.424804346630296,11.588770838891355,3.2533711271267753
23435.869079351425,0.00015,59.91231874570891,140.79064860422042,40.6179019752556,3.495583565600879
23542.42874121666,0.00015,69.35665665131737,49.9682388583022,13.187989996823127,3.3331603413936
23648.80983066559,0.00015,59.92962978241518,56.31287825043159,17.599424322043557,3.3972746709418775
23755.0973508358,0.00015,64.06625306640815,69.38974437054763,20.604196089092678,3.43047523719774
23861.76517391205,0.00015,71.8875288977127,44.447415211650814,12.367929873388444,3.1637372318466075
23968.390602111816,0.00015,60.68020003589231,48.2799768711474,12.703641036666193,3.384450804500238
24075.138688087463,0.00015,57.327008378880144,290.7270775522293,55.950549023837105,3.908087331395367
24181.32184457779,0.00015,59.557843521672226,69.83037485992581,21.927724004256383,3.209656670848514
24287.73949933052,0.00015,59.06858475740993,49.41283353765125,16.642908927340667,3.1260303390076567
24394.28793501854,0.00015,60.34225137718644,56.45757613078329,16.898606747086866,3.138151821981463
24500.88793206215,0.00015,65.3448801174491,51.927116091809125,15.70037317610493,3.164862069123028
24607.272081136703,0.00015,93.94849746714299,54.34536464521833,15.266671978303073,3.3754880861281324
24713.4639005661,0.00015,70.47880993369535,103.09701108709908,32.46336891608413,3.3495093059731356
24819.726298570633,0.00015,70.5441991398557,55.81857694386863,17.51681187630443,3.1813988707327088
24926.266902446747,0.00015,57.258062000236414,73.69824697510857,24.99111573359786,3.0862206546380793
25032.66198015213,0.00015,51.441967923170104,44.760240356881745,13.672457013386632,2.9143833105684247
25138.870660066605,0.00015,50.412562584234365,49.784894057364596,15.390101571800368,3.082696777594703
25245.226783514023,0.00015,60.49004791117001,58.2890438858271,14.972293859706292,3.718587558455058
25351.541964292526,0.00015,63.002080705336354,107.82272684215626,33.29464988381437,3.098194517270756
25458.328629255295,0.00015,80.17666589095774,47.39645483432627,16.90607557943438,2.9412374200845295
25564.669828891754,0.00015,62.71941382360767,57.590736654323,20.824972139330274,3.0062857629028805
25671.146354675293,0.00015,59.677341886075524,39.66250819292764,10.609430121334846,3.0697151444748156
25777.404363632202,0.00015,52.768532408614234,39.288942412904866,11.982894234423144,2.8680562211187404
25883.648077487946,0.00015,57.39884412004518,93.85948973230572,29.029885230358,3.1605227141930214
25989.960555315018,0.00015,58.17226615985642,41.498065281532156,15.022663764626554,2.740395985406367
26096.33350300789,0.00015,70.87543224624494,54.762685343369796,17.9094464457416,2.9755262561096285
26203.122548103333,0.00015,50.96342941338566,65.78254156322848,22.011207767882016,3.0441514411979727
26309.376819849014,0.00015,45.71900025909689,83.23978339451106,28.444428468438115,3.015067455091626
26415.84167766571,0.00015,58.55884247098104,41.1580962056631,12.704808268617674,2.8735804757499825
26522.2263879776,0.00015,65.19198890442996,100.17921417989187,31.760864792999957,3.3288866251145266
26628.39631676674,0.00015,56.988206687072356,49.04040231714695,14.2158273145359,3.0661669402240714
26734.41506266594,0.00015,62.56899883774188,42.45252279423587,13.035867630088134,3.060532461882926
26840.922250509262,0.00015,52.24826142431554,40.40078046926431,12.46483228806862,2.837212914375763
26947.164974212646,0.00015,58.12523205409366,71.66276258214528,24.003231006958295,2.8908445339731874
27053.785900831223,0.00015,52.17738177086415,35.18159033859805,10.15324100069208,2.804751714088625
27160.009773015976,0.00015,46.17775630972172,51.06196920711269,15.927374387103324,3.2377470883465955
27266.654388189316,0.00015,55.226129391220475,43.57877540906747,14.374963562653944,3.0002335444715404
27372.92348766327,0.00015,56.9157484508777,35.73758743138928,10.170770596082752,2.846749722436553
27479.216454982758,0.00015,49.48414601279038,39.01343314037312,13.93206830221698,2.737521274499847
27585.842007637024,0.00015,46.44131365542583,35.09261846120116,10.106040868365199,2.7943984692237076
27692.56103372574,0.00015,68.87723125373634,44.518364882379466,12.886410461211707,3.1313584322724375
27798.98965525627,0.00015,55.48323809274668,42.160819157605175,14.7060101390907,2.710977542000264
27905.160796880722,0.00015,43.21569663736331,35.51924156843832,12.0290545094134,2.680469594492048
28011.66992998123,0.00015,41.363413069927496,37.425567519841145,11.667783435396357,2.7599608536378875
28118.165774583817,0.00015,50.67421150504945,45.302809380633754,12.706474759108557,3.227592608775365
28224.735014677048,0.00015,60.133656366441315,48.43835393024084,16.05539121501444,2.846237332699863
28331.134685754776,0.00015,55.94503885984261,41.34567764346548,13.117338402050134,2.8491297297632814
28437.532875299454,0.00015,45.275519752799866,81.71718387990659,29.1391448350224,2.8255500339827466
28544.023430109024,0.00015,45.97130557693546,41.55741408015119,11.933988774835552,2.9852956347593627
28650.458878278732,0.00015,60.510838671127864,48.04222156555848,16.257814762653638,3.1281440044094455
28756.973036289215,0.00015,71.99131122605257,44.15764297037262,14.39693387002566,2.987828193139549
28863.578194379807,0.00015,50.18335380222782,35.4229361544668,10.026690907526648,2.793429044500347
28970.312614440918,0.00015,55.01052772528771,35.774262743818845,10.625604598297333,2.8143104745106884
29076.959537029266,0.00015,45.37353240208786,42.26473558995566,16.479697506221495,2.7264158244746395
29183.340002536774,0.00015,44.69718198718884,32.881732383340804,10.272304790612784,2.575362869806475
29289.952887773514,0.00015,45.72295560176082,44.63517387595835,17.21396571253764,2.718398599905859
29396.307012319565,0.00015,50.09648467098108,37.713955020184166,11.218155195633138,2.8630554453625434
29502.43421602249,0.00015,45.03633457038524,43.40574432398085,16.226328067080825,2.701426078071227
29608.907454013824,0.00015,42.16243179255006,41.52921042813436,13.721923016424023,2.865646560448354
29715.5855987072,0.00015,41.83068505191782,38.422629716329084,12.393762218329652,2.66548296000039
29822.279936790466,0.00015,71.75910307352461,38.80448754093389,12.349806089096486,2.8644797322553157
29928.763414621353,0.00015,41.523368813354736,32.19590816373154,10.00671473835375,2.5429297751264106
30035.431109666824,0.00015,56.27157224815336,43.129662522771326,14.353994650480251,2.8486718230595947
30142.057174921036,0.00015,42.08429442261449,45.3207371884648,17.87075102487209,2.6746869973568597
30248.839648246765,0.00015,40.09970025895141,81.80013575491704,28.389350671091773,2.7130112160700226
30355.51907682419,0.00015,43.601270499328216,51.30001211677659,18.667312369342902,2.535025815923904
30462.218100070953,0.00015,50.489278338273614,51.46280893725169,17.432214200264387,2.9015801506435674
30568.891889572144,0.00015,46.588120869895505,33.81004771327765,11.219427788155393,2.519582477836182
30675.198061943054,0.00015,48.119303578176854,44.404026898642485,18.064160998872918,2.5857105367185325
30781.717297554016,0.00015,47.121167563414836,34.080529122405615,11.648236992019095,2.48261094823366
30887.917491197586,0.00015,40.386849048807406,36.4920760923745,11.37858745369796,2.7606480319895614
30994.544501781464,0.00015,45.51744351776864,33.95317391774292,12.104833479514832,2.4450285942290675
31101.099115610123,0.00015,39.976566595127224,35.74575130491677,12.666798179073437,2.5209833623359255
31207.68293404579,0.00015,43.145852338553375,35.704427304698086,12.5847150872484,2.4821610044015903
31314.30062174797,0.00015,47.49184583518202,47.79692609904999,15.605856139494493,3.000725202653687
31421.00423502922,0.00015,47.41658790352138,36.43279254626367,10.90684390644124,2.870897590648071
31527.393471956253,0.00015,51.984167517094605,41.41738149091628,14.962772862946531,2.817719876029304
31633.975615501404,0.00015,44.628223903143585,55.26154337893329,20.308214198028494,2.736621013283814
31740.52752804756,0.00015,43.9212001444476,53.083750545508074,21.170661774633086,2.6368497619591493
31846.642812490463,0.00015,40.93582006222051,31.124471631242884,10.41783707307264,2.5809683926955986
31953.148174762726,0.00015,39.12988540775183,115.4148690055903,35.30286286756199,2.75362039243481
32060.57210278511,0.00015,53.50127822292173,29.237095410285498,9.54902743178239,2.4475342444978905
32167.12903738022,0.00015,38.21536599641708,32.41302233003749,10.599827026819124,2.595880675251329
32273.806967020035,0.00015,36.10204817750029,32.23992529197889,11.535887640152513,2.421179005334381
32380.405247449875,0.00015,41.05920490801109,32.18966817363444,10.115633336436627,2.551821844705114
32486.661701202393,0.00015,40.01360411887234,30.921653897947046,10.746472285115338,2.4045032904810717
32592.727845668793,0.00015,40.38389914273207,38.709098564245295,14.407041539276195,2.413400321565673
32699.234592676163,0.00015,39.01348514263708,41.54644358204315,14.152638754246297,2.681129454055507
32805.84911227226,0.00015,49.40457498036719,37.638919224262736,13.317884375318734,2.4844982036309586
32912.32271075249,0.00015,40.87779040473637,42.881229015355416,18.51740978773181,2.362338054058846
33018.82643914223,0.00015,46.80132494590999,53.93154191718559,17.844294996254163,3.12075981762987
33125.61140656471,0.00015,52.38462950939536,35.750636296808246,11.958330616761444,2.718900622858011
33232.20051550865,0.00015,69.79698852569655,68.15178820836438,19.291524302838653,3.5040173396711127
33338.559576272964,0.00015,47.54785081893571,35.32150593144447,11.242926127076242,2.7126597425893384
33444.960878133774,0.00015,41.387051162328824,43.73298697901011,15.459462889078903,2.7499054269057415
33551.2530567646,0.00015,37.29550037991631,30.978678083191816,9.324338652803297,2.6093769549599513
33657.52315878868,0.00015,39.55605376836956,30.604186466931587,9.190894120202246,2.4691674914393187
33763.62465143204,0.00015,35.29790897798527,31.207704651503125,11.378113985247474,2.448372145283041
33870.025272130966,0.00015,48.84044310021013,42.73100563785556,16.34125544666222,2.6279479716852774
33976.74135041237,0.00015,43.20904002590099,37.07050212143833,14.710234201242471,2.5390664870477204
34083.18892812729,0.00015,37.43338592080609,30.402251596737067,10.480434203649626,2.475080758926493
34189.61965250969,0.00015,35.257421675809745,36.777019011632696,13.36184630836255,2.7086884723999
34295.735933065414,0.00015,39.265018242189946,58.67883807083645,23.47733020559476,2.54438733893133
34402.134672641754,0.00015,40.15178426248402,30.63549076147989,9.421863758090131,2.5216260477215457
34508.259545087814,0.00015,42.89159255177546,35.9989470220352,12.691196257308045,2.728729122858066
34614.55313539505,0.00015,36.929379571331296,33.07189202263463,12.291765378028828,2.405013993046745
34720.795634031296,0.00015,47.99796570327293,174.4305336338919,39.85240909519924,4.485831451782948
34827.4239358902,0.00015,57.38698594196784,37.98257599656146,10.159799937057198,3.0823950636437574
34933.74800801277,0.00015,46.25265551919952,34.699341241044024,9.528932962395302,2.8622402949813486
35040.539942502975,0.00015,43.50873651162477,50.16062180203461,19.272848856235424,2.750036724352933
35147.032271146774,0.00015,39.81048863904464,33.96254369464997,12.010129293797078,2.607272050760253
35253.38971614838,0.00015,37.66287743378705,32.50308698324529,10.733894886305253,2.564346758256572
35359.71179533005,0.00015,40.225594073368036,67.64605979510412,25.31916522459415,2.6106003541050935
35466.152435302734,0.00015,55.516470344222235,35.75360203666168,12.249470197123099,2.6313102976071017
35572.414207458496,0.00015,40.14828674595137,40.3185018846519,16.582336220626058,2.470460497576741
35679.20916104317,0.00015,35.449661013543086,60.9383254456858,21.05026081885013,2.8614811747941613
35785.68858718872,0.00015,36.67550285018136,48.07146841014605,18.862413589227785,2.544564274462439
35892.264416217804,0.00015,41.92628892149472,32.43707077317107,11.637231189017173,2.4337178400252837
35998.666541814804,0.00015,34.610499480381975,43.57388327226756,18.27733085495554,2.4590059880564326
36105.00293946266,0.00015,33.85595826386715,28.77038016313744,8.415297251795756,2.47843818694409
36211.57917404175,0.00015,36.292936405378185,33.12590884382622,11.308689842907972,2.5568239278929408
36318.04013180733,0.00015,32.341178437706944,45.38941592381261,14.724310041681827,2.6555058348391447
36424.66035890579,0.00015,37.47713989126945,26.731234089435908,8.2359480081084,2.2771693570967684
36531.03769040108,0.00015,35.510145363283996,47.0667524232815,20.045165670726416,2.4390584469907277
36637.66557121277,0.00015,40.15377365515104,58.86182291898194,23.433551348287057,2.40179356705696
36744.200733184814,0.00015,213.73186746709038,58.00317942492813,16.420713265613013,3.6507678134131933
36850.3554751873,0.00015,46.614330211018206,48.06003872337215,17.59055808253894,2.931845690600363
36956.707656145096,0.00015,36.87860849796464,34.070595151616494,11.809677897071987,2.7174292275603453
37062.987969875336,0.00015,47.47209707350634,53.79979556085811,20.052969940732627,2.7045886678385673
37169.46390414238,0.00015,36.72925258984038,30.96330085318608,9.670115395811322,2.591597428794309
37275.68737077713,0.00015,33.2868486932562,30.020122816226277,9.035333620043165,2.531602944377241
37381.83995771408,0.00015,35.3168446657041,31.685683499266982,11.935897627939772,2.451943784878811
37488.38232302666,0.00015,35.34720322049575,55.832354123215936,21.39427903399092,2.638104387510086
37594.15174150467,0.00015,34.346486910596724,31.40999692959553,9.237411918253612,2.507914641405285
37700.87603139877,0.00015,33.424227077622646,32.23657565206322,12.075984681293729,2.339829982108925
37807.74144554138,0.00015,36.26852088081834,43.21370062686552,17.77871325010447,2.5100951403636036
37914.480560302734,0.00015,38.124036337703124,34.40662203205523,10.915119798501209,2.7844120868536772
38020.71912407875,0.00015,36.04171860682776,49.34698200606253,19.878281156996312,2.6153379898919553
38127.129047870636,0.00015,42.17400942998093,55.91432350161497,23.077459333840515,2.472867218756336
38233.73139691353,0.00015,40.160129650793245,50.08073749380894,20.649667774060696,2.516711015507305
38340.485547065735,0.00015,32.593425140159916,42.215013760260675,17.54395956037942,2.3160757632000184
38446.97748351097,0.00015,37.83168103631713,36.223896892518574,13.37658722328192,2.4721066961666986
38553.39184331894,0.00015,36.273849701451205,31.36694750285477,11.899897479490665,2.3728308961011946
38659.9340775013,0.00015,36.4909829279712,53.854384366479906,20.009666038507238,2.8155180932467307
38766.33530640602,0.00015,45.263522056992585,32.63709302433789,9.678064306174416,2.684406281776661
38873.03686571121,0.00015,36.01494086625237,34.99227851382893,12.422495472551972,2.5868701077019294
38979.34135508537,0.00015,39.618084720790876,28.279680080696032,9.06176627583552,2.4214657960598305
39085.856874227524,0.00015,36.199919118730385,27.728965983591948,9.316134365851862,2.3220203487542186
39192.34122991562,0.00015,36.81200514309229,35.0083923093783,14.343959591301363,2.347296405848751
39298.919563770294,0.00015,45.383207117642826,121.33504828583298,39.715893157459476,2.476576174071416
39405.533511161804,0.00015,42.11273107700769,32.017151540761134,9.392257592311987,2.540751571296255
39511.72321105003,0.00015,38.22922924702033,28.14315747992134,10.623094482897598,2.2936318325277596
39618.318141222,0.00015,34.94511499487761,31.897821747889413,12.308417042994629,2.2564628587332227
39724.55551195145,0.00015,29.516702687243733,37.980501441465606,15.213078359840257,2.3441106830601637
39831.22121858597,0.00015,39.3285994071901,48.78534772833372,18.97567306601806,2.6180162792695234
39937.70474457741,0.00015,30.710017008621037,42.454027573863435,17.633989927272545,2.2719611170075136
40044.00087976456,0.00015,39.25634116897022,32.89679846757001,12.133631363569156,2.366551541714168
40150.633882761,0.00015,36.49449234450679,28.847163319280806,8.790013724347157,2.355870448943024
40256.99760055542,0.00015,38.08807334976383,39.65838545564715,16.207870605302247,2.3609717800918024
40363.5282998085,0.00015,41.142352884504625,53.56816490940229,19.588511968718223,2.8149304034487543
40470.06600213051,0.00015,43.32086926267152,30.78449312504115,10.02682089266699,2.602441909077326
40576.73445773125,0.00015,41.704011068601176,40.989623667593705,16.376410070287,2.512324011126519
40683.348287820816,0.00015,36.09234541512513,39.22916103585031,14.560367298795205,2.572463626498057
40790.09988951683,0.00015,35.40328877305209,27.17040841264509,8.598755765871804,2.302066414713339
40897.149371385574,0.00015,32.984935230655374,27.69683463926831,8.946533723446139,2.3980847245557033
41004.096029520035,0.00015,44.098245680212685,31.077351864026312,8.82268614557137,2.6415878337484147
41110.5129609108,0.00015,39.44770929196758,28.8580530346423,8.626804298287896,2.450786936104479
41217.27204155922,0.00015,69.56537263614878,71.13775551310016,16.26077612135806,3.9002433143213033
41324.045850753784,0.00015,61.67738338886005,40.988269317294126,13.921722397243057,2.975665770259539
41430.7018301487,0.00015,40.407550836411424,35.657637672457774,11.034314105776447,2.8147049012789718
41537.23847746849,0.00015,40.96501841197754,34.010115227699416,11.286046370805844,2.697876251690089
41644.09966802597,0.00015,35.7348475601764,28.446985488113704,7.980420749631601,2.574079933022249
41750.93914461136,0.00015,43.52323512049501,34.419567115223145,11.795626609843872,2.4863525419979617
41857.736330509186,0.00015,34.46302041818368,28.518587780460145,8.588319443950223,2.4589567344621566
41964.35955238342,7.5e-05,28.21836286580066,26.94953653337352,7.118945944615852,2.4587555284183824
42071.21218800545,7.5e-05,27.035996736835386,31.176308860231646,10.962445958554513,2.43247202517638
42177.81620311737,7.5e-05,26.550683863472635,26.68397595175733,8.27486556150536,2.3310605866269074
42284.4376540184,7.5e-05,26.72335269037401,27.620408089409747,8.401284563476372,2.3969337072775434
42391.28114891052,7.5e-05,28.022614087950124,30.76216068513883,10.844695655424337,2.344874854831633
42497.792176008224,7.5e-05,26.149085975165992,26.53527537807871,7.740959146667623,2.374666420460858
42605.32471847534,7.5e-05,26.479704548612048,27.4523235455488,8.625662532339595,2.3341609494980955
42711.71392798424,7.5e-05,26.927034051308365,32.9528636185557,12.78806576390612,2.375917467050812
42818.4069545269,7.5e-05,27.501594403666946,26.428735292362223,8.280676490147412,2.27816927680671
42925.462894678116,7.5e-05,26.08341267953925,27.66425836328759,8.963671362409347,2.305145274032328
43032.101316690445,7.5e-05,25.152762582345115,27.91858716509779,9.717999575013586,2.2321336541003305
43139.076114177704,7.5e-05,26.777148179631904,27.18065768121631,8.865255449492766,2.3073338429202797
43245.95866513252,7.5e-05,24.92771753135676,27.160798501073984,9.88377223382773,2.231587106525185
43352.82018494606,7.5e-05,26.039613145899203,27.184250483908276,10.399817626548762,2.1865511616409443
43459.200825214386,7.5e-05,25.57987912170179,26.248631256845584,8.256011531767395,2.225662600824246
43565.840599775314,7.5e-05,26.270745307359803,33.70872535671032,14.088318358708989,2.2091879530119654
43672.368248701096,7.5e-05,28.2301264197982,27.440063974943467,9.226669757512985,2.2691949896936054
43779.24625086784,7.5e-05,26.679667672964374,26.687369749003544,8.580604660260148,2.1529972260853665
43885.87318897247,7.5e-05,25.90430805990653,28.440161252556674,9.7356231552683,2.228466255426207
43992.653820991516,7.5e-05,27.44105817905697,26.61997480937729,8.917121158757437,2.2151017429825473
44099.47461414337,7.5e-05,25.22690583847498,24.909031287660678,7.477135468718602,2.1617787904951897
44206.10221648216,7.5e-05,24.471539074606078,24.442071253006826,7.631059008841392,2.129567167624737
44312.8206744194,7.5e-05,28.35508550931574,24.34127556014662,7.286626787549894,2.110486400775951
44419.395709991455,7.5e-05,25.37164114418633,24.140794648643087,7.132960699353474,2.1625928420927694
44525.568927288055,7.5e-05,27.134337987791433,26.942967525718203,8.17244517385077,2.4450280727529257
44632.310654878616,7.5e-05,27.523190219834113,24.669849023153365,7.344694573156367,2.1862563133608477
44739.21982860565,7.5e-05,25.08653280649506,25.83802007017444,8.600038577501232,2.2123297572640683
44845.931505441666,7.5e-05,24.398166566629083,30.340342838092987,11.822532760846086,2.2211545057693636
44952.747948884964,7.5e-05,25.316787624550333,30.422160468526577,11.796140137075541,2.2314165528893213
45059.09871387482,7.5e-05,25.01422574456908,28.014181581046568,11.493070520652243,2.1815353861070137
45165.75200986862,7.5e-05,26.394296420287066,25.20641808579031,7.010858748354953,2.238249512190726
45272.34473514557,7.5e-05,25.32879165212623,34.564759334290414,14.349648853994772,2.2614756883010796
45379.11483645439,7.5e-05,25.9271450293412,26.529557453617098,8.707294006228725,2.193221680548569
45485.82126832008,7.5e-05,24.899215812963536,24.47520177499993,7.730402704894496,2.103305183331718
45592.18035984039,7.5e-05,22.983949723714282,26.63835771692171,10.494621012235005,2.1211360969132995
45698.67839694023,7.5e-05,23.995348751903457,25.792761267302318,9.285736797567651,2.057716279766365
45805.081050634384,7.5e-05,24.95381359492094,25.78790570309089,8.469343600195085,2.0902795122423443
45911.47268199921,7.5e-05,27.923342073593087,24.560157993475404,7.432343067457596,2.1210813086786136
46018.06359434128,7.5e-05,28.62610274578527,35.242549466982915,16.149553211238917,2.128171169229815
46125.25844955444,7.5e-05,24.65272372686191,25.375753962606115,8.787064071381733,2.0435760978944577
46231.95779252052,7.5e-05,22.239493298886426,36.9847791539927,15.941258264721508,2.079547769661967
46338.51093864441,7.5e-05,26.711866415325055,24.85146302966703,9.703138436178444,2.066758552029146
46445.18814301491,7.5e-05,27.09491389757489,26.488074183878872,8.533460017952804,2.1891115192753605
46551.6761507988,7.5e-05,22.60736396068931,26.433046317496462,9.031642738395805,2.1680763546736843
46658.26304149628,7.5e-05,23.458313323310076,26.575141082326805,9.453070107606456,2.1091689810940517
46764.92849755287,7.5e-05,23.277953763771865,24.7327313903272,8.255751427689848,2.1159722640285694
46871.451125621796,7.5e-05,23.21561413869265,23.42632390687424,8.080787394070942,2.0217105623986424
46978.148535728455,7.5e-05,23.147296956929736,24.97431172646569,8.77344195394895,2.1061638972668884
47084.86610865593,7.5e-05,25.02389721457213,24.756429078808484,7.446268020713134,2.0948640805359373
47191.54914307594,7.5e-05,26.52607230562281,28.352669137341774,8.954828028927905,2.2566153100673194
47298.095522642136,7.5e-05,25.73714949883393,25.778126832035692,9.033407180084442,1.9906569709770277
47404.78469991684,7.5e-05,22.692336208014638,23.447594755605873,8.319833557771132,1.9930346000041774
47511.14038300514,7.5e-05,23.063230386208414,25.80720071911046,9.228739809079368,2.028708303700135
47617.865691185,7.5e-05,25.021863952249216,29.576829560613028,9.526957832271014,2.4651795691237646
47724.516342163086,7.5e-05,25.721851758474653,25.790746865456125,8.15302628943071,2.1638967056973026
47831.34161877632,7.5e-05,24.18840090929466,32.079350852054375,12.799937967016469,2.134409274048205
47938.37697505951,7.5e-05,26.859417787238733,28.08132415301163,10.555175587987863,2.1726375702180865
48044.362176418304,7.5e-05,22.53887616002658,28.059570193192908,11.07016816291601,2.145540253956717
48150.59741926193,7.5e-05,25.096790929604385,24.279823685102485,7.27301526088224,2.079063473732945
48257.173100709915,7.5e-05,21.382160949452096,26.825152021643294,9.718650511624938,2.0612118198192135
48363.97615623474,7.5e-05,22.848452297609242,24.256140151347495,8.525289736217758,2.027429230501563
48470.56079888344,7.5e-05,21.65014995915716,24.404090071208785,8.721437440843946,2.038505427931196
48577.17967271805,7.5e-05,22.282627828882276,26.26563063819098,8.525402431829962,2.1316412320649967
48684.27847599983,7.5e-05,27.51577794310191,31.442830918502796,12.972799252088612,2.142711824777266
48791.03998088837,7.5e-05,24.578421777328792,29.934292915494897,11.595465112271388,2.0653225664580246
48897.495446681976,7.5e-05,23.47312814096853,58.37223453345277,22.096477104181066,2.76880238924298
49004.38332629204,7.5e-05,28.3910176053454,26.30833686027081,8.397192109866896,2.176002430134077
49111.021486997604,7.5e-05,24.434452974867995,24.33943683794136,6.9024604387052895,2.1151565481393066
49217.83871841431,7.5e-05,22.195621748813995,24.505385045853888,7.726855895710661,2.103880955155087
49324.47944879532,7.5e-05,21.24991111347473,47.73935806736749,20.25721430313931,2.212713382108781
49431.08072018623,7.5e-05,22.471584438613753,23.630657731469903,7.1553268878606735,2.059839812636408
49538.27059316635,7.5e-05,22.8222277240409,23.68041969310864,6.912854882208332,2.037162514915369
49645.08395886421,7.5e-05,21.869355892917312,22.60388695211273,6.598675678042072,1.9875716372381909
49751.96346473694,7.5e-05,21.15510429659355,29.927220145617362,12.929305703214435,2.0138670498210893
49858.620168209076,7.5e-05,25.30873987185554,25.867499363885443,9.614599589156807,2.1124786170607432
49965.948660850525,7.5e-05,21.957332112258566,28.386344115582403,11.881642660496297,2.0271560909681954
50072.34488964081,7.5e-05,22.02245081142902,23.43180741604664,6.9181250663632445,2.0361569512046787
50179.32313656807,7.5e-05,21.971981038174086,29.173131109434035,11.888016517145598,2.0199750421691163
50286.242762088776,7.5e-05,19.89025898281411,23.80878121967474,7.85715854493139,1.9740698952684355
50392.99999952316,7.5e-05,20.741672703034894,23.195370063918798,6.888552111940094,1.999278304647495
50499.37514281273,7.5e-05,20.968189612346332,27.01005500745756,9.548325242052204,2.043011752931437
50606.26065135002,7.5e-05,22.406780997531456,27.97011587465791,12.65901855444964,1.944428422962949
50712.911452293396,7.5e-05,22.251260941850234,22.59365482159267,6.690998428237689,1.9823827078824463
50819.03986263275,7.5e-05,23.127376821105372,23.250593935397504,7.210178952057289,1.9781954317419088
50925.425246953964,7.5e-05,21.689025759935962,22.649168992267153,6.9659406642661095,1.9806500967818277
51032.06574630737,7.5e-05,22.681664942951503,24.576069596039915,9.394373878128158,2.0023601164078415
51138.46011686325,7.5e-05,20.18735502811975,25.544676992442444,9.320456765725663,1.9308615143184593
51245.55011558533,7.5e-05,22.08497702355745,22.86943830075748,6.862205936494323,1.975085660284204
51352.33248281479,7.5e-05,21.67020382013319,22.44294197821673,6.955191587714228,1.9333831536443966
51459.29806089401,7.5e-05,21.23029514600822,28.53768524022933,13.415017018723283,1.925893816323477
51565.899975299835,7.5e-05,20.868725792074766,22.367739118207552,6.4929226186251325,1.9623248006506069
51672.923295497894,7.5e-05,21.240229161552076,27.777854720426557,12.799800914428426,1.9073433331529233
51779.757138967514,7.5e-05,22.129756296097927,24.02462422815034,9.53885894442385,1.9283867520139615
51886.54023861885,7.5e-05,21.20428284432421,22.76868138753208,7.0578631239762455,1.9637112602338713
51993.33088970184,7.5e-05,21.35830005417159,23.353348147951063,7.52475891053816,1.9748569626341002
52100.104617357254,7.5e-05,20.726737961627826,22.77532925612384,7.019986073114123,1.9839750731261505
52207.0978102684,7.5e-05,20.504477045641735,26.714434024727584,10.120992560918129,1.9626320411838327
52314.03716635704,7.5e-05,22.656065264850767,23.762436889342805,8.164454768620146,1.925037259240106
52421.10674381256,7.5e-05,22.652899923343707,24.286198747664944,8.897222570953012,1.978549329424735
52528.28534030914,7.5e-05,21.986769608225476,25.813117426402986,9.998692281340958,2.0349968686739075
52635.36241531372,7.5e-05,22.71964804296054,25.865714409599097,10.72606370826299,1.972062891019618
52742.748804569244,7.5e-05,19.437917939643068,24.72100268989438,10.30960924441426,1.8915829820345413
52849.397305727005,7.5e-05,21.609072218283323,23.864976311436866,8.270532743315723,1.9475544030618168
52955.75258278847,7.5e-05,19.967171382415426,28.51880050257928,12.295311283340514,1.8781470840541445
53062.7556951046,7.5e-05,19.408897874721255,24.14579576254397,9.014944188035473,1.9040175453836656
53169.55431056023,7.5e-05,19.056255342488193,21.906731527030466,6.381603719662245,1.8864292828241533
53276.01578474045,7.5e-05,20.829111333147246,23.549961619793038,7.337336673275717,1.94896874766084
53382.80207633972,7.5e-05,62.07335636583355,36.47939320335288,11.433864305099284,2.6411204377330133
53489.39222693443,7.5e-05,33.53256143836355,30.490888737713522,10.241665100549593,2.36921740142586
53596.1212208271,7.5e-05,26.201299745538872,25.452191535609106,7.9680441501822585,2.184972153899255
53703.037855386734,7.5e-05,23.131948113733582,24.342613633661678,7.309603871726841,2.078563487185418
53809.84278202057,7.5e-05,22.33784048391042,24.614701915752516,7.336370481519335,2.1098682870756136
53916.51011419296,7.5e-05,21.138531660868985,25.831862920722852,8.570298516741044,2.1424377555371237
54023.31087732315,7.5e-05,26.530705674822173,32.05854780346777,12.88174561867004,2.1791464523865254
54130.12946987152,7.5e-05,22.96195941376086,26.687239064540837,9.572939702522355,2.107442167962027
54236.85378217697,7.5e-05,23.29873007096435,33.1465055223037,13.645285546175689,2.201375191410523
54343.07933020592,7.5e-05,23.061035700114168,27.553939950028738,9.964048431705704,2.1063946182271556
54449.53196620941,7.5e-05,21.285592667003282,38.38077054765837,16.851417592049387,2.077768363847953
54556.504769325256,7.5e-05,23.080675548316375,22.97584641531852,7.298321064616774,2.0163801037848494
54662.93259906769,7.5e-05,20.287974307892398,25.51571308039073,8.448710315968967,2.090716863950876
54769.43474149704,7.5e-05,20.131546477162512,26.86689481285467,10.38933786524522,1.9803815204524924
54875.898891210556,7.5e-05,19.262182711174027,23.324267441755534,7.698189849139933,2.0006727885456193
54982.40479207039,7.5e-05,20.086017709767322,28.132404033333778,11.147461484580512,2.0464582562400504
55089.04630446434,7.5e-05,20.954205565899777,27.774402058673928,11.605405907099449,2.009276990631222
55195.48872041702,7.5e-05,21.017126337885458,26.56439243837587,10.925714021535562,1.9941133554239376
55302.17534446716,7.5e-05,21.065832881625816,33.563495500113305,15.41102756193998,1.991264892149893
55408.85782837868,7.5e-05,23.360499072058957,25.95936941689749,7.64645424394615,2.220676001621443
55515.098880529404,7.5e-05,22.93302358596302,23.87327401940953,7.226167385966538,2.0612884883236866
55621.60603785515,7.5e-05,21.624449337529935,30.439427677676555,12.559170821822443,2.0173996120898994
55728.41576004028,7.5e-05,21.566865329780672,27.08553503098392,10.892503701237525,1.9791911505758883
55834.82068610191,7.5e-05,20.10316497240175,23.20017485616298,8.030958959114152,1.9559203538644545
55941.45690989494,7.5e-05,22.654667745111354,25.873108508310537,9.38170967488575,1.9919030182166513
56047.76619768143,7.5e-05,23.355632548715683,28.56243390235941,12.121709013394053,2.022335294845696
56154.46008014679,7.5e-05,19.556789055728892,23.04586337554113,7.640421132231167,1.97877172921438
56261.28962850571,7.5e-05,19.813483442700395,24.008170439127422,8.457780756247946,1.9205545565047326
56367.99860954285,7.5e-05,20.296774444401624,32.86873538040773,15.032127207921802,1.9971753988640928
56474.64037704468,7.5e-05,19.970857985223102,22.489233198221743,6.971974257649803,1.9294606846427804
56581.402374506,7.5e-05,20.514103868008192,28.087751267677852,12.640284579151418,1.9180077316366633
56688.023223638535,7.5e-05,19.542783413625926,23.582401489346093,7.486480195542749,1.9902482994490338
56794.25527405739,7.5e-05,22.677713904037695,22.670759969746864,7.303942453647533,1.9090316222349655
56901.1496796608,7.5e-05,20.139614586204484,23.360299526989152,8.089640090359623,1.963845536455239
57007.8276848793,7.5e-05,18.867513478585675,26.203324952833647,10.196571055744554,1.9205029057606091
57114.428824424744,7.5e-05,20.663193314557194,22.552657927671415,7.454071559296487,1.9136253003886763
57221.04768514633,7.5e-05,20.091572068321277,25.533109354130378,10.472083655912618,1.9352534117110363
57327.3125808239,7.5e-05,17.95909713610001,22.554575742142614,6.93760419207816,1.9477035289782427
57434.17336130142,7.5e-05,21.39632957978566,24.59678234798917,8.750268232980373,1.8579756586321952
57540.859696149826,7.5e-05,20.44818490288204,26.68360709990255,10.989463101488859,1.9152191297658636
57647.37542057037,7.5e-05,20.032823760197726,22.975806023311215,7.194813238487333,1.880549283903206
57754.08283877373,7.5e-05,20.2031320345431,29.323871323427433,13.915900161279335,1.8359394906459567
57860.917498111725,7.5e-05,22.607973399579752,24.265274001472346,9.48576622276871,1.9736291440362137
57967.46426010132,7.5e-05,24.408276375855337,24.944048697254992,9.325320513659126,1.9957042984076563
58074.328335523605,7.5e-05,23.47703269946599,25.017631676010417,8.828688570232199,1.96785580770719
58180.85128617287,7.5e-05,20.139244108057735,22.565490166537344,6.768829687628445,1.9354103722884715
58287.46260499954,7.5e-05,18.516340702300774,23.32122608300506,8.701147342601606,1.930115472476632
58393.77008318901,7.5e-05,24.400755439098866,31.48400904116686,10.427501919301152,2.3748728340712923
58500.32778143883,7.5e-05,21.61904305066954,22.87438924761747,6.692180145929683,1.9777167802453215
58607.17244935036,7.5e-05,19.35505899806202,24.236413128498025,8.272540790441903,2.005695567314194
58713.99774837494,3.75e-05,16.7370092090718,22.11539138992035,6.893217040706405,1.8625879192658972
58820.957157850266,3.75e-05,16.45404306969629,21.415677558611208,5.975532835011173,1.8702380852106566
58927.656381607056,3.75e-05,16.123692150077726,23.323979853558487,8.043070839980757,1.8619160804284833
59034.24698495865,3.75e-05,16.313741126074294,21.354095772576944,6.495600619356983,1.8376105839658827
59140.97938466072,3.75e-05,16.128718640868556,24.81259191189675,8.493607587212246,1.9709203485921352
59247.831413030624,3.75e-05,16.777607943916617,24.753574876787706,9.182703870028513,2.0034951293759975
59354.88678908348,3.75e-05,16.528946306212067,22.51392045162569,7.9110492013528395,1.8398563757950106
59461.479479789734,3.75e-05,16.187776195044293,23.15089112718692,7.767199349050307,1.8607599035007594
59568.03427362442,3.75e-05,16.531840251532554,21.21819360447688,6.237826887741743,1.8521915249842467
59674.77113723755,3.75e-05,15.492849179168246,21.175224457339667,6.221254504851225,1.8419595936870636
59781.369757175446,3.75e-05,15.904275964060082,24.17835794436927,10.102874773698957,1.8557868674261864
59887.850685596466,3.75e-05,15.800745262762941,21.13157537428868,6.8818628425627875,1.811084922686707
59994.561898231506,3.75e-05,16.220628250412698,21.021470276770554,6.213406206756853,1.8415381252726872
60101.31755018234,3.75e-05,15.617047225321606,21.625229196669604,6.322182468762178,1.8267507169709858
60208.097980976105,3.75e-05,16.024648000360678,21.22134737777289,7.054524910050449,1.8149407903786183
60314.7919754982,3.75e-05,15.691788737772303,21.403639833057106,6.664494613326348,1.835624058879459
60421.35856175423,3.75e-05,15.71598047816055,21.35689476090995,6.440520933988219,1.843895233983421
60528.31105852127,3.75e-05,16.580690187185265,21.908166597077482,7.266397123864547,1.7902496945416086
60634.629269361496,3.75e-05,16.036684064722774,32.04815692207137,14.881869419421987,1.8476115272333398
60741.33293032646,3.75e-05,16.79521595127839,21.39937087222603,6.285527051656579,1.8950814443107593
60847.969106435776,3.75e-05,16.354111590080574,22.63653591819291,7.172708640689508,1.8405919000501483
60954.78917360306,3.75e-05,15.365125949623378,20.635356537276632,5.8717584528220605,1.8014908515379848
61061.24156284332,3.75e-05,15.156574936533431,22.33513832235281,7.753580314891932,1.820512453724
61168.028195142746,3.75e-05,15.022779226037542,21.08891586107078,6.469090551672182,1.7916257305017378
61274.71312999725,3.75e-05,16.575061302032097,22.755312717547394,8.374768608729541,1.797494935845035
61381.26137852669,3.75e-05,16.071593373622203,20.754081653685947,6.343928086599705,1.785862591448727
61487.63504433632,3.75e-05,15.901811340971072,27.268644988939855,12.87919392217813,1.7965869881800307
61594.21047663689,3.75e-05,20.12805195984954,21.862707615748562,8.076546987888875,1.80804376779074
61700.670592308044,3.75e-05,15.589743252399638,22.12363877861551,7.533079469937974,1.767128328804388
61806.95788216591,3.75e-05,15.27460796505339,21.610293030715223,7.424072402395128,1.7940585925435828
61913.57667374611,3.75e-05,15.618346753006763,21.58163733766599,7.240475830767922,1.7750389261794597
62020.34112429619,3.75e-05,15.233131264227486,21.592499671752783,6.921921733758084,1.885524204429091
62127.028314590454,3.75e-05,15.608143371153739,22.843676693777343,8.19655543719059,1.8363051329096949
62233.52529883385,3.75e-05,15.691653914163734,21.029040050725133,6.514791647717066,1.7832987355785255
62340.03033876419,3.75e-05,15.291396210522395,20.231290726350466,6.119356501780723,1.761259715445872
62446.5361289978,3.75e-05,15.04967452933247,21.679009762620254,7.982995007248103,1.7611106852197425
62553.6614780426,3.75e-05,16.82783433965597,22.18213592324462,6.8277571240348545,1.9058356236035952
62660.2344892025,3.75e-05,16.255741088792405,27.302627059618587,11.768941393143853,1.843588977261559
62766.9946205616,3.75e-05,15.203825757720736,22.558246607044836,8.868122091910287,1.8162390816422034
62873.71260499954,3.75e-05,15.254503035338214,21.58947106906743,7.161542382541338,1.7837271345604788
62980.34495258331,3.75e-05,15.315920063901729,24.413412729125653,9.7112744510499,1.7926970284097623
63086.86336660385,3.75e-05,15.029988850164212,21.51902102007604,8.028854988556027,1.7721790911569213
63193.73525094986,3.75e-05,15.614704131655184,21.755270933070896,7.58150926383324,1.7879979704896813
63300.64230298996,3.75e-05,15.118217492905563,22.149196338035715,7.635355820808202,1.7899400096609153
63407.77710533142,3.75e-05,15.162024349485428,21.00148053027199,6.315188924502508,1.7565773676416654
63514.682074546814,3.75e-05,15.097018412158548,23.12148001119332,10.015930847738835,1.763681779881002
63621.34500646591,3.75e-05,14.158649939793897,21.069202669102506,7.3331987257591,1.7687241462374186
63728.13356041908,3.75e-05,14.668288937706967,20.348432577397965,6.1631391083738905,1.7760473401659278
63834.68396806717,3.75e-05,15.01614392480916,20.296606663615883,5.9064496368146555,1.7321832340488805
63941.2915930748,3.75e-05,15.097488785724806,21.182799450129696,8.284059374386318,1.722530963630168
64048.09022593498,3.75e-05,14.719221762863027,22.401653097802775,8.048233133317527,1.7851131876398523
64154.72650671005,3.75e-05,16.169893923356025,20.758050297909715,6.699909305349515,1.76678580243837
64261.28867959976,3.75e-05,14.834261722781394,23.02162462572237,9.483873119042055,1.792082047163656
64367.75516653061,3.75e-05,15.454693332603286,22.265403955577067,7.071037087325276,1.932913039736786
64474.401405096054,3.75e-05,18.709653650845947,25.836938552196507,10.100203528222124,1.9296262835358198
64581.09737896919,3.75e-05,15.975531099421008,21.569752320145994,6.118838125156037,1.8963678154413097
64687.55811190605,3.75e-05,15.026347138032426,21.077639608938703,6.41282441517569,1.8337649555673778
64794.03910422325,3.75e-05,14.686816913403337,24.559471781703646,10.053882462106825,1.797070997901534
64900.50360631943,3.75e-05,14.80378837186049,21.12763428448599,6.467448742242874,1.823244168936665
65007.17968416214,3.75e-05,15.027341202336288,22.26934021268703,7.659405732842413,1.7708996290096704
65113.685019016266,3.75e-05,14.679749262574575,20.578353626480446,6.156965281010046,1.7658551778998475
65220.24573421478,3.75e-05,14.665450392281405,20.810694304922837,6.181979012136244,1.778807210197819
65326.842578172684,3.75e-05,14.936509214389773,24.36774208118923,9.802506064030684,1.7677043925910825
65433.50632762909,3.75e-05,14.666099831000498,21.70506765728648,7.121657706756473,1.7523688036478078
65539.80984473228,3.75e-05,14.488912484459421,21.884639550008124,7.429298317627524,1.7862457092068162
65646.6729362011,3.75e-05,14.06421972887902,20.689084507172748,6.086491329820474,1.7682648510891148
65753.15830540657,3.75e-05,14.326439024690902,20.59520965227262,6.048166561944356,1.747352939762235
65860.0634791851,3.75e-05,14.431352869124316,20.740813696276845,6.058960519911067,1.7532823976158838
65966.6405198574,3.75e-05,13.880417108695102,21.359663135938558,7.3334417127578035,1.7525752822988647
66073.2613594532,3.75e-05,14.28544810280871,21.762653774826227,7.676186410691343,1.732982037793432
66179.8792989254,3.75e-05,14.924633585495842,26.546187425585828,11.315611294443869,1.8121296232969626
66286.60739374161,3.75e-05,15.0426602895766,22.10730227432005,7.949305768507306,1.757920439373879
66393.11062288284,3.75e-05,14.223874915227722,19.79600758892099,5.93512249513241,1.7063609078163808
66499.48100399971,3.75e-05,14.26042351029078,20.490297057522262,7.439194614591769,1.726739264008051
66605.95603632927,3.75e-05,15.680304844465997,21.37258448449544,6.48629964708074,1.869518680525564
66712.6889269352,3.75e-05,15.54985994972931,20.002839921188343,5.905591529138555,1.7627541890846152
66819.39424824715,3.75e-05,13.805122010504437,19.65171726690167,5.733624001173702,1.7439390579232124
66926.02973365784,3.75e-05,14.788898657095356,21.91178194847283,8.698777505780976,1.7568560583633888
67032.6431980133,3.75e-05,15.354928307290013,20.222427595527446,7.302717326306219,1.7115929298941566
67139.42361307144,3.75e-05,13.69983733451879,20.07680911141231,6.12684044128085,1.71437667774876
67246.14862298965,3.75e-05,14.202736978197342,21.6085200439394,7.287603825772078,1.7409113477297402
67352.7541475296,3.75e-05,14.875155543240016,22.37308393211504,7.704703205373263,1.7862426242379956
67459.58954262733,3.75e-05,14.34649441337288,22.579273386689856,7.827774838739694,1.7732776773473822
67566.16028022766,3.75e-05,14.713578283454826,20.457661888166157,5.905288116502651,1.7473763876261414
67672.65678834915,3.75e-05,14.885409729282637,24.003162724255375,10.003015596979964,1.7622546663112617
67779.32176423073,3.75e-05,14.41617232692563,20.121016788574398,5.74395633914558,1.802730937631877
67885.89638090134,3.75e-05,14.438436630760595,19.706420555072118,5.6790341788312,1.747666219576276
67992.53887248039,3.75e-05,14.590467415824715,20.323801047016776,5.975772111376839,1.7516736512006927
68099.30061864853,3.75e-05,13.679772476226882,21.50477153464996,7.5241316797579065,1.7479486314274226
68206.057533741,3.75e-05,14.029163476804179,23.132450305154563,9.052242195801352,1.7519205468428596
68312.69689321518,3.75e-05,14.111720553589548,21.585854211008577,7.925326801517097,1.718568719266061
68419.70630764961,3.75e-05,14.070490628899167,21.102252149202837,7.011835385186544,1.746530546417022
68526.47259712219,3.75e-05,14.254239540159583,23.367714502094632,10.000765398342166,1.749526495634096
68633.21234035492,3.75e-05,15.016979572528134,19.42214609863202,5.495707835244278,1.7124315675665378
68739.44472360611,3.75e-05,14.822080246667657,22.459894800805355,8.545344167636506,1.7247660546940387
68845.64504027367,3.75e-05,14.02915024231579,22.105300355929547,8.437348241649934,1.7016823915092025
68952.50167036057,3.75e-05,16.37939180300639,20.293556020078213,5.909047421866437,1.7385356820084625
69059.43812799454,3.75e-05,15.02755282986905,20.150373909353153,5.8706697358438396,1.7111531116782992
69166.24348092079,3.75e-05,14.160902547209584,21.353882919441244,7.814911465485023,1.7478385465763704
69272.61281323433,3.75e-05,14.385662670734598,22.536454410220042,9.343518570077112,1.7327671312015278
69379.71911215782,3.75e-05,14.378710899408263,19.760692340176213,6.261965620081033,1.6917109173995697
69486.16588330269,3.75e-05,13.742817378835493,19.74785877193464,5.283657763771776,1.7176857545387718
69592.79983949661,3.75e-05,14.974301484359296,21.247665935491213,6.563814530406069,1.7987814773474815
69699.32105779648,3.75e-05,14.59948897961918,20.26447653818337,5.873884615820084,1.776119447912587
69805.82221841812,3.75e-05,14.305554958249179,20.183332486918488,6.1623224123139355,1.719933052374881
69912.13540768623,3.75e-05,14.803553807281338,21.603571282379576,6.690910404767269,1.8438299490268468
70018.5366024971,3.75e-05,14.287855201427165,19.978594323406835,5.958873945014698,1.7149031325200774
70125.28546261787,3.75e-05,13.80092666355744,21.36541328327111,7.323933926208449,1.7549539437739496
70231.99185681343,3.75e-05,14.303081247742284,21.190234380520177,7.546420486105297,1.7303520852539311
70338.60201931,3.75e-05,13.631865729359376,22.58593066115661,8.435611151013632,1.764065147153338
70445.4059638977,3.75e-05,13.841864726994345,20.648548113742294,6.118307073508402,1.733431469214756
70551.85474920273,3.75e-05,13.890701372125786,21.09249802193156,7.028351924239149,1.703813127772089
70659.01036095619,3.75e-05,13.57476335348332,20.009301932815124,5.9527627345833665,1.7040125306653298
70766.04050898552,3.75e-05,13.223089559754328,20.565029438764103,6.267628286931075,1.6790570505973403
70872.78728437424,3.75e-05,13.718733207981368,22.273770453532144,7.4579046402512725,1.7550492488630025
70979.6273097992,3.75e-05,14.152272415628516,20.44668420467916,7.508012172493819,1.6914921574385695
71086.62724256516,3.75e-05,13.899938332686634,20.1183367663301,5.830835278482058,1.6896293534301812
71193.3508951664,3.75e-05,13.943240545778027,22.461826920175458,8.408640004467983,1.708228587713033
71299.9927277565,3.75e-05,13.748348190620339,22.882091183748347,9.189809741215695,1.708478785317956
71406.58297157288,3.75e-05,14.144327671869371,25.826487929553842,10.962358149159076,1.7649725303175408
71513.05290555954,3.75e-05,13.737160170681095,25.156092340370773,11.570494722409446,1.6883798164445882
71620.07773828506,3.75e-05,13.54544167551545,20.739931657155317,7.368430362858999,1.6907925377655093
71726.56637597084,3.75e-05,14.795474449280084,20.59027585520024,5.8915187035885435,1.7389107781857003
71832.93430948257,3.75e-05,13.856189596703441,21.517605988899142,8.324120581753998,1.7046111091556715
71939.79706215858,3.75e-05,14.839519997220922,20.915751223645493,7.213793385149628,1.7295542999994824
72046.57158207893,3.75e-05,13.927415271409771,20.936577745700358,6.803700471611944,1.7115023136296301
72153.19007468224,3.75e-05,13.682224428343014,20.32398393433593,6.163590690630633,1.6888769102672587
72260.29467582703,3.75e-05,13.700448167379834,19.606624811964465,5.762032583925005,1.6544276197457952
72367.01009011269,3.75e-05,12.898550645735195,19.699544312724818,5.731242758913702,1.661674934147118
72473.82298588753,3.75e-05,13.449411153421552,21.01597046913492,7.100176426923935,1.7270471622861565
72581.05022096634,3.75e-05,13.953976874628745,20.453274168644302,7.078199851912442,1.6919017050004355
72687.58921313286,3.75e-05,14.150626243953319,19.890186623474474,5.677703563068773,1.6529025488109956
72794.44851565361,3.75e-05,13.983989480822302,20.12797418568675,5.833853426522235,1.6452008803341507
72901.57079863548,3.75e-05,12.788999870217014,20.113269750531042,5.619760440460705,1.708802483574906
73008.726405859,3.75e-05,13.662577480588944,21.465492922517708,7.154028573634563,1.7005369307435203
73115.77745556831,3.75e-05,13.727622925080018,21.43434985886572,8.19457541307433,1.7276301941970706
73222.62794041634,3.75e-05,13.738352943194366,20.908372834955923,6.6036485001526115,1.7407785370808078
73330.11959910393,3.75e-05,13.9174953638299,20.588719102170582,6.559327313608242,1.6586785897938725
73436.93490076065,3.75e-05,14.865055122468965,19.780854462261978,5.627699741235675,1.6681878272498778
73543.45057749748,3.75e-05,13.138926714346706,21.060114704102617,7.314847623567886,1.6830452238660931
73650.22592544556,3.75e-05,13.072809466223697,21.816449551783744,7.261953640801778,1.7448865276951857
73756.84000730515,3.75e-05,14.077840968425408,21.566152996304222,6.857706330106859,1.7201149701327936
73863.64177370071,3.75e-05,13.668083834844646,20.30225398122504,6.099164164447264,1.6924311007014956
73970.25326228142,3.75e-05,12.959001246473788,20.45707113488471,7.837761983774829,1.6752776813257961
74076.91770243645,3.75e-05,13.455435610104308,19.391352574842216,5.687757089188205,1.662039461510981
74183.7151503563,3.75e-05,13.693658489032693,19.50936691187752,5.241619975327144,1.6731338344850288
74290.52303600311,3.75e-05,12.909820351841775,19.76860152329097,5.493976111348866,1.658972483905013
74396.91431975365,3.75e-05,13.195897206348734,19.394756154757456,5.7599038074282305,1.6461598932337804
74503.33396720886,3.75e-05,13.691504608047223,20.522367051302886,6.4834890477097975,1.682322796662689
74609.66255283356,3.75e-05,14.181482903222832,20.182013396964262,5.766236844140853,1.6951366229618547
74716.09252476692,3.75e-05,13.112343408291842,19.77451044222076,6.246979720129785,1.6633588752923214
74822.73500680923,3.75e-05,13.732502835767256,19.75445133038389,6.384865966701731,1.6826111582918473
74929.19445943832,3.75e-05,13.823811242139055,24.41194576971176,11.323050947181898,1.6890167156610194
75035.62053871155,3.75e-05,13.373112054996062,20.199826021863842,6.838409643849635,1.675979200127477
75142.3095395565,3.75e-05,12.899604345063745,20.086034458138926,6.868411099083797,1.6337911836588874
75248.98510885239,3.75e-05,13.91926348068635,20.73109836655533,6.402890372629381,1.6725109421695714
75355.51295852661,3.75e-05,12.909415617900533,20.04781427668605,6.194537587214148,1.6839697600555428
75462.03081297874,3.75e-05,14.10041769311964,22.368629185142392,8.516992823183768,1.637377646904687
75568.12813735008,3.75e-05,13.475917264331182,19.8499793705247,5.994079946635388,1.6774597320497644
75674.88110947609,3.75e-05,15.035441814379269,20.123000325106272,5.790668410243973,1.6902705103611715
75781.82794618607,3.75e-05,13.536428002106582,20.121079911834116,6.485714773414475,1.6603225099475085
75888.81994366646,3.75e-05,13.088750359103313,20.33631047423592,5.770142258653767,1.7223412870440074
75995.6475789547,3.75e-05,12.990063350326528,19.8147210738654,5.773144562171942,1.6928748229375534
76102.48330688477,3.75e-05,13.211016276069143,20.776624883739203,6.656156930901163,1.6911123852434766
76209.13207864761,3.75e-05,13.206739690580514,23.408630723052372,9.81213045008742,1.7043484056204252
76315.84611821175,3.75e-05,13.263885231425965,19.730329644890134,5.673891598232444,1.6416160364847363
76422.45767378807,3.75e-05,12.911109052434162,20.36214023247923,6.371552013180168,1.6964533087783227
76528.6783823967,3.75e-05,13.401191883295356,20.87027516049246,7.092978039664954,1.6680533600796028
76635.42830848694,3.75e-05,13.01847565808788,20.019758099514338,5.850497557237942,1.686654182965271
76742.33580994606,3.75e-05,13.132418865136724,20.43139776212375,6.902906868296123,1.653971494608365
76848.98340940475,3.75e-05,13.601095288812676,20.028326542329513,5.753003412545517,1.6657156328988094
76955.79643273354,3.75e-05,13.63400260396725,21.081905380369033,7.120676321622829,1.697363540491561
77063.01578426361,3.75e-05,12.861920394353596,21.14579941916338,6.559698356099177,1.6966622520660677
77170.2765173912,3.75e-05,12.576719704915007,19.86698973992658,5.285451022331731,1.645683765802592
77277.5359647274,3.75e-05,12.958148069970193,22.15336827249457,8.336173437390585,1.665810153903012
77384.8756814003,3.75e-05,13.044556882339482,21.0431863666778,7.729951642958893,1.687365091647095
77491.98737740517,3.75e-05,13.557177404699837,19.368463948150232,6.161244089865443,1.644548703334493
77599.13499569893,3.75e-05,13.040699404952095,21.55764496896069,6.766331203636116,1.6779257440812987
77706.20928764343,3.75e-05,12.832620282936903,20.533502553994374,6.364680152708724,1.6687098999811982
77813.62684392929,3.75e-05,12.88919367219802,20.052699639381917,5.927099675381453,1.6450590281753121
77920.56367468834,3.75e-05,12.579093950526119,21.00498440758249,6.403431747448416,1.6908849956005831
78027.79753232002,3.75e-05,13.856662599406812,23.28292037108752,8.546230607541947,1.7701267839560675
78135.13248825073,3.75e-05,13.500416997918894,20.42513153277607,5.828960163000498,1.6993753652289967
78242.22025060654,3.75e-05,14.308715905291276,20.58539536778558,6.111587768221682,1.6989172530429895
78349.0252404213,3.75e-05,12.780192806450396,21.15578818342138,7.677106820134009,1.6865508783113297
78456.01724386215,3.75e-05,14.250788107192392,20.595432851238122,5.9560249489169514,1.7892168693129862
78562.97954702377,3.75e-05,12.785438863278817,23.36023739527067,9.128709625101424,1.711926019901887
78669.79655742645,3.75e-05,12.374657303858346,20.05479049364249,6.272674896525667,1.6770410623966903
78776.78264641762,3.75e-05,12.145699483829395,20.252410565029127,5.8491237280615955,1.6767025734417067
78883.53580784798,3.75e-05,12.610140430924622,20.532288167009018,6.359962992619836,1.6771443694968495
78990.10627102852,3.75e-05,12.270387710295958,20.976431128671624,6.786453740632079,1.681398194713141
79097.15274071693,3.75e-05,12.236862307960882,22.084390870063892,8.006972413274895,1.6425625208624992
79204.39367461205,3.75e-05,12.387216132476937,22.10704190709397,7.905836273336076,1.691455617703156
79311.65478992462,3.75e-05,12.157097151933256,19.704473639774292,6.111016455610934,1.621300677028446
79418.93762660027,3.75e-05,11.888573975838169,20.034566980570172,6.023375483666745,1.6267837374906968
79525.69790768623,3.75e-05,11.825281996800284,20.15805589791541,5.969055648530171,1.6432394804977777
79632.64189624786,3.75e-05,13.03995896118684,19.865427182250695,5.529781457510016,1.7151135949092657
79739.25493144989,3.75e-05,12.586560174334844,22.445839909497867,9.383077955952121,1.6605040742988524
79846.37157654762,3.75e-05,12.582356803479346,20.609496162127048,6.673695689890409,1.6525893125971949
79953.05283856392,3.75e-05,11.936004117539529,21.94193113562133,7.843042681390014,1.6979748780238526
80059.57064938545,3.75e-05,12.254035704437038,22.367811020723707,8.60435664235663,1.6352752959811092
80166.15113186836,3.75e-05,12.298825656472774,22.78035394488512,8.704496548683125,1.6475265882381285
80272.80195999146,3.75e-05,12.087871082643273,19.79667712538152,6.179591133551773,1.6363114948322888
80379.23599720001,3.75e-05,11.438724477138676,20.335949249941006,6.09466446886189,1.6309140233685684
80485.9202003479,3.75e-05,11.691134812280048,20.270443663015815,6.495050758843485,1.645814276430925
80592.5529973507,3.75e-05,12.49809278489009,20.51500686494472,6.079261330822344,1.6536085466380266
80699.18645334244,3.75e-05,12.110339738553073,22.63123337474541,8.482729762397701,1.636969020128095
80805.70956349373,3.75e-05,12.747534487183202,31.792981050933648,15.690857061444087,1.7085964236588307
80912.20929908752,3.75e-05,12.925539832944779,20.857035925193607,6.710188528939512,1.6199111265766584
81018.89480662346,3.75e-05,12.112095188791807,20.0590948955198,5.8648152102368565,1.6768364182653168
81125.52097988129,3.75e-05,12.325259598838006,19.91384645587171,6.056439088269871,1.6336157850722244
81231.8461265564,3.75e-05,11.85417414848139,22.41549997021866,9.482073007109383,1.6152480808722514
81338.30348706245,3.75e-05,12.196498258152632,21.51504040970426,6.574779697813657,1.7025532566661643
81445.109197855,3.75e-05,12.378920780945844,19.60044244982402,5.519636979255468,1.6213738808247111
81551.54146146774,3.75e-05,12.197194013172812,19.823991000218943,5.4599661942301365,1.6611163175074235
81658.20189213753,3.75e-05,11.994374563922912,21.004488004148673,6.077413325558764,1.7135560892808228
81764.73878407478,3.75e-05,12.638217618827115,20.532395504338943,6.682872602740769,1.6170383950922709
81871.19693040848,3.75e-05,13.139259638353986,24.925466082910702,10.539955742732678,1.6765959399166102
81977.76394081116,3.75e-05,12.977410337499533,20.194004635030176,6.1580816404204395,1.6338403427140284
82084.46824598312,3.75e-05,12.249941403947075,24.2884103862063,8.684447644561505,1.861121045010975
82191.11760163307,3.75e-05,13.235538073493208,23.43054211206118,8.581325483433641,1.751988680060679
82297.82969498634,3.75e-05,14.1496329560368,19.55184810908339,5.360558397585957,1.6316138485239495
82404.46360588074,3.75e-05,12.141582509514802,19.59619056755243,5.38261154900281,1.617294919192794
82511.13883924484,3.75e-05,11.831385702777743,20.447198510092413,6.098987778554368,1.6400497578547983
82617.70140171051,3.75e-05,11.930915338686617,21.048762371790513,7.207618710405643,1.6378042863363471
82724.35091853142,3.75e-05,13.320159772956629,20.91767768421163,6.314119090721743,1.6657716236655369
82830.57970762253,3.75e-05,12.211441098568194,22.57883194274173,8.12228501484158,1.743920999221686
82937.3067920208,3.75e-05,11.631421899232548,21.832135067109654,8.175660663346063,1.6457098643596582
83043.98409438133,1.875e-05,10.829626284508164,19.628300240425173,5.131777667478946,1.6118644830694724
83150.65524935722,1.875e-05,10.596336507191767,19.790085644540813,5.2894008663233985,1.6081536150996247
83257.44153118134,1.875e-05,10.71129036374601,20.039796896485637,5.742040977567226,1.6142814415279416
83364.38599729538,1.875e-05,10.576788625464351,20.215608485170574,5.856238301991487,1.6224816034958986
83470.83743810654,1.875e-05,10.605639062126434,20.20961888357784,5.572674876902128,1.6107498835036114
83577.48294138908,1.875e-05,10.794054417281938,19.804240353769078,5.1533458677010895,1.613169729794501
83684.1463356018,1.875e-05,10.569821198604293,20.220496525018323,5.6523130807854285,1.634508350054414
83791.0391201973,1.875e-05,11.742970963527164,22.282030316212897,7.98513885521833,1.6764179833052855
83898.01877593994,1.875e-05,11.280808083595213,19.8246247382111,5.226457555686136,1.6375702848537064
84004.7638823986,1.875e-05,10.967819532856268,19.83295809867497,5.398083952192394,1.613986009465089
84111.33955836296,1.875e-05,10.82698903431152,19.5805993720113,5.192750962005401,1.6116948617304974
84217.85384130478,1.875e-05,10.87345938795153,19.601339894440244,4.84704627306872,1.6073904244055108
84324.49642777443,1.875e-05,10.85477972593624,19.865852561115588,5.298189557165442,1.6015777649765555
84430.93478131294,1.875e-05,10.640251386720637,21.49670616903949,7.361259971850567,1.609620489354547
84537.29164552689,1.875e-05,10.962714547276045,20.606530063839706,6.453871758952331,1.6249719415905464
84643.95100784302,1.875e-05,10.639306547594485,19.858084795582727,5.022977417182476,1.6063241187969526
84750.59389615059,1.875e-05,10.74641128307622,20.051309098967245,5.9927044405383425,1.6153290709807446
84857.11130332947,1.875e-05,10.746554537747851,19.672959861544385,5.188425933766532,1.5929279276849395
84963.90027451515,1.875e-05,10.562548013327248,19.873345206798103,5.216101583241487,1.6199387217875192
85070.53839445114,1.875e-05,10.591038610123134,19.82897276778125,5.861225018163073,1.6255458016225188
85177.12799167633,1.875e-05,10.779830439315392,19.977647955476247,6.28822725374812,1.5928332365966311
85283.59889793396,1.875e-05,10.676047134250702,20.207972971726015,6.753576416943283,1.5841673509630856
85390.03408360481,1.875e-05,10.550510413929784,20.035657364478908,6.161519758978209,1.5944972137241948
85497.14279437065,1.875e-05,10.495459094295047,21.438607354047704,7.495946591288804,1.5914589296810167
85603.9292755127,1.875e-05,10.720220979536315,20.78242901962245,7.304332064169975,1.617569594951131
85710.6463546753,1.875e-05,10.517103599476957,20.655231653036996,5.746219563651438,1.6212677420112527
85817.08632588387,1.875e-05,10.6990225722461,21.44702666273993,7.718990739211382,1.630687843884161
85924.0060479641,1.875e-05,11.084359302423026,21.126755872980002,7.744655564531905,1.6022935456614733
86030.69490337372,1.875e-05,10.712993543645698,20.30478464629986,5.331449584485215,1.6326874651589471
86137.289342165,1.875e-05,10.487070587754754,21.266638486156754,6.773806339302569,1.6092708388819317
86243.87303471565,1.875e-05,10.460840822089406,19.7292801016314,5.370181897610124,1.5793503178435073
86351.00853991508,1.875e-05,10.394168652253843,19.791316852639188,5.811162379228409,1.6198286526210417
86457.53770852089,1.875e-05,10.594663021850756,20.675012003378196,7.340526030756771,1.6112887823303237
86564.21819782257,1.875e-05,10.649584220602401,19.8524867599107,5.651165787539998,1.5915628235857309
86670.63292574883,1.875e-05,10.394561784361434,20.16863604523011,5.543912981231047,1.6058756975198107
86777.12136816978,1.875e-05,10.321325778430065,20.325295631108563,5.768452591572714,1.5945961628148528
86883.41133761406,1.875e-05,10.513892416381497,19.616810960958787,5.064497379056197,1.5780501336387944
86990.18955683708,1.875e-05,10.860472619865487,22.81058143898261,9.627890383927783,1.6157528247384119
87096.78325748444,1.875e-05,11.469195361444376,20.627401596775357,5.885527161072681,1.624209538434767
87203.34068727493,1.875e-05,10.643499945447024,20.542973579198772,6.505681038646148,1.6011322634765643
87309.83345198631,1.875e-05,10.56395747088515,20.79776806509889,6.277332427812013,1.616050185860083
87416.28364491463,1.875e-05,10.71890860151995,19.8909257180344,5.021216888308804,1.5975125469174272
87523.08354330063,1.875e-05,10.525687051791342,20.020622709790533,5.568280907598957,1.5908041329256637
87629.95604968071,1.875e-05,10.497333845812856,19.899175985289734,5.237931707178533,1.5844747562562955
87736.81575798988,1.875e-05,10.647194578324163,22.057877940868803,7.738850606203265,1.6518472540618134
87843.36281633377,1.875e-05,10.415830270992831,19.884448759416934,5.555146604613782,1.6097864974854859
87950.37901329994,1.875e-05,10.402012512821427,19.924985641002802,5.518417643831748,1.5739380107864567
88057.44631552696,1.875e-05,10.24190078033427,19.951331514150286,5.185428149609109,1.6054758811574614
88164.2365231514,1.875e-05,10.366571470368118,20.910115528677323,6.097775118107546,1.606704300229945
88271.00094127655,1.875e-05,10.33643110602012,19.87227151824699,5.560789466554637,1.6020352168275696
88377.6824362278,1.875e-05,10.98436418390136,20.942264132929086,5.7769049468304345,1.6079426988650303
88484.26015877724,9.375e-06,9.900486588132862,20.31361096187316,6.54011549321544,1.5703076156219204
88591.34292149544,9.375e-06,9.829358187250795,19.661551015105285,4.79877750221306,1.5614914067201344
88697.70099759102,9.375e-06,9.64876636064087,20.02085614037803,5.426279464923861,1.5734680918568182
88804.17742371559,9.375e-06,9.690706488655415,19.96299258302886,5.140471445798688,1.57328905703889
88911.01752328873,9.375e-06,9.97205753394399,21.46676583470464,6.626770831232227,1.7075760541411127
89017.54917478561,9.375e-06,10.768212537028312,19.824233936130987,5.146667736169424,1.6185184930266876
89124.31655073166,9.375e-06,10.010809719921035,20.221943157371523,6.374767371851861,1.5925121829892428
89231.162150383,9.375e-06,9.890250673748703,20.01059988408587,5.5710138185639355,1.5907785872138893
89337.8732047081,9.375e-06,9.910224474148274,20.100107147025398,5.480943047991044,1.576100708759521
89444.48166584969,9.375e-06,9.74026508186835,20.11369087204561,6.15430277692835,1.5794015851069692
89551.1529314518,9.375e-06,9.737300262442673,19.911714657248677,4.8425316368334945,1.5938229424826136
89657.74108338356,9.375e-06,9.697877335585579,19.81462935451389,5.286242451597171,1.5764752233124304
89764.66319680214,9.375e-06,9.64612194583049,20.008382833300445,5.524622402057365,1.583489512847717
89871.14352345467,9.375e-06,9.648387134566448,19.80424427870804,5.124279762559446,1.5808002642691437
89977.41828656197,9.375e-06,9.649427914784091,19.76090183401592,4.931385316796723,1.5679652553040362
90083.82512307167,9.375e-06,9.640650787871886,19.954597235946814,5.486157994853827,1.5728675070359448
90190.72112178802,9.375e-06,9.622426189380969,19.929714786236428,5.070019104289339,1.580584618199896
90297.06654858589,9.375e-06,9.697053916737401,19.88935752493302,5.12001212425559,1.5743944517738127
90404.01378703117,9.375e-06,9.669251751278312,20.042551812530153,5.43193380068915,1.5767871808736384
90510.68399953842,9.375e-06,9.554438969796314,20.42525898794084,5.882629037739612,1.563271299475446
90617.27828240395,9.375e-06,9.60546279681183,19.81590541010008,5.722284761519518,1.5736006027720852
90723.86696410179,9.375e-06,9.640865126015163,19.937645216698012,5.2006859485748125,1.5938242291933369
90830.6503071785,9.375e-06,9.751408013449822,19.90330538627069,5.756198386521611,1.5719158863196376
90937.4100856781,9.375e-06,9.602364708145627,19.82576043760874,4.864878695362355,1.5798640542952118
91044.39931941032,9.375e-06,9.489415359008442,19.651402603886194,5.348981644711453,1.5665348284038205
91151.34235072136,9.375e-06,9.51692751155555,19.795370083393212,5.098625899662009,1.5678225521490876
91257.94879245758,9.375e-06,9.639198827541705,19.964736359923496,5.0606719602018435,1.5608672786328481
91364.36835122108,9.375e-06,9.415299270062224,21.850999907023784,8.53600423668663,1.5754775736928903
91470.90969824791,9.375e-06,9.791338050569928,20.386193724040396,5.736765055013465,1.565158067211971
91577.51137399673,9.375e-06,9.718967235494652,20.188448784452323,6.285599465492825,1.5703033642387492
91684.27190709114,9.375e-06,9.588111208233544,20.096777781093326,5.498358151918264,1.5715207907265454
91790.9401230812,9.375e-06,9.635349656723475,19.866862826399018,5.361831394472071,1.5711520738544396
91897.43712210655,9.375e-06,9.542499591099125,19.78525408701023,5.107817791814648,1.5647659623363546
92004.00654172897,9.375e-06,9.500980955052944,20.370068915194427,5.7353178367703945,1.5768322504276888
92110.53253555298,9.375e-06,9.513966163300438,20.95236855266583,7.8711424282725115,1.5633588329295796
92217.56981730461,9.375e-06,9.977706773107421,19.75074077091632,4.817248159335724,1.5604990360392645
92324.2232401371,9.375e-06,9.63176460355341,19.850022213318784,5.284196712407672,1.5667916955504588
92430.96609902382,9.375e-06,9.489042020157415,19.82054102345599,5.012356226646798,1.5660319970485326
92537.50110340118,9.375e-06,9.39774121662428,19.809590952762044,5.062544789243655,1.5699617415344784
92644.06457996368,9.375e-06,9.441196432674507,19.72035835395457,4.75483670015402,1.5636271880920194
92750.39216256142,9.375e-06,9.531574946305991,20.298503875246777,5.55093133440263,1.5811089483588416
92857.09571194649,9.375e-06,9.525687568887195,20.555154303416817,5.922952495881197,1.575482630025713
92963.51055169106,9.375e-06,9.468269624113107,20.724856345930824,6.181280170300931,1.566397084884132
93069.71028280258,9.375e-06,9.538984099112154,19.79838742707195,4.850919579307455,1.5645901263083364
93176.45530581474,9.375e-06,9.42545454824494,20.569738016865912,6.367409909040967,1.578410986783064
93283.08673930168,9.375e-06,9.463030537243913,20.01466401606013,5.437734085047329,1.574979098188676
93389.58488249779,9.375e-06,9.45966605041786,20.316451184310566,6.383455631794265,1.5683300890207432
93495.80359578133,9.375e-06,9.763778930412526,19.98462045021056,4.868998517863749,1.5722318726581692
93602.39976549149,9.375e-06,9.652683810100015,19.8057942150047,5.45979334949425,1.5543947776273317
93708.81968665123,9.375e-06,9.400218292503162,19.75875167698018,5.141190919110484,1.5605384925300303
93815.65993595123,9.375e-06,9.697059560390379,20.181846913534045,5.553180629168278,1.6013373256234433
93921.96833753586,4.6875e-06,9.327309639476725,19.84382913868562,4.79209967692755,1.5715679748203046
94028.60100650787,4.6875e-06,9.318745970540123,19.79771799257015,4.790176231045325,1.5656822413885387
94135.09603261948,4.6875e-06,9.300470589476085,20.351136480567714,5.351309600140281,1.6043930543674034
94241.60172820091,4.6875e-06,9.445880518535326,20.135206794733374,5.903381068169467,1.5767838948832475
94348.28227567673,4.6875e-06,9.328133903651281,19.843220337859023,4.794557034737044,1.5647103664180084
94454.80438947678,4.6875e-06,9.26636509715807,20.040551418326892,5.074579038196305,1.565517874526053
94561.21504807472,4.6875e-06,9.256230151209806,19.793846927154693,5.1120512078538685,1.5599627691993379
94667.61880135536,4.6875e-06,9.200690792939476,19.799775211147416,4.736867486919543,1.565571841119246
94774.46430420876,4.6875e-06,9.247817841476946,19.80999435984431,4.7776976040537615,1.5595764542341854
94880.93753099442,4.6875e-06,9.175162636482202,20.26668680128014,6.240116960818379,1.563354519815375
94987.7583065033,4.6875e-06,9.192261379528322,19.793286082612866,4.8103598864489205,1.5598101077782747
95094.24332523346,4.6875e-06,9.217981955765563,20.311047035952985,6.474485493969936,1.5578304908117793
95201.06103634834,4.6875e-06,9.16671103383789,19.879422225145976,4.744358532519797,1.5610700554364365
95307.87253069878,4.6875e-06,9.205249368971826,19.897751758266352,5.567149111003682,1.554253887263894
95414.60813641548,4.6875e-06,9.147344366270334,19.833115722474293,4.684255482531672,1.5591518696257336
95521.54747128487,4.6875e-06,9.413256674307867,19.85524765591974,4.783086980401959,1.563562605775622
95628.31098389626,4.6875e-06,9.225419191348577,20.17927899213479,5.064655250436332,1.5735614868812167
95734.91738009453,4.6875e-06,9.261666636765469,19.906144597255366,4.784996954426576,1.561859093878313
95841.35113549232,4.6875e-06,9.165890923107247,19.909688599973627,5.450035211172126,1.5556126182454635
95947.63339018822,4.6875e-06,9.225370877886913,19.808579044402478,4.820363533097324,1.5554172986658203
96054.35858464241,4.6875e-06,9.165612415365558,19.870155889876585,4.701489699044826,1.560906322863916
96160.81477808952,4.6875e-06,9.216017594871767,20.087142281051094,5.319650612858618,1.5641697221427306
96267.18185377121,4.6875e-06,9.173982479652494,19.75423812947152,4.769795427448751,1.5565653481058384
96373.95325684547,4.6875e-06,9.116522776254648,19.87827611276445,4.996660457025351,1.5510466498431787
96480.18489074707,4.6875e-06,9.181665827793012,20.03241961207468,4.9556795567715435,1.5630513228806768
96586.68330574036,4.6875e-06,9.263695043613556,19.80987025931468,4.756477017004975,1.5649954509782773
96693.64263319969,4.6875e-06,9.133600691108933,19.88545448235664,4.898833274097993,1.5554413596671004
96800.50480985641,4.6875e-06,9.087844782243144,20.081128060094308,5.017644116586758,1.5690931917949005
96907.39550161362,4.6875e-06,9.161564837056561,19.909300201518647,4.982014413002591,1.5853212180853378
97014.20923066139,4.6875e-06,9.346842857266513,19.97445985226563,4.919979044913502,1.5791156035041318
97121.0771048069,4.6875e-06,9.289035902758382,19.79371625306593,4.790847834812322,1.5687174341315082
97228.25345849991,4.6875e-06,9.195382751954321,19.796392459236966,4.781791704851301,1.5680902338820726
97334.81391906738,4.6875e-06,9.190367844195588,19.835312320659476,4.720024771924513,1.565337037996543
97441.872579813,4.6875e-06,9.094100283896585,20.013453376678665,5.006870350053509,1.5626344480322156
97548.43915510178,4.6875e-06,9.160495782063144,19.780722311201583,4.786856763546855,1.5601204669517936
97655.00784826279,4.6875e-06,9.08822383581065,19.93714790316988,5.377062505423233,1.566499786617258
97761.94089531898,4.6875e-06,9.11911933930368,19.83227357446994,5.498240190656131,1.5584815980946491
97868.56609368324,4.6875e-06,9.109657677915799,19.816179003955504,5.143017531742087,1.557041863910125
97975.31394910812,4.6875e-06,9.077512730678967,19.79601725758456,4.875893563845152,1.5578523830248663
98081.73428106308,4.6875e-06,9.055135918555852,19.781225315046726,4.811454136670797,1.5583011466286478
98188.52230072021,4.6875e-06,9.063294314042208,19.736000021994595,4.764656560456298,1.5504863480470001
98294.84385156631,4.6875e-06,9.095162795418009,19.82045690958094,5.200051427352085,1.5639954888192569
98401.5919353962,4.6875e-06,9.082529637775858,20.021286743757738,4.961993591356166,1.564220476851552
98508.32794070244,4.6875e-06,9.071374086952337,19.70244324414043,4.839697848979329,1.5545612089540028
98614.68033409119,4.6875e-06,9.081775286384085,19.745587492055236,4.655906112326,1.5606163655810772
98721.36479496956,4.6875e-06,9.050749585739513,19.83979528440722,4.797020716678325,1.5599937096854046
98827.74574255943,4.6875e-06,9.042688538540071,19.791312833363445,4.752782546628386,1.5611341020310687
98934.63346862793,4.6875e-06,9.079698654186702,20.321626817791905,5.746894919677164,1.5579367530873045
99041.37157893181,4.6875e-06,9.271621252014473,20.01938592547503,5.545421552769579,1.5692988593088129
99148.13418793678,4.6875e-06,9.12857302081269,19.921908177287218,4.888827290464358,1.5624064428057307
99254.88119864464,4.6875e-06,9.077378548235265,19.9674683994804,5.569509635562555,1.5565602255812316
99361.82510757446,2.34375e-06,8.956315916878896,19.987039911455927,4.8856614098731,1.5634709645457097
99468.68384695053,2.34375e-06,8.98330983352916,19.90599371932516,5.077724813578747,1.5623762930236926
99575.36171579361,2.34375e-06,8.961207997217347,19.82904056083985,4.649044800993993,1.5565159300393687
99682.21358656883,2.34375e-06,8.976710333752989,19.946497881682646,4.797188845818059,1.5573002422439715
99788.91516041756,2.34375e-06,8.981165653986345,19.971895336487623,4.751555320162933,1.5609251483828706
99895.5902504921,2.34375e-06,8.943706550372951,19.870835635282127,4.695027801085522,1.5617953920565384
100002.4047396183,2.34375e-06,8.944504119208514,19.778293159479034,4.719842680338669,1.5535297064098992
100109.42643690109,2.34375e-06,8.959936253396194,19.784719632754964,4.854638837783112,1.5527404315482374
100216.30187058449,2.34375e-06,8.957582570205794,19.97237542189071,4.876249445664724,1.5613453683626424
100322.72892189026,2.34375e-06,8.931132663993216,19.94548744545174,4.722967104714826,1.5587238652043711
100429.31018662453,2.34375e-06,8.909789909682313,19.921971870682132,4.842591179411391,1.5547518414358616
100536.10574126244,2.34375e-06,8.936234589540817,19.894204144565936,4.971836411200365,1.5556915821658899
100643.04751062393,2.34375e-06,8.93374390579805,19.836599903720224,4.670805410026854,1.550378940365821
100749.7250213623,2.34375e-06,8.948677173460691,20.08432403649387,5.356259266473498,1.5617846548858
100856.22383451462,2.34375e-06,9.018959507269805,19.867909202907,4.973076113480102,1.5526015617609543
100963.11181640625,2.34375e-06,8.912692456235861,19.851342335149862,4.705871335250367,1.5539343600966034
101069.8688750267,2.34375e-06,8.9437631153269,19.844674766183417,4.95509454633515,1.5529240167635263
101176.35422563553,2.34375e-06,8.981557197256379,20.164033089142208,5.073716095993506,1.5702819181007284
101283.3645503521,2.34375e-06,9.082312409929296,19.790408100478704,4.721446946367842,1.5605959904549007
101390.01896166801,2.34375e-06,8.946495727697123,19.915775136407756,4.725500028020036,1.5590657992978172
101496.68107557297,2.34375e-06,8.939454757017398,19.912950063988145,4.831150973670109,1.555988259497653
101603.78276014328,2.34375e-06,8.963511061418771,19.893584395951017,5.295443465722694,1.5569842746118137
101710.47216176987,2.34375e-06,8.964064629897425,19.784744910803713,4.821035279580976,1.5549997991683715
101816.83366441727,2.34375e-06,8.932969553376603,19.764948508653607,4.82429119059562,1.5564916842766743
101923.34440279007,2.34375e-06,8.966904119065408,19.891022331971552,5.377380159992031,1.557446252110217
102030.01210188866,2.34375e-06,8.967669681282239,19.860870141168494,4.734104421114606,1.5562820923094458
102136.82894396782,2.34375e-06,8.958336408166424,20.009208140388203,4.781262460947966,1.5635441270440575
102243.50723290443,2.34375e-06,8.981760380448145,19.80541825439514,4.66613153173695,1.55508744687528
102349.90217709541,2.34375e-06,8.939326142914233,19.82151486091399,5.120053265304744,1.5540764652231729
102456.81053519249,2.34375e-06,8.942071395983646,19.80433700354962,4.669157071310565,1.555275118713756
102563.92432332039,2.34375e-06,8.909805441093912,19.82406598130058,4.670090661231002,1.5527955206677502
102670.67266178131,2.34375e-06,8.911435987880857,19.78071738332219,4.636190903530582,1.5539067460354736
102777.34544491768,2.34375e-06,8.896843680880814,19.835886767262174,4.793787369761538,1.5536289994100436
102884.06445145607,2.34375e-06,8.904255966217116,19.787021836819807,4.768516442409643,1.554368699071696
102990.61703896523,2.34375e-06,8.902950255423088,19.771877815892925,4.685937588603257,1.5509416937042262
103097.05413866043,2.34375e-06,8.937079845172681,19.774687291082003,5.000661173558105,1.5511864287602257
103203.93600797653,2.34375e-06,8.902469353464458,19.856179396414866,4.708974940834432,1.5563579385968451
103310.63772892952,2.34375e-06,8.959614549986528,19.803805598734556,4.7766979660545585,1.5532387845976512
103417.18389868736,2.34375e-06,8.887153767084166,19.80424827181285,4.668951553380405,1.5508205589982036
103523.75311017036,2.34375e-06,8.91047632099393,19.754106862665008,4.837994513805268,1.5525702796677239
103630.39956593513,2.34375e-06,8.915414794247143,19.84351010648628,4.856934152723567,1.5556080432420265
103736.6592578888,2.34375e-06,8.879603700134318,19.801423710374024,4.725344892042462,1.5533916594152704
103843.41524076462,2.34375e-06,8.881791353172597,19.80321542597574,4.69779725048752,1.5512729399829817
103949.94473481178,2.34375e-06,8.913226383676188,19.822844222879787,4.719055416615606,1.5528903432762555
104056.85586428642,2.34375e-06,8.93691730053129,19.810244051635184,4.826048538077184,1.5543526737529956
104163.81637978554,2.34375e-06,8.864566173073337,19.76996567859931,4.602423592832808,1.5565341324921824
104270.79860281944,2.34375e-06,8.892860200150716,19.7788230160269,4.775417619260697,1.5559318806456182
104377.33934617043,2.34375e-06,8.935659703339466,19.786307948230636,4.865187459872834,1.5541255560719973
104484.07440376282,2.34375e-06,8.901062246897514,19.807831323079032,4.841395567658351,1.5504124385887592
104590.97702717781,2.34375e-06,8.944549188764729,19.81826991096266,4.924468286503876,1.5523968789217768
104697.63764214516,2.34375e-06,8.852129654513618,19.787478367476346,4.751080020182038,1.5529416213318563
104804.4712433815,1.171875e-06,8.834641866414152,19.821692727487402,4.782079525692613,1.556985785223441
104911.27602696419,1.171875e-06,8.869854117958814,19.803829587648845,4.806863506789887,1.5513807714354737
105017.61349487305,1.171875e-06,8.868637814291285,19.823823708538477,4.666622545416246,1.550812150627101
105124.30682229996,1.171875e-06,8.857125593522365,19.842807535127314,4.705700408269536,1.5507071408152455
105229.35100769997,1.171875e-06,8.8436550984645,19.77732938368034,4.7068708989179795,1.550364552574299
105334.24312329292,1.171875e-06,8.852997631133332,19.79910917654703,4.627649870684438,1.5504773544541899
105439.30277252197,1.171875e-06,8.827903491135137,19.788525049145544,4.730033987495737,1.5495854834784661
105544.21363639832,1.171875e-06,8.849605354122978,19.89581556459409,4.679621205140349,1.5529298878308733
105649.07443261147,1.171875e-06,8.859055057881696,19.822192676186,4.661086533651256,1.549241716016498
105753.99949932098,1.171875e-06,8.830917234541872,19.915337668377955,5.297161563150788,1.5507646598927076
105859.07381558418,1.171875e-06,8.830863939252561,19.796244822968436,4.653391349715176,1.5509827121771995
105964.00704884529,1.171875e-06,8.813837142637562,19.83280786956814,4.725007640692933,1.5523193765447205
106068.92173957825,1.171875e-06,8.83331458545735,19.813405118973503,4.697532258364528,1.5510693550640478
106173.92011213303,1.171875e-06,8.826012569537113,19.816255071360338,4.720352696145965,1.5506932160784213
106278.99376440048,1.171875e-06,8.809897166473293,19.813067491541464,4.992410405575997,1.5510936993949422
106383.86419153214,1.171875e-06,8.842284580571903,19.781432705835854,4.855040005381369,1.5501691883871496
106488.02634048462,1.171875e-06,8.82728746840778,19.806802024833754,4.867703923190467,1.5488708784171905
106592.1696896553,1.171875e-06,8.831271368933033,19.84439373376545,4.91798367281027,1.5514683493532186
106696.51640892029,1.171875e-06,8.862449378844065,19.863527003213346,4.6658493690163665,1.550884462129339
106800.2845954895,1.171875e-06,8.798374982367754,19.934645137432884,5.170269720087921,1.5525348076345655
106904.22294044495,1.171875e-06,8.844122319211936,19.832075145540234,4.7921162558456745,1.5511161635913802
107008.22496342659,1.171875e-06,8.80370407248956,19.838203452448056,4.826048564836557,1.550085828181103
107111.95937037468,1.171875e-06,8.822909575258604,19.90259618200932,5.180199537626581,1.550887012527556
107215.959482193,1.171875e-06,8.78952110034104,19.831860065163422,4.671121212252396,1.5504726213099473
107320.05590844154,1.171875e-06,8.825485234272243,19.843881060730624,4.663752486718788,1.5495915865048475
107423.78213405609,1.171875e-06,8.828689360199009,19.812983137797637,4.683405491865341,1.5506973759442564
107527.66488432884,1.171875e-06,8.831131569710891,19.925933860554117,4.696523453793485,1.5508011530060823
107631.79840636253,1.171875e-06,8.788501057547274,19.89082086160132,4.673407869049096,1.5507522755538137
107735.91082954407,1.171875e-06,8.828732446881704,19.882863425444953,5.071247775760927,1.5491939445426033
107839.82718467712,1.171875e-06,8.807294613376548,19.850310577645978,4.941473772817539,1.5499363495775844
107943.96197080612,1.171875e-06,8.815584299585074,19.921242683049215,5.251176232020556,1.549642580799148
108047.8688967228,1.171875e-06,8.823211936224116,19.858425449737513,4.635341409399281,1.5509004614030113
108151.82023406029,1.171875e-06,8.815803116216085,19.84314900921484,4.777873157432835,1.5512197769004883
108255.66318440437,1.171875e-06,8.810972488014118,19.840387312887778,4.7789452627870315,1.5491608259151568
108359.65476036072,1.171875e-06,8.821134031097776,19.879236046453848,4.634539868064161,1.5496889045436104
108463.66996002197,1.171875e-06,8.819535017066661,19.835248662365995,4.822554278355136,1.5471713322711151
108567.71827411652,1.171875e-06,8.803250218478734,19.936258034756435,4.635011814203656,1.551105721117976
108670.94388270378,1.171875e-06,8.811332106298156,19.86874924462314,4.8167087914696545,1.5479331694871412
108774.05112147331,1.171875e-06,8.794451538187062,19.93134872666558,5.011750085225629,1.5495141356422666
108877.25708508492,1.171875e-06,8.789640105203521,19.939236936472895,4.710166390018359,1.5488098867172857
108980.52879428864,1.171875e-06,8.802602427126331,19.960507956664625,5.072659172123517,1.5516574361130253
109083.65913200378,1.171875e-06,8.802308730012617,19.896087153013834,4.653031891059429,1.5492596865102775
109186.86789011955,1.171875e-06,8.801627549649242,19.922038281537567,4.728458499685453,1.55164113106209
109290.13272190094,1.171875e-06,8.80579971475786,19.902582155776926,5.035848054120249,1.5497988122596928
109393.3949341774,1.171875e-06,8.775907270890828,19.86686099332728,4.629012359833216,1.5502846786607376
109496.5779364109,1.171875e-06,8.781429697394929,19.90982611259551,5.024281835518864,1.54869842047248
109599.73952674866,1.171875e-06,8.835911308000922,19.948427762425926,4.671938392954326,1.5506232694935103
109703.1762406826,1.171875e-06,8.792742334035703,19.922711215579202,4.682408553589533,1.54984902405199
109806.30732107162,1.171875e-06,8.790449460914019,19.95457144009125,4.6397796208655935,1.5504274566411813
109909.56637239456,1.171875e-06,8.782389424962014,19.958659410834173,4.749082278387675,1.5512551210108296
110012.7952299118,1.171875e-06,8.794636838976274,19.869852590146763,4.653700809969348,1.5473042728573976
