 Time | Epoch | Learning rate | Train loss | Validation loss | MAE_energy | MAE_energy_grad | GPU Memory (MB)
52:46 |     1 |     3.000e-04 | 313050.5663 |       4443.6472 |   162.6402 |         32.1633 |            4761
54:32 |     2 |     3.000e-04 |  2906.5429 |       2493.9807 |   120.8182 |         24.2826 |            4761
56:19 |     3 |     3.000e-04 |  2078.0938 |       1842.2189 |   106.7497 |         20.4029 |            4761
58:07 |     4 |     3.000e-04 |  1529.2983 |       1265.4721 |    78.9837 |         17.8367 |            4908
59:53 |     5 |     3.000e-04 |  1227.8873 |       1104.0309 |    75.8035 |         16.6635 |            4908
01:39 |     6 |     3.000e-04 |  1108.1676 |       1681.5806 |   125.3615 |         15.7170 |            4908
03:26 |     7 |     3.000e-04 |  1049.0865 |        997.9870 |    78.0205 |         14.5324 |            4908
05:12 |     8 |     3.000e-04 |   961.6738 |       1043.9554 |    87.5933 |         14.5815 |            5090
06:59 |     9 |     3.000e-04 |   979.5012 |       1028.4213 |    72.0697 |         16.4833 |            5090
08:46 |    10 |     3.000e-04 |  1020.5515 |        836.5373 |    71.5820 |         14.5811 |            5090
10:32 |    11 |     3.000e-04 |   897.6979 |        708.1703 |    63.3197 |         13.7426 |            5090
12:19 |    12 |     3.000e-04 |  1032.6046 |       1502.4664 |   130.5942 |         13.0762 |            5267
14:06 |    13 |     3.000e-04 |   991.2433 |       1206.1882 |   116.6283 |         12.1628 |            5267
15:52 |    14 |     3.000e-04 |   702.2516 |        553.0414 |    49.7350 |         12.2244 |            5267
17:39 |    15 |     3.000e-04 |   979.2984 |        741.0106 |    71.8833 |         13.0302 |            5267
19:26 |    16 |     3.000e-04 |  2355.0710 |       6115.7591 |   283.5285 |         18.7376 |            5267
21:12 |    17 |     3.000e-04 |  1174.9446 |       1179.5022 |   109.9088 |         12.2022 |            5267
22:59 |    18 |     3.000e-04 |  1019.7700 |        504.7912 |    52.5502 |         11.4444 |            5267
24:45 |    19 |     3.000e-04 |  2093.2114 |        648.9657 |    62.0161 |         12.1266 |            5267
26:32 |    20 |     3.000e-04 |   704.6435 |        498.3960 |    51.4551 |         11.4951 |            5267
28:19 |    21 |     3.000e-04 |  1374.2996 |        755.5903 |    87.3940 |         10.5684 |            5267
30:05 |    22 |     3.000e-04 |   977.5083 |        732.9843 |    85.9732 |         10.0530 |            5267
31:52 |    23 |     3.000e-04 |   913.0029 |        431.7230 |    53.4820 |          9.6324 |            5267
33:38 |    24 |     3.000e-04 |  1150.6304 |        423.6945 |    50.7141 |          9.9788 |            5267
35:25 |    25 |     3.000e-04 |   598.2035 |        540.2872 |    65.5884 |          9.7372 |            5267
37:12 |    26 |     3.000e-04 |  1279.9478 |        592.6328 |    74.1232 |          9.4882 |            5267
38:59 |    27 |     3.000e-04 |   957.1266 |        403.6386 |    49.7840 |          9.4255 |            5267
40:46 |    28 |     3.000e-04 |  3145.0554 |       1446.6405 |   121.5545 |         11.0070 |            5267
42:32 |    29 |     3.000e-04 |   584.4821 |        448.9814 |    59.9929 |          8.4644 |            5267
44:19 |    30 |     3.000e-04 |   573.0998 |        456.6721 |    66.4816 |          8.0610 |            5267
46:05 |    31 |     3.000e-04 |   661.2979 |        454.9289 |    59.3814 |          8.6556 |            5267
47:52 |    32 |     3.000e-04 |  1393.1747 |       5419.0861 |   294.0283 |         13.8368 |            5267
49:39 |    33 |     3.000e-04 |  1281.7416 |        332.4336 |    49.2208 |          8.0885 |            5267
51:25 |    34 |     3.000e-04 |  1271.1401 |       1656.7241 |   159.1847 |          7.7422 |            5267
53:12 |    35 |     3.000e-04 |   497.1997 |        776.6142 |    92.9964 |          8.0212 |            5267
54:58 |    36 |     3.000e-04 |   471.5928 |       1004.6377 |   117.6403 |          8.3242 |            5267
56:45 |    37 |     3.000e-04 |  1353.6099 |        606.1640 |    79.0215 |          8.8275 |            5267
58:31 |    38 |     3.000e-04 |   563.7555 |        513.6216 |    74.2966 |          7.5022 |            5267
00:18 |    39 |     3.000e-04 |   792.3637 |        963.9254 |   106.9953 |          6.9875 |            5267
02:04 |    40 |     3.000e-04 |   404.5911 |        213.2846 |    32.9931 |          6.8488 |            5267
03:50 |    41 |     3.000e-04 |   432.4380 |        513.4355 |    67.2903 |          8.3237 |            5267
05:37 |    42 |     3.000e-04 |   876.6682 |        230.0795 |    34.2741 |          7.2627 |            5267
07:23 |    43 |     3.000e-04 |   362.4338 |        434.0911 |    68.1657 |          7.2591 |            5267
09:10 |    44 |     3.000e-04 |   323.3433 |        266.3800 |    37.4983 |          8.4111 |            5267
10:56 |    45 |     3.000e-04 |   611.0275 |        266.1077 |    39.5044 |          7.8750 |            5267
12:43 |    46 |     3.000e-04 |   289.3777 |        313.7490 |    52.6144 |          7.1718 |            5267
14:29 |    47 |     3.000e-04 |   280.8940 |        200.5737 |    31.9060 |          7.1129 |            5267
16:16 |    48 |     3.000e-04 |   356.8048 |        213.7887 |    37.3806 |          6.5549 |            5267
18:03 |    49 |     3.000e-04 |   241.1848 |        184.4354 |    32.1041 |          6.6293 |            5267
19:49 |    50 |     3.000e-04 |  1061.7851 |        311.0674 |    48.9609 |          6.8481 |            5267
21:36 |    51 |     3.000e-04 |   261.7835 |        415.8504 |    66.5654 |          6.4512 |            5267
23:23 |    52 |     3.000e-04 |   324.5280 |        173.0964 |    30.8943 |          6.1513 |            5267
25:09 |    53 |     3.000e-04 |   243.7169 |        148.9652 |    25.4467 |          6.1183 |            5267
26:56 |    54 |     3.000e-04 |   256.4812 |        152.3323 |    25.0965 |          6.3326 |            5267
28:42 |    55 |     3.000e-04 |   211.7842 |        181.1585 |    28.9733 |          7.0452 |            5267
30:29 |    56 |     3.000e-04 |   219.7031 |        179.2401 |    33.9898 |          6.1928 |            5267
32:16 |    57 |     3.000e-04 |   279.6797 |        347.6269 |    52.3653 |          6.6831 |            5267
34:02 |    58 |     3.000e-04 |   197.8286 |        121.7014 |    23.0047 |          5.5525 |            5267
35:48 |    59 |     3.000e-04 |   175.1979 |        118.9944 |    20.6989 |          5.7004 |            5267
37:35 |    60 |     3.000e-04 |   187.6245 |        155.0855 |    33.7884 |          5.4419 |            5267
39:21 |    61 |     3.000e-04 |   283.8914 |        142.5071 |    30.6651 |          5.3876 |            5267
41:08 |    62 |     3.000e-04 |   146.9344 |        216.1818 |    46.3545 |          5.1932 |            5267
42:55 |    63 |     3.000e-04 |   230.2417 |        122.1532 |    23.6956 |          5.4617 |            5267
44:41 |    64 |     3.000e-04 |   178.9773 |        106.0779 |    21.6101 |          5.1519 |            5267
46:28 |    65 |     3.000e-04 |   138.1532 |        100.2536 |    21.8933 |          4.9564 |            5267
48:15 |    66 |     3.000e-04 |   174.2799 |        193.2185 |    42.1172 |          5.5419 |            5267
50:01 |    67 |     3.000e-04 |   157.0272 |         97.8211 |    19.6357 |          5.0986 |            5267
51:48 |    68 |     3.000e-04 |   133.4709 |         93.8923 |    18.8380 |          5.0290 |            5267
53:35 |    69 |     3.000e-04 |   135.9088 |         97.1966 |    19.5218 |          5.0057 |            5267
55:21 |    70 |     3.000e-04 |   144.8280 |        329.8632 |    54.5166 |          5.3473 |            5267
57:08 |    71 |     3.000e-04 |   162.6795 |        124.6824 |    29.0459 |          4.6505 |            5267
58:54 |    72 |     3.000e-04 |   143.8910 |         86.8604 |    18.8550 |          4.7120 |            5267
00:40 |    73 |     3.000e-04 |   123.3639 |        138.4375 |    30.8791 |          4.7837 |            5267
02:27 |    74 |     3.000e-04 |   133.3620 |        138.3359 |    36.3744 |          4.5611 |            5267
04:13 |    75 |     3.000e-04 |   116.8224 |         92.0462 |    20.4104 |          4.5432 |            5267
06:00 |    76 |     3.000e-04 |   134.2311 |         82.4214 |    18.3402 |          4.3933 |            5267
07:46 |    77 |     3.000e-04 |    94.3082 |         98.0994 |    26.2760 |          4.3273 |            5267
09:32 |    78 |     3.000e-04 |   150.7412 |         73.5118 |    17.7239 |          4.2117 |            5267
11:19 |    79 |     3.000e-04 | 20709.3897 |       1490.1890 |   127.9135 |         10.1762 |            5267
13:05 |    80 |     3.000e-04 |   787.4744 |        751.7010 |    86.7260 |          8.2276 |            5267
14:52 |    81 |     3.000e-04 |   546.3690 |        450.0953 |    58.4784 |          7.6175 |            5267
16:38 |    82 |     3.000e-04 |   434.4881 |        446.3665 |    63.0323 |          7.2106 |            5267
18:25 |    83 |     3.000e-04 |   357.1849 |        372.5884 |    55.1248 |          7.0467 |            5267
20:11 |    84 |     3.000e-04 |   312.5283 |        245.4218 |    37.1706 |          6.9577 |            5267
21:58 |    85 |     3.000e-04 |   269.5201 |        219.8185 |    35.6072 |          6.8784 |            5267
23:44 |    86 |     3.000e-04 |   290.6815 |        271.9732 |    37.7976 |          7.9876 |            5267
25:30 |    87 |     3.000e-04 |   259.9150 |        486.9447 |    61.8778 |          8.8752 |            5267
27:17 |    88 |     3.000e-04 |   287.0886 |        234.4142 |    40.3208 |          6.7120 |            5267
29:03 |    89 |     3.000e-04 |   215.8598 |        161.0093 |    25.6818 |          6.6294 |            5267
30:50 |    90 |     3.000e-04 |   197.4868 |        189.0183 |    35.0182 |          6.4162 |            5267
32:36 |    91 |     3.000e-04 |   167.3377 |        137.7013 |    24.6557 |          6.1244 |            5267
34:23 |    92 |     3.000e-04 |   182.8337 |        143.1620 |    25.6032 |          6.1818 |            5267
36:09 |    93 |     3.000e-04 |   172.2383 |        129.8588 |    22.6557 |          5.8459 |            5267
37:56 |    94 |     3.000e-04 |   145.7720 |        122.3013 |    22.6832 |          5.5126 |            5267
39:42 |    95 |     3.000e-04 |   144.7476 |        117.6923 |    22.7373 |          5.3446 |            5267
41:29 |    96 |     3.000e-04 |   144.2925 |        101.4567 |    20.3928 |          5.1734 |            5267
43:15 |    97 |     3.000e-04 |   129.8406 |         97.2392 |    17.7759 |          5.2563 |            5267
45:01 |    98 |     3.000e-04 |   136.3090 |        132.4350 |    29.1954 |          5.1387 |            5267
46:47 |    99 |     3.000e-04 |   134.8786 |         94.1181 |    20.3667 |          4.9541 |            5267
48:34 |   100 |     3.000e-04 |   129.1590 |        498.8236 |    85.4229 |          5.2402 |            5267
50:20 |   101 |     3.000e-04 |   129.5212 |         87.0425 |    19.0873 |          4.7282 |            5267
52:07 |   102 |     3.000e-04 |   143.9410 |         99.1725 |    21.6863 |          4.9443 |            5267
53:53 |   103 |     3.000e-04 |   276.4668 |        550.8856 |    85.7433 |          4.8603 |            5267
55:40 |   104 |     3.000e-04 |   130.9556 |         81.4104 |    16.4885 |          4.7094 |            5267
57:27 |   105 |     3.000e-04 |   130.5324 |        121.4219 |    28.4777 |          4.8811 |            5267
59:13 |   106 |     3.000e-04 |   124.4675 |         78.2150 |    16.6443 |          4.6333 |            5267
00:59 |   107 |     3.000e-04 |   106.4030 |         90.1113 |    21.9620 |          4.5376 |            5267
02:46 |   108 |     3.000e-04 |   121.9441 |         71.4409 |    15.0095 |          4.4249 |            5267
04:32 |   109 |     3.000e-04 |   135.0328 |        139.8717 |    32.2324 |          4.5405 |            5267
06:19 |   110 |     3.000e-04 |    95.7888 |         81.6154 |    22.2500 |          4.1226 |            5267
08:05 |   111 |     3.000e-04 |   116.6837 |         71.8275 |    18.6655 |          4.0358 |            5267
09:51 |   112 |     3.000e-04 |    95.7270 |         70.4439 |    18.2163 |          4.0864 |            5267
11:38 |   113 |     3.000e-04 |   151.8627 |        118.0676 |    32.6282 |          4.0797 |            5267
13:25 |   114 |     3.000e-04 |   121.7541 |        649.9428 |    99.3849 |          4.3583 |            5267
15:11 |   115 |     3.000e-04 |   137.9427 |         77.5912 |    21.5655 |          4.0143 |            5267
16:58 |   116 |     3.000e-04 |    82.4524 |         72.9019 |    21.2965 |          3.8655 |            5267
18:44 |   117 |     3.000e-04 |   102.3539 |         76.8317 |    16.2547 |          4.5421 |            5267
20:31 |   118 |     3.000e-04 |   122.7124 |        183.2177 |    28.2829 |          6.2862 |            5267
22:18 |   119 |     3.000e-04 | 14303.5044 |       1041.7567 |    92.7884 |          8.7310 |            5267
24:04 |   120 |     3.000e-04 |   956.8705 |        728.9469 |    81.8255 |          7.8522 |            5267
25:50 |   121 |     3.000e-04 |   713.0838 |        605.7660 |    68.4753 |          7.8200 |            5267
27:37 |   122 |     3.000e-04 |   537.8820 |        483.7410 |    58.4284 |          7.9634 |            5267
29:24 |   123 |     3.000e-04 |   482.5613 |        394.6819 |    51.5375 |          7.7957 |            5267
31:10 |   124 |     3.000e-04 |   416.8310 |        329.5842 |    43.3834 |          7.7631 |            5267
32:57 |   125 |     3.000e-04 |   338.4042 |        284.6322 |    40.3327 |          7.4061 |            5267
34:44 |   126 |     3.000e-04 |   303.1763 |        302.0288 |    42.4750 |          7.2036 |            5267
36:30 |   127 |     3.000e-04 |   271.0469 |        392.8810 |    59.5895 |          6.9778 |            5267
38:17 |   128 |     3.000e-04 |   255.5117 |        220.2703 |    33.3211 |          6.9538 |            5267
40:03 |   129 |     3.000e-04 |   223.3598 |        186.0624 |    30.0396 |          6.5948 |            5267
41:50 |   130 |     3.000e-04 |   208.3075 |        256.6839 |    43.3852 |          6.5640 |            5267
43:36 |   131 |     3.000e-04 |   221.9858 |        193.9885 |    30.3447 |          6.6654 |            5267
45:23 |   132 |     3.000e-04 |   213.0791 |        159.6143 |    25.9028 |          6.2866 |            5267
47:09 |   133 |     3.000e-04 |   185.3553 |        227.1012 |    43.6356 |          5.9582 |            5267
48:55 |   134 |     3.000e-04 |   179.0152 |        187.4455 |    38.9012 |          5.6553 |            5267
50:42 |   135 |     3.000e-04 |   160.8609 |        127.2090 |    24.8728 |          5.5754 |            5267
52:29 |   136 |     3.000e-04 |   153.6090 |        117.0600 |    21.4172 |          5.3913 |            5267
54:15 |   137 |     3.000e-04 |   143.8909 |        114.9843 |    22.9792 |          5.2779 |            5267
56:02 |   138 |     3.000e-04 |   154.1176 |        112.4393 |    22.9553 |          5.4091 |            5267
57:49 |   139 |     3.000e-04 |   137.1014 |        130.2847 |    25.9756 |          5.3244 |            5267
59:36 |   140 |     3.000e-04 |   133.1951 |        108.5837 |    21.0314 |          5.1972 |            5267
01:22 |   141 |     3.000e-04 |   155.8272 |        171.0700 |    37.8746 |          4.9351 |            5267
03:09 |   142 |     3.000e-04 |   130.2694 |        129.6597 |    28.8400 |          5.0621 |            5267
04:55 |   143 |     3.000e-04 |   147.9443 |         94.7143 |    19.9788 |          5.0167 |            5267
06:42 |   144 |     3.000e-04 |   141.6651 |         90.6583 |    20.4142 |          4.6820 |            5267
08:29 |   145 |     3.000e-04 |  4938.8232 |       1143.1967 |    93.9656 |          8.0558 |            5267
10:15 |   146 |     3.000e-04 |  1128.8540 |        884.1604 |    93.6538 |          6.0897 |            5267
12:01 |   147 |     3.000e-04 |   786.3375 |        709.4547 |    80.3443 |          6.2713 |            5267
13:48 |   148 |     3.000e-04 |   588.1713 |        459.9871 |    61.3973 |          6.4436 |            5267
15:35 |   149 |     3.000e-04 |   433.2976 |        361.8383 |    50.0317 |          6.6144 |            5267
17:21 |   150 |     3.000e-04 |   370.5115 |        299.1817 |    44.1751 |          6.3217 |            5267
19:08 |   151 |     3.000e-04 |   325.6122 |        355.4989 |    57.5572 |          6.1272 |            5267
20:54 |   152 |     3.000e-04 |   277.6485 |        235.2925 |    39.2548 |          6.0452 |            5267
22:40 |   153 |     3.000e-04 |   245.0976 |        197.2988 |    34.6681 |          5.8228 |            5267
24:27 |   154 |     3.000e-04 |   240.4453 |        247.4870 |    46.2185 |          5.6407 |            5267
26:13 |   155 |     3.000e-04 |   231.1037 |        161.7637 |    30.1413 |          5.4860 |            5267
28:00 |   156 |     3.000e-04 |   200.7452 |        186.7153 |    38.1560 |          5.3211 |            5267
29:47 |   157 |     3.000e-04 |   240.3500 |        155.5070 |    31.2126 |          5.2555 |            5267
31:33 |   158 |     3.000e-04 |   186.2228 |        313.7471 |    58.2781 |          5.2203 |            5267
33:19 |   159 |     3.000e-04 |   180.4708 |        154.4202 |    33.9370 |          5.0162 |            5267
35:06 |   160 |     3.000e-04 |   157.1318 |        147.4504 |    33.7069 |          4.8846 |            5267
36:52 |   161 |     3.000e-04 |   155.0490 |        108.8800 |    25.1417 |          4.6951 |            5267
38:39 |   162 |     3.000e-04 |   161.5967 |        122.4857 |    27.9246 |          4.7813 |            5267
40:25 |   163 |     3.000e-04 |   131.8520 |        217.8106 |    45.7073 |          4.8883 |            5267
42:12 |   164 |     1.500e-04 |   118.9331 |        105.8285 |    24.6676 |          4.5328 |            5267
43:59 |   165 |     1.500e-04 |   112.2316 |         89.3470 |    20.4132 |          4.4898 |            5267
45:46 |   166 |     1.500e-04 |   111.3515 |        100.6701 |    24.2182 |          4.4707 |            5267
47:32 |   167 |     1.500e-04 |   109.4265 |        115.2067 |    28.8722 |          4.4328 |            5267
49:19 |   168 |     1.500e-04 |   112.2096 |         93.1169 |    22.4824 |          4.3634 |            5267
51:05 |   169 |     1.500e-04 |   100.3808 |         91.8996 |    22.1006 |          4.3555 |            5267
52:52 |   170 |     1.500e-04 |   103.4878 |         81.0319 |    19.3451 |          4.2913 |            5267
54:38 |   171 |     1.500e-04 |   114.3780 |         88.0723 |    21.8006 |          4.3250 |            5267
56:25 |   172 |     1.500e-04 |    98.8886 |         77.2659 |    18.8971 |          4.2704 |            5267
58:11 |   173 |     1.500e-04 |   101.3926 |         74.9772 |    18.0536 |          4.1514 |            5267
59:57 |   174 |     1.500e-04 |    90.4878 |        195.9214 |    46.3818 |          4.3922 |            5267
01:44 |   175 |     1.500e-04 |    99.1329 |         80.4953 |    20.4200 |          4.1802 |            5267
03:30 |   176 |     1.500e-04 |   103.1057 |         77.2660 |    19.9934 |          4.0523 |            5267
05:17 |   177 |     1.500e-04 |    96.6631 |         78.0398 |    21.1967 |          4.0148 |            5267
07:03 |   178 |     1.500e-04 |    99.3441 |         92.6656 |    25.4480 |          4.0077 |            5267
08:49 |   179 |     1.500e-04 |    91.2081 |        228.1244 |    52.0330 |          4.2568 |            5267
10:36 |   180 |     1.500e-04 |   147.7943 |         99.9849 |    23.2973 |          4.6021 |            5267
12:24 |   181 |     1.500e-04 |   130.3487 |         93.3187 |    23.0715 |          4.3118 |            5267
14:10 |   182 |     1.500e-04 |   136.8238 |         88.9720 |    22.3319 |          4.2682 |            5267
15:57 |   183 |     1.500e-04 |   105.4867 |         89.1532 |    22.0497 |          4.0902 |            5267
17:44 |   184 |     1.500e-04 |    98.6541 |         85.6181 |    23.2291 |          3.9851 |            5267
19:30 |   185 |     1.500e-04 |    87.1304 |         71.1527 |    18.1820 |          3.8950 |            5267
21:16 |   186 |     1.500e-04 |    88.8776 |        101.3036 |    23.8981 |          4.5824 |            5267
23:03 |   187 |     1.500e-04 |    94.1984 |         69.2029 |    16.2317 |          4.0941 |            5267
24:49 |   188 |     1.500e-04 |    81.4219 |         69.0847 |    18.2508 |          3.8799 |            5267
26:36 |   189 |     1.500e-04 |    82.1705 |         68.0371 |    16.0897 |          4.0808 |            5267
28:22 |   190 |     1.500e-04 |    93.4649 |         78.7900 |    19.2569 |          3.8980 |            5267
30:09 |   191 |     1.500e-04 |    86.0086 |         73.4217 |    18.9908 |          3.9853 |            5267
31:55 |   192 |     1.500e-04 |    79.2328 |         60.8473 |    16.9711 |          3.6815 |            5267
33:42 |   193 |     1.500e-04 |   107.3777 |        240.1904 |    55.5062 |          3.9995 |            5267
35:28 |   194 |     1.500e-04 |    94.5171 |         95.2467 |    28.8828 |          3.6869 |            5267
37:15 |   195 |     1.500e-04 |    76.3981 |         73.8124 |    22.0843 |          3.7461 |            5267
39:01 |   196 |     1.500e-04 |    78.9084 |         60.3583 |    16.4615 |          3.5270 |            5267
40:47 |   197 |     1.500e-04 |    90.7062 |         63.0274 |    16.9820 |          3.6542 |            5267
42:33 |   198 |     1.500e-04 |    82.8638 |         53.5112 |    15.2346 |          3.5254 |            5267
44:20 |   199 |     1.500e-04 |    75.9040 |         53.2768 |    14.4007 |          3.5906 |            5267
46:06 |   200 |     1.500e-04 |    95.5560 |        133.7307 |    35.0489 |          3.8997 |            5267
47:53 |   201 |     1.500e-04 |    98.3329 |         72.3524 |    18.6689 |          3.8856 |            5267
49:39 |   202 |     1.500e-04 |    90.5747 |         57.8282 |    14.1876 |          3.6881 |            5267
51:25 |   203 |     1.500e-04 |    84.8660 |         64.5908 |    18.4221 |          3.6853 |            5267
53:12 |   204 |     1.500e-04 |    65.3418 |         51.4563 |    13.6705 |          3.5246 |            5267
54:58 |   205 |     1.500e-04 |    69.5281 |         59.4270 |    15.6346 |          3.7638 |            5267
56:44 |   206 |     1.500e-04 |    73.4333 |         91.6242 |    27.4467 |          3.6242 |            5267
58:31 |   207 |     1.500e-04 |    90.3939 |         75.2477 |    23.5581 |          3.3759 |            5267
00:17 |   208 |     1.500e-04 |    75.7214 |         79.3165 |    24.6867 |          3.4449 |            5267
02:04 |   209 |     1.500e-04 |   213.4106 |        121.0132 |    33.8465 |          3.7898 |            5267
03:51 |   210 |     1.500e-04 |    69.6093 |         51.2933 |    13.2078 |          3.5048 |            5267
05:37 |   211 |     1.500e-04 |    65.3479 |         48.9734 |    12.8015 |          3.3387 |            5267
07:23 |   212 |     1.500e-04 |    64.0087 |         63.3295 |    19.4054 |          3.3821 |            5267
09:09 |   213 |     1.500e-04 |    59.6070 |         48.4635 |    13.3877 |          3.3257 |            5267
10:56 |   214 |     1.500e-04 |    65.7703 |        102.8899 |    30.8303 |          3.5235 |            5267
12:42 |   215 |     1.500e-04 |    61.0861 |         49.0906 |    14.0053 |          3.2799 |            5267
14:28 |   216 |     1.500e-04 |    64.7394 |         49.5273 |    15.3259 |          3.2746 |            5267
16:15 |   217 |     1.500e-04 |    60.1257 |         51.6336 |    16.4286 |          3.2488 |            5267
18:01 |   218 |     1.500e-04 |    79.4091 |         95.1941 |    28.5062 |          3.4782 |            5267
19:47 |   219 |     1.500e-04 |    76.5487 |         43.4248 |    11.5888 |          3.2534 |            5267
21:34 |   220 |     1.500e-04 |    59.9123 |        140.7906 |    40.6179 |          3.4956 |            5267
23:20 |   221 |     1.500e-04 |    69.3567 |         49.9682 |    13.1880 |          3.3332 |            5267
25:07 |   222 |     1.500e-04 |    59.9296 |         56.3129 |    17.5994 |          3.3973 |            5267
26:53 |   223 |     1.500e-04 |    64.0663 |         69.3897 |    20.6042 |          3.4305 |            5267
28:40 |   224 |     1.500e-04 |    71.8875 |         44.4474 |    12.3679 |          3.1637 |            5267
30:26 |   225 |     1.500e-04 |    60.6802 |         48.2800 |    12.7036 |          3.3845 |            5267
32:13 |   226 |     1.500e-04 |    57.3270 |        290.7271 |    55.9505 |          3.9081 |            5267
33:59 |   227 |     1.500e-04 |    59.5578 |         69.8304 |    21.9277 |          3.2097 |            5267
35:45 |   228 |     1.500e-04 |    59.0686 |         49.4128 |    16.6429 |          3.1260 |            5267
37:32 |   229 |     1.500e-04 |    60.3423 |         56.4576 |    16.8986 |          3.1382 |            5267
39:19 |   230 |     1.500e-04 |    65.3449 |         51.9271 |    15.7004 |          3.1649 |            5267
41:05 |   231 |     1.500e-04 |    93.9485 |         54.3454 |    15.2667 |          3.3755 |            5267
42:51 |   232 |     1.500e-04 |    70.4788 |        103.0970 |    32.4634 |          3.3495 |            5267
44:38 |   233 |     1.500e-04 |    70.5442 |         55.8186 |    17.5168 |          3.1814 |            5267
46:24 |   234 |     1.500e-04 |    57.2581 |         73.6982 |    24.9911 |          3.0862 |            5267
48:10 |   235 |     1.500e-04 |    51.4420 |         44.7602 |    13.6725 |          2.9144 |            5267
49:57 |   236 |     1.500e-04 |    50.4126 |         49.7849 |    15.3901 |          3.0827 |            5267
51:43 |   237 |     1.500e-04 |    60.4900 |         58.2890 |    14.9723 |          3.7186 |            5267
53:29 |   238 |     1.500e-04 |    63.0021 |        107.8227 |    33.2946 |          3.0982 |            5267
55:16 |   239 |     1.500e-04 |    80.1767 |         47.3965 |    16.9061 |          2.9412 |            5267
57:02 |   240 |     1.500e-04 |    62.7194 |         57.5907 |    20.8250 |          3.0063 |            5267
58:49 |   241 |     1.500e-04 |    59.6773 |         39.6625 |    10.6094 |          3.0697 |            5267
00:35 |   242 |     1.500e-04 |    52.7685 |         39.2889 |    11.9829 |          2.8681 |            5267
02:21 |   243 |     1.500e-04 |    57.3988 |         93.8595 |    29.0299 |          3.1605 |            5267
04:08 |   244 |     1.500e-04 |    58.1723 |         41.4981 |    15.0227 |          2.7404 |            5267
05:54 |   245 |     1.500e-04 |    70.8754 |         54.7627 |    17.9094 |          2.9755 |            5267
07:41 |   246 |     1.500e-04 |    50.9634 |         65.7825 |    22.0112 |          3.0442 |            5267
09:27 |   247 |     1.500e-04 |    45.7190 |         83.2398 |    28.4444 |          3.0151 |            5267
11:14 |   248 |     1.500e-04 |    58.5588 |         41.1581 |    12.7048 |          2.8736 |            5267
13:00 |   249 |     1.500e-04 |    65.1920 |        100.1792 |    31.7609 |          3.3289 |            5267
14:46 |   250 |     1.500e-04 |    56.9882 |         49.0404 |    14.2158 |          3.0662 |            5267
16:32 |   251 |     1.500e-04 |    62.5690 |         42.4525 |    13.0359 |          3.0605 |            5267
18:19 |   252 |     1.500e-04 |    52.2483 |         40.4008 |    12.4648 |          2.8372 |            5267
20:05 |   253 |     1.500e-04 |    58.1252 |         71.6628 |    24.0032 |          2.8908 |            5267
21:52 |   254 |     1.500e-04 |    52.1774 |         35.1816 |    10.1532 |          2.8048 |            5267
23:38 |   255 |     1.500e-04 |    46.1778 |         51.0620 |    15.9274 |          3.2377 |            5267
25:24 |   256 |     1.500e-04 |    55.2261 |         43.5788 |    14.3750 |          3.0002 |            5267
27:11 |   257 |     1.500e-04 |    56.9157 |         35.7376 |    10.1708 |          2.8467 |            5267
28:57 |   258 |     1.500e-04 |    49.4841 |         39.0134 |    13.9321 |          2.7375 |            5267
30:44 |   259 |     1.500e-04 |    46.4413 |         35.0926 |    10.1060 |          2.7944 |            5267
32:30 |   260 |     1.500e-04 |    68.8772 |         44.5184 |    12.8864 |          3.1314 |            5267
34:17 |   261 |     1.500e-04 |    55.4832 |         42.1608 |    14.7060 |          2.7110 |            5267
36:03 |   262 |     1.500e-04 |    43.2157 |         35.5192 |    12.0291 |          2.6805 |            5267
37:49 |   263 |     1.500e-04 |    41.3634 |         37.4256 |    11.6678 |          2.7600 |            5267
39:36 |   264 |     1.500e-04 |    50.6742 |         45.3028 |    12.7065 |          3.2276 |            5267
41:22 |   265 |     1.500e-04 |    60.1337 |         48.4384 |    16.0554 |          2.8462 |            5267
43:09 |   266 |     1.500e-04 |    55.9450 |         41.3457 |    13.1173 |          2.8491 |            5267
44:55 |   267 |     1.500e-04 |    45.2755 |         81.7172 |    29.1391 |          2.8256 |            5267
46:42 |   268 |     1.500e-04 |    45.9713 |         41.5574 |    11.9340 |          2.9853 |            5267
48:28 |   269 |     1.500e-04 |    60.5108 |         48.0422 |    16.2578 |          3.1281 |            5267
50:15 |   270 |     1.500e-04 |    71.9913 |         44.1576 |    14.3969 |          2.9878 |            5267
52:01 |   271 |     1.500e-04 |    50.1834 |         35.4229 |    10.0267 |          2.7934 |            5267
53:48 |   272 |     1.500e-04 |    55.0105 |         35.7743 |    10.6256 |          2.8143 |            5267
55:35 |   273 |     1.500e-04 |    45.3735 |         42.2647 |    16.4797 |          2.7264 |            5267
57:21 |   274 |     1.500e-04 |    44.6972 |         32.8817 |    10.2723 |          2.5754 |            5267
59:08 |   275 |     1.500e-04 |    45.7230 |         44.6352 |    17.2140 |          2.7184 |            5267
00:54 |   276 |     1.500e-04 |    50.0965 |         37.7140 |    11.2182 |          2.8631 |            5267
02:40 |   277 |     1.500e-04 |    45.0363 |         43.4057 |    16.2263 |          2.7014 |            5267
04:27 |   278 |     1.500e-04 |    42.1624 |         41.5292 |    13.7219 |          2.8656 |            5267
06:13 |   279 |     1.500e-04 |    41.8307 |         38.4226 |    12.3938 |          2.6655 |            5267
08:00 |   280 |     1.500e-04 |    71.7591 |         38.8045 |    12.3498 |          2.8645 |            5267
09:47 |   281 |     1.500e-04 |    41.5234 |         32.1959 |    10.0067 |          2.5429 |            5267
11:33 |   282 |     1.500e-04 |    56.2716 |         43.1297 |    14.3540 |          2.8487 |            5267
13:20 |   283 |     1.500e-04 |    42.0843 |         45.3207 |    17.8708 |          2.6747 |            5267
15:07 |   284 |     1.500e-04 |    40.0997 |         81.8001 |    28.3894 |          2.7130 |            5267
16:53 |   285 |     1.500e-04 |    43.6013 |         51.3000 |    18.6673 |          2.5350 |            5267
18:40 |   286 |     1.500e-04 |    50.4893 |         51.4628 |    17.4322 |          2.9016 |            5267
20:27 |   287 |     1.500e-04 |    46.5881 |         33.8100 |    11.2194 |          2.5196 |            5267
22:13 |   288 |     1.500e-04 |    48.1193 |         44.4040 |    18.0642 |          2.5857 |            5267
23:59 |   289 |     1.500e-04 |    47.1212 |         34.0805 |    11.6482 |          2.4826 |            5267
25:46 |   290 |     1.500e-04 |    40.3868 |         36.4921 |    11.3786 |          2.7606 |            5267
27:32 |   291 |     1.500e-04 |    45.5174 |         33.9532 |    12.1048 |          2.4450 |            5267
29:19 |   292 |     1.500e-04 |    39.9766 |         35.7458 |    12.6668 |          2.5210 |            5267
31:05 |   293 |     1.500e-04 |    43.1459 |         35.7044 |    12.5847 |          2.4822 |            5267
32:52 |   294 |     1.500e-04 |    47.4918 |         47.7969 |    15.6059 |          3.0007 |            5267
34:39 |   295 |     1.500e-04 |    47.4166 |         36.4328 |    10.9068 |          2.8709 |            5267
36:25 |   296 |     1.500e-04 |    51.9842 |         41.4174 |    14.9628 |          2.8177 |            5267
38:12 |   297 |     1.500e-04 |    44.6282 |         55.2615 |    20.3082 |          2.7366 |            5267
39:58 |   298 |     1.500e-04 |    43.9212 |         53.0838 |    21.1707 |          2.6368 |            5267
41:44 |   299 |     1.500e-04 |    40.9358 |         31.1245 |    10.4178 |          2.5810 |            5267
43:31 |   300 |     1.500e-04 |    39.1299 |        115.4149 |    35.3029 |          2.7536 |            5267
45:18 |   301 |     1.500e-04 |    53.5013 |         29.2371 |     9.5490 |          2.4475 |            5267
47:05 |   302 |     1.500e-04 |    38.2154 |         32.4130 |    10.5998 |          2.5959 |            5267
48:52 |   303 |     1.500e-04 |    36.1020 |         32.2399 |    11.5359 |          2.4212 |            5267
50:38 |   304 |     1.500e-04 |    41.0592 |         32.1897 |    10.1156 |          2.5518 |            5267
52:24 |   305 |     1.500e-04 |    40.0136 |         30.9217 |    10.7465 |          2.4045 |            5267
54:10 |   306 |     1.500e-04 |    40.3839 |         38.7091 |    14.4070 |          2.4134 |            5267
55:57 |   307 |     1.500e-04 |    39.0135 |         41.5464 |    14.1526 |          2.6811 |            5267
57:44 |   308 |     1.500e-04 |    49.4046 |         37.6389 |    13.3179 |          2.4845 |            5267
59:30 |   309 |     1.500e-04 |    40.8778 |         42.8812 |    18.5174 |          2.3623 |            5267
01:17 |   310 |     1.500e-04 |    46.8013 |         53.9315 |    17.8443 |          3.1208 |            5267
03:03 |   311 |     1.500e-04 |    52.3846 |         35.7506 |    11.9583 |          2.7189 |            5267
04:50 |   312 |     1.500e-04 |    69.7970 |         68.1518 |    19.2915 |          3.5040 |            5267
06:36 |   313 |     1.500e-04 |    47.5479 |         35.3215 |    11.2429 |          2.7127 |            5267
08:23 |   314 |     1.500e-04 |    41.3871 |         43.7330 |    15.4595 |          2.7499 |            5267
10:09 |   315 |     1.500e-04 |    37.2955 |         30.9787 |     9.3243 |          2.6094 |            5267
11:55 |   316 |     1.500e-04 |    39.5561 |         30.6042 |     9.1909 |          2.4692 |            5267
13:41 |   317 |     1.500e-04 |    35.2979 |         31.2077 |    11.3781 |          2.4484 |            5267
15:28 |   318 |     1.500e-04 |    48.8404 |         42.7310 |    16.3413 |          2.6279 |            5267
17:15 |   319 |     1.500e-04 |    43.2090 |         37.0705 |    14.7102 |          2.5391 |            5267
19:01 |   320 |     1.500e-04 |    37.4334 |         30.4023 |    10.4804 |          2.4751 |            5267
20:47 |   321 |     1.500e-04 |    35.2574 |         36.7770 |    13.3618 |          2.7087 |            5267
22:33 |   322 |     1.500e-04 |    39.2650 |         58.6788 |    23.4773 |          2.5444 |            5267
24:20 |   323 |     1.500e-04 |    40.1518 |         30.6355 |     9.4219 |          2.5216 |            5267
26:06 |   324 |     1.500e-04 |    42.8916 |         35.9989 |    12.6912 |          2.7287 |            5267
27:52 |   325 |     1.500e-04 |    36.9294 |         33.0719 |    12.2918 |          2.4050 |            5267
29:39 |   326 |     1.500e-04 |    47.9980 |        174.4305 |    39.8524 |          4.4858 |            5267
31:25 |   327 |     1.500e-04 |    57.3870 |         37.9826 |    10.1598 |          3.0824 |            5267
33:12 |   328 |     1.500e-04 |    46.2527 |         34.6993 |     9.5289 |          2.8622 |            5267
34:58 |   329 |     1.500e-04 |    43.5087 |         50.1606 |    19.2728 |          2.7500 |            5267
36:45 |   330 |     1.500e-04 |    39.8105 |         33.9625 |    12.0101 |          2.6073 |            5267
38:31 |   331 |     1.500e-04 |    37.6629 |         32.5031 |    10.7339 |          2.5643 |            5267
40:17 |   332 |     1.500e-04 |    40.2256 |         67.6461 |    25.3192 |          2.6106 |            5267
42:04 |   333 |     1.500e-04 |    55.5165 |         35.7536 |    12.2495 |          2.6313 |            5267
43:50 |   334 |     1.500e-04 |    40.1483 |         40.3185 |    16.5823 |          2.4705 |            5267
45:37 |   335 |     1.500e-04 |    35.4497 |         60.9383 |    21.0503 |          2.8615 |            5267
47:23 |   336 |     1.500e-04 |    36.6755 |         48.0715 |    18.8624 |          2.5446 |            5267
49:10 |   337 |     1.500e-04 |    41.9263 |         32.4371 |    11.6372 |          2.4337 |            5267
50:56 |   338 |     1.500e-04 |    34.6105 |         43.5739 |    18.2773 |          2.4590 |            5267
52:43 |   339 |     1.500e-04 |    33.8560 |         28.7704 |     8.4153 |          2.4784 |            5267
54:29 |   340 |     1.500e-04 |    36.2929 |         33.1259 |    11.3087 |          2.5568 |            5267
56:16 |   341 |     1.500e-04 |    32.3412 |         45.3894 |    14.7243 |          2.6555 |            5267
58:02 |   342 |     1.500e-04 |    37.4771 |         26.7312 |     8.2359 |          2.2772 |            5267
59:49 |   343 |     1.500e-04 |    35.5101 |         47.0668 |    20.0452 |          2.4391 |            5267
01:35 |   344 |     1.500e-04 |    40.1538 |         58.8618 |    23.4336 |          2.4018 |            5267
03:22 |   345 |     1.500e-04 |   213.7319 |         58.0032 |    16.4207 |          3.6508 |            5267
05:08 |   346 |     1.500e-04 |    46.6143 |         48.0600 |    17.5906 |          2.9318 |            5267
06:54 |   347 |     1.500e-04 |    36.8786 |         34.0706 |    11.8097 |          2.7174 |            5267
08:41 |   348 |     1.500e-04 |    47.4721 |         53.7998 |    20.0530 |          2.7046 |            5267
10:27 |   349 |     1.500e-04 |    36.7293 |         30.9633 |     9.6701 |          2.5916 |            5267
12:13 |   350 |     1.500e-04 |    33.2868 |         30.0201 |     9.0353 |          2.5316 |            5267
14:00 |   351 |     1.500e-04 |    35.3168 |         31.6857 |    11.9359 |          2.4519 |            5267
15:46 |   352 |     1.500e-04 |    35.3472 |         55.8324 |    21.3943 |          2.6381 |            5267
17:32 |   353 |     1.500e-04 |    34.3465 |         31.4100 |     9.2374 |          2.5079 |            5267
19:19 |   354 |     1.500e-04 |    33.4242 |         32.2366 |    12.0760 |          2.3398 |            5267
21:05 |   355 |     1.500e-04 |    36.2685 |         43.2137 |    17.7787 |          2.5101 |            5267
22:52 |   356 |     1.500e-04 |    38.1240 |         34.4066 |    10.9151 |          2.7844 |            5267
24:39 |   357 |     1.500e-04 |    36.0417 |         49.3470 |    19.8783 |          2.6153 |            5267
26:25 |   358 |     1.500e-04 |    42.1740 |         55.9143 |    23.0775 |          2.4729 |            5267
28:11 |   359 |     1.500e-04 |    40.1601 |         50.0807 |    20.6497 |          2.5167 |            5267
29:58 |   360 |     1.500e-04 |    32.5934 |         42.2150 |    17.5440 |          2.3161 |            5267
31:45 |   361 |     1.500e-04 |    37.8317 |         36.2239 |    13.3766 |          2.4721 |            5267
33:31 |   362 |     1.500e-04 |    36.2738 |         31.3669 |    11.8999 |          2.3728 |            5267
35:18 |   363 |     1.500e-04 |    36.4910 |         53.8544 |    20.0097 |          2.8155 |            5267
37:04 |   364 |     1.500e-04 |    45.2635 |         32.6371 |     9.6781 |          2.6844 |            5267
38:51 |   365 |     1.500e-04 |    36.0149 |         34.9923 |    12.4225 |          2.5869 |            5267
40:37 |   366 |     1.500e-04 |    39.6181 |         28.2797 |     9.0618 |          2.4215 |            5267
42:24 |   367 |     1.500e-04 |    36.1999 |         27.7290 |     9.3161 |          2.3220 |            5267
44:10 |   368 |     1.500e-04 |    36.8120 |         35.0084 |    14.3440 |          2.3473 |            5267
45:57 |   369 |     1.500e-04 |    45.3832 |        121.3350 |    39.7159 |          2.4766 |            5267
47:43 |   370 |     1.500e-04 |    42.1127 |         32.0172 |     9.3923 |          2.5408 |            5267
49:29 |   371 |     1.500e-04 |    38.2292 |         28.1432 |    10.6231 |          2.2936 |            5267
51:16 |   372 |     1.500e-04 |    34.9451 |         31.8978 |    12.3084 |          2.2565 |            5267
53:02 |   373 |     1.500e-04 |    29.5167 |         37.9805 |    15.2131 |          2.3441 |            5267
54:49 |   374 |     1.500e-04 |    39.3286 |         48.7853 |    18.9757 |          2.6180 |            5267
56:35 |   375 |     1.500e-04 |    30.7100 |         42.4540 |    17.6340 |          2.2720 |            5267
58:22 |   376 |     1.500e-04 |    39.2563 |         32.8968 |    12.1336 |          2.3666 |            5267
00:08 |   377 |     1.500e-04 |    36.4945 |         28.8472 |     8.7900 |          2.3559 |            5267
01:55 |   378 |     1.500e-04 |    38.0881 |         39.6584 |    16.2079 |          2.3610 |            5267
03:41 |   379 |     1.500e-04 |    41.1424 |         53.5682 |    19.5885 |          2.8149 |            5267
05:28 |   380 |     1.500e-04 |    43.3209 |         30.7845 |    10.0268 |          2.6024 |            5267
07:14 |   381 |     1.500e-04 |    41.7040 |         40.9896 |    16.3764 |          2.5123 |            5267
09:01 |   382 |     1.500e-04 |    36.0923 |         39.2292 |    14.5604 |          2.5725 |            5267
10:48 |   383 |     1.500e-04 |    35.4033 |         27.1704 |     8.5988 |          2.3021 |            5267
12:35 |   384 |     1.500e-04 |    32.9849 |         27.6968 |     8.9465 |          2.3981 |            5267
14:22 |   385 |     1.500e-04 |    44.0982 |         31.0774 |     8.8227 |          2.6416 |            5267
16:08 |   386 |     1.500e-04 |    39.4477 |         28.8581 |     8.6268 |          2.4508 |            5267
17:55 |   387 |     1.500e-04 |    69.5654 |         71.1378 |    16.2608 |          3.9002 |            5267
19:42 |   388 |     1.500e-04 |    61.6774 |         40.9883 |    13.9217 |          2.9757 |            5267
21:28 |   389 |     1.500e-04 |    40.4076 |         35.6576 |    11.0343 |          2.8147 |            5267
23:15 |   390 |     1.500e-04 |    40.9650 |         34.0101 |    11.2860 |          2.6979 |            5267
25:02 |   391 |     1.500e-04 |    35.7348 |         28.4470 |     7.9804 |          2.5741 |            5267
26:49 |   392 |     1.500e-04 |    43.5232 |         34.4196 |    11.7956 |          2.4864 |            5267
28:35 |   393 |     1.500e-04 |    34.4630 |         28.5186 |     8.5883 |          2.4590 |            5267
30:22 |   394 |     7.500e-05 |    28.2184 |         26.9495 |     7.1189 |          2.4588 |            5267
32:09 |   395 |     7.500e-05 |    27.0360 |         31.1763 |    10.9624 |          2.4325 |            5267
33:56 |   396 |     7.500e-05 |    26.5507 |         26.6840 |     8.2749 |          2.3311 |            5267
35:42 |   397 |     7.500e-05 |    26.7234 |         27.6204 |     8.4013 |          2.3969 |            5267
37:29 |   398 |     7.500e-05 |    28.0226 |         30.7622 |    10.8447 |          2.3449 |            5267
39:16 |   399 |     7.500e-05 |    26.1491 |         26.5353 |     7.7410 |          2.3747 |            5267
41:03 |   400 |     7.500e-05 |    26.4797 |         27.4523 |     8.6257 |          2.3342 |            5267
42:49 |   401 |     7.500e-05 |    26.9270 |         32.9529 |    12.7881 |          2.3759 |            5267
44:36 |   402 |     7.500e-05 |    27.5016 |         26.4287 |     8.2807 |          2.2782 |            5267
46:23 |   403 |     7.500e-05 |    26.0834 |         27.6643 |     8.9637 |          2.3051 |            5267
48:10 |   404 |     7.500e-05 |    25.1528 |         27.9186 |     9.7180 |          2.2321 |            5267
49:57 |   405 |     7.500e-05 |    26.7771 |         27.1807 |     8.8653 |          2.3073 |            5267
51:44 |   406 |     7.500e-05 |    24.9277 |         27.1608 |     9.8838 |          2.2316 |            5267
53:31 |   407 |     7.500e-05 |    26.0396 |         27.1843 |    10.3998 |          2.1866 |            5267
55:17 |   408 |     7.500e-05 |    25.5799 |         26.2486 |     8.2560 |          2.2257 |            5267
57:04 |   409 |     7.500e-05 |    26.2707 |         33.7087 |    14.0883 |          2.2092 |            5267
58:50 |   410 |     7.500e-05 |    28.2301 |         27.4401 |     9.2267 |          2.2692 |            5267
00:37 |   411 |     7.500e-05 |    26.6797 |         26.6874 |     8.5806 |          2.1530 |            5267
02:24 |   412 |     7.500e-05 |    25.9043 |         28.4402 |     9.7356 |          2.2285 |            5267
04:10 |   413 |     7.500e-05 |    27.4411 |         26.6200 |     8.9171 |          2.2151 |            5267
05:57 |   414 |     7.500e-05 |    25.2269 |         24.9090 |     7.4771 |          2.1618 |            5267
07:44 |   415 |     7.500e-05 |    24.4715 |         24.4421 |     7.6311 |          2.1296 |            5267
09:31 |   416 |     7.500e-05 |    28.3551 |         24.3413 |     7.2866 |          2.1105 |            5267
11:17 |   417 |     7.500e-05 |    25.3716 |         24.1408 |     7.1330 |          2.1626 |            5267
13:03 |   418 |     7.500e-05 |    27.1343 |         26.9430 |     8.1724 |          2.4450 |            5267
14:50 |   419 |     7.500e-05 |    27.5232 |         24.6698 |     7.3447 |          2.1863 |            5267
16:37 |   420 |     7.500e-05 |    25.0865 |         25.8380 |     8.6000 |          2.2123 |            5267
18:24 |   421 |     7.500e-05 |    24.3982 |         30.3403 |    11.8225 |          2.2212 |            5267
20:11 |   422 |     7.500e-05 |    25.3168 |         30.4222 |    11.7961 |          2.2314 |            5267
21:57 |   423 |     7.500e-05 |    25.0142 |         28.0142 |    11.4931 |          2.1815 |            5267
23:44 |   424 |     7.500e-05 |    26.3943 |         25.2064 |     7.0109 |          2.2382 |            5267
25:30 |   425 |     7.500e-05 |    25.3288 |         34.5648 |    14.3496 |          2.2615 |            5267
27:17 |   426 |     7.500e-05 |    25.9271 |         26.5296 |     8.7073 |          2.1932 |            5267
29:04 |   427 |     7.500e-05 |    24.8992 |         24.4752 |     7.7304 |          2.1033 |            5267
30:50 |   428 |     7.500e-05 |    22.9839 |         26.6384 |    10.4946 |          2.1211 |            5267
32:36 |   429 |     7.500e-05 |    23.9953 |         25.7928 |     9.2857 |          2.0577 |            5267
34:23 |   430 |     7.500e-05 |    24.9538 |         25.7879 |     8.4693 |          2.0903 |            5267
36:09 |   431 |     7.500e-05 |    27.9233 |         24.5602 |     7.4323 |          2.1211 |            5267
37:56 |   432 |     7.500e-05 |    28.6261 |         35.2425 |    16.1496 |          2.1282 |            5267
39:43 |   433 |     7.500e-05 |    24.6527 |         25.3758 |     8.7871 |          2.0436 |            5267
41:30 |   434 |     7.500e-05 |    22.2395 |         36.9848 |    15.9413 |          2.0795 |            5267
43:16 |   435 |     7.500e-05 |    26.7119 |         24.8515 |     9.7031 |          2.0668 |            5267
45:03 |   436 |     7.500e-05 |    27.0949 |         26.4881 |     8.5335 |          2.1891 |            5267
46:49 |   437 |     7.500e-05 |    22.6074 |         26.4330 |     9.0316 |          2.1681 |            5267
48:36 |   438 |     7.500e-05 |    23.4583 |         26.5751 |     9.4531 |          2.1092 |            5267
50:23 |   439 |     7.500e-05 |    23.2780 |         24.7327 |     8.2558 |          2.1160 |            5267
52:09 |   440 |     7.500e-05 |    23.2156 |         23.4263 |     8.0808 |          2.0217 |            5267
53:56 |   441 |     7.500e-05 |    23.1473 |         24.9743 |     8.7734 |          2.1062 |            5267
55:43 |   442 |     7.500e-05 |    25.0239 |         24.7564 |     7.4463 |          2.0949 |            5267
57:29 |   443 |     7.500e-05 |    26.5261 |         28.3527 |     8.9548 |          2.2566 |            5267
59:16 |   444 |     7.500e-05 |    25.7371 |         25.7781 |     9.0334 |          1.9907 |            5267
01:03 |   445 |     7.500e-05 |    22.6923 |         23.4476 |     8.3198 |          1.9930 |            5267
02:49 |   446 |     7.500e-05 |    23.0632 |         25.8072 |     9.2287 |          2.0287 |            5267
04:36 |   447 |     7.500e-05 |    25.0219 |         29.5768 |     9.5270 |          2.4652 |            5267
06:22 |   448 |     7.500e-05 |    25.7219 |         25.7907 |     8.1530 |          2.1639 |            5267
08:09 |   449 |     7.500e-05 |    24.1884 |         32.0794 |    12.7999 |          2.1344 |            5267
09:56 |   450 |     7.500e-05 |    26.8594 |         28.0813 |    10.5552 |          2.1726 |            5267
11:42 |   451 |     7.500e-05 |    22.5389 |         28.0596 |    11.0702 |          2.1455 |            5267
13:28 |   452 |     7.500e-05 |    25.0968 |         24.2798 |     7.2730 |          2.0791 |            5267
15:15 |   453 |     7.500e-05 |    21.3822 |         26.8252 |     9.7187 |          2.0612 |            5267
17:02 |   454 |     7.500e-05 |    22.8485 |         24.2561 |     8.5253 |          2.0274 |            5267
18:48 |   455 |     7.500e-05 |    21.6501 |         24.4041 |     8.7214 |          2.0385 |            5267
20:35 |   456 |     7.500e-05 |    22.2826 |         26.2656 |     8.5254 |          2.1316 |            5267
22:22 |   457 |     7.500e-05 |    27.5158 |         31.4428 |    12.9728 |          2.1427 |            5267
24:09 |   458 |     7.500e-05 |    24.5784 |         29.9343 |    11.5955 |          2.0653 |            5267
25:55 |   459 |     7.500e-05 |    23.4731 |         58.3722 |    22.0965 |          2.7688 |            5267
27:42 |   460 |     7.500e-05 |    28.3910 |         26.3083 |     8.3972 |          2.1760 |            5267
29:29 |   461 |     7.500e-05 |    24.4345 |         24.3394 |     6.9025 |          2.1152 |            5267
31:16 |   462 |     7.500e-05 |    22.1956 |         24.5054 |     7.7269 |          2.1039 |            5267
33:02 |   463 |     7.500e-05 |    21.2499 |         47.7394 |    20.2572 |          2.2127 |            5267
34:49 |   464 |     7.500e-05 |    22.4716 |         23.6307 |     7.1553 |          2.0598 |            5267
36:36 |   465 |     7.500e-05 |    22.8222 |         23.6804 |     6.9129 |          2.0372 |            5267
38:23 |   466 |     7.500e-05 |    21.8694 |         22.6039 |     6.5987 |          1.9876 |            5267
40:10 |   467 |     7.500e-05 |    21.1551 |         29.9272 |    12.9293 |          2.0139 |            5267
41:56 |   468 |     7.500e-05 |    25.3087 |         25.8675 |     9.6146 |          2.1125 |            5267
43:44 |   469 |     7.500e-05 |    21.9573 |         28.3863 |    11.8816 |          2.0272 |            5267
45:30 |   470 |     7.500e-05 |    22.0225 |         23.4318 |     6.9181 |          2.0362 |            5267
47:17 |   471 |     7.500e-05 |    21.9720 |         29.1731 |    11.8880 |          2.0200 |            5267
49:04 |   472 |     7.500e-05 |    19.8903 |         23.8088 |     7.8572 |          1.9741 |            5267
50:51 |   473 |     7.500e-05 |    20.7417 |         23.1954 |     6.8886 |          1.9993 |            5267
52:37 |   474 |     7.500e-05 |    20.9682 |         27.0101 |     9.5483 |          2.0430 |            5267
54:24 |   475 |     7.500e-05 |    22.4068 |         27.9701 |    12.6590 |          1.9444 |            5267
56:11 |   476 |     7.500e-05 |    22.2513 |         22.5937 |     6.6910 |          1.9824 |            5267
57:57 |   477 |     7.500e-05 |    23.1274 |         23.2506 |     7.2102 |          1.9782 |            5267
59:43 |   478 |     7.500e-05 |    21.6890 |         22.6492 |     6.9659 |          1.9807 |            5267
01:30 |   479 |     7.500e-05 |    22.6817 |         24.5761 |     9.3944 |          2.0024 |            5267
03:16 |   480 |     7.500e-05 |    20.1874 |         25.5447 |     9.3205 |          1.9309 |            5267
05:03 |   481 |     7.500e-05 |    22.0850 |         22.8694 |     6.8622 |          1.9751 |            5267
06:50 |   482 |     7.500e-05 |    21.6702 |         22.4429 |     6.9552 |          1.9334 |            5267
08:37 |   483 |     7.500e-05 |    21.2303 |         28.5377 |    13.4150 |          1.9259 |            5267
10:24 |   484 |     7.500e-05 |    20.8687 |         22.3677 |     6.4929 |          1.9623 |            5267
12:11 |   485 |     7.500e-05 |    21.2402 |         27.7779 |    12.7998 |          1.9073 |            5267
13:58 |   486 |     7.500e-05 |    22.1298 |         24.0246 |     9.5389 |          1.9284 |            5267
15:44 |   487 |     7.500e-05 |    21.2043 |         22.7687 |     7.0579 |          1.9637 |            5267
17:31 |   488 |     7.500e-05 |    21.3583 |         23.3533 |     7.5248 |          1.9749 |            5267
19:18 |   489 |     7.500e-05 |    20.7267 |         22.7753 |     7.0200 |          1.9840 |            5267
21:05 |   490 |     7.500e-05 |    20.5045 |         26.7144 |    10.1210 |          1.9626 |            5267
22:52 |   491 |     7.500e-05 |    22.6561 |         23.7624 |     8.1645 |          1.9250 |            5267
24:39 |   492 |     7.500e-05 |    22.6529 |         24.2862 |     8.8972 |          1.9785 |            5267
26:26 |   493 |     7.500e-05 |    21.9868 |         25.8131 |     9.9987 |          2.0350 |            5267
28:13 |   494 |     7.500e-05 |    22.7196 |         25.8657 |    10.7261 |          1.9721 |            5267
30:01 |   495 |     7.500e-05 |    19.4379 |         24.7210 |    10.3096 |          1.8916 |            5267
31:47 |   496 |     7.500e-05 |    21.6091 |         23.8650 |     8.2705 |          1.9476 |            5267
33:34 |   497 |     7.500e-05 |    19.9672 |         28.5188 |    12.2953 |          1.8781 |            5267
35:21 |   498 |     7.500e-05 |    19.4089 |         24.1458 |     9.0149 |          1.9040 |            5267
37:07 |   499 |     7.500e-05 |    19.0563 |         21.9067 |     6.3816 |          1.8864 |            5267
38:54 |   500 |     7.500e-05 |    20.8291 |         23.5500 |     7.3373 |          1.9490 |            5267
40:41 |   501 |     7.500e-05 |    62.0734 |         36.4794 |    11.4339 |          2.6411 |            5267
42:27 |   502 |     7.500e-05 |    33.5326 |         30.4909 |    10.2417 |          2.3692 |            5267
44:14 |   503 |     7.500e-05 |    26.2013 |         25.4522 |     7.9680 |          2.1850 |            5267
46:01 |   504 |     7.500e-05 |    23.1319 |         24.3426 |     7.3096 |          2.0786 |            5267
47:48 |   505 |     7.500e-05 |    22.3378 |         24.6147 |     7.3364 |          2.1099 |            5267
49:34 |   506 |     7.500e-05 |    21.1385 |         25.8319 |     8.5703 |          2.1424 |            5267
51:21 |   507 |     7.500e-05 |    26.5307 |         32.0585 |    12.8817 |          2.1791 |            5267
53:08 |   508 |     7.500e-05 |    22.9620 |         26.6872 |     9.5729 |          2.1074 |            5267
54:55 |   509 |     7.500e-05 |    23.2987 |         33.1465 |    13.6453 |          2.2014 |            5267
56:41 |   510 |     7.500e-05 |    23.0610 |         27.5539 |     9.9640 |          2.1064 |            5267
58:27 |   511 |     7.500e-05 |    21.2856 |         38.3808 |    16.8514 |          2.0778 |            5267
00:14 |   512 |     7.500e-05 |    23.0807 |         22.9758 |     7.2983 |          2.0164 |            5267
02:01 |   513 |     7.500e-05 |    20.2880 |         25.5157 |     8.4487 |          2.0907 |            5267
03:47 |   514 |     7.500e-05 |    20.1315 |         26.8669 |    10.3893 |          1.9804 |            5267
05:34 |   515 |     7.500e-05 |    19.2622 |         23.3243 |     7.6982 |          2.0007 |            5267
07:20 |   516 |     7.500e-05 |    20.0860 |         28.1324 |    11.1475 |          2.0465 |            5267
09:07 |   517 |     7.500e-05 |    20.9542 |         27.7744 |    11.6054 |          2.0093 |            5267
10:53 |   518 |     7.500e-05 |    21.0171 |         26.5644 |    10.9257 |          1.9941 |            5267
12:40 |   519 |     7.500e-05 |    21.0658 |         33.5635 |    15.4110 |          1.9913 |            5267
14:27 |   520 |     7.500e-05 |    23.3605 |         25.9594 |     7.6465 |          2.2207 |            5267
16:13 |   521 |     7.500e-05 |    22.9330 |         23.8733 |     7.2262 |          2.0613 |            5267
17:59 |   522 |     7.500e-05 |    21.6244 |         30.4394 |    12.5592 |          2.0174 |            5267
19:46 |   523 |     7.500e-05 |    21.5669 |         27.0855 |    10.8925 |          1.9792 |            5267
21:33 |   524 |     7.500e-05 |    20.1032 |         23.2002 |     8.0310 |          1.9559 |            5267
23:19 |   525 |     7.500e-05 |    22.6547 |         25.8731 |     9.3817 |          1.9919 |            5267
25:06 |   526 |     7.500e-05 |    23.3556 |         28.5624 |    12.1217 |          2.0223 |            5267
26:52 |   527 |     7.500e-05 |    19.5568 |         23.0459 |     7.6404 |          1.9788 |            5267
28:39 |   528 |     7.500e-05 |    19.8135 |         24.0082 |     8.4578 |          1.9206 |            5267
30:26 |   529 |     7.500e-05 |    20.2968 |         32.8687 |    15.0321 |          1.9972 |            5267
32:12 |   530 |     7.500e-05 |    19.9709 |         22.4892 |     6.9720 |          1.9295 |            5267
33:59 |   531 |     7.500e-05 |    20.5141 |         28.0878 |    12.6403 |          1.9180 |            5267
35:46 |   532 |     7.500e-05 |    19.5428 |         23.5824 |     7.4865 |          1.9902 |            5267
37:32 |   533 |     7.500e-05 |    22.6777 |         22.6708 |     7.3039 |          1.9090 |            5267
39:19 |   534 |     7.500e-05 |    20.1396 |         23.3603 |     8.0896 |          1.9638 |            5267
41:06 |   535 |     7.500e-05 |    18.8675 |         26.2033 |    10.1966 |          1.9205 |            5267
42:52 |   536 |     7.500e-05 |    20.6632 |         22.5527 |     7.4541 |          1.9136 |            5267
44:39 |   537 |     7.500e-05 |    20.0916 |         25.5331 |    10.4721 |          1.9353 |            5267
46:25 |   538 |     7.500e-05 |    17.9591 |         22.5546 |     6.9376 |          1.9477 |            5267
48:12 |   539 |     7.500e-05 |    21.3963 |         24.5968 |     8.7503 |          1.8580 |            5267
49:59 |   540 |     7.500e-05 |    20.4482 |         26.6836 |    10.9895 |          1.9152 |            5267
51:45 |   541 |     7.500e-05 |    20.0328 |         22.9758 |     7.1948 |          1.8805 |            5267
53:32 |   542 |     7.500e-05 |    20.2031 |         29.3239 |    13.9159 |          1.8359 |            5267
55:19 |   543 |     7.500e-05 |    22.6080 |         24.2653 |     9.4858 |          1.9736 |            5267
57:05 |   544 |     7.500e-05 |    24.4083 |         24.9440 |     9.3253 |          1.9957 |            5267
58:52 |   545 |     7.500e-05 |    23.4770 |         25.0176 |     8.8287 |          1.9679 |            5267
00:39 |   546 |     7.500e-05 |    20.1392 |         22.5655 |     6.7688 |          1.9354 |            5267
02:25 |   547 |     7.500e-05 |    18.5163 |         23.3212 |     8.7011 |          1.9301 |            5267
04:12 |   548 |     7.500e-05 |    24.4008 |         31.4840 |    10.4275 |          2.3749 |            5267
05:58 |   549 |     7.500e-05 |    21.6190 |         22.8744 |     6.6922 |          1.9777 |            5267
07:45 |   550 |     7.500e-05 |    19.3551 |         24.2364 |     8.2725 |          2.0057 |            5267
09:32 |   551 |     3.750e-05 |    16.7370 |         22.1154 |     6.8932 |          1.8626 |            5267
11:19 |   552 |     3.750e-05 |    16.4540 |         21.4157 |     5.9755 |          1.8702 |            5267
13:05 |   553 |     3.750e-05 |    16.1237 |         23.3240 |     8.0431 |          1.8619 |            5267
14:52 |   554 |     3.750e-05 |    16.3137 |         21.3541 |     6.4956 |          1.8376 |            5267
16:39 |   555 |     3.750e-05 |    16.1287 |         24.8126 |     8.4936 |          1.9709 |            5267
18:26 |   556 |     3.750e-05 |    16.7776 |         24.7536 |     9.1827 |          2.0035 |            5267
20:13 |   557 |     3.750e-05 |    16.5289 |         22.5139 |     7.9110 |          1.8399 |            5267
21:59 |   558 |     3.750e-05 |    16.1878 |         23.1509 |     7.7672 |          1.8608 |            5267
23:46 |   559 |     3.750e-05 |    16.5318 |         21.2182 |     6.2378 |          1.8522 |            5267
25:33 |   560 |     3.750e-05 |    15.4928 |         21.1752 |     6.2213 |          1.8420 |            5267
27:19 |   561 |     3.750e-05 |    15.9043 |         24.1784 |    10.1029 |          1.8558 |            5267
29:06 |   562 |     3.750e-05 |    15.8007 |         21.1316 |     6.8819 |          1.8111 |            5267
30:52 |   563 |     3.750e-05 |    16.2206 |         21.0215 |     6.2134 |          1.8415 |            5267
32:39 |   564 |     3.750e-05 |    15.6170 |         21.6252 |     6.3222 |          1.8268 |            5267
34:26 |   565 |     3.750e-05 |    16.0246 |         21.2213 |     7.0545 |          1.8149 |            5267
36:13 |   566 |     3.750e-05 |    15.6918 |         21.4036 |     6.6645 |          1.8356 |            5267
37:59 |   567 |     3.750e-05 |    15.7160 |         21.3569 |     6.4405 |          1.8439 |            5267
39:46 |   568 |     3.750e-05 |    16.5807 |         21.9082 |     7.2664 |          1.7902 |            5267
41:32 |   569 |     3.750e-05 |    16.0367 |         32.0482 |    14.8819 |          1.8476 |            5267
43:19 |   570 |     3.750e-05 |    16.7952 |         21.3994 |     6.2855 |          1.8951 |            5267
45:06 |   571 |     3.750e-05 |    16.3541 |         22.6365 |     7.1727 |          1.8406 |            5267
46:53 |   572 |     3.750e-05 |    15.3651 |         20.6354 |     5.8718 |          1.8015 |            5267
48:39 |   573 |     3.750e-05 |    15.1566 |         22.3351 |     7.7536 |          1.8205 |            5267
50:26 |   574 |     3.750e-05 |    15.0228 |         21.0889 |     6.4691 |          1.7916 |            5267
52:12 |   575 |     3.750e-05 |    16.5751 |         22.7553 |     8.3748 |          1.7975 |            5267
53:59 |   576 |     3.750e-05 |    16.0716 |         20.7541 |     6.3439 |          1.7859 |            5267
55:45 |   577 |     3.750e-05 |    15.9018 |         27.2686 |    12.8792 |          1.7966 |            5267
57:32 |   578 |     3.750e-05 |    20.1281 |         21.8627 |     8.0765 |          1.8080 |            5267
59:18 |   579 |     3.750e-05 |    15.5897 |         22.1236 |     7.5331 |          1.7671 |            5267
01:05 |   580 |     3.750e-05 |    15.2746 |         21.6103 |     7.4241 |          1.7941 |            5267
02:51 |   581 |     3.750e-05 |    15.6183 |         21.5816 |     7.2405 |          1.7750 |            5267
04:38 |   582 |     3.750e-05 |    15.2331 |         21.5925 |     6.9219 |          1.8855 |            5267
06:25 |   583 |     3.750e-05 |    15.6081 |         22.8437 |     8.1966 |          1.8363 |            5267
08:11 |   584 |     3.750e-05 |    15.6917 |         21.0290 |     6.5148 |          1.7833 |            5267
09:58 |   585 |     3.750e-05 |    15.2914 |         20.2313 |     6.1194 |          1.7613 |            5267
11:44 |   586 |     3.750e-05 |    15.0497 |         21.6790 |     7.9830 |          1.7611 |            5267
13:31 |   587 |     3.750e-05 |    16.8278 |         22.1821 |     6.8278 |          1.9058 |            5267
15:18 |   588 |     3.750e-05 |    16.2557 |         27.3026 |    11.7689 |          1.8436 |            5267
17:05 |   589 |     3.750e-05 |    15.2038 |         22.5582 |     8.8681 |          1.8162 |            5267
18:51 |   590 |     3.750e-05 |    15.2545 |         21.5895 |     7.1615 |          1.7837 |            5267
20:38 |   591 |     3.750e-05 |    15.3159 |         24.4134 |     9.7113 |          1.7927 |            5267
22:25 |   592 |     3.750e-05 |    15.0300 |         21.5190 |     8.0289 |          1.7722 |            5267
24:11 |   593 |     3.750e-05 |    15.6147 |         21.7553 |     7.5815 |          1.7880 |            5267
25:58 |   594 |     3.750e-05 |    15.1182 |         22.1492 |     7.6354 |          1.7899 |            5267
27:46 |   595 |     3.750e-05 |    15.1620 |         21.0015 |     6.3152 |          1.7566 |            5267
29:32 |   596 |     3.750e-05 |    15.0970 |         23.1215 |    10.0159 |          1.7637 |            5267
31:19 |   597 |     3.750e-05 |    14.1586 |         21.0692 |     7.3332 |          1.7687 |            5267
33:06 |   598 |     3.750e-05 |    14.6683 |         20.3484 |     6.1631 |          1.7760 |            5267
34:52 |   599 |     3.750e-05 |    15.0161 |         20.2966 |     5.9064 |          1.7322 |            5267
36:39 |   600 |     3.750e-05 |    15.0975 |         21.1828 |     8.2841 |          1.7225 |            5267
38:26 |   601 |     3.750e-05 |    14.7192 |         22.4017 |     8.0482 |          1.7851 |            5267
40:12 |   602 |     3.750e-05 |    16.1699 |         20.7581 |     6.6999 |          1.7668 |            5267
41:59 |   603 |     3.750e-05 |    14.8343 |         23.0216 |     9.4839 |          1.7921 |            5267
43:46 |   604 |     3.750e-05 |    15.4547 |         22.2654 |     7.0710 |          1.9329 |            5267
45:32 |   605 |     3.750e-05 |    18.7097 |         25.8369 |    10.1002 |          1.9296 |            5267
47:19 |   606 |     3.750e-05 |    15.9755 |         21.5698 |     6.1188 |          1.8964 |            5267
49:05 |   607 |     3.750e-05 |    15.0263 |         21.0776 |     6.4128 |          1.8338 |            5267
50:52 |   608 |     3.750e-05 |    14.6868 |         24.5595 |    10.0539 |          1.7971 |            5267
52:38 |   609 |     3.750e-05 |    14.8038 |         21.1276 |     6.4674 |          1.8232 |            5267
54:25 |   610 |     3.750e-05 |    15.0273 |         22.2693 |     7.6594 |          1.7709 |            5267
56:11 |   611 |     3.750e-05 |    14.6797 |         20.5784 |     6.1570 |          1.7659 |            5267
57:58 |   612 |     3.750e-05 |    14.6655 |         20.8107 |     6.1820 |          1.7788 |            5267
59:45 |   613 |     3.750e-05 |    14.9365 |         24.3677 |     9.8025 |          1.7677 |            5267
01:31 |   614 |     3.750e-05 |    14.6661 |         21.7051 |     7.1217 |          1.7524 |            5267
03:18 |   615 |     3.750e-05 |    14.4889 |         21.8846 |     7.4293 |          1.7862 |            5267
05:04 |   616 |     3.750e-05 |    14.0642 |         20.6891 |     6.0865 |          1.7683 |            5267
06:51 |   617 |     3.750e-05 |    14.3264 |         20.5952 |     6.0482 |          1.7474 |            5267
08:38 |   618 |     3.750e-05 |    14.4314 |         20.7408 |     6.0590 |          1.7533 |            5267
10:24 |   619 |     3.750e-05 |    13.8804 |         21.3597 |     7.3334 |          1.7526 |            5267
12:11 |   620 |     3.750e-05 |    14.2854 |         21.7627 |     7.6762 |          1.7330 |            5267
13:58 |   621 |     3.750e-05 |    14.9246 |         26.5462 |    11.3156 |          1.8121 |            5267
15:44 |   622 |     3.750e-05 |    15.0427 |         22.1073 |     7.9493 |          1.7579 |            5267
17:31 |   623 |     3.750e-05 |    14.2239 |         19.7960 |     5.9351 |          1.7064 |            5267
19:17 |   624 |     3.750e-05 |    14.2604 |         20.4903 |     7.4392 |          1.7267 |            5267
21:04 |   625 |     3.750e-05 |    15.6803 |         21.3726 |     6.4863 |          1.8695 |            5267
22:50 |   626 |     3.750e-05 |    15.5499 |         20.0028 |     5.9056 |          1.7628 |            5267
24:37 |   627 |     3.750e-05 |    13.8051 |         19.6517 |     5.7336 |          1.7439 |            5267
26:24 |   628 |     3.750e-05 |    14.7889 |         21.9118 |     8.6988 |          1.7569 |            5267
28:10 |   629 |     3.750e-05 |    15.3549 |         20.2224 |     7.3027 |          1.7116 |            5267
29:57 |   630 |     3.750e-05 |    13.6998 |         20.0768 |     6.1268 |          1.7144 |            5267
31:44 |   631 |     3.750e-05 |    14.2027 |         21.6085 |     7.2876 |          1.7409 |            5267
33:31 |   632 |     3.750e-05 |    14.8752 |         22.3731 |     7.7047 |          1.7862 |            5267
35:17 |   633 |     3.750e-05 |    14.3465 |         22.5793 |     7.8278 |          1.7733 |            5267
37:04 |   634 |     3.750e-05 |    14.7136 |         20.4577 |     5.9053 |          1.7474 |            5267
38:50 |   635 |     3.750e-05 |    14.8854 |         24.0032 |    10.0030 |          1.7623 |            5267
40:37 |   636 |     3.750e-05 |    14.4162 |         20.1210 |     5.7440 |          1.8027 |            5267
42:24 |   637 |     3.750e-05 |    14.4384 |         19.7064 |     5.6790 |          1.7477 |            5267
44:10 |   638 |     3.750e-05 |    14.5905 |         20.3238 |     5.9758 |          1.7517 |            5267
45:57 |   639 |     3.750e-05 |    13.6798 |         21.5048 |     7.5241 |          1.7479 |            5267
47:44 |   640 |     3.750e-05 |    14.0292 |         23.1325 |     9.0522 |          1.7519 |            5267
49:30 |   641 |     3.750e-05 |    14.1117 |         21.5859 |     7.9253 |          1.7186 |            5267
51:17 |   642 |     3.750e-05 |    14.0705 |         21.1023 |     7.0118 |          1.7465 |            5267
53:04 |   643 |     3.750e-05 |    14.2542 |         23.3677 |    10.0008 |          1.7495 |            5267
54:51 |   644 |     3.750e-05 |    15.0170 |         19.4221 |     5.4957 |          1.7124 |            5267
56:37 |   645 |     3.750e-05 |    14.8221 |         22.4599 |     8.5453 |          1.7248 |            5267
58:23 |   646 |     3.750e-05 |    14.0292 |         22.1053 |     8.4373 |          1.7017 |            5267
00:10 |   647 |     3.750e-05 |    16.3794 |         20.2936 |     5.9090 |          1.7385 |            5267
01:57 |   648 |     3.750e-05 |    15.0276 |         20.1504 |     5.8707 |          1.7112 |            5267
03:44 |   649 |     3.750e-05 |    14.1609 |         21.3539 |     7.8149 |          1.7478 |            5267
05:30 |   650 |     3.750e-05 |    14.3857 |         22.5365 |     9.3435 |          1.7328 |            5267
07:17 |   651 |     3.750e-05 |    14.3787 |         19.7607 |     6.2620 |          1.6917 |            5267
09:04 |   652 |     3.750e-05 |    13.7428 |         19.7479 |     5.2837 |          1.7177 |            5267
10:51 |   653 |     3.750e-05 |    14.9743 |         21.2477 |     6.5638 |          1.7988 |            5267
12:37 |   654 |     3.750e-05 |    14.5995 |         20.2645 |     5.8739 |          1.7761 |            5267
14:24 |   655 |     3.750e-05 |    14.3056 |         20.1833 |     6.1623 |          1.7199 |            5267
16:10 |   656 |     3.750e-05 |    14.8036 |         21.6036 |     6.6909 |          1.8438 |            5267
17:56 |   657 |     3.750e-05 |    14.2879 |         19.9786 |     5.9589 |          1.7149 |            5267
19:43 |   658 |     3.750e-05 |    13.8009 |         21.3654 |     7.3239 |          1.7550 |            5267
21:30 |   659 |     3.750e-05 |    14.3031 |         21.1902 |     7.5464 |          1.7304 |            5267
23:16 |   660 |     3.750e-05 |    13.6319 |         22.5859 |     8.4356 |          1.7641 |            5267
25:03 |   661 |     3.750e-05 |    13.8419 |         20.6485 |     6.1183 |          1.7334 |            5267
26:50 |   662 |     3.750e-05 |    13.8907 |         21.0925 |     7.0284 |          1.7038 |            5267
28:37 |   663 |     3.750e-05 |    13.5748 |         20.0093 |     5.9528 |          1.7040 |            5267
30:24 |   664 |     3.750e-05 |    13.2231 |         20.5650 |     6.2676 |          1.6791 |            5267
32:11 |   665 |     3.750e-05 |    13.7187 |         22.2738 |     7.4579 |          1.7550 |            5267
33:57 |   666 |     3.750e-05 |    14.1523 |         20.4467 |     7.5080 |          1.6915 |            5267
35:44 |   667 |     3.750e-05 |    13.8999 |         20.1183 |     5.8308 |          1.6896 |            5267
37:31 |   668 |     3.750e-05 |    13.9432 |         22.4618 |     8.4086 |          1.7082 |            5267
39:18 |   669 |     3.750e-05 |    13.7483 |         22.8821 |     9.1898 |          1.7085 |            5267
41:04 |   670 |     3.750e-05 |    14.1443 |         25.8265 |    10.9624 |          1.7650 |            5267
42:51 |   671 |     3.750e-05 |    13.7372 |         25.1561 |    11.5705 |          1.6884 |            5267
44:38 |   672 |     3.750e-05 |    13.5454 |         20.7399 |     7.3684 |          1.6908 |            5267
46:24 |   673 |     3.750e-05 |    14.7955 |         20.5903 |     5.8915 |          1.7389 |            5267
48:11 |   674 |     3.750e-05 |    13.8562 |         21.5176 |     8.3241 |          1.7046 |            5267
49:58 |   675 |     3.750e-05 |    14.8395 |         20.9158 |     7.2138 |          1.7296 |            5267
51:44 |   676 |     3.750e-05 |    13.9274 |         20.9366 |     6.8037 |          1.7115 |            5267
53:31 |   677 |     3.750e-05 |    13.6822 |         20.3240 |     6.1636 |          1.6889 |            5267
55:18 |   678 |     3.750e-05 |    13.7004 |         19.6066 |     5.7620 |          1.6544 |            5267
57:05 |   679 |     3.750e-05 |    12.8986 |         19.6995 |     5.7312 |          1.6617 |            5267
58:52 |   680 |     3.750e-05 |    13.4494 |         21.0160 |     7.1002 |          1.7270 |            5267
00:39 |   681 |     3.750e-05 |    13.9540 |         20.4533 |     7.0782 |          1.6919 |            5267
02:25 |   682 |     3.750e-05 |    14.1506 |         19.8902 |     5.6777 |          1.6529 |            5267
04:12 |   683 |     3.750e-05 |    13.9840 |         20.1280 |     5.8339 |          1.6452 |            5267
05:59 |   684 |     3.750e-05 |    12.7890 |         20.1133 |     5.6198 |          1.7088 |            5267
07:46 |   685 |     3.750e-05 |    13.6626 |         21.4655 |     7.1540 |          1.7005 |            5267
09:34 |   686 |     3.750e-05 |    13.7276 |         21.4343 |     8.1946 |          1.7276 |            5267
11:20 |   687 |     3.750e-05 |    13.7384 |         20.9084 |     6.6036 |          1.7408 |            5267
13:08 |   688 |     3.750e-05 |    13.9175 |         20.5887 |     6.5593 |          1.6587 |            5267
14:55 |   689 |     3.750e-05 |    14.8651 |         19.7809 |     5.6277 |          1.6682 |            5267
16:41 |   690 |     3.750e-05 |    13.1389 |         21.0601 |     7.3148 |          1.6830 |            5267
18:28 |   691 |     3.750e-05 |    13.0728 |         21.8164 |     7.2620 |          1.7449 |            5267
20:15 |   692 |     3.750e-05 |    14.0778 |         21.5662 |     6.8577 |          1.7201 |            5267
22:01 |   693 |     3.750e-05 |    13.6681 |         20.3023 |     6.0992 |          1.6924 |            5267
23:48 |   694 |     3.750e-05 |    12.9590 |         20.4571 |     7.8378 |          1.6753 |            5267
25:35 |   695 |     3.750e-05 |    13.4554 |         19.3914 |     5.6878 |          1.6620 |            5267
27:21 |   696 |     3.750e-05 |    13.6937 |         19.5094 |     5.2416 |          1.6731 |            5267
29:08 |   697 |     3.750e-05 |    12.9098 |         19.7686 |     5.4940 |          1.6590 |            5267
30:55 |   698 |     3.750e-05 |    13.1959 |         19.3948 |     5.7599 |          1.6462 |            5267
32:41 |   699 |     3.750e-05 |    13.6915 |         20.5224 |     6.4835 |          1.6823 |            5267
34:27 |   700 |     3.750e-05 |    14.1815 |         20.1820 |     5.7662 |          1.6951 |            5267
36:14 |   701 |     3.750e-05 |    13.1123 |         19.7745 |     6.2470 |          1.6634 |            5267
38:00 |   702 |     3.750e-05 |    13.7325 |         19.7545 |     6.3849 |          1.6826 |            5267
39:47 |   703 |     3.750e-05 |    13.8238 |         24.4119 |    11.3231 |          1.6890 |            5267
41:33 |   704 |     3.750e-05 |    13.3731 |         20.1998 |     6.8384 |          1.6760 |            5267
43:20 |   705 |     3.750e-05 |    12.8996 |         20.0860 |     6.8684 |          1.6338 |            5267
45:07 |   706 |     3.750e-05 |    13.9193 |         20.7311 |     6.4029 |          1.6725 |            5267
46:53 |   707 |     3.750e-05 |    12.9094 |         20.0478 |     6.1945 |          1.6840 |            5267
48:40 |   708 |     3.750e-05 |    14.1004 |         22.3686 |     8.5170 |          1.6374 |            5267
50:26 |   709 |     3.750e-05 |    13.4759 |         19.8500 |     5.9941 |          1.6775 |            5267
52:13 |   710 |     3.750e-05 |    15.0354 |         20.1230 |     5.7907 |          1.6903 |            5267
54:00 |   711 |     3.750e-05 |    13.5364 |         20.1211 |     6.4857 |          1.6603 |            5267
55:47 |   712 |     3.750e-05 |    13.0888 |         20.3363 |     5.7701 |          1.7223 |            5267
57:33 |   713 |     3.750e-05 |    12.9901 |         19.8147 |     5.7731 |          1.6929 |            5267
59:20 |   714 |     3.750e-05 |    13.2110 |         20.7766 |     6.6562 |          1.6911 |            5267
01:07 |   715 |     3.750e-05 |    13.2067 |         23.4086 |     9.8121 |          1.7043 |            5267
02:54 |   716 |     3.750e-05 |    13.2639 |         19.7303 |     5.6739 |          1.6416 |            5267
04:40 |   717 |     3.750e-05 |    12.9111 |         20.3621 |     6.3716 |          1.6965 |            5267
06:26 |   718 |     3.750e-05 |    13.4012 |         20.8703 |     7.0930 |          1.6681 |            5267
08:13 |   719 |     3.750e-05 |    13.0185 |         20.0198 |     5.8505 |          1.6867 |            5267
10:00 |   720 |     3.750e-05 |    13.1324 |         20.4314 |     6.9029 |          1.6540 |            5267
11:47 |   721 |     3.750e-05 |    13.6011 |         20.0283 |     5.7530 |          1.6657 |            5267
13:34 |   722 |     3.750e-05 |    13.6340 |         21.0819 |     7.1207 |          1.6974 |            5267
15:21 |   723 |     3.750e-05 |    12.8619 |         21.1458 |     6.5597 |          1.6967 |            5267
17:08 |   724 |     3.750e-05 |    12.5767 |         19.8670 |     5.2855 |          1.6457 |            5267
18:55 |   725 |     3.750e-05 |    12.9581 |         22.1534 |     8.3362 |          1.6658 |            5267
20:43 |   726 |     3.750e-05 |    13.0446 |         21.0432 |     7.7300 |          1.6874 |            5267
22:30 |   727 |     3.750e-05 |    13.5572 |         19.3685 |     6.1612 |          1.6445 |            5267
24:17 |   728 |     3.750e-05 |    13.0407 |         21.5576 |     6.7663 |          1.6779 |            5267
26:04 |   729 |     3.750e-05 |    12.8326 |         20.5335 |     6.3647 |          1.6687 |            5267
27:51 |   730 |     3.750e-05 |    12.8892 |         20.0527 |     5.9271 |          1.6451 |            5267
29:38 |   731 |     3.750e-05 |    12.5791 |         21.0050 |     6.4034 |          1.6909 |            5267
31:26 |   732 |     3.750e-05 |    13.8567 |         23.2829 |     8.5462 |          1.7701 |            5267
33:13 |   733 |     3.750e-05 |    13.5004 |         20.4251 |     5.8290 |          1.6994 |            5267
35:00 |   734 |     3.750e-05 |    14.3087 |         20.5854 |     6.1116 |          1.6989 |            5267
36:47 |   735 |     3.750e-05 |    12.7802 |         21.1558 |     7.6771 |          1.6866 |            5267
38:34 |   736 |     3.750e-05 |    14.2508 |         20.5954 |     5.9560 |          1.7892 |            5267
40:21 |   737 |     3.750e-05 |    12.7854 |         23.3602 |     9.1287 |          1.7119 |            5267
42:08 |   738 |     3.750e-05 |    12.3747 |         20.0548 |     6.2727 |          1.6770 |            5267
43:55 |   739 |     3.750e-05 |    12.1457 |         20.2524 |     5.8491 |          1.6767 |            5267
45:41 |   740 |     3.750e-05 |    12.6101 |         20.5323 |     6.3600 |          1.6771 |            5267
47:28 |   741 |     3.750e-05 |    12.2704 |         20.9764 |     6.7865 |          1.6814 |            5267
49:15 |   742 |     3.750e-05 |    12.2369 |         22.0844 |     8.0070 |          1.6426 |            5267
51:02 |   743 |     3.750e-05 |    12.3872 |         22.1070 |     7.9058 |          1.6915 |            5267
52:49 |   744 |     3.750e-05 |    12.1571 |         19.7045 |     6.1110 |          1.6213 |            5267
54:37 |   745 |     3.750e-05 |    11.8886 |         20.0346 |     6.0234 |          1.6268 |            5267
56:23 |   746 |     3.750e-05 |    11.8253 |         20.1581 |     5.9691 |          1.6432 |            5267
58:10 |   747 |     3.750e-05 |    13.0400 |         19.8654 |     5.5298 |          1.7151 |            5267
59:57 |   748 |     3.750e-05 |    12.5866 |         22.4458 |     9.3831 |          1.6605 |            5267
01:44 |   749 |     3.750e-05 |    12.5824 |         20.6095 |     6.6737 |          1.6526 |            5267
03:31 |   750 |     3.750e-05 |    11.9360 |         21.9419 |     7.8430 |          1.6980 |            5267
05:17 |   751 |     3.750e-05 |    12.2540 |         22.3678 |     8.6044 |          1.6353 |            5267
07:04 |   752 |     3.750e-05 |    12.2988 |         22.7804 |     8.7045 |          1.6475 |            5267
08:51 |   753 |     3.750e-05 |    12.0879 |         19.7967 |     6.1796 |          1.6363 |            5267
10:37 |   754 |     3.750e-05 |    11.4387 |         20.3359 |     6.0947 |          1.6309 |            5267
12:24 |   755 |     3.750e-05 |    11.6911 |         20.2704 |     6.4951 |          1.6458 |            5267
14:10 |   756 |     3.750e-05 |    12.4981 |         20.5150 |     6.0793 |          1.6536 |            5267
15:57 |   757 |     3.750e-05 |    12.1103 |         22.6312 |     8.4827 |          1.6370 |            5267
17:43 |   758 |     3.750e-05 |    12.7475 |         31.7930 |    15.6909 |          1.7086 |            5267
19:30 |   759 |     3.750e-05 |    12.9255 |         20.8570 |     6.7102 |          1.6199 |            5267
21:17 |   760 |     3.750e-05 |    12.1121 |         20.0591 |     5.8648 |          1.6768 |            5267
23:03 |   761 |     3.750e-05 |    12.3253 |         19.9138 |     6.0564 |          1.6336 |            5267
24:50 |   762 |     3.750e-05 |    11.8542 |         22.4155 |     9.4821 |          1.6152 |            5267
26:36 |   763 |     3.750e-05 |    12.1965 |         21.5150 |     6.5748 |          1.7026 |            5267
28:23 |   764 |     3.750e-05 |    12.3789 |         19.6004 |     5.5196 |          1.6214 |            5267
30:09 |   765 |     3.750e-05 |    12.1972 |         19.8240 |     5.4600 |          1.6611 |            5267
31:56 |   766 |     3.750e-05 |    11.9944 |         21.0045 |     6.0774 |          1.7136 |            5267
33:42 |   767 |     3.750e-05 |    12.6382 |         20.5324 |     6.6829 |          1.6170 |            5267
35:29 |   768 |     3.750e-05 |    13.1393 |         24.9255 |    10.5400 |          1.6766 |            5267
37:16 |   769 |     3.750e-05 |    12.9774 |         20.1940 |     6.1581 |          1.6338 |            5267
39:02 |   770 |     3.750e-05 |    12.2499 |         24.2884 |     8.6844 |          1.8611 |            5267
40:49 |   771 |     3.750e-05 |    13.2355 |         23.4305 |     8.5813 |          1.7520 |            5267
42:36 |   772 |     3.750e-05 |    14.1496 |         19.5518 |     5.3606 |          1.6316 |            5267
44:22 |   773 |     3.750e-05 |    12.1416 |         19.5962 |     5.3826 |          1.6173 |            5267
46:09 |   774 |     3.750e-05 |    11.8314 |         20.4472 |     6.0990 |          1.6400 |            5267
47:55 |   775 |     3.750e-05 |    11.9309 |         21.0488 |     7.2076 |          1.6378 |            5267
49:42 |   776 |     3.750e-05 |    13.3202 |         20.9177 |     6.3141 |          1.6658 |            5267
51:28 |   777 |     3.750e-05 |    12.2114 |         22.5788 |     8.1223 |          1.7439 |            5267
53:15 |   778 |     3.750e-05 |    11.6314 |         21.8321 |     8.1757 |          1.6457 |            5267
55:02 |   779 |     1.875e-05 |    10.8296 |         19.6283 |     5.1318 |          1.6119 |            5267
56:48 |   780 |     1.875e-05 |    10.5963 |         19.7901 |     5.2894 |          1.6082 |            5267
58:35 |   781 |     1.875e-05 |    10.7113 |         20.0398 |     5.7420 |          1.6143 |            5267
00:22 |   782 |     1.875e-05 |    10.5768 |         20.2156 |     5.8562 |          1.6225 |            5267
02:09 |   783 |     1.875e-05 |    10.6056 |         20.2096 |     5.5727 |          1.6107 |            5267
03:55 |   784 |     1.875e-05 |    10.7941 |         19.8042 |     5.1533 |          1.6132 |            5267
05:42 |   785 |     1.875e-05 |    10.5698 |         20.2205 |     5.6523 |          1.6345 |            5267
07:29 |   786 |     1.875e-05 |    11.7430 |         22.2820 |     7.9851 |          1.6764 |            5267
09:16 |   787 |     1.875e-05 |    11.2808 |         19.8246 |     5.2265 |          1.6376 |            5267
11:03 |   788 |     1.875e-05 |    10.9678 |         19.8330 |     5.3981 |          1.6140 |            5267
12:49 |   789 |     1.875e-05 |    10.8270 |         19.5806 |     5.1928 |          1.6117 |            5267
14:36 |   790 |     1.875e-05 |    10.8735 |         19.6013 |     4.8470 |          1.6074 |            5267
16:22 |   791 |     1.875e-05 |    10.8548 |         19.8659 |     5.2982 |          1.6016 |            5267
18:09 |   792 |     1.875e-05 |    10.6403 |         21.4967 |     7.3613 |          1.6096 |            5267
19:55 |   793 |     1.875e-05 |    10.9627 |         20.6065 |     6.4539 |          1.6250 |            5267
21:42 |   794 |     1.875e-05 |    10.6393 |         19.8581 |     5.0230 |          1.6063 |            5267
23:28 |   795 |     1.875e-05 |    10.7464 |         20.0513 |     5.9927 |          1.6153 |            5267
25:15 |   796 |     1.875e-05 |    10.7466 |         19.6730 |     5.1884 |          1.5929 |            5267
27:02 |   797 |     1.875e-05 |    10.5625 |         19.8733 |     5.2161 |          1.6199 |            5267
28:48 |   798 |     1.875e-05 |    10.5910 |         19.8290 |     5.8612 |          1.6255 |            5267
30:35 |   799 |     1.875e-05 |    10.7798 |         19.9776 |     6.2882 |          1.5928 |            5267
32:21 |   800 |     1.875e-05 |    10.6760 |         20.2080 |     6.7536 |          1.5842 |            5267
34:08 |   801 |     1.875e-05 |    10.5505 |         20.0357 |     6.1615 |          1.5945 |            5267
35:55 |   802 |     1.875e-05 |    10.4955 |         21.4386 |     7.4959 |          1.5915 |            5267
37:42 |   803 |     1.875e-05 |    10.7202 |         20.7824 |     7.3043 |          1.6176 |            5267
39:28 |   804 |     1.875e-05 |    10.5171 |         20.6552 |     5.7462 |          1.6213 |            5267
41:15 |   805 |     1.875e-05 |    10.6990 |         21.4470 |     7.7190 |          1.6307 |            5267
43:02 |   806 |     1.875e-05 |    11.0844 |         21.1268 |     7.7447 |          1.6023 |            5267
44:48 |   807 |     1.875e-05 |    10.7130 |         20.3048 |     5.3314 |          1.6327 |            5267
46:35 |   808 |     1.875e-05 |    10.4871 |         21.2666 |     6.7738 |          1.6093 |            5267
48:22 |   809 |     1.875e-05 |    10.4608 |         19.7293 |     5.3702 |          1.5794 |            5267
50:09 |   810 |     1.875e-05 |    10.3942 |         19.7913 |     5.8112 |          1.6198 |            5267
51:55 |   811 |     1.875e-05 |    10.5947 |         20.6750 |     7.3405 |          1.6113 |            5267
53:42 |   812 |     1.875e-05 |    10.6496 |         19.8525 |     5.6512 |          1.5916 |            5267
55:28 |   813 |     1.875e-05 |    10.3946 |         20.1686 |     5.5439 |          1.6059 |            5267
57:15 |   814 |     1.875e-05 |    10.3213 |         20.3253 |     5.7685 |          1.5946 |            5267
59:01 |   815 |     1.875e-05 |    10.5139 |         19.6168 |     5.0645 |          1.5781 |            5267
00:48 |   816 |     1.875e-05 |    10.8605 |         22.8106 |     9.6279 |          1.6158 |            5267
02:35 |   817 |     1.875e-05 |    11.4692 |         20.6274 |     5.8855 |          1.6242 |            5267
04:21 |   818 |     1.875e-05 |    10.6435 |         20.5430 |     6.5057 |          1.6011 |            5267
06:08 |   819 |     1.875e-05 |    10.5640 |         20.7978 |     6.2773 |          1.6161 |            5267
07:54 |   820 |     1.875e-05 |    10.7189 |         19.8909 |     5.0212 |          1.5975 |            5267
09:41 |   821 |     1.875e-05 |    10.5257 |         20.0206 |     5.5683 |          1.5908 |            5267
11:28 |   822 |     1.875e-05 |    10.4973 |         19.8992 |     5.2379 |          1.5845 |            5267
13:15 |   823 |     1.875e-05 |    10.6472 |         22.0579 |     7.7389 |          1.6518 |            5267
15:01 |   824 |     1.875e-05 |    10.4158 |         19.8844 |     5.5551 |          1.6098 |            5267
16:48 |   825 |     1.875e-05 |    10.4020 |         19.9250 |     5.5184 |          1.5739 |            5267
18:35 |   826 |     1.875e-05 |    10.2419 |         19.9513 |     5.1854 |          1.6055 |            5267
20:22 |   827 |     1.875e-05 |    10.3666 |         20.9101 |     6.0978 |          1.6067 |            5267
22:09 |   828 |     1.875e-05 |    10.3364 |         19.8723 |     5.5608 |          1.6020 |            5267
23:55 |   829 |     1.875e-05 |    10.9844 |         20.9423 |     5.7769 |          1.6079 |            5267
25:42 |   830 |     9.375e-06 |     9.9005 |         20.3136 |     6.5401 |          1.5703 |            5267
27:29 |   831 |     9.375e-06 |     9.8294 |         19.6616 |     4.7988 |          1.5615 |            5267
29:15 |   832 |     9.375e-06 |     9.6488 |         20.0209 |     5.4263 |          1.5735 |            5267
31:02 |   833 |     9.375e-06 |     9.6907 |         19.9630 |     5.1405 |          1.5733 |            5267
32:49 |   834 |     9.375e-06 |     9.9721 |         21.4668 |     6.6268 |          1.7076 |            5267
34:35 |   835 |     9.375e-06 |    10.7682 |         19.8242 |     5.1467 |          1.6185 |            5267
36:22 |   836 |     9.375e-06 |    10.0108 |         20.2219 |     6.3748 |          1.5925 |            5267
38:09 |   837 |     9.375e-06 |     9.8903 |         20.0106 |     5.5710 |          1.5908 |            5267
39:56 |   838 |     9.375e-06 |     9.9102 |         20.1001 |     5.4809 |          1.5761 |            5267
41:42 |   839 |     9.375e-06 |     9.7403 |         20.1137 |     6.1543 |          1.5794 |            5267
43:29 |   840 |     9.375e-06 |     9.7373 |         19.9117 |     4.8425 |          1.5938 |            5267
45:15 |   841 |     9.375e-06 |     9.6979 |         19.8146 |     5.2862 |          1.5765 |            5267
47:02 |   842 |     9.375e-06 |     9.6461 |         20.0084 |     5.5246 |          1.5835 |            5267
48:49 |   843 |     9.375e-06 |     9.6484 |         19.8042 |     5.1243 |          1.5808 |            5267
50:35 |   844 |     9.375e-06 |     9.6494 |         19.7609 |     4.9314 |          1.5680 |            5267
52:22 |   845 |     9.375e-06 |     9.6407 |         19.9546 |     5.4862 |          1.5729 |            5267
54:08 |   846 |     9.375e-06 |     9.6224 |         19.9297 |     5.0700 |          1.5806 |            5267
55:55 |   847 |     9.375e-06 |     9.6971 |         19.8894 |     5.1200 |          1.5744 |            5267
57:42 |   848 |     9.375e-06 |     9.6693 |         20.0426 |     5.4319 |          1.5768 |            5267
59:28 |   849 |     9.375e-06 |     9.5544 |         20.4253 |     5.8826 |          1.5633 |            5267
01:15 |   850 |     9.375e-06 |     9.6055 |         19.8159 |     5.7223 |          1.5736 |            5267
03:02 |   851 |     9.375e-06 |     9.6409 |         19.9376 |     5.2007 |          1.5938 |            5267
04:48 |   852 |     9.375e-06 |     9.7514 |         19.9033 |     5.7562 |          1.5719 |            5267
06:35 |   853 |     9.375e-06 |     9.6024 |         19.8258 |     4.8649 |          1.5799 |            5267
08:22 |   854 |     9.375e-06 |     9.4894 |         19.6514 |     5.3490 |          1.5665 |            5267
10:09 |   855 |     9.375e-06 |     9.5169 |         19.7954 |     5.0986 |          1.5678 |            5267
11:56 |   856 |     9.375e-06 |     9.6392 |         19.9647 |     5.0607 |          1.5609 |            5267
13:42 |   857 |     9.375e-06 |     9.4153 |         21.8510 |     8.5360 |          1.5755 |            5267
15:29 |   858 |     9.375e-06 |     9.7913 |         20.3862 |     5.7368 |          1.5652 |            5267
17:15 |   859 |     9.375e-06 |     9.7190 |         20.1884 |     6.2856 |          1.5703 |            5267
19:02 |   860 |     9.375e-06 |     9.5881 |         20.0968 |     5.4984 |          1.5715 |            5267
20:49 |   861 |     9.375e-06 |     9.6353 |         19.8669 |     5.3618 |          1.5712 |            5267
22:35 |   862 |     9.375e-06 |     9.5425 |         19.7853 |     5.1078 |          1.5648 |            5267
24:22 |   863 |     9.375e-06 |     9.5010 |         20.3701 |     5.7353 |          1.5768 |            5267
26:08 |   864 |     9.375e-06 |     9.5140 |         20.9524 |     7.8711 |          1.5634 |            5267
27:55 |   865 |     9.375e-06 |     9.9777 |         19.7507 |     4.8172 |          1.5605 |            5267
29:42 |   866 |     9.375e-06 |     9.6318 |         19.8500 |     5.2842 |          1.5668 |            5267
31:29 |   867 |     9.375e-06 |     9.4890 |         19.8205 |     5.0124 |          1.5660 |            5267
33:15 |   868 |     9.375e-06 |     9.3977 |         19.8096 |     5.0625 |          1.5700 |            5267
35:02 |   869 |     9.375e-06 |     9.4412 |         19.7204 |     4.7548 |          1.5636 |            5267
36:48 |   870 |     9.375e-06 |     9.5316 |         20.2985 |     5.5509 |          1.5811 |            5267
38:35 |   871 |     9.375e-06 |     9.5257 |         20.5552 |     5.9230 |          1.5755 |            5267
40:21 |   872 |     9.375e-06 |     9.4683 |         20.7249 |     6.1813 |          1.5664 |            5267
42:07 |   873 |     9.375e-06 |     9.5390 |         19.7984 |     4.8509 |          1.5646 |            5267
43:54 |   874 |     9.375e-06 |     9.4255 |         20.5697 |     6.3674 |          1.5784 |            5267
45:41 |   875 |     9.375e-06 |     9.4630 |         20.0147 |     5.4377 |          1.5750 |            5267
47:27 |   876 |     9.375e-06 |     9.4597 |         20.3165 |     6.3835 |          1.5683 |            5267
49:14 |   877 |     9.375e-06 |     9.7638 |         19.9846 |     4.8690 |          1.5722 |            5267
51:00 |   878 |     9.375e-06 |     9.6527 |         19.8058 |     5.4598 |          1.5544 |            5267
52:47 |   879 |     9.375e-06 |     9.4002 |         19.7588 |     5.1412 |          1.5605 |            5267
54:33 |   880 |     9.375e-06 |     9.6971 |         20.1818 |     5.5532 |          1.6013 |            5267
56:20 |   881 |     4.687e-06 |     9.3273 |         19.8438 |     4.7921 |          1.5716 |            5267
58:06 |   882 |     4.687e-06 |     9.3187 |         19.7977 |     4.7902 |          1.5657 |            5267
59:53 |   883 |     4.687e-06 |     9.3005 |         20.3511 |     5.3513 |          1.6044 |            5267
01:39 |   884 |     4.687e-06 |     9.4459 |         20.1352 |     5.9034 |          1.5768 |            5267
03:26 |   885 |     4.687e-06 |     9.3281 |         19.8432 |     4.7946 |          1.5647 |            5267
05:13 |   886 |     4.687e-06 |     9.2664 |         20.0406 |     5.0746 |          1.5655 |            5267
06:59 |   887 |     4.687e-06 |     9.2562 |         19.7938 |     5.1121 |          1.5600 |            5267
08:45 |   888 |     4.687e-06 |     9.2007 |         19.7998 |     4.7369 |          1.5656 |            5267
10:32 |   889 |     4.687e-06 |     9.2478 |         19.8100 |     4.7777 |          1.5596 |            5267
12:19 |   890 |     4.687e-06 |     9.1752 |         20.2667 |     6.2401 |          1.5634 |            5267
14:06 |   891 |     4.687e-06 |     9.1923 |         19.7933 |     4.8104 |          1.5598 |            5267
15:52 |   892 |     4.687e-06 |     9.2180 |         20.3110 |     6.4745 |          1.5578 |            5267
17:39 |   893 |     4.687e-06 |     9.1667 |         19.8794 |     4.7444 |          1.5611 |            5267
19:26 |   894 |     4.687e-06 |     9.2052 |         19.8978 |     5.5671 |          1.5543 |            5267
21:12 |   895 |     4.687e-06 |     9.1473 |         19.8331 |     4.6843 |          1.5592 |            5267
22:59 |   896 |     4.687e-06 |     9.4133 |         19.8552 |     4.7831 |          1.5636 |            5267
24:46 |   897 |     4.687e-06 |     9.2254 |         20.1793 |     5.0647 |          1.5736 |            5267
26:33 |   898 |     4.687e-06 |     9.2617 |         19.9061 |     4.7850 |          1.5619 |            5267
28:19 |   899 |     4.687e-06 |     9.1659 |         19.9097 |     5.4500 |          1.5556 |            5267
30:05 |   900 |     4.687e-06 |     9.2254 |         19.8086 |     4.8204 |          1.5554 |            5267
31:52 |   901 |     4.687e-06 |     9.1656 |         19.8702 |     4.7015 |          1.5609 |            5267
33:39 |   902 |     4.687e-06 |     9.2160 |         20.0871 |     5.3197 |          1.5642 |            5267
35:25 |   903 |     4.687e-06 |     9.1740 |         19.7542 |     4.7698 |          1.5566 |            5267
37:12 |   904 |     4.687e-06 |     9.1165 |         19.8783 |     4.9967 |          1.5510 |            5267
38:58 |   905 |     4.687e-06 |     9.1817 |         20.0324 |     4.9557 |          1.5631 |            5267
40:44 |   906 |     4.687e-06 |     9.2637 |         19.8099 |     4.7565 |          1.5650 |            5267
42:31 |   907 |     4.687e-06 |     9.1336 |         19.8855 |     4.8988 |          1.5554 |            5267
44:18 |   908 |     4.687e-06 |     9.0878 |         20.0811 |     5.0176 |          1.5691 |            5267
46:05 |   909 |     4.687e-06 |     9.1616 |         19.9093 |     4.9820 |          1.5853 |            5267
47:52 |   910 |     4.687e-06 |     9.3468 |         19.9745 |     4.9200 |          1.5791 |            5267
49:39 |   911 |     4.687e-06 |     9.2890 |         19.7937 |     4.7908 |          1.5687 |            5267
51:26 |   912 |     4.687e-06 |     9.1954 |         19.7964 |     4.7818 |          1.5681 |            5267
53:13 |   913 |     4.687e-06 |     9.1904 |         19.8353 |     4.7200 |          1.5653 |            5267
55:00 |   914 |     4.687e-06 |     9.0941 |         20.0135 |     5.0069 |          1.5626 |            5267
56:46 |   915 |     4.687e-06 |     9.1605 |         19.7807 |     4.7869 |          1.5601 |            5267
58:33 |   916 |     4.687e-06 |     9.0882 |         19.9371 |     5.3771 |          1.5665 |            5267
00:20 |   917 |     4.687e-06 |     9.1191 |         19.8323 |     5.4982 |          1.5585 |            5267
02:06 |   918 |     4.687e-06 |     9.1097 |         19.8162 |     5.1430 |          1.5570 |            5267
03:53 |   919 |     4.687e-06 |     9.0775 |         19.7960 |     4.8759 |          1.5579 |            5267
05:39 |   920 |     4.687e-06 |     9.0551 |         19.7812 |     4.8115 |          1.5583 |            5267
07:26 |   921 |     4.687e-06 |     9.0633 |         19.7360 |     4.7647 |          1.5505 |            5267
09:13 |   922 |     4.687e-06 |     9.0952 |         19.8205 |     5.2001 |          1.5640 |            5267
10:59 |   923 |     4.687e-06 |     9.0825 |         20.0213 |     4.9620 |          1.5642 |            5267
12:46 |   924 |     4.687e-06 |     9.0714 |         19.7024 |     4.8397 |          1.5546 |            5267
14:32 |   925 |     4.687e-06 |     9.0818 |         19.7456 |     4.6559 |          1.5606 |            5267
16:19 |   926 |     4.687e-06 |     9.0507 |         19.8398 |     4.7970 |          1.5600 |            5267
18:05 |   927 |     4.687e-06 |     9.0427 |         19.7913 |     4.7528 |          1.5611 |            5267
19:52 |   928 |     4.687e-06 |     9.0797 |         20.3216 |     5.7469 |          1.5579 |            5267
21:39 |   929 |     4.687e-06 |     9.2716 |         20.0194 |     5.5454 |          1.5693 |            5267
23:26 |   930 |     4.687e-06 |     9.1286 |         19.9219 |     4.8888 |          1.5624 |            5267
25:13 |   931 |     4.687e-06 |     9.0774 |         19.9675 |     5.5695 |          1.5566 |            5267
27:00 |   932 |     2.344e-06 |     8.9563 |         19.9870 |     4.8857 |          1.5635 |            5267
28:46 |   933 |     2.344e-06 |     8.9833 |         19.9060 |     5.0777 |          1.5624 |            5267
30:33 |   934 |     2.344e-06 |     8.9612 |         19.8290 |     4.6490 |          1.5565 |            5267
32:20 |   935 |     2.344e-06 |     8.9767 |         19.9465 |     4.7972 |          1.5573 |            5267
34:07 |   936 |     2.344e-06 |     8.9812 |         19.9719 |     4.7516 |          1.5609 |            5267
35:53 |   937 |     2.344e-06 |     8.9437 |         19.8708 |     4.6950 |          1.5618 |            5267
37:40 |   938 |     2.344e-06 |     8.9445 |         19.7783 |     4.7198 |          1.5535 |            5267
39:27 |   939 |     2.344e-06 |     8.9599 |         19.7847 |     4.8546 |          1.5527 |            5267
41:14 |   940 |     2.344e-06 |     8.9576 |         19.9724 |     4.8762 |          1.5613 |            5267
43:00 |   941 |     2.344e-06 |     8.9311 |         19.9455 |     4.7230 |          1.5587 |            5267
44:47 |   942 |     2.344e-06 |     8.9098 |         19.9220 |     4.8426 |          1.5548 |            5267
46:34 |   943 |     2.344e-06 |     8.9362 |         19.8942 |     4.9718 |          1.5557 |            5267
48:21 |   944 |     2.344e-06 |     8.9337 |         19.8366 |     4.6708 |          1.5504 |            5267
50:07 |   945 |     2.344e-06 |     8.9487 |         20.0843 |     5.3563 |          1.5618 |            5267
51:54 |   946 |     2.344e-06 |     9.0190 |         19.8679 |     4.9731 |          1.5526 |            5267
53:41 |   947 |     2.344e-06 |     8.9127 |         19.8513 |     4.7059 |          1.5539 |            5267
55:28 |   948 |     2.344e-06 |     8.9438 |         19.8447 |     4.9551 |          1.5529 |            5267
57:14 |   949 |     2.344e-06 |     8.9816 |         20.1640 |     5.0737 |          1.5703 |            5267
59:01 |   950 |     2.344e-06 |     9.0823 |         19.7904 |     4.7214 |          1.5606 |            5267
00:48 |   951 |     2.344e-06 |     8.9465 |         19.9158 |     4.7255 |          1.5591 |            5267
02:34 |   952 |     2.344e-06 |     8.9395 |         19.9130 |     4.8312 |          1.5560 |            5267
04:22 |   953 |     2.344e-06 |     8.9635 |         19.8936 |     5.2954 |          1.5570 |            5267
06:08 |   954 |     2.344e-06 |     8.9641 |         19.7847 |     4.8210 |          1.5550 |            5267
07:55 |   955 |     2.344e-06 |     8.9330 |         19.7649 |     4.8243 |          1.5565 |            5267
09:41 |   956 |     2.344e-06 |     8.9669 |         19.8910 |     5.3774 |          1.5574 |            5267
11:28 |   957 |     2.344e-06 |     8.9677 |         19.8609 |     4.7341 |          1.5563 |            5267
13:15 |   958 |     2.344e-06 |     8.9583 |         20.0092 |     4.7813 |          1.5635 |            5267
15:01 |   959 |     2.344e-06 |     8.9818 |         19.8054 |     4.6661 |          1.5551 |            5267
16:48 |   960 |     2.344e-06 |     8.9393 |         19.8215 |     5.1201 |          1.5541 |            5267
18:35 |   961 |     2.344e-06 |     8.9421 |         19.8043 |     4.6692 |          1.5553 |            5267
20:22 |   962 |     2.344e-06 |     8.9098 |         19.8241 |     4.6701 |          1.5528 |            5267
22:08 |   963 |     2.344e-06 |     8.9114 |         19.7807 |     4.6362 |          1.5539 |            5267
23:55 |   964 |     2.344e-06 |     8.8968 |         19.8359 |     4.7938 |          1.5536 |            5267
25:42 |   965 |     2.344e-06 |     8.9043 |         19.7870 |     4.7685 |          1.5544 |            5267
27:28 |   966 |     2.344e-06 |     8.9030 |         19.7719 |     4.6859 |          1.5509 |            5267
29:15 |   967 |     2.344e-06 |     8.9371 |         19.7747 |     5.0007 |          1.5512 |            5267
31:02 |   968 |     2.344e-06 |     8.9025 |         19.8562 |     4.7090 |          1.5564 |            5267
32:48 |   969 |     2.344e-06 |     8.9596 |         19.8038 |     4.7767 |          1.5532 |            5267
34:35 |   970 |     2.344e-06 |     8.8872 |         19.8042 |     4.6690 |          1.5508 |            5267
36:22 |   971 |     2.344e-06 |     8.9105 |         19.7541 |     4.8380 |          1.5526 |            5267
38:08 |   972 |     2.344e-06 |     8.9154 |         19.8435 |     4.8569 |          1.5556 |            5267
39:54 |   973 |     2.344e-06 |     8.8796 |         19.8014 |     4.7253 |          1.5534 |            5267
41:41 |   974 |     2.344e-06 |     8.8818 |         19.8032 |     4.6978 |          1.5513 |            5267
43:28 |   975 |     2.344e-06 |     8.9132 |         19.8228 |     4.7191 |          1.5529 |            5267
45:15 |   976 |     2.344e-06 |     8.9369 |         19.8102 |     4.8260 |          1.5544 |            5267
47:02 |   977 |     2.344e-06 |     8.8646 |         19.7700 |     4.6024 |          1.5565 |            5267
48:49 |   978 |     2.344e-06 |     8.8929 |         19.7788 |     4.7754 |          1.5559 |            5267
50:35 |   979 |     2.344e-06 |     8.9357 |         19.7863 |     4.8652 |          1.5541 |            5267
52:22 |   980 |     2.344e-06 |     8.9011 |         19.8078 |     4.8414 |          1.5504 |            5267
54:09 |   981 |     2.344e-06 |     8.9445 |         19.8183 |     4.9245 |          1.5524 |            5267
55:55 |   982 |     2.344e-06 |     8.8521 |         19.7875 |     4.7511 |          1.5529 |            5267
57:42 |   983 |     1.172e-06 |     8.8346 |         19.8217 |     4.7821 |          1.5570 |            5267
59:29 |   984 |     1.172e-06 |     8.8699 |         19.8038 |     4.8069 |          1.5514 |            5267
01:15 |   985 |     1.172e-06 |     8.8686 |         19.8238 |     4.6666 |          1.5508 |            5267
03:02 |   986 |     1.172e-06 |     8.8571 |         19.8428 |     4.7057 |          1.5507 |            5267
04:47 |   987 |     1.172e-06 |     8.8437 |         19.7773 |     4.7069 |          1.5504 |            5267
06:32 |   988 |     1.172e-06 |     8.8530 |         19.7991 |     4.6276 |          1.5505 |            5267
08:17 |   989 |     1.172e-06 |     8.8279 |         19.7885 |     4.7300 |          1.5496 |            5267
10:02 |   990 |     1.172e-06 |     8.8496 |         19.8958 |     4.6796 |          1.5529 |            5267
11:47 |   991 |     1.172e-06 |     8.8591 |         19.8222 |     4.6611 |          1.5492 |            5267
13:32 |   992 |     1.172e-06 |     8.8309 |         19.9153 |     5.2972 |          1.5508 |            5267
15:17 |   993 |     1.172e-06 |     8.8309 |         19.7962 |     4.6534 |          1.5510 |            5267
17:02 |   994 |     1.172e-06 |     8.8138 |         19.8328 |     4.7250 |          1.5523 |            5267
18:47 |   995 |     1.172e-06 |     8.8333 |         19.8134 |     4.6975 |          1.5511 |            5267
20:32 |   996 |     1.172e-06 |     8.8260 |         19.8163 |     4.7204 |          1.5507 |            5267
22:17 |   997 |     1.172e-06 |     8.8099 |         19.8131 |     4.9924 |          1.5511 |            5267
24:02 |   998 |     1.172e-06 |     8.8423 |         19.7814 |     4.8550 |          1.5502 |            5267
25:46 |   999 |     1.172e-06 |     8.8273 |         19.8068 |     4.8677 |          1.5489 |            5267
27:30 |  1000 |     1.172e-06 |     8.8313 |         19.8444 |     4.9180 |          1.5515 |            5267
29:14 |  1001 |     1.172e-06 |     8.8624 |         19.8635 |     4.6658 |          1.5509 |            5267
30:58 |  1002 |     1.172e-06 |     8.7984 |         19.9346 |     5.1703 |          1.5525 |            5267
32:42 |  1003 |     1.172e-06 |     8.8441 |         19.8321 |     4.7921 |          1.5511 |            5267
34:26 |  1004 |     1.172e-06 |     8.8037 |         19.8382 |     4.8260 |          1.5501 |            5267
36:10 |  1005 |     1.172e-06 |     8.8229 |         19.9026 |     5.1802 |          1.5509 |            5386
37:54 |  1006 |     1.172e-06 |     8.7895 |         19.8319 |     4.6711 |          1.5505 |            5386
39:38 |  1007 |     1.172e-06 |     8.8255 |         19.8439 |     4.6638 |          1.5496 |            5386
41:22 |  1008 |     1.172e-06 |     8.8287 |         19.8130 |     4.6834 |          1.5507 |            5386
43:05 |  1009 |     1.172e-06 |     8.8311 |         19.9259 |     4.6965 |          1.5508 |            5386
44:50 |  1010 |     1.172e-06 |     8.7885 |         19.8908 |     4.6734 |          1.5508 |            5386
46:34 |  1011 |     1.172e-06 |     8.8287 |         19.8829 |     5.0712 |          1.5492 |            5386
48:18 |  1012 |     1.172e-06 |     8.8073 |         19.8503 |     4.9415 |          1.5499 |            5386
50:02 |  1013 |     1.172e-06 |     8.8156 |         19.9212 |     5.2512 |          1.5496 |            5386
51:46 |  1014 |     1.172e-06 |     8.8232 |         19.8584 |     4.6353 |          1.5509 |            5386
53:30 |  1015 |     1.172e-06 |     8.8158 |         19.8431 |     4.7779 |          1.5512 |            5386
55:13 |  1016 |     1.172e-06 |     8.8110 |         19.8404 |     4.7789 |          1.5492 |            5386
56:57 |  1017 |     1.172e-06 |     8.8211 |         19.8792 |     4.6345 |          1.5497 |            5386
58:41 |  1018 |     1.172e-06 |     8.8195 |         19.8352 |     4.8226 |          1.5472 |            5386
00:25 |  1019 |     1.172e-06 |     8.8033 |         19.9363 |     4.6350 |          1.5511 |            5386
02:09 |  1020 |     1.172e-06 |     8.8113 |         19.8687 |     4.8167 |          1.5479 |            5386
03:52 |  1021 |     1.172e-06 |     8.7945 |         19.9313 |     5.0118 |          1.5495 |            5386
05:35 |  1022 |     1.172e-06 |     8.7896 |         19.9392 |     4.7102 |          1.5488 |            5386
07:18 |  1023 |     1.172e-06 |     8.8026 |         19.9605 |     5.0727 |          1.5517 |            5386
09:01 |  1024 |     1.172e-06 |     8.8023 |         19.8961 |     4.6530 |          1.5493 |            5386
10:45 |  1025 |     1.172e-06 |     8.8016 |         19.9220 |     4.7285 |          1.5516 |            5386
12:28 |  1026 |     1.172e-06 |     8.8058 |         19.9026 |     5.0358 |          1.5498 |            5386
14:11 |  1027 |     1.172e-06 |     8.7759 |         19.8669 |     4.6290 |          1.5503 |            5386
15:54 |  1028 |     1.172e-06 |     8.7814 |         19.9098 |     5.0243 |          1.5487 |            5386
17:37 |  1029 |     1.172e-06 |     8.8359 |         19.9484 |     4.6719 |          1.5506 |            5386
19:21 |  1030 |     1.172e-06 |     8.7927 |         19.9227 |     4.6824 |          1.5498 |            5386
21:04 |  1031 |     1.172e-06 |     8.7904 |         19.9546 |     4.6398 |          1.5504 |            5386
22:47 |  1032 |     1.172e-06 |     8.7824 |         19.9587 |     4.7491 |          1.5513 |            5386
24:31 |  1033 |     1.172e-06 |     8.7946 |         19.8699 |     4.6537 |          1.5473 |            5386
