 Time | Epoch | Learning rate | Train loss | Validation loss | MAE_energy | MAE_energy_grad | GPU Memory (MB)
50:27 |     1 |     3.000e-04 | 1170558.5068 |      12711.1272 |   246.8352 |         65.3346 |           10185
50:42 |     2 |     3.000e-04 |  9598.7661 |       7020.4211 |   163.1510 |         49.3727 |           10185
50:57 |     3 |     3.000e-04 |  6125.5300 |       4988.1966 |   144.0358 |         41.3622 |           10186
51:12 |     4 |     3.000e-04 |  4332.9665 |       3949.0810 |   134.8459 |         36.3737 |           10186
51:27 |     5 |     3.000e-04 |  3689.4843 |       3224.0260 |   123.8502 |         32.6107 |           10186
51:42 |     6 |     3.000e-04 |  3080.7919 |       3549.0791 |   170.4320 |         30.0089 |           10186
51:57 |     7 |     3.000e-04 |  2617.8280 |       2364.3214 |   104.4772 |         27.9312 |           10186
52:12 |     8 |     3.000e-04 |  2462.6751 |       2184.8883 |    98.1909 |         26.2227 |           10186
52:27 |     9 |     3.000e-04 |  2565.5493 |       2505.5444 |   142.1228 |         24.9592 |           10186
52:42 |    10 |     3.000e-04 |  2022.4719 |       1760.9020 |    86.9310 |         23.5922 |           10186
52:57 |    11 |     3.000e-04 |  1748.7600 |       1506.0603 |    77.7742 |         22.6057 |           10186
53:12 |    12 |     3.000e-04 |  2119.1962 |       1802.5798 |   110.1914 |         21.7775 |           10186
53:27 |    13 |     3.000e-04 |  2239.8480 |       1508.8848 |    86.2050 |         21.0116 |           10186
53:42 |    14 |     3.000e-04 |  1683.3941 |       1789.2305 |   123.6315 |         20.1712 |           10186
53:57 |    15 |     3.000e-04 |  1635.7768 |       1476.5465 |   105.2763 |         19.5318 |           10186
54:12 |    16 |     3.000e-04 |  1677.4123 |       1468.7725 |   107.8807 |         18.9618 |           10190
54:27 |    17 |     3.000e-04 |  2055.6144 |       1058.9819 |    65.5369 |         18.4295 |           10190
54:42 |    18 |     3.000e-04 |  1726.7043 |       1142.6083 |    79.9109 |         18.0543 |           10190
54:57 |    19 |     3.000e-04 |  1612.5724 |       1031.2700 |    69.2150 |         17.4306 |           10190
55:12 |    20 |     3.000e-04 |  3185.1256 |       3552.7208 |   219.3754 |         16.8814 |           10190
55:27 |    21 |     3.000e-04 |  2155.1295 |       2203.8503 |   146.6569 |         17.2965 |           10190
55:42 |    22 |     3.000e-04 |  3988.5669 |       6539.0994 |   328.7078 |         17.0008 |           10191
55:57 |    23 |     3.000e-04 |  2926.4366 |      19484.6797 |   594.4614 |         16.0550 |           10191
56:12 |    24 |     3.000e-04 |  5709.7298 |       3749.0731 |   241.5471 |         15.6028 |           10191
56:27 |    25 |     3.000e-04 |  7041.4305 |       4841.8315 |   257.4417 |         15.0314 |           10191
56:42 |    26 |     3.000e-04 |  3257.2132 |       7732.0214 |   356.2797 |         14.1866 |           10191
56:57 |    27 |     3.000e-04 | 36244.6252 |       5244.8271 |   222.1483 |         15.6838 |           10191
57:12 |    28 |     3.000e-04 |  1790.6618 |        963.9005 |    99.0387 |         12.2960 |           10191
57:27 |    29 |     3.000e-04 |   880.2475 |       1341.3426 |   116.2755 |         12.3273 |           10191
57:42 |    30 |     3.000e-04 |  1038.0705 |       2831.9065 |   204.9608 |         12.3816 |           10191
57:57 |    31 |     3.000e-04 |  1008.7370 |       1595.0490 |   138.6276 |         11.8293 |           10191
58:12 |    32 |     3.000e-04 |  2438.2104 |       2958.8673 |   208.6959 |         11.9630 |           10191
58:27 |    33 |     3.000e-04 |  1504.5469 |        632.9879 |    67.2332 |         11.9608 |           10191
58:42 |    34 |     3.000e-04 |  3863.4415 |      10646.6952 |   439.0265 |         11.9659 |           10191
58:57 |    35 |     3.000e-04 |  1619.6125 |       1639.7726 |   143.8871 |         11.2948 |           10191
59:12 |    36 |     3.000e-04 |  3034.6167 |       2597.7687 |   173.3919 |         12.9907 |           10191
59:27 |    37 |     3.000e-04 |  7680.5959 |       6666.1096 |   326.7352 |         12.4336 |           10191
59:42 |    38 |     3.000e-04 |  4376.2815 |        630.8089 |    69.1520 |         10.4872 |           10191
59:57 |    39 |     3.000e-04 |   674.0574 |        484.6242 |    54.7059 |         10.2436 |           10191
00:12 |    40 |     3.000e-04 |  3035.1466 |       5368.6525 |   305.9215 |         10.1065 |           10191
00:27 |    41 |     3.000e-04 |  2132.0483 |        705.3193 |    73.0753 |         10.3414 |           10191
00:42 |    42 |     3.000e-04 |  1710.2241 |        886.3080 |    89.5265 |          9.9986 |           10191
00:57 |    43 |     3.000e-04 |   742.9285 |        754.9897 |    80.3801 |          9.9395 |           10191
01:12 |    44 |     3.000e-04 |  2283.3333 |     110482.8835 |  1383.4932 |         10.9876 |           10191
01:27 |    45 |     3.000e-04 |  6232.8858 |        489.1601 |    56.7583 |          9.6523 |           10191
01:42 |    46 |     3.000e-04 |  1621.9180 |       1829.4294 |   144.6721 |         11.6691 |           10191
01:57 |    47 |     3.000e-04 |  1654.4492 |       3773.3264 |   219.6365 |          9.7482 |           10191
02:12 |    48 |     3.000e-04 |  1404.4140 |        424.1884 |    47.0453 |          9.5488 |           10191
02:27 |    49 |     3.000e-04 |  2037.2637 |       1419.5844 |   138.4743 |          9.1875 |           10191
02:42 |    50 |     3.000e-04 |  4711.4886 |        765.0078 |    72.5779 |         10.8111 |           10191
02:57 |    51 |     3.000e-04 |  1166.6455 |        549.1424 |    60.9834 |          9.0079 |           10191
03:12 |    52 |     3.000e-04 |  1334.3947 |       1080.5718 |   113.2446 |          8.9596 |           10191
03:27 |    53 |     3.000e-04 |  5277.3446 |        592.5557 |    63.8577 |          9.0666 |           10191
03:42 |    54 |     3.000e-04 |   669.0315 |        595.8092 |    69.7032 |          8.7283 |           10191
03:57 |    55 |     3.000e-04 |  1000.4213 |       1903.9454 |   173.3210 |          8.9844 |           10191
04:12 |    56 |     3.000e-04 |  1621.8084 |       1260.7734 |   120.9287 |          9.3338 |           10191
04:27 |    57 |     3.000e-04 |  1496.5977 |        978.4469 |   110.7317 |          8.4065 |           10191
04:42 |    58 |     3.000e-04 |  5725.8622 |       7321.0148 |   347.4686 |          9.8039 |           10191
04:57 |    59 |     3.000e-04 |  3440.0317 |        624.4645 |    67.6984 |          8.1540 |           10191
05:12 |    60 |     3.000e-04 |  1121.0463 |        677.6918 |    72.8254 |          8.4810 |           10191
05:27 |    61 |     3.000e-04 |   754.0897 |        390.6321 |    49.9730 |          8.4216 |           10191
05:42 |    62 |     3.000e-04 |   992.6228 |        537.6414 |    74.9732 |          8.0806 |           10191
05:57 |    63 |     3.000e-04 |   801.9734 |        741.5728 |    90.1127 |          8.0618 |           10191
06:12 |    64 |     3.000e-04 |  1015.1462 |        484.0566 |    70.7322 |          7.9246 |           10191
06:27 |    65 |     3.000e-04 |  1699.8985 |       2294.6319 |   187.2762 |          8.3773 |           10191
06:42 |    66 |     3.000e-04 |   809.3848 |        758.1775 |    99.1968 |          8.0860 |           10191
06:57 |    67 |     3.000e-04 |  1891.1258 |       1000.9661 |   119.7487 |          7.7465 |           10191
07:12 |    68 |     3.000e-04 |  2071.5784 |      10292.3960 |   410.4318 |          9.9095 |           10191
07:27 |    69 |     3.000e-04 |  1995.7229 |       2033.8462 |   180.5176 |          7.7624 |           10191
07:42 |    70 |     3.000e-04 |   780.2461 |        772.7156 |    98.1181 |          7.6679 |           10191
07:57 |    71 |     3.000e-04 |   737.4907 |        322.7264 |    40.8205 |          7.6899 |           10191
08:12 |    72 |     3.000e-04 |  1307.4113 |       3324.4877 |   215.7800 |          8.9924 |           10191
08:27 |    73 |     3.000e-04 |  1678.3939 |       2084.5055 |   185.8692 |          7.6860 |           10191
08:42 |    74 |     3.000e-04 |   741.2466 |        334.3170 |    42.6896 |          7.4152 |           10191
08:56 |    75 |     3.000e-04 |  1261.5309 |       7520.9198 |   364.0364 |          8.0058 |           10191
09:11 |    76 |     3.000e-04 |   845.3326 |        311.7658 |    47.4048 |          7.3268 |           10191
09:27 |    77 |     3.000e-04 |   842.5775 |       1644.6007 |   163.8811 |          7.3809 |           10191
09:42 |    78 |     3.000e-04 |   730.9381 |       4802.9358 |   294.1416 |          7.4060 |           10191
09:57 |    79 |     3.000e-04 |   928.0763 |        394.9906 |    51.9127 |          7.8478 |           10191
10:12 |    80 |     3.000e-04 | 12886.1744 |       5105.9919 |   270.3954 |         12.2424 |           10191
10:27 |    81 |     3.000e-04 |   990.6210 |        335.7004 |    47.1569 |          6.8372 |           10191
10:42 |    82 |     3.000e-04 |   389.9167 |        583.6035 |    82.6929 |          7.3109 |           10191
10:57 |    83 |     3.000e-04 |   373.9621 |        259.1855 |    35.6493 |          6.9757 |           10191
11:12 |    84 |     3.000e-04 |   387.8016 |        272.4021 |    34.4488 |          7.0425 |           10191
11:27 |    85 |     3.000e-04 |   359.8258 |        319.0661 |    45.0639 |          6.8634 |           10191
11:42 |    86 |     3.000e-04 |   372.4634 |        427.0735 |    63.0562 |          7.2195 |           10191
11:57 |    87 |     3.000e-04 |   286.5804 |        288.1385 |    39.5460 |          6.8736 |           10191
12:12 |    88 |     3.000e-04 |   354.3271 |        459.9637 |    68.6888 |          6.8979 |           10191
12:26 |    89 |     3.000e-04 |   590.9281 |        551.1311 |    79.3514 |          6.8916 |           10191
12:41 |    90 |     3.000e-04 |   316.2747 |        248.6856 |    34.3509 |          6.7551 |           10191
12:57 |    91 |     3.000e-04 |   603.2564 |        725.1679 |    98.7808 |          6.8370 |           10191
13:11 |    92 |     3.000e-04 |   627.4376 |        828.0077 |   105.0909 |          6.6590 |           10191
13:26 |    93 |     3.000e-04 |   668.9069 |        207.3316 |    28.4546 |          6.6105 |           10191
13:41 |    94 |     3.000e-04 |   377.4005 |        282.3362 |    41.3428 |          6.9769 |           10191
13:56 |    95 |     3.000e-04 |   452.8007 |        224.0498 |    31.0091 |          6.6385 |           10191
14:12 |    96 |     3.000e-04 |   353.3384 |       1573.7861 |   150.2806 |          6.6375 |           10191
14:26 |    97 |     3.000e-04 |   463.1234 |        985.7499 |   117.9253 |          6.4472 |           10191
14:41 |    98 |     3.000e-04 |   536.6335 |        860.5375 |   114.5931 |          6.6753 |           10191
14:56 |    99 |     3.000e-04 |   368.4125 |       1612.9356 |   155.4415 |          6.2685 |           10191
15:11 |   100 |     3.000e-04 |   506.6815 |       1065.9124 |   131.5573 |          6.4324 |           10191
15:26 |   101 |     3.000e-04 |   872.5812 |       1173.7608 |   133.2332 |          7.0241 |           10191
15:41 |   102 |     3.000e-04 |   809.1277 |        196.6273 |    31.2551 |          6.1142 |           10191
15:56 |   103 |     3.000e-04 |   286.2270 |        244.2920 |    41.6105 |          6.0391 |           10191
16:11 |   104 |     3.000e-04 |   249.8185 |        463.4359 |    74.6440 |          6.0463 |           10191
16:26 |   105 |     3.000e-04 |   508.8063 |        202.4748 |    30.0386 |          6.0831 |           10191
16:41 |   106 |     3.000e-04 |   340.8559 |        208.4002 |    31.9134 |          5.8532 |           10191
16:56 |   107 |     3.000e-04 |  2373.0749 |        617.9874 |    81.1199 |          6.9332 |           10191
17:11 |   108 |     3.000e-04 |   438.1523 |        168.6860 |    22.5097 |          5.7436 |           10191
17:26 |   109 |     3.000e-04 |   147.4098 |        534.5348 |    84.4472 |          5.6790 |           10191
17:41 |   110 |     3.000e-04 |   282.1811 |        174.2858 |    27.7618 |          5.7942 |           10191
17:56 |   111 |     3.000e-04 |   236.2715 |        302.8553 |    53.5349 |          5.5720 |           10191
18:11 |   112 |     3.000e-04 |   507.6804 |        149.4875 |    21.4001 |          5.5205 |           10191
18:26 |   113 |     3.000e-04 |   160.6505 |        259.9328 |    46.8758 |          5.4745 |           10191
18:41 |   114 |     3.000e-04 |   416.6662 |       2562.9679 |   206.1675 |          6.8409 |           10191
18:56 |   115 |     3.000e-04 |  1276.4301 |        614.9920 |    84.9158 |          5.7905 |           10191
19:11 |   116 |     3.000e-04 |   216.2574 |        282.1802 |    48.3698 |          5.3138 |           10191
19:26 |   117 |     3.000e-04 |   345.8066 |        178.6163 |    27.2577 |          5.4690 |           10191
19:41 |   118 |     3.000e-04 |   151.9664 |        196.7931 |    34.3247 |          5.2280 |           10191
19:56 |   119 |     3.000e-04 |   214.5641 |        142.3822 |    20.7345 |          5.2562 |           10191
20:11 |   120 |     3.000e-04 |   265.3534 |        186.1482 |    30.8773 |          5.4121 |           10191
20:26 |   121 |     3.000e-04 |   285.4089 |        416.3996 |    62.8900 |          5.5991 |           10191
20:41 |   122 |     3.000e-04 |   160.6548 |        214.0869 |    39.2158 |          5.3405 |           10191
20:56 |   123 |     3.000e-04 | 61740.7655 |       5995.5033 |   314.8876 |         12.7886 |           10191
21:11 |   124 |     3.000e-04 |  1192.6484 |        642.3527 |    79.3035 |          8.7934 |           10191
21:26 |   125 |     3.000e-04 |   534.7591 |        452.0710 |    60.6056 |          8.3742 |           10191
21:41 |   126 |     3.000e-04 |   374.1299 |        342.3429 |    45.1301 |          8.3210 |           10191
21:56 |   127 |     3.000e-04 |   316.5125 |        316.9513 |    43.8449 |          8.1335 |           10191
22:11 |   128 |     3.000e-04 |   291.1002 |        277.4609 |    35.1991 |          7.8403 |           10191
22:26 |   129 |     3.000e-04 |   249.8723 |        252.5925 |    33.9969 |          7.4119 |           10191
22:41 |   130 |     3.000e-04 |   227.1335 |        344.4002 |    49.3698 |          7.1488 |           10191
22:56 |   131 |     3.000e-04 |   248.8632 |        285.6739 |    41.1156 |          7.0268 |           10191
23:11 |   132 |     3.000e-04 |   200.9734 |        274.1077 |    43.8774 |          6.9485 |           10191
23:26 |   133 |     3.000e-04 |   221.6443 |        253.1120 |    42.0813 |          6.6422 |           10191
23:41 |   134 |     3.000e-04 |   169.7055 |        198.4023 |    29.3447 |          6.4493 |           10191
23:56 |   135 |     3.000e-04 |   164.2216 |        271.3643 |    43.1545 |          6.4236 |           10191
24:11 |   136 |     3.000e-04 |   169.9889 |        191.0324 |    26.8211 |          6.2608 |           10191
24:26 |   137 |     3.000e-04 |   175.2684 |        174.0104 |    24.2176 |          6.1807 |           10191
24:41 |   138 |     3.000e-04 |   159.2633 |        180.9268 |    25.3048 |          6.1907 |           10191
24:56 |   139 |     3.000e-04 |   162.7065 |        194.6481 |    31.4592 |          6.0881 |           10191
25:11 |   140 |     3.000e-04 |   152.3934 |        163.9198 |    23.3919 |          5.8662 |           10191
25:26 |   141 |     3.000e-04 |   140.9286 |        168.2407 |    25.0297 |          5.8329 |           10191
25:41 |   142 |     3.000e-04 |   125.1026 |        201.0112 |    36.3646 |          5.8405 |           10191
25:56 |   143 |     3.000e-04 |   133.4738 |        162.5654 |    27.2028 |          5.6923 |           10191
26:11 |   144 |     3.000e-04 |   143.5814 |        198.3908 |    34.2713 |          5.6718 |           10191
26:26 |   145 |     3.000e-04 |   201.5821 |        324.2791 |    61.6224 |          5.5279 |           10191
26:41 |   146 |     3.000e-04 |   161.4881 |        292.5115 |    54.0221 |          5.5167 |           10192
26:56 |   147 |     3.000e-04 |   158.5568 |        162.1979 |    29.9134 |          5.3969 |           10192
27:11 |   148 |     3.000e-04 |   123.1280 |        135.9536 |    20.2934 |          5.4044 |           10192
27:26 |   149 |     3.000e-04 |   125.5645 |        134.1836 |    18.5498 |          5.4253 |           10192
27:41 |   150 |     3.000e-04 |   160.2258 |        140.3575 |    21.5445 |          5.1930 |           10192
27:56 |   151 |     3.000e-04 |   647.4773 |        207.5370 |    37.3394 |          5.4374 |           10192
28:11 |   152 |     3.000e-04 |   150.0934 |        177.6457 |    34.7800 |          5.2242 |           10192
28:26 |   153 |     3.000e-04 |   396.1966 |        479.9647 |    81.1384 |          5.4493 |           10192
28:41 |   154 |     3.000e-04 |   161.9981 |        232.3506 |    42.8528 |          5.0019 |           10192
28:56 |   155 |     3.000e-04 |   238.6894 |        156.2124 |    27.3492 |          5.0305 |           10192
29:11 |   156 |     3.000e-04 |   174.8750 |        144.9644 |    26.5866 |          5.0400 |           10192
29:26 |   157 |     3.000e-04 |   307.3165 |        790.1215 |    96.1597 |          5.6817 |           10192
29:41 |   158 |     3.000e-04 |   391.5715 |        203.1129 |    37.6137 |          4.8836 |           10192
29:56 |   159 |     3.000e-04 |   140.8115 |        131.9569 |    23.2147 |          4.8613 |           10192
30:11 |   160 |     3.000e-04 |   162.4780 |        279.5041 |    57.9080 |          4.8311 |           10192
30:26 |   161 |     3.000e-04 |   234.3258 |        190.3459 |    38.1636 |          4.7087 |           10192
30:41 |   162 |     3.000e-04 |   400.7285 |        239.6880 |    41.4631 |          5.4140 |           10192
30:56 |   163 |     3.000e-04 |  1002.0500 |        132.8190 |    23.8471 |          4.7877 |           10192
31:11 |   164 |     3.000e-04 |   122.8855 |        255.4042 |    51.4308 |          4.6605 |           10192
31:26 |   165 |     3.000e-04 |   152.6270 |        124.4241 |    21.9528 |          4.6822 |           10192
31:41 |   166 |     3.000e-04 |   361.8102 |        139.8680 |    26.0645 |          4.7072 |           10192
31:56 |   167 |     3.000e-04 |   122.2991 |        182.0605 |    38.5996 |          4.5599 |           10192
32:11 |   168 |     3.000e-04 |   743.1843 |        135.4587 |    22.4133 |          4.7654 |           10192
32:26 |   169 |     3.000e-04 |   166.5374 |        119.7987 |    24.0349 |          4.5266 |           10192
32:41 |   170 |     3.000e-04 |   124.0527 |        141.8316 |    28.3658 |          4.5434 |           10192
32:56 |   171 |     3.000e-04 |    96.2019 |        127.8232 |    27.6232 |          4.5191 |           10192
33:11 |   172 |     3.000e-04 |   443.3403 |        559.7324 |    79.4543 |          5.2941 |           10192
33:26 |   173 |     3.000e-04 |   261.5785 |        137.4494 |    30.2251 |          4.5465 |           10192
33:41 |   174 |     3.000e-04 |   124.9757 |        115.3577 |    24.7738 |          4.3765 |           10192
33:56 |   175 |     3.000e-04 |   125.1586 |        528.6675 |    89.5150 |          4.6654 |           10192
34:11 |   176 |     3.000e-04 |   146.1408 |         96.8415 |    14.8438 |          4.2834 |           10192
34:26 |   177 |     3.000e-04 |   268.6609 |        139.4756 |    26.4068 |          4.4211 |           10192
34:41 |   178 |     3.000e-04 |   134.9584 |        224.7279 |    45.6173 |          4.3667 |           10192
34:56 |   179 |     3.000e-04 |   200.3549 |        108.3264 |    21.6957 |          4.1674 |           10192
35:11 |   180 |     3.000e-04 |   135.4894 |        119.4378 |    24.2575 |          4.4352 |           10192
35:26 |   181 |     3.000e-04 |   339.9866 |        710.1614 |   107.7566 |          4.5337 |           10192
35:41 |   182 |     3.000e-04 |  1154.5271 |        130.1468 |    23.2661 |          4.7622 |           10192
35:56 |   183 |     3.000e-04 |   206.9320 |        103.0336 |    17.6759 |          4.4060 |           10192
36:11 |   184 |     3.000e-04 |   114.0372 |        130.7492 |    29.8110 |          4.1517 |           10192
36:26 |   185 |     3.000e-04 |   119.2803 |         96.5601 |    18.0760 |          4.3109 |           10192
36:41 |   186 |     3.000e-04 |    68.7450 |        309.2613 |    63.0701 |          4.1100 |           10192
36:56 |   187 |     3.000e-04 |    85.0203 |        112.5171 |    22.6715 |          4.1140 |           10192
37:11 |   188 |     3.000e-04 |   107.1768 |        387.2129 |    75.5871 |          3.9908 |           10192
37:26 |   189 |     3.000e-04 |   140.0876 |        123.3570 |    29.6614 |          3.9578 |           10192
37:41 |   190 |     3.000e-04 |   181.1520 |        163.5804 |    42.0535 |          3.9505 |           10192
37:56 |   191 |     3.000e-04 |   346.1122 |        120.8185 |    26.7046 |          4.0014 |           10192
38:11 |   192 |     3.000e-04 |   353.2755 |        181.4240 |    37.6667 |          4.3873 |           10192
38:26 |   193 |     3.000e-04 |   103.2455 |        161.6219 |    36.3651 |          3.9538 |           10192
38:41 |   194 |     3.000e-04 |    75.9522 |        111.1279 |    23.5146 |          3.9581 |           10192
38:56 |   195 |     3.000e-04 |   150.0771 |        241.7486 |    54.1765 |          3.9828 |           10192
39:11 |   196 |     3.000e-04 |   189.1712 |        171.4628 |    41.6751 |          3.8726 |           10192
39:26 |   197 |     3.000e-04 |   159.1202 |        112.5780 |    27.0112 |          3.8570 |           10192
39:41 |   198 |     3.000e-04 |    95.7186 |         81.0766 |    14.3101 |          3.8910 |           10192
39:56 |   199 |     3.000e-04 |   283.5763 |        117.9280 |    28.0508 |          3.9597 |           10192
40:11 |   200 |     3.000e-04 |   111.5358 |        284.9128 |    63.3464 |          3.8283 |           10192
40:26 |   201 |     3.000e-04 |   173.6425 |        268.6173 |    57.2087 |          3.8172 |           10192
40:41 |   202 |     3.000e-04 |    83.8909 |       1049.2330 |   136.2884 |          3.7826 |           10192
40:56 |   203 |     3.000e-04 |   176.8751 |         96.4208 |    23.2220 |          3.6701 |           10192
41:11 |   204 |     3.000e-04 | 43409.1793 |       1234.6692 |   100.3646 |          7.3440 |           10192
41:26 |   205 |     3.000e-04 |   841.7120 |        599.8165 |    73.2649 |          6.6076 |           10192
41:41 |   206 |     3.000e-04 |   512.8663 |        390.5674 |    49.1086 |          7.0167 |           10192
41:56 |   207 |     3.000e-04 |   336.1357 |        297.3585 |    44.6790 |          7.0713 |           10192
42:11 |   208 |     3.000e-04 |   239.8595 |        238.4987 |    33.5207 |          7.0055 |           10192
42:26 |   209 |     3.000e-04 |   217.7893 |        232.0523 |    32.7656 |          6.6472 |           10192
42:41 |   210 |     3.000e-04 |   178.0293 |        219.3978 |    32.5703 |          6.4990 |           10192
42:56 |   211 |     3.000e-04 |   157.5593 |        182.1157 |    26.2804 |          6.2834 |           10192
43:11 |   212 |     3.000e-04 |   140.6639 |        164.8771 |    24.4492 |          6.0090 |           10192
43:26 |   213 |     3.000e-04 |   134.6562 |        158.1760 |    23.0546 |          5.9186 |           10192
43:41 |   214 |     3.000e-04 |   120.3915 |        144.5355 |    21.5309 |          5.7006 |           10192
43:56 |   215 |     3.000e-04 |   114.7316 |        150.7364 |    23.1457 |          5.5194 |           10192
44:11 |   216 |     3.000e-04 |   122.1226 |        147.4543 |    26.2115 |          5.4541 |           10192
44:26 |   217 |     3.000e-04 |   107.7687 |        160.5073 |    29.9118 |          5.4090 |           10192
44:41 |   218 |     3.000e-04 |    96.0269 |        123.2588 |    18.1568 |          5.2606 |           10192
44:56 |   219 |     3.000e-04 |    95.4064 |        183.2206 |    35.5649 |          5.1419 |           10192
45:11 |   220 |     3.000e-04 |    92.4234 |        117.1196 |    16.9185 |          5.0469 |           10192
45:26 |   221 |     3.000e-04 |    85.1940 |        139.3474 |    27.5080 |          5.0855 |           10192
45:41 |   222 |     3.000e-04 |    84.2914 |        147.9057 |    31.1073 |          4.9139 |           10192
45:56 |   223 |     3.000e-04 |    84.4720 |        110.9206 |    16.7745 |          4.8496 |           10192
46:11 |   224 |     3.000e-04 |    76.6026 |        132.7241 |    24.7996 |          4.7727 |           10192
46:26 |   225 |     3.000e-04 |    86.9284 |        115.7613 |    22.6389 |          4.6708 |           10192
46:41 |   226 |     3.000e-04 |    77.1420 |        110.4857 |    19.0662 |          4.5976 |           10192
46:56 |   227 |     3.000e-04 |    66.9715 |        127.2314 |    27.9616 |          4.5843 |           10192
47:11 |   228 |     3.000e-04 |    75.2943 |        133.6355 |    27.1149 |          4.4313 |           10192
47:26 |   229 |     3.000e-04 |    80.6274 |        104.2331 |    19.4588 |          4.4212 |           10192
47:41 |   230 |     3.000e-04 |    73.2191 |        112.5248 |    19.9197 |          4.4843 |           10192
47:56 |   231 |     3.000e-04 |    79.7172 |         93.6483 |    13.7629 |          4.3333 |           10192
48:11 |   232 |     3.000e-04 |    65.6868 |         93.1541 |    14.1238 |          4.1859 |           10192
48:26 |   233 |     3.000e-04 |    62.3678 |         88.5583 |    13.4721 |          4.1711 |           10192
48:41 |   234 |     3.000e-04 |    70.0031 |        124.3298 |    25.8855 |          4.1035 |           10192
48:56 |   235 |     3.000e-04 |    67.3237 |        123.9507 |    26.4546 |          4.1692 |           10192
49:11 |   236 |     3.000e-04 |    98.0139 |        130.9856 |    26.7494 |          4.1043 |           10192
49:26 |   237 |     3.000e-04 |   121.2310 |         88.5277 |    16.8495 |          3.9968 |           10192
49:41 |   238 |     3.000e-04 |   138.3092 |        226.4840 |    45.9103 |          4.1153 |           10192
49:56 |   239 |     3.000e-04 |    97.7330 |         91.6419 |    17.8474 |          3.8909 |           10192
50:11 |   240 |     3.000e-04 |    89.4304 |         88.7879 |    16.4507 |          4.0415 |           10192
50:25 |   241 |     3.000e-04 |    75.0934 |        120.3284 |    27.4308 |          3.9158 |           10192
50:41 |   242 |     3.000e-04 |   146.0139 |        919.9056 |   120.7665 |          4.3778 |           10192
50:56 |   243 |     3.000e-04 |   214.9716 |        120.6210 |    25.2988 |          4.0918 |           10192
51:11 |   244 |     3.000e-04 |   129.0283 |         90.8030 |    17.2169 |          3.9263 |           10192
51:25 |   245 |     3.000e-04 |   183.2444 |        121.0984 |    30.6239 |          3.9409 |           10192
51:40 |   246 |     3.000e-04 |    83.7071 |         84.9647 |    15.9672 |          3.8357 |           10192
51:56 |   247 |     3.000e-04 |   129.5498 |        207.0049 |    50.4405 |          3.7997 |           10192
52:11 |   248 |     3.000e-04 |   152.9672 |        180.8962 |    43.1003 |          4.1243 |           10192
52:25 |   249 |     3.000e-04 |    99.1696 |        234.9506 |    56.2345 |          3.6152 |           10192
52:40 |   250 |     1.500e-04 |    60.9233 |         75.1954 |    13.2544 |          3.6037 |           10192
52:55 |   251 |     1.500e-04 |    44.8017 |         72.7130 |    12.4808 |          3.6030 |           10192
53:11 |   252 |     1.500e-04 |    45.1799 |         81.9853 |    19.9396 |          3.5714 |           10192
53:25 |   253 |     1.500e-04 |    44.6928 |         77.7247 |    17.0230 |          3.5438 |           10192
53:40 |   254 |     1.500e-04 |    40.6761 |         81.8897 |    15.7708 |          3.5490 |           10192
53:55 |   255 |     1.500e-04 |    40.6936 |         73.6541 |    11.8215 |          3.5188 |           10192
54:10 |   256 |     1.500e-04 |    43.5712 |         72.5478 |    12.2638 |          3.5072 |           10192
54:25 |   257 |     1.500e-04 |    57.7476 |         93.8115 |    19.4562 |          3.5823 |           10192
54:40 |   258 |     1.500e-04 |    53.7781 |        158.6753 |    43.5120 |          3.4749 |           10192
54:55 |   259 |     1.500e-04 |    51.6683 |         73.3977 |    12.3090 |          3.5554 |           10192
55:10 |   260 |     1.500e-04 |    49.5036 |         69.6195 |    10.9565 |          3.4926 |           10192
55:25 |   261 |     1.500e-04 |    49.0790 |         75.2416 |    16.2451 |          3.4461 |           10192
55:40 |   262 |     1.500e-04 |    51.6040 |         71.0522 |    14.3258 |          3.4567 |           10192
55:55 |   263 |     1.500e-04 |    48.6930 |         71.0512 |    14.3581 |          3.4384 |           10192
56:10 |   264 |     1.500e-04 |    69.7145 |         81.4810 |    16.1779 |          3.4336 |           10192
56:25 |   265 |     1.500e-04 |    69.2406 |        110.8822 |    30.2917 |          3.3355 |           10192
56:40 |   266 |     1.500e-04 |   107.0753 |         71.6973 |    12.1907 |          3.3748 |           10192
56:55 |   267 |     1.500e-04 |    55.4363 |        125.7645 |    34.8375 |          3.3308 |           10192
57:10 |   268 |     1.500e-04 |    56.2934 |         87.2709 |    17.0339 |          3.3974 |           10192
57:25 |   269 |     1.500e-04 |    48.7755 |        111.9187 |    25.7479 |          3.5165 |           10192
57:40 |   270 |     1.500e-04 |    63.6616 |        385.2165 |    71.0078 |          3.4011 |           10192
57:55 |   271 |     1.500e-04 |   132.0174 |         73.6653 |    13.1165 |          3.3488 |           10192
58:10 |   272 |     1.500e-04 |    68.7640 |        183.0364 |    43.5961 |          3.2831 |           10192
58:25 |   273 |     1.500e-04 |    48.0091 |        191.4861 |    48.6747 |          3.2640 |           10192
58:40 |   274 |     1.500e-04 |    42.0511 |         82.8969 |    22.2930 |          3.2733 |           10192
58:55 |   275 |     1.500e-04 |    45.2006 |         64.0361 |     9.6500 |          3.2279 |           10192
59:10 |   276 |     1.500e-04 |    57.9209 |         76.9074 |    19.4207 |          3.2217 |           10192
59:25 |   277 |     1.500e-04 |    66.2663 |         78.4102 |    16.7109 |          3.3201 |           10192
59:40 |   278 |     1.500e-04 |    46.7012 |         67.6314 |    12.1999 |          3.3141 |           10192
59:55 |   279 |     1.500e-04 |    66.3605 |         73.0837 |    14.7797 |          3.2603 |           10192
00:10 |   280 |     1.500e-04 |    81.5110 |         72.1709 |    15.3625 |          3.3451 |           10192
00:25 |   281 |     1.500e-04 |    89.5025 |         69.6741 |    14.9309 |          3.2774 |           10192
00:40 |   282 |     1.500e-04 |    71.3639 |         87.2566 |    17.7419 |          3.2385 |           10192
00:55 |   283 |     1.500e-04 |    37.5915 |         65.1920 |    12.4083 |          3.1989 |           10192
01:10 |   284 |     1.500e-04 |   109.4046 |         66.9079 |    12.7730 |          3.1894 |           10192
01:25 |   285 |     1.500e-04 |    61.9998 |        102.9206 |    30.3684 |          3.2858 |           10192
01:40 |   286 |     1.500e-04 |    51.9654 |         85.8033 |    18.5128 |          3.2270 |           10192
01:55 |   287 |     1.500e-04 |    46.7994 |         84.4380 |    19.0277 |          3.1167 |           10192
02:10 |   288 |     1.500e-04 |    57.7852 |        106.3573 |    30.5756 |          3.0782 |           10192
02:25 |   289 |     1.500e-04 |    43.8174 |         80.6706 |    21.4969 |          3.1321 |           10192
02:40 |   290 |     1.500e-04 |    38.3971 |        176.9200 |    47.5734 |          3.0678 |           10192
02:55 |   291 |     1.500e-04 |   159.7756 |         72.3588 |    13.1747 |          3.1684 |           10192
03:10 |   292 |     1.500e-04 |    59.7197 |         70.9017 |    15.2018 |          3.2879 |           10192
03:25 |   293 |     1.500e-04 |    47.4133 |         92.0758 |    21.0324 |          3.0988 |           10192
03:40 |   294 |     1.500e-04 |    58.1111 |        113.1065 |    30.3167 |          3.2101 |           10192
03:55 |   295 |     1.500e-04 |    56.1733 |         75.2129 |    15.1382 |          3.0996 |           10192
04:10 |   296 |     1.500e-04 |    56.6888 |         95.0604 |    22.5085 |          3.0191 |           10192
04:25 |   297 |     1.500e-04 |    72.5418 |        100.2997 |    26.1749 |          3.0774 |           10192
04:40 |   298 |     1.500e-04 |    97.8413 |        278.1235 |    61.7681 |          3.3395 |           10192
04:55 |   299 |     1.500e-04 |    65.4621 |         62.6392 |    12.7459 |          3.0535 |           10192
05:10 |   300 |     1.500e-04 |    44.5891 |        427.4199 |    82.7293 |          2.9307 |           10192
05:25 |   301 |     1.500e-04 |    62.5842 |         70.5280 |    16.3897 |          3.0454 |           10192
05:40 |   302 |     1.500e-04 |    42.6450 |         84.1230 |    20.1480 |          2.9920 |           10192
05:55 |   303 |     1.500e-04 |    73.3244 |         69.5720 |    17.8082 |          3.0767 |           10192
06:10 |   304 |     1.500e-04 |    46.3248 |        131.4515 |    28.6251 |          3.0019 |           10192
06:25 |   305 |     1.500e-04 |    65.5515 |         65.8878 |    13.8019 |          3.0321 |           10192
06:40 |   306 |     1.500e-04 |    43.7700 |         65.2983 |    12.4050 |          2.9713 |           10192
06:55 |   307 |     1.500e-04 |    42.5666 |         67.5141 |    13.6859 |          3.0076 |           10192
07:10 |   308 |     1.500e-04 |    55.2160 |         77.2649 |    17.2145 |          2.9106 |           10192
07:25 |   309 |     1.500e-04 |    37.7889 |        274.0946 |    63.9255 |          2.8967 |           10192
07:40 |   310 |     1.500e-04 |    88.5657 |        152.1212 |    41.3751 |          3.2800 |           10192
07:55 |   311 |     1.500e-04 |   674.2829 |       1502.4505 |   151.3099 |          4.1568 |           10192
08:10 |   312 |     1.500e-04 |   108.5712 |         76.4910 |    16.8844 |          3.0617 |           10192
08:25 |   313 |     1.500e-04 |    27.6696 |         66.0991 |    12.0808 |          2.9352 |           10192
08:40 |   314 |     1.500e-04 |    27.7970 |         60.1168 |    11.8914 |          2.9325 |           10192
08:55 |   315 |     1.500e-04 |    29.3502 |         61.0493 |    10.6975 |          2.8856 |           10192
09:10 |   316 |     1.500e-04 |    31.6327 |         58.4404 |     8.8168 |          2.9487 |           10192
09:25 |   317 |     1.500e-04 |    37.9393 |         61.1671 |    10.7448 |          2.8393 |           10192
09:40 |   318 |     1.500e-04 |    29.8139 |         64.2885 |    17.4097 |          2.8696 |           10192
09:55 |   319 |     1.500e-04 |    25.0910 |         68.7487 |    16.9987 |          2.8296 |           10192
10:10 |   320 |     1.500e-04 |    35.8857 |         65.4805 |    12.1561 |          2.8193 |           10192
10:25 |   321 |     1.500e-04 |    40.6745 |         57.9030 |     8.9957 |          2.8369 |           10192
10:40 |   322 |     1.500e-04 |    36.4868 |        120.3025 |    31.0093 |          2.8657 |           10192
10:55 |   323 |     1.500e-04 |    32.2439 |         57.4358 |     8.5480 |          2.8212 |           10192
11:10 |   324 |     1.500e-04 |    30.5361 |         65.4560 |    18.0503 |          2.8261 |           10192
11:25 |   325 |     1.500e-04 |    62.1973 |         64.6072 |    15.1055 |          2.9028 |           10192
11:40 |   326 |     1.500e-04 |    40.0875 |         66.7864 |    18.4940 |          2.8185 |           10192
11:55 |   327 |     1.500e-04 |    36.2687 |        102.4744 |    29.0436 |          2.7655 |           10192
12:10 |   328 |     1.500e-04 |    50.9994 |        133.5365 |    31.8157 |          2.8772 |           10192
12:25 |   329 |     1.500e-04 |    68.2235 |        196.1235 |    49.8185 |          3.0021 |           10192
12:40 |   330 |     1.500e-04 |    51.9028 |        100.0870 |    30.5379 |          2.9263 |           10192
12:55 |   331 |     1.500e-04 |    66.9544 |         75.5681 |    22.1602 |          2.7998 |           10192
13:10 |   332 |     1.500e-04 |    29.5218 |         56.7419 |     9.0419 |          2.8172 |           10192
13:25 |   333 |     1.500e-04 |    39.7163 |         69.3690 |    17.4958 |          2.9300 |           10192
13:40 |   334 |     1.500e-04 |    38.8250 |         59.8702 |    13.2889 |          2.8905 |           10192
13:55 |   335 |     1.500e-04 |    52.7442 |         97.2470 |    29.3332 |          2.8198 |           10192
14:10 |   336 |     1.500e-04 |    94.5802 |         88.6385 |    26.0060 |          2.8663 |           10192
14:25 |   337 |     1.500e-04 |    63.4080 |         68.0810 |    14.5029 |          2.9400 |           10192
14:40 |   338 |     1.500e-04 |   210.0208 |         60.9118 |    13.2352 |          3.2135 |           10192
14:55 |   339 |     1.500e-04 |    29.4738 |         55.3365 |     8.7408 |          2.8029 |           10192
15:10 |   340 |     1.500e-04 |    31.8336 |         58.7582 |    14.6287 |          2.6911 |           10192
15:25 |   341 |     1.500e-04 |    26.7751 |         55.6197 |     9.3990 |          2.7558 |           10192
15:40 |   342 |     1.500e-04 |    26.5555 |         53.1340 |     8.6868 |          2.6966 |           10192
15:55 |   343 |     1.500e-04 |    22.8174 |         55.2544 |     8.4973 |          2.6965 |           10192
16:10 |   344 |     1.500e-04 |    30.2251 |        104.1783 |    29.8491 |          2.7119 |           10192
16:25 |   345 |     1.500e-04 |    65.8877 |         60.6882 |    11.3130 |          2.7164 |           10192
16:40 |   346 |     1.500e-04 |    32.2162 |        106.8130 |    32.7463 |          2.7425 |           10192
16:55 |   347 |     1.500e-04 |   103.5186 |         60.8279 |    14.1635 |          2.8189 |           10192
17:10 |   348 |     1.500e-04 |    48.3538 |         76.8071 |    22.5407 |          2.7446 |           10192
17:25 |   349 |     1.500e-04 |    37.5692 |        127.8682 |    35.6189 |          2.7892 |           10192
17:40 |   350 |     1.500e-04 |    33.0568 |         53.4093 |     7.8943 |          2.6421 |           10192
17:55 |   351 |     1.500e-04 |    36.7562 |         56.8945 |     9.8386 |          2.6336 |           10192
18:10 |   352 |     1.500e-04 |    28.8890 |         65.4403 |    14.2394 |          2.6507 |           10192
18:25 |   353 |     1.500e-04 |    57.5613 |         67.8932 |    15.5919 |          2.7709 |           10192
18:40 |   354 |     1.500e-04 |    52.4517 |         69.7549 |    16.6348 |          2.8644 |           10192
18:55 |   355 |     1.500e-04 |    53.4354 |         84.0889 |    26.3484 |          2.7767 |           10192
19:10 |   356 |     1.500e-04 |    40.7013 |        183.1700 |    48.2024 |          2.7929 |           10192
19:25 |   357 |     1.500e-04 |    90.2367 |        111.9408 |    32.2057 |          2.9436 |           10192
19:40 |   358 |     1.500e-04 |    61.2629 |         57.6141 |    10.2929 |          2.6291 |           10192
19:55 |   359 |     1.500e-04 |    30.4303 |         59.4905 |    13.2442 |          2.8818 |           10192
20:10 |   360 |     1.500e-04 |    45.1140 |         62.1769 |    15.7930 |          2.6760 |           10192
20:25 |   361 |     1.500e-04 |    91.4926 |        191.5113 |    52.6513 |          2.9246 |           10192
20:40 |   362 |     1.500e-04 |    46.0483 |        194.8709 |    51.7114 |          2.8563 |           10192
20:55 |   363 |     1.500e-04 |    55.2481 |         54.3525 |     9.1813 |          2.6218 |           10192
21:10 |   364 |     1.500e-04 |    23.7591 |         54.6604 |    10.5611 |          2.6324 |           10192
21:25 |   365 |     1.500e-04 |    41.2431 |         54.2499 |     8.5383 |          2.6323 |           10192
21:40 |   366 |     1.500e-04 |    49.8521 |         61.8512 |     8.8624 |          2.6829 |           10192
21:55 |   367 |     1.500e-04 |    37.4235 |         90.3281 |    23.4725 |          2.6185 |           10192
22:10 |   368 |     1.500e-04 |    62.8881 |         60.4169 |    16.6983 |          2.6643 |           10192
22:25 |   369 |     1.500e-04 |    23.0045 |         53.7262 |     9.5849 |          2.6273 |           10192
22:40 |   370 |     1.500e-04 |    32.7700 |         60.2184 |    13.6429 |          2.7454 |           10192
22:55 |   371 |     1.500e-04 |    38.5114 |         53.6748 |     8.9018 |          2.5768 |           10192
23:10 |   372 |     1.500e-04 |    54.8330 |         58.9809 |    10.9588 |          2.5618 |           10192
23:25 |   373 |     1.500e-04 |    85.1082 |        100.2486 |    29.8720 |          2.7762 |           10192
23:40 |   374 |     1.500e-04 |    27.8513 |         62.9248 |    14.3265 |          2.5317 |           10192
23:55 |   375 |     1.500e-04 |    20.6176 |         60.9492 |    14.3008 |          2.6170 |           10192
24:10 |   376 |     1.500e-04 |    38.3667 |         82.8705 |    24.1795 |          2.7345 |           10192
24:25 |   377 |     1.500e-04 |    38.5209 |         63.6147 |    14.6412 |          2.5727 |           10192
24:40 |   378 |     1.500e-04 |    37.0609 |         70.2393 |    21.5495 |          2.5604 |           10192
24:55 |   379 |     1.500e-04 |    39.3443 |         61.6397 |    11.9303 |          2.7419 |           10192
25:10 |   380 |     1.500e-04 |    88.4157 |         90.2167 |    18.7763 |          2.9441 |           10192
25:25 |   381 |     1.500e-04 |    53.7116 |         95.0282 |    22.7691 |          2.5949 |           10192
25:40 |   382 |     1.500e-04 |    35.9116 |         55.5036 |    11.2671 |          2.5788 |           10192
25:55 |   383 |     1.500e-04 |    47.5737 |         68.6703 |    16.2013 |          2.6594 |           10192
26:10 |   384 |     1.500e-04 |    32.8559 |         91.4830 |    26.4342 |          2.5299 |           10192
26:25 |   385 |     1.500e-04 |    33.0239 |         57.9191 |    12.3791 |          2.6207 |           10192
26:40 |   386 |     1.500e-04 |    24.8949 |         70.9919 |    23.2878 |          2.4756 |           10192
26:55 |   387 |     1.500e-04 |    22.2341 |         53.0893 |    12.3604 |          2.4757 |           10192
27:09 |   388 |     1.500e-04 |    39.3991 |         59.1881 |    10.7035 |          2.5830 |           10192
27:25 |   389 |     1.500e-04 |    58.9070 |         63.1065 |    14.5576 |          2.8062 |           10192
27:40 |   390 |     1.500e-04 |    27.5746 |         55.1286 |     8.7662 |          2.5056 |           10192
27:55 |   391 |     1.500e-04 |    41.7140 |         92.2118 |    28.7925 |          2.5601 |           10192
28:09 |   392 |     1.500e-04 |    35.1223 |         57.7530 |    12.2831 |          2.5805 |           10192
28:24 |   393 |     1.500e-04 |    48.3310 |         56.9703 |    11.9173 |          2.4987 |           10192
28:40 |   394 |     1.500e-04 |    26.3200 |         71.0124 |    18.8155 |          2.5873 |           10192
28:55 |   395 |     1.500e-04 |    29.7780 |        100.2625 |    31.3116 |          2.4915 |           10192
29:09 |   396 |     1.500e-04 |    42.1821 |         67.7179 |    12.0450 |          2.4910 |           10192
29:24 |   397 |     1.500e-04 |    73.8470 |         67.9843 |    14.6572 |          2.7252 |           10192
29:39 |   398 |     1.500e-04 |    53.3623 |         53.0425 |    10.8334 |          2.6036 |           10192
29:55 |   399 |     1.500e-04 |    35.9488 |         85.8654 |    25.3586 |          2.5991 |           10192
30:09 |   400 |     1.500e-04 |    61.2026 |         64.6590 |    14.6791 |          2.7221 |           10192
30:24 |   401 |     1.500e-04 |    41.7344 |         58.2710 |    11.2124 |          2.6313 |           10192
30:39 |   402 |     1.500e-04 |    32.4067 |         76.9561 |    25.4986 |          2.5222 |           10192
30:54 |   403 |     1.500e-04 |    26.4254 |         65.6886 |    19.7336 |          2.4157 |           10192
31:09 |   404 |     1.500e-04 |    31.8803 |         81.6840 |    25.8831 |          2.5003 |           10192
31:24 |   405 |     1.500e-04 |    23.0305 |         62.8273 |    15.3817 |          2.4732 |           10192
31:39 |   406 |     1.500e-04 |    39.2185 |         78.9277 |    25.1756 |          2.4614 |           10192
31:54 |   407 |     1.500e-04 |    20.2503 |         58.4211 |    12.1171 |          2.3495 |           10192
32:09 |   408 |     1.500e-04 |    28.4199 |         59.3209 |    14.4139 |          2.5646 |           10192
32:24 |   409 |     1.500e-04 |    38.1724 |         53.2144 |     8.6228 |          2.4426 |           10192
32:39 |   410 |     1.500e-04 |    27.9373 |         55.5579 |    10.9477 |          2.5073 |           10192
32:54 |   411 |     1.500e-04 |    26.0282 |         84.6397 |    26.1875 |          2.5272 |           10192
33:09 |   412 |     1.500e-04 |    48.8780 |         52.7140 |     9.1912 |          2.4292 |           10192
33:24 |   413 |     1.500e-04 |    64.8086 |        776.9256 |   117.5717 |          2.7308 |           10192
33:39 |   414 |     1.500e-04 |  1899.3322 |        108.8135 |    25.1856 |          3.8962 |           10192
33:54 |   415 |     1.500e-04 |    66.6074 |         83.1097 |    16.6433 |          3.4821 |           10192
34:09 |   416 |     1.500e-04 |    36.7862 |         71.0745 |    13.1219 |          3.2567 |           10192
34:24 |   417 |     1.500e-04 |    31.2252 |         63.0423 |     9.6709 |          3.0651 |           10192
34:39 |   418 |     1.500e-04 |    25.3620 |         59.4335 |     8.4573 |          2.9557 |           10192
34:54 |   419 |     1.500e-04 |    23.2950 |         63.1587 |    14.8646 |          2.8674 |           10192
35:09 |   420 |     1.500e-04 |    20.8868 |         60.7168 |    13.7624 |          2.7789 |           10192
35:24 |   421 |     1.500e-04 |    21.0504 |         55.1902 |     7.3348 |          2.7516 |           10192
35:39 |   422 |     1.500e-04 |    20.5352 |         54.8683 |     8.1752 |          2.6937 |           10192
35:54 |   423 |     1.500e-04 |    18.2646 |         54.6311 |     9.6539 |          2.6665 |           10192
36:09 |   424 |     1.500e-04 |    18.4840 |         53.3681 |     8.5999 |          2.6263 |           10192
36:24 |   425 |     1.500e-04 |    18.6320 |         53.6665 |     8.6396 |          2.6011 |           10192
36:39 |   426 |     1.500e-04 |    20.5070 |         56.2481 |     9.6783 |          2.5733 |           10192
36:54 |   427 |     1.500e-04 |    18.4266 |         53.4473 |    10.6683 |          2.5632 |           10192
37:09 |   428 |     1.500e-04 |    18.3525 |         58.8299 |    11.7368 |          2.5272 |           10192
37:24 |   429 |     1.500e-04 |    17.9728 |         57.5344 |    13.9682 |          2.5171 |           10192
37:39 |   430 |     1.500e-04 |    17.8002 |         61.1058 |    12.7946 |          2.4675 |           10192
37:54 |   431 |     1.500e-04 |    18.7352 |         54.2085 |     8.4442 |          2.4674 |           10192
38:09 |   432 |     1.500e-04 |    17.0498 |         57.1563 |    10.0508 |          2.4611 |           10192
38:24 |   433 |     1.500e-04 |    16.6897 |         67.8236 |    16.9418 |          2.4337 |           10192
38:39 |   434 |     1.500e-04 |    25.7962 |         52.6223 |     7.5189 |          2.4454 |           10192
38:54 |   435 |     1.500e-04 |    21.3847 |         84.4808 |    24.7821 |          2.4235 |           10192
39:09 |   436 |     1.500e-04 |    22.0776 |         50.6321 |     9.1399 |          2.4263 |           10192
39:24 |   437 |     1.500e-04 |    19.6084 |         53.3758 |     8.8913 |          2.3908 |           10192
39:39 |   438 |     1.500e-04 |    27.5154 |         55.8417 |    10.3144 |          2.3928 |           10192
39:54 |   439 |     1.500e-04 |    23.6713 |         54.7496 |    12.1486 |          2.5169 |           10192
40:09 |   440 |     1.500e-04 |    49.0886 |         51.8363 |     9.9189 |          2.3737 |           10192
40:24 |   441 |     1.500e-04 |    21.8866 |         57.7899 |    13.9476 |          2.4108 |           10192
40:39 |   442 |     1.500e-04 |    15.6571 |         59.3593 |    13.0838 |          2.3692 |           10192
40:54 |   443 |     1.500e-04 |    19.4018 |        215.3667 |    55.0573 |          2.3474 |           10192
41:09 |   444 |     1.500e-04 |    33.5217 |         75.7843 |    20.3090 |          2.3377 |           10192
41:24 |   445 |     1.500e-04 |    33.8653 |         52.9476 |    10.6894 |          2.4414 |           10192
41:39 |   446 |     1.500e-04 |    71.1320 |         94.2602 |    27.7010 |          2.5124 |           10192
41:54 |   447 |     1.500e-04 |    33.3481 |         52.8538 |     8.5431 |          2.3298 |           10192
42:09 |   448 |     1.500e-04 |    16.6498 |         48.6477 |     9.1241 |          2.3054 |           10192
42:24 |   449 |     1.500e-04 |    23.8879 |         61.6452 |    18.8978 |          2.3614 |           10192
42:39 |   450 |     1.500e-04 |    20.7826 |         49.8654 |     7.9827 |          2.3987 |           10192
42:54 |   451 |     1.500e-04 |    30.9161 |         76.8372 |    21.2954 |          2.3106 |           10192
43:09 |   452 |     1.500e-04 |    78.8451 |         65.3892 |    14.7262 |          2.6502 |           10192
43:24 |   453 |     1.500e-04 |    24.7527 |         67.5374 |    16.3265 |          2.2752 |           10192
43:39 |   454 |     1.500e-04 |    21.9311 |         55.2225 |    12.3701 |          2.3713 |           10192
43:54 |   455 |     1.500e-04 |    21.4033 |         59.8839 |    13.6432 |          2.3028 |           10192
44:09 |   456 |     1.500e-04 |    41.4212 |        157.2254 |    35.3192 |          2.8795 |           10192
44:24 |   457 |     1.500e-04 |    87.2859 |         48.8865 |    10.2877 |          2.5082 |           10192
44:39 |   458 |     1.500e-04 |    42.3321 |         55.8883 |    12.8075 |          2.3388 |           10192
44:54 |   459 |     1.500e-04 |    28.3935 |         51.2440 |    10.2321 |          2.3840 |           10192
45:09 |   460 |     1.500e-04 |    23.8648 |         50.2098 |     7.6072 |          2.3924 |           10192
45:24 |   461 |     1.500e-04 |    28.8371 |        125.1119 |    37.6043 |          2.4265 |           10192
45:39 |   462 |     1.500e-04 |    41.5594 |         48.2957 |     7.4995 |          2.3757 |           10192
45:54 |   463 |     1.500e-04 |    25.1113 |         66.6413 |    16.5548 |          2.2831 |           10192
46:09 |   464 |     1.500e-04 |    26.7665 |         52.4684 |     9.6021 |          2.3066 |           10192
46:24 |   465 |     1.500e-04 |    31.3513 |        128.5104 |    38.8965 |          2.3660 |           10192
46:39 |   466 |     1.500e-04 |    36.5127 |         56.4930 |    11.2205 |          2.4338 |           10192
46:54 |   467 |     1.500e-04 |    33.3524 |         50.4033 |     9.9812 |          2.2701 |           10192
47:09 |   468 |     1.500e-04 |    24.6041 |         89.7700 |    28.6934 |          2.4525 |           10192
47:24 |   469 |     1.500e-04 |    33.5155 |        161.5779 |    46.4269 |          2.5143 |           10192
47:39 |   470 |     1.500e-04 |    35.4584 |         60.7217 |    16.3440 |          2.5088 |           10192
47:54 |   471 |     1.500e-04 |    42.5696 |         75.6810 |    24.2529 |          2.3202 |           10192
48:09 |   472 |     1.500e-04 |    46.5785 |         52.3935 |     7.7373 |          2.3077 |           10192
48:24 |   473 |     1.500e-04 |    19.7859 |         55.4654 |    13.4894 |          2.2883 |           10192
48:39 |   474 |     1.500e-04 |    18.8535 |         54.8944 |    10.1239 |          2.2665 |           10192
48:54 |   475 |     1.500e-04 |    41.3153 |         57.1436 |    11.9622 |          2.3468 |           10192
49:09 |   476 |     1.500e-04 |    25.7757 |         68.4379 |    21.3489 |          2.3136 |           10192
49:24 |   477 |     1.500e-04 |    53.4666 |        146.0510 |    43.3244 |          2.5693 |           10192
49:39 |   478 |     1.500e-04 |    38.8770 |        101.5805 |    28.5151 |          2.2558 |           10192
49:54 |   479 |     1.500e-04 |    57.6962 |         53.2417 |    10.0001 |          2.3280 |           10192
50:09 |   480 |     1.500e-04 |    18.8410 |         59.5892 |    13.0379 |          2.2254 |           10192
50:24 |   481 |     1.500e-04 |    24.7970 |         73.4005 |    22.4538 |          2.3103 |           10192
50:39 |   482 |     1.500e-04 |    25.2372 |         51.7103 |     9.9148 |          2.3306 |           10192
50:54 |   483 |     1.500e-04 |    23.6778 |         63.1169 |    14.6917 |          2.3534 |           10192
51:09 |   484 |     1.500e-04 |    25.2992 |         52.0080 |    12.2249 |          2.4035 |           10192
51:24 |   485 |     1.500e-04 |    19.3342 |         51.8120 |    10.9476 |          2.2381 |           10192
51:39 |   486 |     1.500e-04 |    38.1423 |         49.6303 |     8.8654 |          2.3942 |           10192
51:54 |   487 |     1.500e-04 |    39.3717 |         50.6806 |     6.9393 |          2.2820 |           10192
52:09 |   488 |     1.500e-04 |    20.8158 |         55.6327 |    16.3751 |          2.3390 |           10192
52:24 |   489 |     1.500e-04 |    30.0178 |        137.5111 |    37.4481 |          2.3586 |           10192
52:39 |   490 |     1.500e-04 |    72.2662 |        194.2247 |    50.6241 |          2.6351 |           10192
52:54 |   491 |     1.500e-04 |    43.7673 |         96.8069 |    24.2338 |          2.4040 |           10192
53:09 |   492 |     1.500e-04 |    36.0448 |         50.6258 |    10.6090 |          2.2366 |           10192
53:24 |   493 |     1.500e-04 |    16.4536 |         48.1654 |    10.1463 |          2.1630 |           10192
53:39 |   494 |     1.500e-04 |    17.2630 |         54.5771 |    11.5564 |          2.2219 |           10192
53:54 |   495 |     1.500e-04 |    22.5328 |         54.4833 |     8.8995 |          2.1811 |           10192
54:09 |   496 |     1.500e-04 |    17.9055 |         52.5510 |     8.1620 |          2.1683 |           10192
54:24 |   497 |     1.500e-04 |    31.8497 |        107.7006 |    32.3297 |          2.2974 |           10192
54:39 |   498 |     1.500e-04 |    22.2811 |         57.6015 |    14.8144 |          2.3748 |           10192
54:54 |   499 |     1.500e-04 |    33.7275 |        102.1029 |    31.2356 |          2.3359 |           10192
55:09 |   500 |     1.500e-04 |    23.6090 |         58.2759 |    13.4287 |          2.1837 |           10192
55:24 |   501 |     1.500e-04 |    23.1184 |         61.2662 |    12.9445 |          2.2948 |           10192
55:39 |   502 |     1.500e-04 |   253.4717 |         62.4644 |    17.2197 |          2.7779 |           10192
55:54 |   503 |     1.500e-04 |    20.8038 |         58.2541 |    16.3175 |          2.3724 |           10192
56:09 |   504 |     1.500e-04 |    15.4011 |         49.4740 |     6.5557 |          2.2582 |           10192
56:24 |   505 |     1.500e-04 |    20.8906 |         50.9533 |     6.6965 |          2.2138 |           10192
56:39 |   506 |     1.500e-04 |    13.9081 |         47.6429 |     7.1040 |          2.1497 |           10192
56:54 |   507 |     1.500e-04 |    14.3972 |         55.7028 |    11.8286 |          2.1410 |           10192
57:09 |   508 |     1.500e-04 |    12.4008 |         53.7557 |    15.1333 |          2.1228 |           10192
57:24 |   509 |     1.500e-04 |    14.3265 |         58.2745 |    18.2657 |          2.1366 |           10192
57:39 |   510 |     1.500e-04 |    20.0608 |         54.5583 |    10.5693 |          2.1221 |           10192
57:54 |   511 |     1.500e-04 |    17.9922 |         51.4010 |    10.4118 |          2.1601 |           10192
58:09 |   512 |     1.500e-04 |    14.6495 |         49.7097 |     7.0132 |          2.1383 |           10192
58:24 |   513 |     1.500e-04 |    15.6804 |         50.8747 |    11.6109 |          2.1317 |           10192
58:39 |   514 |     1.500e-04 |    26.9485 |         53.6328 |    13.9631 |          2.1405 |           10192
58:54 |   515 |     1.500e-04 |    26.5670 |         58.0265 |    16.3503 |          2.2383 |           10192
59:09 |   516 |     1.500e-04 |    82.0295 |         64.0865 |    15.5360 |          2.3040 |           10192
59:24 |   517 |     1.500e-04 |    30.6094 |         51.5071 |     9.6549 |          2.2173 |           10192
59:39 |   518 |     1.500e-04 |    34.4414 |         54.9547 |    13.3644 |          2.1381 |           10192
59:54 |   519 |     1.500e-04 |    15.6996 |         50.2345 |     7.0344 |          2.1376 |           10192
00:09 |   520 |     1.500e-04 |    27.3716 |         48.5784 |     9.1420 |          2.1419 |           10192
00:23 |   521 |     1.500e-04 |    16.8630 |         57.4140 |    12.6898 |          2.2144 |           10192
00:38 |   522 |     1.500e-04 |    48.7700 |         55.9798 |    14.1893 |          2.1773 |           10192
00:53 |   523 |     1.500e-04 |    17.1785 |         52.3151 |     9.5604 |          2.1497 |           10192
01:08 |   524 |     1.500e-04 |    25.5921 |         84.3788 |    23.1159 |          2.1928 |           10192
01:23 |   525 |     1.500e-04 |    16.6525 |         66.0452 |    21.7017 |          2.1201 |           10192
01:38 |   526 |     1.500e-04 |    20.8537 |        127.5880 |    37.7258 |          2.1415 |           10192
01:53 |   527 |     1.500e-04 |    19.6031 |        163.3297 |    45.3659 |          2.1860 |           10192
02:08 |   528 |     1.500e-04 |    26.1057 |         54.2837 |    13.3038 |          2.2590 |           10192
02:23 |   529 |     1.500e-04 |    37.6785 |         81.7171 |    21.2260 |          2.1333 |           10192
02:38 |   530 |     1.500e-04 |    22.6849 |         51.6206 |    10.6906 |          2.1345 |           10192
02:53 |   531 |     1.500e-04 |    63.9931 |        304.8407 |    60.5838 |          2.6237 |           10192
03:08 |   532 |     1.500e-04 |    25.7552 |         72.6808 |    24.5426 |          2.1838 |           10192
03:23 |   533 |     1.500e-04 |    43.6219 |         94.7569 |    28.4948 |          2.1371 |           10192
03:38 |   534 |     1.500e-04 |    19.7798 |         53.5723 |     7.4388 |          2.0887 |           10192
03:53 |   535 |     1.500e-04 |    26.6444 |         87.0146 |    27.5265 |          2.3117 |           10192
04:08 |   536 |     1.500e-04 |    18.6131 |         52.2111 |    10.4967 |          2.1085 |           10192
04:23 |   537 |     1.500e-04 |    27.5339 |         85.7897 |    21.2593 |          2.2593 |           10192
04:38 |   538 |     1.500e-04 |    21.8862 |         51.8244 |     9.7889 |          2.1112 |           10192
04:53 |   539 |     1.500e-04 |    18.9025 |         50.5832 |     8.5697 |          2.0832 |           10192
05:08 |   540 |     1.500e-04 |    20.1599 |         49.0553 |     8.2238 |          2.1624 |           10192
05:22 |   541 |     1.500e-04 |    14.2135 |         54.1207 |    10.8332 |          2.0750 |           10192
05:37 |   542 |     1.500e-04 |    15.1991 |         50.9756 |     8.6126 |          2.1269 |           10192
05:52 |   543 |     1.500e-04 |    53.5533 |         51.5114 |     8.5336 |          2.2668 |           10192
06:07 |   544 |     1.500e-04 |    21.9709 |         54.5949 |    15.4272 |          2.0597 |           10192
06:22 |   545 |     1.500e-04 |    26.3225 |         57.6499 |    12.6195 |          2.2322 |           10192
06:37 |   546 |     1.500e-04 |    17.9489 |        130.5316 |    35.1153 |          2.5236 |           10192
06:52 |   547 |     1.500e-04 |    41.7268 |         50.9822 |     7.3203 |          2.1100 |           10192
07:07 |   548 |     1.500e-04 |    27.3812 |         66.1636 |    19.8318 |          2.2322 |           10192
07:22 |   549 |     1.500e-04 |    21.4456 |         95.7264 |    32.0191 |          2.1402 |           10192
07:37 |   550 |     1.500e-04 |    22.9239 |         67.7289 |    18.9428 |          2.0806 |           10192
07:52 |   551 |     1.500e-04 |    18.3638 |         61.9135 |    14.1136 |          2.2063 |           10192
08:07 |   552 |     1.500e-04 |    22.6323 |         53.2418 |    11.6129 |          2.1691 |           10192
08:22 |   553 |     1.500e-04 |    38.7043 |         50.6665 |     8.6183 |          2.2430 |           10192
08:37 |   554 |     1.500e-04 |    35.0811 |         51.1641 |     7.4782 |          2.0932 |           10192
08:51 |   555 |     1.500e-04 |    27.3044 |        204.0919 |    54.9178 |          2.2772 |           10192
09:06 |   556 |     1.500e-04 |    60.6283 |         60.2599 |    15.6140 |          2.2986 |           10192
09:21 |   557 |     1.500e-04 |    36.3524 |         52.9543 |    10.1727 |          2.2696 |           10192
09:36 |   558 |     7.500e-05 |    11.3664 |         48.2227 |     7.3861 |          2.0246 |           10192
09:51 |   559 |     7.500e-05 |     9.8152 |         48.1077 |     8.9430 |          1.9889 |           10192
10:06 |   560 |     7.500e-05 |     9.7921 |         48.6942 |     6.3652 |          1.9972 |           10192
10:21 |   561 |     7.500e-05 |     9.8929 |         47.8865 |     6.4640 |          1.9997 |           10192
10:36 |   562 |     7.500e-05 |     9.8981 |         47.3350 |     7.4158 |          1.9891 |           10192
10:51 |   563 |     7.500e-05 |     9.7197 |         47.6298 |     6.7397 |          1.9772 |           10192
11:06 |   564 |     7.500e-05 |    10.2705 |         49.2377 |    10.2869 |          1.9922 |           10192
11:21 |   565 |     7.500e-05 |    10.0521 |         50.3803 |    12.2353 |          1.9844 |           10192
11:35 |   566 |     7.500e-05 |    10.5696 |         53.0266 |     8.6761 |          1.9595 |           10192
11:50 |   567 |     7.500e-05 |    10.5636 |         56.3935 |    15.8469 |          2.0002 |           10192
12:05 |   568 |     7.500e-05 |    10.6241 |         48.5958 |     8.8657 |          1.9731 |           10192
12:20 |   569 |     7.500e-05 |    11.8674 |         51.6124 |     9.6857 |          2.0013 |           10192
12:35 |   570 |     7.500e-05 |    13.5400 |         47.8726 |     8.3290 |          2.0018 |           10192
12:50 |   571 |     7.500e-05 |    11.5947 |         48.8108 |     6.7936 |          1.9973 |           10192
13:05 |   572 |     7.500e-05 |    12.5339 |         47.4508 |     7.4442 |          2.0089 |           10192
13:20 |   573 |     7.500e-05 |    15.4317 |         47.5042 |     6.3864 |          1.9915 |           10192
13:35 |   574 |     7.500e-05 |    13.8796 |         65.6197 |    19.3180 |          2.0964 |           10192
13:50 |   575 |     7.500e-05 |    17.8321 |         61.9287 |    14.8322 |          2.0509 |           10192
14:05 |   576 |     7.500e-05 |    12.0158 |         47.5135 |     6.4038 |          1.9943 |           10192
14:20 |   577 |     7.500e-05 |    16.8154 |         45.8421 |     6.3246 |          2.0821 |           10192
14:34 |   578 |     7.500e-05 |    11.5007 |         51.2332 |     8.5662 |          1.9636 |           10192
14:49 |   579 |     7.500e-05 |    11.0252 |         53.8441 |    12.1830 |          1.9871 |           10192
15:04 |   580 |     7.500e-05 |    11.3040 |         64.4938 |    17.6348 |          1.9863 |           10192
15:19 |   581 |     7.500e-05 |    20.5478 |         78.2540 |    26.5022 |          2.0957 |           10192
15:34 |   582 |     7.500e-05 |    14.7229 |         49.8543 |     9.3986 |          2.0078 |           10192
15:49 |   583 |     7.500e-05 |    13.0579 |         50.1580 |     7.5984 |          1.9702 |           10192
16:04 |   584 |     7.500e-05 |    17.2453 |         50.1465 |     6.6926 |          1.9581 |           10192
16:19 |   585 |     7.500e-05 |    12.0335 |         54.5598 |    10.6576 |          1.9726 |           10192
16:34 |   586 |     7.500e-05 |     9.5811 |         49.2044 |     6.0372 |          1.9369 |           10192
16:49 |   587 |     7.500e-05 |     9.5432 |         51.1359 |     7.7775 |          1.9424 |           10192
17:03 |   588 |     7.500e-05 |    12.2005 |         56.3759 |     8.3751 |          1.9610 |           10192
17:18 |   589 |     7.500e-05 |    15.4083 |         67.9134 |    15.6346 |          2.0000 |           10192
17:33 |   590 |     7.500e-05 |    13.6693 |         51.7262 |     8.1626 |          1.9669 |           10192
17:48 |   591 |     7.500e-05 |    16.1807 |         57.9842 |    12.8967 |          2.0359 |           10192
18:03 |   592 |     7.500e-05 |    14.5035 |         55.6173 |    14.2532 |          2.0466 |           10192
18:18 |   593 |     7.500e-05 |    17.7400 |         61.4306 |    17.5823 |          2.0455 |           10192
18:33 |   594 |     7.500e-05 |    13.2647 |         51.8915 |    10.9502 |          1.9506 |           10192
18:48 |   595 |     7.500e-05 |    11.6534 |         51.0711 |    11.8335 |          1.9563 |           10192
19:03 |   596 |     7.500e-05 |    12.8870 |         63.8752 |    14.7165 |          1.9837 |           10192
19:17 |   597 |     7.500e-05 |    12.7481 |         51.5485 |     9.6478 |          1.9243 |           10192
19:32 |   598 |     7.500e-05 |    11.5007 |         50.5985 |     6.7626 |          1.9360 |           10192
19:47 |   599 |     7.500e-05 |    22.2454 |         72.8835 |    19.5799 |          2.1319 |           10192
20:02 |   600 |     7.500e-05 |    17.8644 |         52.3908 |     9.0496 |          1.9330 |           10192
20:17 |   601 |     7.500e-05 |    13.7977 |         52.6371 |     7.6912 |          1.9327 |           10192
20:32 |   602 |     7.500e-05 |    10.7666 |         51.8875 |     9.3319 |          1.9160 |           10192
20:47 |   603 |     7.500e-05 |    18.0286 |         52.6350 |     8.9662 |          1.9415 |           10192
21:02 |   604 |     7.500e-05 |     9.5322 |         49.4675 |     6.6132 |          1.9282 |           10192
21:17 |   605 |     7.500e-05 |     8.8645 |         48.6893 |     8.0082 |          1.8942 |           10192
21:32 |   606 |     7.500e-05 |    10.3142 |         47.2001 |     5.6280 |          1.9094 |           10192
21:46 |   607 |     7.500e-05 |    11.3882 |         53.0854 |    13.4177 |          1.9681 |           10192
22:01 |   608 |     7.500e-05 |    16.6665 |         50.7596 |    10.5041 |          2.0217 |           10192
22:16 |   609 |     7.500e-05 |    11.4870 |         46.3022 |     7.5284 |          1.9525 |           10192
22:31 |   610 |     7.500e-05 |     9.8413 |         49.7787 |     5.5186 |          1.8876 |           10192
22:46 |   611 |     7.500e-05 |    10.0505 |         48.6826 |     8.8550 |          1.9125 |           10192
23:01 |   612 |     7.500e-05 |    11.0693 |         52.9117 |     9.5756 |          1.9355 |           10192
23:16 |   613 |     7.500e-05 |    26.3277 |        148.5746 |    39.9723 |          2.3169 |           10192
23:31 |   614 |     7.500e-05 |    47.3110 |         47.8832 |     6.4741 |          1.9579 |           10192
23:46 |   615 |     7.500e-05 |    10.4354 |         52.1551 |     6.5305 |          1.8953 |           10192
24:00 |   616 |     7.500e-05 |     9.7918 |         52.2127 |     7.8510 |          1.8752 |           10192
24:15 |   617 |     7.500e-05 |     8.2153 |         47.7868 |     7.9641 |          1.8869 |           10192
24:30 |   618 |     7.500e-05 |     9.5863 |         48.9759 |     6.8153 |          1.8993 |           10192
24:45 |   619 |     7.500e-05 |     8.4463 |         48.9539 |     7.4454 |          1.9059 |           10192
25:00 |   620 |     7.500e-05 |    14.1228 |         49.0753 |     5.2820 |          1.9011 |           10192
25:15 |   621 |     7.500e-05 |     9.6591 |         62.4776 |    16.0411 |          1.8930 |           10192
25:30 |   622 |     7.500e-05 |    14.5663 |         48.0148 |     9.3445 |          1.8932 |           10192
25:45 |   623 |     7.500e-05 |    10.7402 |         48.1179 |     6.9655 |          1.9001 |           10192
26:00 |   624 |     7.500e-05 |     9.3901 |         53.4570 |     9.5215 |          1.8687 |           10192
26:15 |   625 |     7.500e-05 |    12.3018 |         49.7117 |     7.0534 |          1.9328 |           10192
26:29 |   626 |     7.500e-05 |     9.7232 |         49.9632 |     7.1115 |          1.8769 |           10192
26:44 |   627 |     7.500e-05 |     9.1247 |         49.1461 |     8.9789 |          1.8755 |           10192
26:59 |   628 |     7.500e-05 |    10.8629 |         47.7979 |     9.5635 |          1.8735 |           10192
27:14 |   629 |     3.750e-05 |     8.4362 |         46.7448 |     5.8563 |          1.8697 |           10192
27:29 |   630 |     3.750e-05 |     7.6153 |         47.6996 |     6.3394 |          1.8584 |           10192
27:44 |   631 |     3.750e-05 |     7.5431 |         47.9286 |     4.9622 |          1.8542 |           10192
27:59 |   632 |     3.750e-05 |     8.2931 |         48.2061 |     7.1347 |          1.8551 |           10192
28:14 |   633 |     3.750e-05 |     7.6615 |         47.0552 |     4.8850 |          1.8448 |           10192
28:29 |   634 |     3.750e-05 |     7.7502 |         47.9201 |     5.6656 |          1.8477 |           10192
28:43 |   635 |     3.750e-05 |     7.7637 |         46.6918 |     7.3704 |          1.8540 |           10192
28:58 |   636 |     3.750e-05 |     8.6803 |         46.3973 |     5.4852 |          1.8817 |           10192
29:13 |   637 |     3.750e-05 |     8.2668 |         47.7316 |     5.0319 |          1.8401 |           10192
29:28 |   638 |     3.750e-05 |     8.0892 |         47.8754 |     8.9149 |          1.8476 |           10192
29:43 |   639 |     3.750e-05 |     7.8524 |         50.5327 |     7.1687 |          1.8376 |           10192
29:58 |   640 |     3.750e-05 |     7.8923 |         50.4486 |     7.7959 |          1.8486 |           10192
30:13 |   641 |     3.750e-05 |    10.6938 |         46.3404 |     8.0212 |          1.8731 |           10192
30:28 |   642 |     3.750e-05 |     8.5501 |         47.8873 |     5.9283 |          1.8464 |           10192
30:43 |   643 |     3.750e-05 |     8.3493 |         50.1610 |     9.1473 |          1.8661 |           10192
30:58 |   644 |     3.750e-05 |     7.9451 |         47.9000 |     5.5822 |          1.8406 |           10192
31:12 |   645 |     3.750e-05 |     8.1998 |         49.0690 |     6.9065 |          1.8438 |           10192
31:27 |   646 |     3.750e-05 |     7.9214 |         50.8000 |     8.2141 |          1.8290 |           10192
31:42 |   647 |     3.750e-05 |     7.6617 |         47.2832 |     4.9291 |          1.8363 |           10192
31:57 |   648 |     3.750e-05 |     8.3597 |         48.6915 |     6.3652 |          1.8528 |           10192
32:12 |   649 |     3.750e-05 |     8.0803 |         53.4222 |     8.3617 |          1.8318 |           10192
32:27 |   650 |     3.750e-05 |     8.0602 |         48.9235 |     6.0538 |          1.8413 |           10192
32:42 |   651 |     3.750e-05 |     7.7749 |         50.4539 |     6.7203 |          1.8287 |           10192
32:57 |   652 |     3.750e-05 |     8.7869 |         47.1400 |     7.7361 |          1.8443 |           10192
33:12 |   653 |     3.750e-05 |     8.6919 |         48.7210 |     9.0058 |          1.8573 |           10192
33:26 |   654 |     3.750e-05 |     9.0307 |         64.0370 |    17.1509 |          1.8399 |           10192
33:41 |   655 |     3.750e-05 |     8.2047 |         48.4998 |     6.4617 |          1.8467 |           10192
33:56 |   656 |     3.750e-05 |     9.8824 |         47.4258 |     6.5705 |          1.8398 |           10192
34:11 |   657 |     3.750e-05 |     7.8438 |         49.1084 |     5.4634 |          1.8076 |           10192
34:26 |   658 |     3.750e-05 |     9.0668 |         46.9919 |     6.1599 |          1.8405 |           10192
34:41 |   659 |     3.750e-05 |     8.2569 |         47.2428 |     6.8478 |          1.8348 |           10192
34:56 |   660 |     3.750e-05 |     8.7841 |         50.7088 |     6.7047 |          1.8223 |           10192
35:11 |   661 |     3.750e-05 |     8.1742 |         46.6690 |     6.9511 |          1.8455 |           10192
35:26 |   662 |     3.750e-05 |     7.7944 |         49.6079 |     7.4557 |          1.8311 |           10192
35:40 |   663 |     3.750e-05 |     9.2790 |         48.3896 |     5.4207 |          1.7994 |           10192
35:55 |   664 |     3.750e-05 |     9.3845 |         53.1790 |     9.9284 |          1.8502 |           10192
36:10 |   665 |     3.750e-05 |     8.0339 |         50.0947 |     6.4523 |          1.8160 |           10192
36:25 |   666 |     3.750e-05 |    10.9533 |         47.1729 |     4.8796 |          1.8268 |           10192
36:40 |   667 |     3.750e-05 |     7.9883 |         49.4807 |     7.7791 |          1.8341 |           10192
36:55 |   668 |     3.750e-05 |     7.4396 |         49.4016 |     5.1066 |          1.7886 |           10192
37:10 |   669 |     3.750e-05 |     7.6953 |         46.9332 |     7.7523 |          1.8086 |           10192
37:25 |   670 |     3.750e-05 |     8.1667 |         47.7665 |     5.2269 |          1.7990 |           10192
37:40 |   671 |     3.750e-05 |     8.1701 |         54.4668 |    10.7440 |          1.8105 |           10192
37:55 |   672 |     3.750e-05 |     8.0868 |         47.0796 |     4.5254 |          1.8042 |           10192
38:09 |   673 |     3.750e-05 |     7.7969 |         50.0486 |     6.2737 |          1.8089 |           10192
38:24 |   674 |     3.750e-05 |     7.5569 |         48.3904 |     5.0486 |          1.7969 |           10192
38:39 |   675 |     3.750e-05 |     8.2037 |         53.0408 |    11.3875 |          1.8095 |           10192
38:54 |   676 |     3.750e-05 |     8.2082 |         52.1309 |     8.3273 |          1.8065 |           10192
39:09 |   677 |     3.750e-05 |     9.6449 |         48.7178 |     5.4312 |          1.7809 |           10192
39:24 |   678 |     3.750e-05 |     7.9840 |         49.2456 |     5.2014 |          1.7926 |           10192
39:39 |   679 |     3.750e-05 |     8.2137 |         47.9422 |     5.5812 |          1.8052 |           10192
39:54 |   680 |     1.875e-05 |     6.9418 |         48.1910 |     4.5373 |          1.7754 |           10192
40:09 |   681 |     1.875e-05 |     6.9889 |         47.3611 |     4.7204 |          1.7758 |           10192
40:23 |   682 |     1.875e-05 |     6.7584 |         48.2806 |     5.5738 |          1.7814 |           10192
40:38 |   683 |     1.875e-05 |     6.8614 |         48.4080 |     4.9920 |          1.7844 |           10192
40:53 |   684 |     1.875e-05 |     6.6963 |         47.5259 |     6.2607 |          1.7731 |           10192
41:08 |   685 |     1.875e-05 |     6.9900 |         46.9977 |     7.5008 |          1.7815 |           10192
41:23 |   686 |     1.875e-05 |     6.9952 |         47.3147 |     5.0045 |          1.7766 |           10192
41:38 |   687 |     1.875e-05 |     6.8757 |         49.2916 |     6.5212 |          1.7732 |           10192
41:53 |   688 |     1.875e-05 |     6.6272 |         48.0157 |     5.0016 |          1.7746 |           10192
42:08 |   689 |     1.875e-05 |     6.9035 |         47.9678 |     6.5488 |          1.7838 |           10192
42:23 |   690 |     1.875e-05 |     6.9748 |         47.5681 |     4.6272 |          1.7726 |           10192
42:38 |   691 |     1.875e-05 |     6.9038 |         47.8444 |     5.9542 |          1.7744 |           10192
42:52 |   692 |     1.875e-05 |     7.2812 |         48.9306 |     6.2960 |          1.7716 |           10192
43:07 |   693 |     1.875e-05 |     6.8671 |         47.8937 |     5.2949 |          1.7859 |           10192
43:22 |   694 |     1.875e-05 |     6.7892 |         46.9738 |     5.2633 |          1.7910 |           10192
43:37 |   695 |     1.875e-05 |     6.9619 |         47.7315 |     6.9230 |          1.7668 |           10192
43:52 |   696 |     1.875e-05 |     7.0558 |         48.4879 |     4.7527 |          1.7675 |           10192
44:07 |   697 |     1.875e-05 |     6.8115 |         49.1936 |     9.0018 |          1.7764 |           10192
44:22 |   698 |     1.875e-05 |     7.5714 |         54.5405 |    11.3898 |          1.7633 |           10192
44:37 |   699 |     1.875e-05 |     7.1828 |         47.8529 |     5.2685 |          1.7752 |           10192
44:52 |   700 |     1.875e-05 |     6.7334 |         48.4726 |     4.7162 |          1.7662 |           10192
45:07 |   701 |     1.875e-05 |     7.1703 |         48.0337 |     5.0864 |          1.7780 |           10192
45:21 |   702 |     1.875e-05 |     7.0868 |         47.7916 |     7.0265 |          1.7590 |           10192
45:36 |   703 |     1.875e-05 |     6.6691 |         47.2993 |     6.1184 |          1.7698 |           10192
45:51 |   704 |     1.875e-05 |     6.6492 |         47.6428 |     5.2022 |          1.7705 |           10192
46:06 |   705 |     1.875e-05 |     6.7851 |         47.5801 |     6.9801 |          1.7644 |           10192
46:21 |   706 |     1.875e-05 |     6.6838 |         48.8724 |     5.5921 |          1.7571 |           10192
46:36 |   707 |     1.875e-05 |     7.5740 |         48.2404 |     6.3417 |          1.7544 |           10192
46:51 |   708 |     1.875e-05 |     6.5454 |         47.7623 |     7.7597 |          1.7607 |           10192
47:06 |   709 |     1.875e-05 |     6.7846 |         47.0625 |     5.4749 |          1.7536 |           10192
47:21 |   710 |     1.875e-05 |     6.7667 |         47.7884 |     4.6456 |          1.7596 |           10192
47:36 |   711 |     1.875e-05 |     6.5967 |         48.1783 |     4.8486 |          1.7565 |           10192
47:50 |   712 |     1.875e-05 |     7.3867 |         47.8221 |     7.4073 |          1.7651 |           10192
48:05 |   713 |     1.875e-05 |     7.1128 |         49.2523 |     6.4152 |          1.7633 |           10192
48:20 |   714 |     1.875e-05 |     6.8899 |         47.6243 |     4.7733 |          1.7569 |           10192
48:35 |   715 |     1.875e-05 |     6.6529 |         50.7304 |    11.8898 |          1.7592 |           10192
48:50 |   716 |     1.875e-05 |     7.3518 |         50.3129 |     8.3894 |          1.7578 |           10192
49:05 |   717 |     1.875e-05 |     6.7912 |         46.8139 |     5.0704 |          1.7641 |           10192
49:20 |   718 |     1.875e-05 |     6.5220 |         48.5613 |     5.4046 |          1.7571 |           10192
49:35 |   719 |     1.875e-05 |     6.4874 |         48.1849 |     4.8317 |          1.7479 |           10192
49:50 |   720 |     1.875e-05 |     6.4651 |         47.9988 |     4.6150 |          1.7485 |           10192
50:05 |   721 |     1.875e-05 |     6.7232 |         48.7016 |     6.7779 |          1.7604 |           10192
50:19 |   722 |     1.875e-05 |     7.0365 |         47.3850 |     4.2654 |          1.7469 |           10192
50:34 |   723 |     1.875e-05 |     7.1839 |         46.9948 |     5.5409 |          1.7456 |           10192
50:49 |   724 |     1.875e-05 |     6.4100 |         47.7505 |     7.3309 |          1.7472 |           10192
51:04 |   725 |     1.875e-05 |     6.7051 |         47.2869 |     4.4778 |          1.7531 |           10192
51:19 |   726 |     1.875e-05 |     6.6821 |         47.2928 |     4.8150 |          1.7475 |           10192
51:34 |   727 |     1.875e-05 |     6.6371 |         47.9209 |     5.9099 |          1.7389 |           10192
51:49 |   728 |     1.875e-05 |     6.7311 |         48.2923 |     4.4350 |          1.7439 |           10192
52:04 |   729 |     1.875e-05 |     6.7498 |         48.1576 |     5.5645 |          1.7506 |           10192
52:19 |   730 |     1.875e-05 |     6.5432 |         47.7488 |     5.1791 |          1.7464 |           10192
52:34 |   731 |     9.375e-06 |     6.1769 |         48.0594 |     5.6378 |          1.7412 |           10192
52:48 |   732 |     9.375e-06 |     6.1947 |         47.6022 |     4.3723 |          1.7417 |           10192
53:03 |   733 |     9.375e-06 |     6.1024 |         47.6109 |     4.3350 |          1.7389 |           10192
53:18 |   734 |     9.375e-06 |     6.1139 |         47.1636 |     5.0161 |          1.7338 |           10192
53:33 |   735 |     9.375e-06 |     6.1704 |         48.9902 |     5.7389 |          1.7299 |           10192
53:48 |   736 |     9.375e-06 |     6.1240 |         47.4220 |     4.6100 |          1.7359 |           10192
54:03 |   737 |     9.375e-06 |     6.2850 |         47.2142 |     6.2346 |          1.7315 |           10192
54:18 |   738 |     9.375e-06 |     6.2330 |         48.1708 |     4.6361 |          1.7367 |           10192
54:33 |   739 |     9.375e-06 |     6.1469 |         47.0732 |     5.1406 |          1.7433 |           10192
54:48 |   740 |     9.375e-06 |     6.1358 |         47.3558 |     5.6653 |          1.7317 |           10192
55:02 |   741 |     9.375e-06 |     6.1082 |         47.7561 |     4.3660 |          1.7310 |           10192
55:17 |   742 |     9.375e-06 |     6.2107 |         48.3077 |     4.4678 |          1.7322 |           10192
55:32 |   743 |     9.375e-06 |     6.3060 |         47.5061 |     4.9391 |          1.7407 |           10192
55:47 |   744 |     9.375e-06 |     6.3158 |         47.2704 |     4.5712 |          1.7369 |           10192
56:02 |   745 |     9.375e-06 |     6.1908 |         47.5240 |     5.0427 |          1.7287 |           10192
56:17 |   746 |     9.375e-06 |     6.3319 |         48.1911 |     4.9676 |          1.7335 |           10192
56:32 |   747 |     9.375e-06 |     6.0994 |         48.0254 |     4.4592 |          1.7278 |           10192
56:47 |   748 |     9.375e-06 |     6.2676 |         48.1317 |     5.1180 |          1.7311 |           10192
57:02 |   749 |     9.375e-06 |     6.1767 |         48.2540 |     5.1017 |          1.7289 |           10192
57:17 |   750 |     9.375e-06 |     6.4679 |         49.2589 |     5.7847 |          1.7276 |           10192
57:31 |   751 |     9.375e-06 |     6.1035 |         47.0511 |     4.4569 |          1.7341 |           10192
57:46 |   752 |     9.375e-06 |     6.1929 |         48.2420 |     5.1209 |          1.7349 |           10192
58:01 |   753 |     9.375e-06 |     6.1664 |         47.8389 |     4.4871 |          1.7273 |           10192
58:16 |   754 |     9.375e-06 |     6.1228 |         48.0983 |     5.1650 |          1.7336 |           10192
58:31 |   755 |     9.375e-06 |     6.2231 |         47.3652 |     4.6985 |          1.7319 |           10192
58:46 |   756 |     9.375e-06 |     6.2388 |         47.5826 |     4.6028 |          1.7314 |           10192
59:01 |   757 |     9.375e-06 |     6.1172 |         47.6380 |     4.9632 |          1.7244 |           10192
59:16 |   758 |     9.375e-06 |     6.1985 |         47.1836 |     4.2874 |          1.7273 |           10192
59:31 |   759 |     9.375e-06 |     6.2054 |         47.6630 |     4.5627 |          1.7299 |           10192
59:46 |   760 |     9.375e-06 |     6.0231 |         46.7862 |     5.0550 |          1.7293 |           10192
00:00 |   761 |     9.375e-06 |     6.2562 |         48.1824 |     5.4820 |          1.7202 |           10192
00:15 |   762 |     9.375e-06 |     6.0122 |         47.0908 |     4.9058 |          1.7311 |           10192
00:30 |   763 |     9.375e-06 |     6.1130 |         47.3329 |     5.0828 |          1.7219 |           10192
00:45 |   764 |     9.375e-06 |     6.1309 |         46.8583 |     5.3786 |          1.7232 |           10192
01:00 |   765 |     9.375e-06 |     6.1868 |         48.3454 |     5.3574 |          1.7242 |           10192
01:15 |   766 |     9.375e-06 |     6.1235 |         46.9028 |     4.3422 |          1.7325 |           10192
01:30 |   767 |     9.375e-06 |     6.1626 |         46.7896 |     4.7235 |          1.7208 |           10192
01:45 |   768 |     9.375e-06 |     6.0525 |         48.0630 |     4.3845 |          1.7170 |           10192
02:00 |   769 |     9.375e-06 |     6.1924 |         47.0644 |     4.8400 |          1.7242 |           10192
02:15 |   770 |     9.375e-06 |     6.0033 |         48.3034 |     5.0439 |          1.7156 |           10192
02:29 |   771 |     9.375e-06 |     6.0526 |         47.2342 |     4.5253 |          1.7229 |           10192
02:44 |   772 |     9.375e-06 |     6.2111 |         47.8700 |     6.7138 |          1.7222 |           10192
02:59 |   773 |     9.375e-06 |     6.1948 |         48.0672 |     4.3576 |          1.7205 |           10192
03:14 |   774 |     9.375e-06 |     6.0503 |         47.2013 |     6.3520 |          1.7264 |           10192
03:29 |   775 |     9.375e-06 |     5.9772 |         47.3184 |     4.9932 |          1.7225 |           10192
03:44 |   776 |     9.375e-06 |     5.9440 |         48.8759 |     5.4770 |          1.7149 |           10192
03:59 |   777 |     9.375e-06 |     6.1792 |         49.6563 |     6.3907 |          1.7109 |           10192
04:14 |   778 |     9.375e-06 |     6.1625 |         47.9994 |     4.4413 |          1.7131 |           10192
04:29 |   779 |     9.375e-06 |     5.9688 |         47.3724 |     4.4828 |          1.7179 |           10192
04:44 |   780 |     9.375e-06 |     5.9832 |         49.0319 |     5.7177 |          1.7104 |           10192
04:58 |   781 |     9.375e-06 |     5.9739 |         47.5708 |     4.6902 |          1.7174 |           10192
05:13 |   782 |     4.687e-06 |     5.8963 |         47.3516 |     6.0694 |          1.7124 |           10192
05:28 |   783 |     4.687e-06 |     5.8672 |         47.5843 |     4.4674 |          1.7108 |           10192
05:43 |   784 |     4.687e-06 |     5.8616 |         47.6947 |     4.3721 |          1.7085 |           10192
05:58 |   785 |     4.687e-06 |     5.9343 |         47.6078 |     4.2439 |          1.7110 |           10192
06:13 |   786 |     4.687e-06 |     5.8655 |         47.4201 |     4.2755 |          1.7131 |           10192
06:28 |   787 |     4.687e-06 |     5.7770 |         47.7294 |     4.1197 |          1.7096 |           10192
06:43 |   788 |     4.687e-06 |     5.8393 |         47.7093 |     4.4565 |          1.7121 |           10192
06:58 |   789 |     4.687e-06 |     5.8213 |         47.5894 |     4.2761 |          1.7121 |           10192
07:12 |   790 |     4.687e-06 |     5.8238 |         47.6549 |     4.1977 |          1.7110 |           10192
07:27 |   791 |     4.687e-06 |     5.7944 |         47.4076 |     4.3315 |          1.7156 |           10192
07:42 |   792 |     4.687e-06 |     5.7842 |         47.6141 |     4.1396 |          1.7153 |           10192
07:57 |   793 |     4.687e-06 |     5.8024 |         47.8353 |     4.2796 |          1.7119 |           10192
08:12 |   794 |     4.687e-06 |     5.7727 |         47.5621 |     4.4979 |          1.7141 |           10192
08:27 |   795 |     4.687e-06 |     5.8094 |         47.7169 |     4.4227 |          1.7132 |           10192
08:42 |   796 |     4.687e-06 |     5.7713 |         47.5207 |     4.4208 |          1.7099 |           10192
08:57 |   797 |     4.687e-06 |     5.8406 |         47.4716 |     4.3205 |          1.7129 |           10192
09:12 |   798 |     4.687e-06 |     5.8683 |         47.4012 |     4.6732 |          1.7056 |           10192
09:27 |   799 |     4.687e-06 |     5.8109 |         47.4631 |     4.2078 |          1.7062 |           10192
09:41 |   800 |     4.687e-06 |     5.8900 |         47.2992 |     4.9613 |          1.7049 |           10192
09:56 |   801 |     4.687e-06 |     5.8871 |         47.2766 |     4.7667 |          1.7064 |           10192
10:11 |   802 |     4.687e-06 |     5.7904 |         47.6579 |     4.4172 |          1.7065 |           10192
10:26 |   803 |     4.687e-06 |     5.7981 |         47.3029 |     6.1276 |          1.7120 |           10192
10:41 |   804 |     4.687e-06 |     5.8558 |         47.7637 |     4.7696 |          1.7057 |           10192
10:56 |   805 |     4.687e-06 |     5.9028 |         47.2667 |     5.5042 |          1.7156 |           10192
11:11 |   806 |     4.687e-06 |     5.8159 |         47.6646 |     4.4147 |          1.7109 |           10192
11:26 |   807 |     4.687e-06 |     5.7437 |         47.5861 |     4.2062 |          1.7061 |           10192
11:41 |   808 |     4.687e-06 |     5.8318 |         47.7811 |     4.2706 |          1.7046 |           10192
11:56 |   809 |     4.687e-06 |     5.8268 |         47.7355 |     4.4449 |          1.7051 |           10192
12:10 |   810 |     4.687e-06 |     5.7353 |         47.4790 |     4.3979 |          1.7091 |           10192
12:25 |   811 |     4.687e-06 |     5.7701 |         47.5730 |     4.2789 |          1.7075 |           10192
12:40 |   812 |     4.687e-06 |     5.7740 |         47.5639 |     4.2379 |          1.7044 |           10192
12:55 |   813 |     4.687e-06 |     5.7993 |         47.3019 |     4.9370 |          1.7074 |           10192
13:10 |   814 |     4.687e-06 |     5.8275 |         47.7250 |     4.2809 |          1.7032 |           10192
13:25 |   815 |     4.687e-06 |     5.7485 |         47.5157 |     4.8895 |          1.7044 |           10192
13:40 |   816 |     4.687e-06 |     5.8477 |         47.5366 |     4.3645 |          1.7092 |           10192
13:55 |   817 |     4.687e-06 |     5.7351 |         47.5815 |     5.7437 |          1.7007 |           10192
14:10 |   818 |     4.687e-06 |     5.8565 |         47.6891 |     4.1756 |          1.7040 |           10192
14:25 |   819 |     4.687e-06 |     5.8046 |         47.8028 |     4.4220 |          1.7000 |           10192
14:39 |   820 |     4.687e-06 |     5.8383 |         48.9570 |     6.1299 |          1.7045 |           10192
14:54 |   821 |     4.687e-06 |     5.8313 |         47.5948 |     4.5090 |          1.7094 |           10192
15:09 |   822 |     4.687e-06 |     5.7387 |         47.8698 |     7.2289 |          1.7043 |           10192
15:24 |   823 |     4.687e-06 |     5.7369 |         47.5116 |     4.4520 |          1.6998 |           10192
15:39 |   824 |     4.687e-06 |     5.7163 |         48.3751 |     5.0037 |          1.7028 |           10192
15:54 |   825 |     4.687e-06 |     5.7359 |         47.6839 |     4.2813 |          1.7015 |           10192
16:09 |   826 |     4.687e-06 |     5.7339 |         47.7099 |     4.3902 |          1.7007 |           10192
16:24 |   827 |     4.687e-06 |     5.8311 |         47.1616 |     5.0969 |          1.7012 |           10192
16:39 |   828 |     4.687e-06 |     5.7756 |         49.9200 |     6.7074 |          1.7063 |           10192
16:54 |   829 |     4.687e-06 |     5.8368 |         48.2955 |     4.7330 |          1.6973 |           10192
17:08 |   830 |     4.687e-06 |     5.7120 |         48.0766 |     4.8148 |          1.7034 |           10192
17:23 |   831 |     4.687e-06 |     5.7922 |         47.6803 |     6.1233 |          1.6980 |           10192
17:38 |   832 |     4.687e-06 |     5.7611 |         47.5760 |     4.4376 |          1.6981 |           10192
17:53 |   833 |     2.344e-06 |     5.6666 |         47.3727 |     4.2282 |          1.6971 |           10192
18:08 |   834 |     2.344e-06 |     5.6462 |         47.5407 |     4.4998 |          1.6971 |           10192
18:23 |   835 |     2.344e-06 |     5.6595 |         47.4057 |     4.2446 |          1.6979 |           10192
18:38 |   836 |     2.344e-06 |     5.6202 |         47.4767 |     4.5007 |          1.6982 |           10192
18:53 |   837 |     2.344e-06 |     5.6009 |         47.7104 |     4.1451 |          1.6985 |           10192
19:08 |   838 |     2.344e-06 |     5.6734 |         47.5309 |     4.5862 |          1.6990 |           10192
19:23 |   839 |     2.344e-06 |     5.7178 |         47.4368 |     5.2967 |          1.6986 |           10192
19:37 |   840 |     2.344e-06 |     5.7225 |         47.8660 |     4.2703 |          1.6972 |           10192
19:52 |   841 |     2.344e-06 |     5.6444 |         47.3960 |     4.7943 |          1.6991 |           10192
20:07 |   842 |     2.344e-06 |     5.6204 |         47.5870 |     4.3703 |          1.7009 |           10192
20:22 |   843 |     2.344e-06 |     5.6712 |         47.6076 |     4.3979 |          1.7019 |           10192
20:37 |   844 |     2.344e-06 |     5.6555 |         47.8978 |     4.2542 |          1.6972 |           10192
20:52 |   845 |     2.344e-06 |     5.6163 |         47.5427 |     4.6854 |          1.6973 |           10192
21:07 |   846 |     2.344e-06 |     5.6588 |         47.5211 |     4.2250 |          1.6950 |           10192
21:22 |   847 |     2.344e-06 |     5.6261 |         48.2596 |     4.6012 |          1.6953 |           10192
21:37 |   848 |     2.344e-06 |     5.6395 |         48.7739 |     5.3282 |          1.6969 |           10192
21:52 |   849 |     2.344e-06 |     5.6069 |         47.6139 |     4.5192 |          1.6988 |           10192
22:06 |   850 |     2.344e-06 |     5.6393 |         47.4833 |     4.3685 |          1.6946 |           10192
22:21 |   851 |     2.344e-06 |     5.6237 |         47.6017 |     4.5003 |          1.6985 |           10192
22:36 |   852 |     2.344e-06 |     5.6658 |         47.8532 |     4.2742 |          1.6968 |           10192
22:51 |   853 |     2.344e-06 |     5.6031 |         47.4149 |     4.4378 |          1.6936 |           10192
23:06 |   854 |     2.344e-06 |     5.6406 |         47.7418 |     4.2481 |          1.6940 |           10192
23:21 |   855 |     2.344e-06 |     5.5721 |         48.2662 |     4.7813 |          1.6943 |           10192
23:36 |   856 |     2.344e-06 |     5.6438 |         47.8652 |     4.5245 |          1.6946 |           10192
23:51 |   857 |     2.344e-06 |     5.6233 |         47.8054 |     4.2599 |          1.6996 |           10192
24:06 |   858 |     2.344e-06 |     5.6061 |         47.6088 |     4.9213 |          1.6954 |           10192
24:21 |   859 |     2.344e-06 |     5.6537 |         47.5481 |     4.1036 |          1.6974 |           10192
24:35 |   860 |     2.344e-06 |     5.6393 |         47.5033 |     4.1785 |          1.6941 |           10192
24:50 |   861 |     2.344e-06 |     5.5765 |         47.6434 |     4.1675 |          1.6959 |           10192
25:05 |   862 |     2.344e-06 |     5.6032 |         47.3200 |     4.6250 |          1.6935 |           10192
25:20 |   863 |     2.344e-06 |     5.6364 |         47.0217 |     4.4196 |          1.6961 |           10192
25:35 |   864 |     2.344e-06 |     5.6203 |         47.8201 |     4.0939 |          1.6941 |           10192
25:50 |   865 |     2.344e-06 |     5.6043 |         47.4095 |     4.1214 |          1.6963 |           10192
26:05 |   866 |     2.344e-06 |     5.6126 |         47.4653 |     4.2763 |          1.6944 |           10192
26:20 |   867 |     2.344e-06 |     5.6119 |         47.3896 |     4.3091 |          1.6962 |           10192
26:35 |   868 |     2.344e-06 |     5.6008 |         48.9941 |     5.3552 |          1.6934 |           10192
26:49 |   869 |     2.344e-06 |     5.6819 |         47.9020 |     4.3421 |          1.6889 |           10192
27:04 |   870 |     2.344e-06 |     5.6644 |         47.9523 |     4.3868 |          1.6970 |           10192
27:19 |   871 |     2.344e-06 |     5.5918 |         47.2348 |     5.5166 |          1.6949 |           10192
27:34 |   872 |     2.344e-06 |     5.6138 |         47.5070 |     4.2169 |          1.6947 |           10192
27:49 |   873 |     2.344e-06 |     5.6324 |         47.8830 |     4.2501 |          1.6924 |           10192
28:04 |   874 |     2.344e-06 |     5.5755 |         47.2972 |     4.6814 |          1.6931 |           10192
28:19 |   875 |     2.344e-06 |     5.6264 |         47.7370 |     5.2060 |          1.6908 |           10192
28:34 |   876 |     2.344e-06 |     5.6252 |         47.5062 |     4.2327 |          1.6912 |           10192
28:49 |   877 |     2.344e-06 |     5.5905 |         47.5850 |     5.3806 |          1.6915 |           10192
29:04 |   878 |     2.344e-06 |     5.5961 |         47.5319 |     4.3461 |          1.6926 |           10192
29:18 |   879 |     2.344e-06 |     5.5995 |         47.4799 |     4.2038 |          1.6981 |           10192
29:33 |   880 |     2.344e-06 |     5.5766 |         47.4914 |     4.3181 |          1.6901 |           10192
29:48 |   881 |     2.344e-06 |     5.6254 |         47.3895 |     4.3739 |          1.6958 |           10192
30:03 |   882 |     2.344e-06 |     5.5993 |         47.3914 |     5.1035 |          1.6949 |           10192
30:18 |   883 |     2.344e-06 |     5.5680 |         47.6595 |     4.3411 |          1.6911 |           10192
30:33 |   884 |     1.172e-06 |     5.5397 |         47.5537 |     4.1759 |          1.6892 |           10192
30:48 |   885 |     1.172e-06 |     5.5287 |         47.6599 |     4.1244 |          1.6906 |           10192
31:03 |   886 |     1.172e-06 |     5.5271 |         47.6804 |     4.0976 |          1.6907 |           10192
31:18 |   887 |     1.172e-06 |     5.5340 |         47.4939 |     4.1460 |          1.6909 |           10192
31:33 |   888 |     1.172e-06 |     5.5241 |         47.5322 |     4.2661 |          1.6919 |           10192
31:47 |   889 |     1.172e-06 |     5.5618 |         47.7968 |     4.1716 |          1.6916 |           10192
32:02 |   890 |     1.172e-06 |     5.5518 |         47.3378 |     4.3155 |          1.6915 |           10192
32:17 |   891 |     1.172e-06 |     5.5347 |         47.5075 |     4.1899 |          1.6897 |           10192
32:32 |   892 |     1.172e-06 |     5.5610 |         47.6631 |     4.1008 |          1.6918 |           10192
32:47 |   893 |     1.172e-06 |     5.5315 |         47.8226 |     4.2165 |          1.6897 |           10192
33:02 |   894 |     1.172e-06 |     5.5604 |         47.6233 |     4.1688 |          1.6909 |           10192
33:17 |   895 |     1.172e-06 |     5.5488 |         47.5010 |     4.1696 |          1.6910 |           10192
33:32 |   896 |     1.172e-06 |     5.5438 |         47.7415 |     4.1993 |          1.6911 |           10192
33:47 |   897 |     1.172e-06 |     5.5338 |         48.0769 |     4.4067 |          1.6905 |           10192
34:02 |   898 |     1.172e-06 |     5.5512 |         47.5118 |     4.0943 |          1.6903 |           10192
34:16 |   899 |     1.172e-06 |     5.5361 |         47.7621 |     4.2045 |          1.6870 |           10192
34:31 |   900 |     1.172e-06 |     5.5309 |         47.6027 |     4.2275 |          1.6912 |           10192
34:46 |   901 |     1.172e-06 |     5.5233 |         47.5540 |     4.3210 |          1.6889 |           10192
35:01 |   902 |     1.172e-06 |     5.5069 |         47.5915 |     4.1052 |          1.6887 |           10192
35:16 |   903 |     1.172e-06 |     5.5157 |         47.4980 |     4.1041 |          1.6932 |           10192
35:31 |   904 |     1.172e-06 |     5.5333 |         47.5631 |     4.2591 |          1.6918 |           10192
35:46 |   905 |     1.172e-06 |     5.5268 |         47.6877 |     4.0835 |          1.6903 |           10192
36:01 |   906 |     1.172e-06 |     5.5179 |         48.0104 |     4.3948 |          1.6894 |           10192
36:16 |   907 |     1.172e-06 |     5.5204 |         47.5732 |     4.0656 |          1.6898 |           10192
36:31 |   908 |     1.172e-06 |     5.5122 |         47.8650 |     4.2302 |          1.6921 |           10192
36:45 |   909 |     1.172e-06 |     5.5331 |         47.9483 |     4.2904 |          1.6915 |           10192
37:00 |   910 |     1.172e-06 |     5.5264 |         47.5583 |     4.0654 |          1.6886 |           10192
37:15 |   911 |     1.172e-06 |     5.5417 |         47.5174 |     4.2173 |          1.6880 |           10192
37:30 |   912 |     1.172e-06 |     5.5239 |         47.8825 |     4.3065 |          1.6891 |           10192
37:45 |   913 |     1.172e-06 |     5.5461 |         47.5352 |     4.1189 |          1.6872 |           10192
38:00 |   914 |     1.172e-06 |     5.5385 |         47.4069 |     4.1164 |          1.6887 |           10192
38:15 |   915 |     1.172e-06 |     5.5241 |         47.4535 |     4.7931 |          1.6885 |           10192
38:30 |   916 |     1.172e-06 |     5.5394 |         47.6976 |     4.1051 |          1.6889 |           10192
38:45 |   917 |     1.172e-06 |     5.5205 |         47.5596 |     4.4848 |          1.6891 |           10192
39:00 |   918 |     1.172e-06 |     5.5017 |         47.4813 |     4.2543 |          1.6878 |           10192
39:15 |   919 |     1.172e-06 |     5.5621 |         47.3700 |     4.8507 |          1.6894 |           10192
39:29 |   920 |     1.172e-06 |     5.5281 |         47.5952 |     4.0650 |          1.6882 |           10192
39:44 |   921 |     1.172e-06 |     5.5349 |         47.6284 |     4.0679 |          1.6893 |           10192
39:59 |   922 |     1.172e-06 |     5.5089 |         47.8228 |     4.1103 |          1.6888 |           10192
40:14 |   923 |     1.172e-06 |     5.5088 |         47.4381 |     4.5987 |          1.6892 |           10192
40:29 |   924 |     1.172e-06 |     5.5046 |         47.4294 |     4.4257 |          1.6877 |           10192
40:44 |   925 |     1.172e-06 |     5.5189 |         47.5654 |     4.6541 |          1.6901 |           10192
40:59 |   926 |     1.172e-06 |     5.4999 |         47.5144 |     4.0300 |          1.6896 |           10192
41:14 |   927 |     1.172e-06 |     5.5281 |         47.8443 |     4.2614 |          1.6903 |           10192
41:29 |   928 |     1.172e-06 |     5.5238 |         48.1856 |     4.5279 |          1.6861 |           10192
41:44 |   929 |     1.172e-06 |     5.4986 |         47.6345 |     4.1440 |          1.6870 |           10192
41:59 |   930 |     1.172e-06 |     5.5362 |         47.4325 |     4.2322 |          1.6903 |           10192
42:13 |   931 |     1.172e-06 |     5.5074 |         47.4847 |     4.4211 |          1.6874 |           10192
42:28 |   932 |     1.172e-06 |     5.5091 |         47.6879 |     4.1367 |          1.6877 |           10192
42:43 |   933 |     1.172e-06 |     5.5017 |         47.3544 |     4.4130 |          1.6872 |           10192
42:58 |   934 |     1.172e-06 |     5.5331 |         47.7090 |     4.1260 |          1.6888 |           10192
