Time,Learning rate,Train loss,Validation loss,MAE_energy,MAE_energy_grad
45.23975396156311,0.0003,983950.8886900188,4900.007351935449,152.4354193620621,36.597061135295746
90.18044829368591,0.0003,3432.955445536629,2378.431138693623,107.39773120272692,25.3238069942944
135.07316279411316,0.0003,1976.7766284935678,1599.1776181522632,88.11139468053344,20.172818077272368
179.9165334701538,0.0003,1424.6382695766094,1299.0436406659503,85.44063541874004,17.32551065357735
224.82413458824158,0.0003,1138.3738635676373,975.8368113886714,73.51629428742038,15.59357040442628
269.73377084732056,0.0003,973.8768727231329,913.0709677003283,72.58810848551951,14.397048919588565
314.72741198539734,0.0003,831.5897319078011,751.7242966887567,63.122959326482885,13.519370286464502
359.6079239845276,0.0003,754.7612267332651,684.3650350310853,60.56553838450438,12.891421581329464
404.60823345184326,0.0003,682.073327080843,634.3281652591997,59.519954530752386,12.318937554292033
449.6108891963959,0.0003,621.0436914329321,589.1460287846481,59.24965633708201,11.864982318072336
494.576868057251,0.0003,578.0086968871848,543.5695159008367,55.75744442301951,11.463374811211798
539.5688033103943,0.0003,556.5111186932562,517.4716856883505,54.343269804936305,11.044386450683092
584.5829756259918,0.0003,515.9548491153126,492.72746048461653,53.59545307523885,10.740341293285557
629.55273604393,0.0003,494.4336438677567,460.02130742654845,50.82166507016321,10.447850559948275
675.4154875278473,0.0003,457.5030843098958,436.8040278142167,50.24403985867834,10.09555591955895
720.3195550441742,0.0003,444.8998055769012,421.22167821259217,49.661539143361864,9.924022542915383
765.995069026947,0.0003,416.1130339520008,407.55603399541076,49.49051630299562,9.585006083175394
811.0865678787231,0.0003,413.9516178874587,383.4340625986164,47.6723261936455,9.374576460455659
856.0987191200256,0.0003,384.8312897339979,366.5437469836689,46.14359371889928,9.128940321334793
900.9898478984833,0.0003,425.09214666536815,369.20177174314904,46.723411375398086,8.962825644224315
945.9512844085693,0.0003,350.4751599254504,337.6941797389772,44.30520804824343,8.759256837711245
990.9276690483093,0.0003,370.7617038636477,333.55438853762945,44.480082401348525,8.614242512018281
1035.9118599891663,0.0003,337.92625522300847,324.6100048810773,44.317635583573846,8.464841374723605
1080.8587517738342,0.0003,336.73565508177154,334.60847048385534,47.36463763000099,8.29099363055753
1125.750813484192,0.0003,328.04444055331425,291.47831453939267,40.486881406747614,8.155601703782674
1170.6606380939484,0.0003,328.2815112615978,298.69555667099075,41.986812440908636,8.039386771499645
1215.6294240951538,0.0003,315.277137347779,276.6604339050134,39.879016424288416,7.912691240597607
1260.60862326622,0.0003,276.02439232775856,267.0130688444751,38.45091646036525,7.762730756559464
1305.6074395179749,0.0003,279.5738754022317,259.9554588001561,38.48300555769805,7.62262231748006
1350.6049890518188,0.0003,262.4459931809611,256.69900036169946,38.838981949144106,7.5065790529001815
1395.571563243866,0.0003,276.086698838531,249.6084629314597,39.53500541152468,7.36413311048922
1440.590029001236,0.0003,263.8275785852651,256.27872722583254,40.75597405889231,7.303154521292348
1485.5122056007385,0.0003,259.9547493689699,299.80139043465016,51.40572968501194,7.156013922204454
1530.4782819747925,0.0003,271.48660901457015,292.66306897316804,47.58355347457206,7.260829903064045
1575.3391571044922,0.0003,246.58560997245525,285.4392022829433,46.76884058083698,7.063179483287925
1620.2274081707,0.0003,263.7618687308334,306.859946152272,54.147831191530656,6.942365059622523
1665.2722036838531,0.0003,272.2601127082533,234.26670751944448,41.33724979473527,6.758981629550659
1710.2866632938385,0.0003,244.39189953413165,200.29816691153027,32.543317622288015,6.797346615755548
1755.2268574237823,0.0003,225.04372470209506,197.20525991968057,34.46458265948448,6.6204733709922605
1800.162929534912,0.0003,236.14690560651823,806.0125284512612,110.35048454916401,6.707469180017571
1845.0682878494263,0.0003,316.8012214479985,212.3491751440609,38.58715765886246,6.570186826285241
1890.0258395671844,0.0003,239.41996804603897,224.09018942646097,41.71977049226214,6.453576009461621
1934.9209952354431,0.0003,194.83575595654207,186.01083481894148,34.68434125572253,6.2682869136460555
1979.9174981117249,0.0003,236.875537395651,225.7548019232046,39.08383501380872,6.336697264545329
2024.8435938358307,0.0003,196.37838895203637,169.89386340450602,29.89470836858081,6.345655372690121
2069.9054317474365,0.0003,292.2984975234624,168.59248652165604,31.803695581521197,6.135993164756575
2114.844756603241,0.0003,338.6350487992195,180.4980379308408,34.30812887203921,6.086525781928651
2159.9151322841644,0.0003,279.6843353327072,582.4308124570252,92.4141809937301,5.976738316724907
2204.997939825058,0.0003,399.8917589198045,1070.236454246971,129.07586055682722,6.1633199330727315
2250.0265369415283,0.0003,306.107605364023,173.03719343317823,33.35866862497512,5.812721517659718
2294.9929757118225,0.0003,226.86595602400317,151.6323663483353,27.475247056317176,6.062358886988668
2340.0537297725677,0.0003,268.10733861593167,278.23991379799986,56.95924593202627,5.7454425386707335
2385.081456899643,0.0003,250.45569448557924,470.5519046439121,81.30534512465167,5.649208778466299
2429.9919180870056,0.0003,541.5347549132745,547.0429962396792,86.16942706259952,5.675583932396549
2474.9278252124786,0.0003,432.51918857484134,146.11767595368408,27.762814350492636,5.7924445079908
2519.923014163971,0.0003,368.9612795192253,248.7321579633802,52.393084755672774,5.508505494600411
2564.852696418762,0.0003,285.7430638381041,192.37414226735325,42.13140597009355,5.575578264123331
2609.775105237961,0.0003,298.47501536440546,475.3045708825085,78.4196649830812,6.065079581013583
2654.7229237556458,0.0003,1549.140162244564,1090.0370205942247,115.61662068944068,8.794394671607241
2699.731063604355,0.0003,1056.2502291764501,1643.1924461120736,170.84076930732485,5.7634758375779835
2744.700845718384,0.0003,932.4742223520748,165.55750297468666,34.486362102532844,5.558313112636224
2789.637922525406,0.0003,427.9630726520698,1624.4775024153785,161.12951862310908,5.864128491039347
2834.5545105934143,0.0003,521.5547975189264,2061.1656613868436,175.77756985220938,5.85483808326917
2879.4927232265472,0.0003,762.0149720572383,141.04503126544316,32.58917345180633,5.122898821245953
2924.455390691757,0.0003,193.46345398282745,148.5264994213011,35.71916208449443,5.019163976743267
2969.381175518036,0.0003,191.69711577757678,161.91770900499478,39.100976406996416,5.066795062694958
3014.2709929943085,0.0003,561.9318428915055,976.8830903494987,125.86083859972133,5.096394739163804
3059.300213575363,0.0003,1522.3249601103569,114.92257137953797,24.879224915717057,4.908336495227237
3104.282360315323,0.0003,224.42064033327642,200.45222852716398,41.33898902455712,5.197487651647516
3149.232733488083,0.0003,226.99991481204285,260.3624556182883,56.76463630822054,5.032737917863559
3194.169098377228,0.0003,174.48592539302638,159.5758727976734,40.17043410380175,4.8489351512526655
3239.025974035263,0.0003,304.37286316918545,276.50579084890256,59.49717372238256,4.912022777666726
3283.9192140102386,0.0003,333.26690355311325,104.5317406555624,23.791989232931925,4.93008129460584
3328.836464881897,0.0003,555.6145950011651,935.877692698732,124.66164597432325,5.911907414810866
3373.787521839142,0.0003,471.4124858918737,298.6111638195451,62.74663692401473,4.972649664006357
3418.6754772663116,0.0003,468.94790394822974,333.1303773129447,60.286418317078024,6.31373853697781
3463.6362080574036,0.0003,1092.4921301558586,980.6405054688425,123.00822178542994,5.102670743813176
3508.5851006507874,0.0003,248.5766677495126,151.3681056763939,35.24717807648288,4.795349193393153
3555.0383307933807,0.0003,279.33828280645207,128.22316131483348,33.47760896136047,4.808836568027916
3599.993865966797,0.0003,131.78264486177372,89.05426311298615,21.761147390960886,4.573831533675866
3644.9940905570984,0.0003,1074.3289276345397,109.14425419687915,25.98510353428543,4.82525935241945
3689.964705467224,0.0003,218.33766580383633,976.4675806468032,131.2648670755374,4.479129024705342
3734.8986163139343,0.0003,896.282832044591,170.89925067958546,29.118642508148387,7.044009552929795
3779.789665222168,0.0003,292.3483688104348,148.85831973345407,39.63986435422472,4.548054656343777
3824.6393406391144,0.0003,422.40060186333994,272.35416405015127,60.984487429090365,4.582339187618455
3869.569719314575,0.0003,97.58149053438113,81.87543418520973,20.978393165928544,4.2969449935343125
3914.5325632095337,0.0003,174.4670137165674,1618.7762285519482,163.91949983827627,5.509375632378781
3959.389864206314,0.0003,444.58355403823714,75.11813121091639,20.192854221611267,4.254340894732686
4004.366116285324,0.0003,101.76479872406506,141.66339645186918,40.454573826880974,4.312347781800324
4049.2887570858,0.0003,110.7678396089481,609.4817150760335,101.62377805284633,4.319402306424228
4094.206990480423,0.0003,621.2185911974186,1267.532141992442,131.46355369227706,5.317687557376806
4139.235596656799,0.0003,205.4759638134899,129.2093861847177,35.97209978042894,4.391813987786761
4184.265689611435,0.0003,331.30109402182325,109.38720140274145,32.36966653811704,4.275286089702776
4229.23925113678,0.0003,120.46447313374726,180.43177340791507,49.55020184365048,4.064589163557214
4274.3140280246735,0.0003,132.68854660284325,324.87373451317865,69.77139915903662,4.105674064881446
4319.293705701828,0.0003,2811.808221179844,880.6410143843423,100.85145986763536,7.843699533088525
4364.220265626907,0.0003,203.0085345992625,127.67949120242064,36.049807642068075,4.148902460354478
4409.211402177811,0.0003,81.88181191255052,63.79586763578522,16.580411796812797,3.9905956637941244
4454.0487513542175,0.0003,89.78624627785605,114.90959840117968,34.29397143710191,3.885550306811676
4498.977152109146,0.0003,63.20923657026447,73.54937843859577,24.320301070486664,3.8819366245409856
4543.814383506775,0.0003,67.52675089045735,52.74214661161472,14.543590336696358,3.7915612367848257
4588.731430768967,0.0003,53.55153660730803,118.88168644402384,38.349141464719345,3.7449286460801154
4633.619657278061,0.0003,57.87820797140264,57.1701957427899,19.10867414535231,3.6850040934958144
4678.591135263443,0.0003,99.04180742552154,74.32875759573916,26.18814125789958,3.7036890664485114
4723.552904129028,0.0003,54.220105008262536,50.353385746532695,14.660849173964968,3.576947479862592
4768.9247007369995,0.0003,122.97759513924466,250.788183350824,61.08314450014928,3.7924539705367013
4813.909149885178,0.0003,102.9784917445782,827.425271160358,121.50743151622213,3.5607624930284096
4858.79660487175,0.0003,329.00494695222227,53.32561939332587,17.537801093812202,3.651450939128761
4903.799796581268,0.0003,260.38927025577846,109.23319364944021,36.287753393088174,3.5979727864274857
4948.651574850082,0.0003,145.97876007691542,39.68382879987878,10.980191214980593,3.465244693570836
4993.631072044373,0.0003,94.08104028475958,74.32072616609683,26.998187527990645,3.515179681947406
5038.553086042404,0.0003,114.95566149991284,357.6524329081781,78.66082429339173,3.545586212044934
5083.454453229904,0.0003,153.10302147926095,115.29728719480397,39.19485749651672,3.47677103847084
5128.365553855896,0.0003,569.5406903682076,44.609855253485755,13.230296879665108,3.509314052567026
5173.311965942383,0.0003,47.294482353780225,40.48141589604179,13.834888900465266,3.3135829332380755
5218.218865871429,0.0003,44.09808376291411,179.575247047061,50.97436678941083,3.3422305865883875
5263.124689340591,0.0003,111.89857142158327,88.11356911260464,32.13468662917994,3.325482350770947
5307.975934267044,0.0003,52.30851633179601,63.57223228973338,24.520622807399484,3.1888072734664967
5352.892328977585,0.0003,324.00237680098184,131.39157214061933,41.70427036163913,3.4058446452015714
5397.775082349777,0.0003,79.16296401449458,50.98170554715292,19.38143870359773,3.2900806375488627
5442.748448133469,0.0003,281.50106001890424,70.85456018707701,26.106450366366442,3.2758178122902355
5487.745397090912,0.0003,177.78410271816566,755.689157489848,113.39354318023487,3.447367468831438
5532.740385293961,0.0003,312.96206223673727,1020.734038900318,122.48519823596736,3.746916667592099
5577.705662727356,0.0003,323.1188618977865,35.98379720404543,11.996456228851512,3.2278884440644
5622.670209407806,0.0003,65.13146015021319,71.09501649142159,27.167301639629777,3.3347349237813906
5667.6744992733,0.0003,45.03757934014437,38.024538366683316,15.04935411586883,3.09993764899461
5712.613330364227,0.0003,173.7302759945284,63.033004868468296,18.439427039273983,4.18520471951996
5757.604108572006,0.0003,264.5042842580104,153.06030061780996,46.27718124875597,3.2998989813457515
5802.571566104889,0.0003,117.13742799185664,41.43694768967546,15.958735608143412,3.187931189785201
5847.511864185333,0.0003,59.79935588454505,60.85230419933443,25.29452953946059,3.0539476283944857
5892.489853620529,0.0003,70.81209751539109,44.88966163286409,19.723731207392017,2.952001073964256
5937.444870233536,0.0003,71.86601918329958,31.8577822459532,10.170288144251344,3.241520857086097
5982.345938682556,0.0003,141.9680183229985,73.79675544805646,26.88339734897492,3.016633004064499
6027.27312707901,0.0003,210.20102896907508,125.39446708970205,35.48645050631966,3.484432091464799
6072.105468034744,0.0003,123.73867874562414,43.635356164718516,19.114250270576235,2.8700055495093975
6116.922808885574,0.0003,257.12500280161373,350.72706223925945,68.272728559166,4.462243107688245
6161.729772090912,0.0003,213.6194900929602,191.2442626237361,52.9327464887291,3.4774451619630025
6206.734611988068,0.0003,120.93975926522566,93.79538491580531,35.18899353416103,2.89644978696547
6251.672194480896,0.0003,56.141060876064614,60.46656026598459,23.991186095802647,2.9176012453851774
6296.604946613312,0.0003,62.602336518056624,46.37631047404058,19.017995030105492,3.0104310725637684
6341.503951072693,0.0003,121.28561350226619,25.04096590271213,8.656344332360918,2.7433193654742163
6386.5009508132935,0.0003,61.02150001734332,268.2341323292219,67.14674266645103,2.8696068308321983
6431.488401174545,0.0003,63.62507499389093,38.174689112294764,18.113227134753185,2.6767010680723367
6476.42858672142,0.0003,102.022572868639,303.97861405268463,61.56023011420183,2.966271749974088
6521.370062589645,0.0003,648.882136546762,165.86883010737733,49.538350449094345,3.047220872633361
6566.305631399155,0.0003,58.21327664179012,26.907470833535047,10.84146510810609,2.6597688331655216
6611.2898209095,0.0003,34.63525105808168,22.105542230414034,7.069743998339222,2.606830643255696
6656.223537683487,0.0003,270.01893455630443,111.57800211161975,35.111992514057526,3.7316995673295232
6701.100865602493,0.0003,52.31568565716075,41.357140279307636,17.67977077216859,2.9125946293149827
6745.982702255249,0.0003,37.360864364123735,38.697089399361715,17.125215877848827,2.7538217734492223
6790.892416477203,0.0003,51.84948624574422,61.57362790120153,24.47597034235669,2.7371294568822555
6835.72035241127,0.0003,62.173897762333326,87.6460370350946,35.81630027430832,2.6439494615217565
6880.600865840912,0.0003,93.16086095452091,70.99177542665902,26.202385113953024,3.045074108623549
6925.473010063171,0.0003,196.3681999998666,105.96627929333233,33.02316276404508,3.114803555387744
6970.335122585297,0.0003,264.46076525217416,101.34258993438453,36.388885303667394,2.8692315255937575
7015.271378278732,0.0003,39.76319721409532,93.5707839289821,37.315990433419586,2.612802693501737
7060.127279758453,0.0003,33.5646280952273,23.794993823570426,10.64883644444168,2.48579669932209
7104.996018648148,0.0003,35.283944761210236,29.892994167939715,12.499031834693472,2.6909451841733794
7149.937345027924,0.0003,53.53970966582307,45.61771804820415,20.146371984785528,2.9487522009866343
7194.873775482178,0.0003,64.6817684500161,30.76658901683642,11.84893536415829,2.6295928745409856
7239.833184480667,0.0003,50.485925754345615,229.35655159117684,56.28147027082504,2.745977037555279
7284.729562759399,0.0003,649.1277665504775,36.37696022453028,15.146465481314689,2.9267590155620704
7329.706547737122,0.0003,24.761924639425644,24.089978836464446,11.066027598775875,2.497864518553068
7374.623872041702,0.0003,29.06404110295308,22.000324595220224,9.877641189478005,2.4104651323306583
7419.625017642975,0.0003,27.709928075515943,20.772202251138804,9.197059679942527,2.3733942090452995
7464.621666431427,0.0003,21.15906006234591,17.444557376519054,5.487495626461734,2.3384611309153636
7509.615045547485,0.0003,22.710674911596303,17.03276135377538,6.110898769888908,2.276876614879472
7554.430329084396,0.0003,28.146413171834197,17.41559235663867,6.016684756916799,2.3190508387810453
7599.39130449295,0.0003,197.18841651680256,168.80948461167932,43.985764580015925,3.5418156612769485
7644.32421541214,0.0003,57.55479339780269,17.14375040284324,5.901890661154583,2.2985634320646273
7689.311268568039,0.0003,173.54203750249033,145.41894792467744,43.65110003234474,2.8392561274419075
7734.245006322861,0.0003,293.14461743019535,44.16449542647712,21.230951977383558,2.6692147367083234
7779.148905992508,0.0003,25.5092518144618,17.355503862611886,6.535067982278812,2.2819837945996704
7823.966418266296,0.0003,22.48170460282345,25.422502092760453,13.245151573229748,2.2384583546182775
7868.885507583618,0.0003,30.42581589912456,26.65615404576833,14.229468103882613,2.2604954093927683
7913.809233665466,0.0003,36.660330600425844,23.850360288170382,10.213792526342306,2.5035309987451138
7958.711583137512,0.0003,72.51274002714453,92.47222609168628,35.947441888311104,2.6843601429546218
8003.714455604553,0.0003,218.32939000155756,23.577099375215308,10.375236793080713,2.4452355502991
8048.663543462753,0.0003,26.325686256394796,85.07861701605643,33.4524857247711,2.512417482281055
8093.672499418259,0.0003,34.766365543219564,42.591568877024265,22.869600293590764,2.2001082177468314
8138.608721733093,0.0003,43.22719368543781,27.220927793317088,14.602788684626294,2.169590763012813
8183.551090478897,0.0003,37.49873811898987,25.161081273237752,11.21827283725617,2.5809118701507345
8228.436974048615,0.0003,26.46756901975538,33.63828929312787,16.51396861471188,2.226868270564341
8273.318851470947,0.0003,67.4901531212534,25.335718250884685,12.18426097699791,2.3740524189568033
8318.325396060944,0.0003,411.869879784089,67.05661800848141,24.451234892826932,3.313796175990089
8363.326780796051,0.0003,47.76614310189892,29.452424198269025,15.581445273624105,2.235999901132976
8408.332944631577,0.0003,33.070982822216706,17.52915909366567,7.5865101225057225,2.226308569071804
8453.2894384861,0.0003,30.607523482136823,16.364494417177447,7.032868092530852,2.1075047783157626
8498.297803878784,0.0003,18.333219373942725,20.050969505535996,12.013624115962132,2.025450851366925
8543.288382530212,0.0003,16.098891683484688,21.5336825281544,12.096959477321358,2.097692958817026
8588.276501655579,0.0003,20.70473848631256,43.63817978628268,23.49554894319765,2.078032395068309
8633.236252784729,0.0003,56.05982722575982,18.10654921844598,8.97008779732285,2.142537209321695
8678.207422733307,0.0003,25.056713972109044,22.705112705714214,13.442873193048367,2.0939370992877873
8723.073269605637,0.0003,102.80844406656011,214.03751705109127,57.99726749104299,2.9848737154998815
8767.946823835373,0.0003,74.12546386023905,15.325626687522297,6.3956769809601415,2.1464772491708124
8812.962673187256,0.0003,34.22771758199389,112.03030953370008,35.18739736763535,2.3879465403945055
8857.850019693375,0.0003,64.04246771696053,23.14862425541375,11.87850505075637,2.24944733950535
8902.776951551437,0.0003,27.3813199246516,14.642447370083177,5.144658325584071,2.1083538316601516
8947.719770908356,0.0003,122.14041941213695,85.71883565870627,30.59358353341461,2.8652619297485784
8992.619577407837,0.0003,91.57671206670598,24.820581718486395,13.216428137129279,2.095494748479823
9037.946200847626,0.0003,18.496793257082746,16.499315775482895,8.584135057971736,1.989149313267492
9082.888599395752,0.0003,18.543480707387456,22.35709398446335,14.041223300034833,1.9436508283545073
9127.759953260422,0.0003,100.17678899712901,118.23928257938358,41.67582790107484,2.707318465645483
9172.648207902908,0.0003,43.20466046915245,69.13767241564048,31.53438059812898,2.1378476887943716
9217.515931844711,0.0003,26.166535494236346,13.788670409626658,5.2892312311063145,1.9780457714219084
9262.512614250183,0.0003,18.980429217507062,15.68672946187959,7.751850920270203,1.9855707472989714
9307.495131492615,0.0003,597.381601924931,168.24091455766415,40.81037551005175,3.489313091659757
9352.283279895782,0.0003,34.17606141137295,15.043042784995643,5.741263400521248,2.1316609922239005
9397.203042507172,0.0003,15.378973872283769,24.913012810539673,14.517796374278463,2.041795155238194
9442.072969675064,0.0003,12.056397731968614,12.557505316102825,4.477133392528364,1.9363419949175256
9487.040477275848,0.0003,12.157796136755326,14.253040276622071,7.448535914329966,1.8884206355375899
9531.901937246323,0.0003,40.88369453444073,21.622177785472605,12.86241925476463,1.9781275912106135
9576.800686597824,0.0003,13.014424804520738,16.966919612681178,10.569953053468351,1.8436215692679954
9621.671758890152,0.0003,13.309811779362692,13.710883074545572,5.744455199029035,1.9167337065293573
9666.735034227371,0.0003,11.304180803281579,16.893190720781163,10.453840569174213,1.847761463947623
9713.218510627747,0.0003,25.7285305002348,33.679150347787605,16.065392172260648,2.114879733895009
9758.105626106262,0.0003,40.60546910819243,28.869465913661873,17.449869454742238,1.9400856965791085
9803.029700994492,0.0003,22.751738358586213,15.090630917299475,7.464846529626542,1.8830869909505055
9847.854985713959,0.0003,27.720551842722518,40.693107093823684,22.945620241590365,2.0899188488361764
9892.834143400192,0.0003,100.58579302789518,574.7117717252188,102.49233989351114,2.2599540738766484
9937.823232889175,0.0003,59.23772291589956,51.83749250978182,26.08643643324542,2.1608014460189136
9982.791301488876,0.0003,37.4123378176941,52.909838545816655,24.248816928742038,2.8095028292009694
10027.768458843231,0.0003,79.91996324327258,85.80066288611641,33.920367470516524,2.030819816622493
10072.680498361588,0.0003,58.94813948945704,533.7881198227843,95.57269139380972,3.5343214868736674
10117.536622285843,0.0003,97.9561321803998,14.5577641429508,6.787884074411575,1.9666607014839
10162.460040330887,0.0003,18.351722826028347,13.203063010220504,5.998585830980046,1.8394154791827075
10207.425065994263,0.0003,14.258729785300778,18.86243812300757,10.817651172808022,1.9970973389809386
10252.391733884811,0.0003,41.855874490303634,13.427900820652813,5.900437684271745,1.8982589725294658
10297.396838188171,0.0003,50.23015300146218,166.16997468031516,51.80589482981688,2.17343665554297
10342.41683959961,0.0003,35.7008753708803,16.03052030923496,8.823994300016173,1.7720362141734285
10387.461004257202,0.0003,17.900962569717937,89.38990281969697,36.50855518511146,1.8906564801241807
10432.492748975754,0.0003,45.78579711080249,42.592956279256676,19.57553763419959,2.1389969562529614
10477.50366806984,0.0003,68.85262845009836,28.460440478204013,15.463531377512938,2.0132988177910054
10522.561663866043,0.0003,38.8709945928855,83.4136087447878,29.907164555446357,2.2061413156810197
10567.68393945694,0.0003,747.4714735437612,53.308615804390726,20.764635569578523,3.027653700433843
10612.734984397888,0.0003,20.854630762458065,23.147162752980673,12.811055157898338,2.0795887100953565
10657.81016755104,0.0003,13.046305912483367,13.141942582111227,4.93109754817501,1.913212567494867
10702.941506147385,0.0003,10.831386198589277,12.46632191437281,4.508874599189515,1.881525100193477
10747.938933849335,0.0003,10.211392300333047,15.296087102069869,8.949292108815188,1.8225170881085644
10792.928676605225,0.0003,9.880599802222191,14.957530271642668,9.0822021484375,1.766248217000316
10837.781753063202,0.0003,12.718416026033774,14.623606361492186,8.646699844651922,1.7274029853831043
10882.691368341446,0.0003,9.857843942416388,11.036265468936316,4.075356608591262,1.7179739169973545
10927.664090156555,0.0003,9.594358143172412,10.652205304550463,3.9919811661835687,1.6809923210707376
10972.658669233322,0.0003,9.216543343549217,12.974147585742537,7.195249248917695,1.672376480229063
11017.578223228455,0.0003,13.425737473048365,12.871207216412387,7.003817379702428,1.7024119697889522
11062.44968366623,0.0003,11.269964917848236,23.369746902852622,14.560706927062599,1.7023772814992497
11107.437100172043,0.0003,110.92833898992487,237.2530654469815,56.46771574567078,2.4361068695461188
11152.377298116684,0.0003,51.93029372696451,13.540407109254911,6.35791721222507,1.8184662161661929
11197.473843097687,0.0003,16.646438728221344,12.171041456971285,6.099116370328672,1.6903679997211363
11243.208940982819,0.0003,9.767368651912946,10.94584682803955,4.705986479740993,1.657080074269032
11288.154236793518,0.0003,12.05712312444746,12.24404748603931,6.370479122088973,1.7077580113137192
11333.159997940063,0.0003,12.951654804903736,15.023417476002454,9.856766116391322,1.659756879664179
11378.160589933395,0.0003,13.087089197579195,11.578838655728916,5.427077644493929,1.6675880271262733
11423.017481327057,0.0003,32.63225240794253,24.109259788189643,13.819982521397293,1.9928558819555495
11467.879297733307,0.0003,37.95214046068313,34.53950826169981,17.62284196015376,1.9137070491416923
11512.6819729805,0.0003,28.974005957987355,158.67604328798078,51.140417402716956,1.9107667268814656
11557.548792362213,0.0003,53.28976846080009,220.41161925011522,60.296658927771695,1.9929344550190515
11602.424433708191,0.0003,57.1912426974604,23.778444930598283,13.573759664547671,1.8751331003094647
11647.361827850342,0.0003,12.709904710321478,13.890185530472072,7.862540275427945,1.6270756676686013
11692.250559091568,0.0003,33.2333555040898,32.44553162277211,18.854246841722233,1.9057083791422353
11737.111316204071,0.0003,19.83994446356657,70.50428568485985,26.12772045742934,1.8746999671163034
11781.993824005127,0.0003,79.14300741810617,34.32793459283376,16.48596010633335,2.5132471478174603
11826.81840634346,0.0003,21.77420396822181,14.82282729407561,8.93659519268449,1.6885682767030423
11871.684007167816,0.0003,9.900784331462422,12.961380761812377,7.679271265503707,1.6227288810165443
11916.585820913315,0.0003,19.412307650317693,47.499443095681,22.95592880734972,1.8952369268797382
11961.45003437996,0.0003,1933.6634799255482,2225.36636893194,167.9020778388734,11.104389973495618
12006.381358385086,0.0003,11810.59859197509,160.14070387105755,34.33746998780852,4.940251665161297
12051.285415649414,0.0003,114.5369084787282,73.67499531355269,19.661200767565685,4.307408402247196
12096.20666384697,0.0003,61.713119687495556,49.44189653014775,13.750775768498706,3.786059988685047
12141.088136196136,0.0003,46.8569043255026,40.468386122344995,12.045136042309414,3.4627408669080193
12186.025352716446,0.0003,39.03248139400517,34.014931847545895,9.799173848340466,3.274246489835051
12230.850309848785,0.0003,33.06478134044098,31.294049720881645,9.711718108547721,3.0698745699824292
12275.673665046692,0.0003,29.29194977765526,28.141773577240286,9.213764069186654,2.956466994609048
12320.615961551666,0.0003,26.165553445590216,26.78553126483584,8.720319186654061,2.837585579357676
12365.518889904022,0.0003,25.525226058682023,23.67950667801753,7.201396188918193,2.7470068856794896
12410.591641187668,0.0003,22.703355427170493,24.34742163500213,9.089529768828374,2.6535657911459567
12455.944272518158,0.0003,21.36146780823532,21.19373671258973,6.722974818527319,2.5966938157673933
12500.864121437073,0.0003,19.612557656126597,19.99685672004481,6.535811561535878,2.523122251465885
12545.835137844086,0.0003,18.753642751002356,20.544075553819937,8.115766935895204,2.4676416327958424
12590.818598270416,0.0003,18.154925082680958,18.98972360804815,7.004036212119328,2.416780699213506
12635.78790640831,0.0003,17.696977374245343,17.889324573543053,6.038253900807375,2.3564886227345414
12680.672448635101,0.0003,15.961993488805108,17.2183165609653,5.561977371896148,2.319635762161415
12725.619192123413,0.0003,15.626829178259456,20.515162331988478,9.323968622487062,2.3049576992579266
12770.799223661423,0.0003,15.774427116894332,16.23661189319906,5.0850760004323,2.2504975085818426
12815.727474451065,0.0003,14.263575192922234,17.04963067557907,6.371640209027916,2.220944820941177
12860.61124920845,0.0003,14.600158716420658,15.241750836908972,4.7954351048560655,2.182798009271598
12905.557278871536,0.0003,14.129686076958105,14.845277525299224,4.7304551434365045,2.1613591308400952
12950.40393614769,0.0003,13.640263847531735,14.949454102722905,5.140387759846487,2.114512599453131
12995.342316389084,0.0003,12.544973203176141,14.264603205456945,4.62024505032096,2.0944407157232194
13040.165125131607,0.0003,12.146376976680234,16.319896658143,8.237835090782992,2.0717654210964027
13085.176065444946,0.0003,12.37009867405848,13.751203009653532,4.54980024106943,2.0432702327277306
13130.110301494598,0.0003,11.845710325675366,14.35532276358714,5.482380588798766,2.001660133114191
13175.112649679184,0.0003,11.306919723260599,14.595308666866387,6.453039142584345,1.9850035999318882
13220.03344488144,0.0003,12.241363600086428,17.31629207943661,10.065150772386296,1.9631394660502053
13264.956181049347,0.0003,11.036683901802439,12.684418002374645,4.207982465416003,1.9429631819819553
13309.869265079498,0.0003,10.889731633337469,17.590108032877257,10.395000637564689,1.9600421827494472
13354.817203521729,0.0003,12.429751275623648,12.787064300388895,4.737981565439018,1.9161065757213436
13399.727664232254,0.0003,10.81345457691964,13.326473509330542,6.073292706726463,1.8957577602130715
13444.611073970795,0.0003,10.496490642498967,12.204487239758118,4.7031954528419835,1.8690766853357221
13489.455133676529,0.0003,10.258128788084715,11.985480970207817,4.503258519263784,1.8575714171577629
13534.357557058334,0.0003,10.386359933946954,12.019298356631671,4.805442022821706,1.8393996003057629
13579.21750831604,0.0003,9.560541721163334,11.760394413452582,4.368231230328797,1.8387969587516289
13624.214070796967,0.0003,13.956066820182869,13.678976951586469,6.807181340114326,1.8213313740387842
13669.83776640892,0.0003,10.44803474370682,12.175979829845595,5.345827440395476,1.7928226550777857
13714.754130125046,0.0003,11.961970321293954,14.899157207844185,9.048127795176901,1.7919336577590717
13759.665100097656,0.0003,9.631786975964822,12.302043585629296,5.695666027676528,1.7878784555644398
13804.609078168869,0.0003,10.972345400811978,11.714432585914393,5.342691292732384,1.7571352030460299
13849.559270858765,0.0003,9.626049140068568,12.264385759036877,6.191324105232384,1.734318965070481
13894.507390975952,0.0003,16.90121621164902,14.632476059019607,8.838351187736366,1.7617758607446399
13939.297864198685,0.0003,22.106152937147353,22.003637043759316,12.73588686414585,1.7693860188146568
13984.144283533096,0.0003,18.114968226038474,11.663482747058737,6.086418793307748,1.684739843996782
14029.048375606537,0.0003,10.24173457661613,10.7135784675374,4.256303114192501,1.677703920563354
14073.917032957077,0.0003,39.062248188289786,26.780654134617063,15.86160111153961,1.8401073941120292
14118.759945869446,0.0003,13.733390738621,20.430716795335023,12.278221800980294,1.7588382183822948
14163.673488140106,0.0003,25.454405480264967,14.541821034297477,9.466592096219397,1.6918783014799514
14208.535277843475,0.0003,12.589632913280271,11.067705423485693,5.309765634718974,1.6590459432438502
14253.33289384842,0.0003,13.098702217755205,12.250555165269821,6.678198076964943,1.670781983405147
14298.23596739769,0.0003,58.73568288389668,30.827172822371615,15.160691920966858,2.1031274369718864
14343.154240131378,0.0003,25.697918558033873,22.01755934563668,14.540017797385051,1.7196130967804826
14388.18569779396,0.0003,14.458517690912188,10.941141017289333,5.278420796971412,1.6425174744765754
14433.111748456955,0.0003,10.163493374614333,10.586752459528999,4.857077104118979,1.6121051951304983
14478.080186843872,0.0003,15.483723439979206,20.511131548661243,12.575713858634803,1.6737163134908295
14522.938928842545,0.0003,71.96082082863063,28.32683913143459,15.79715432331061,2.0113795944632
14567.821996927261,0.0003,15.861816727963085,11.529625219870619,6.420392603783091,1.6189088157612237
14612.666002035141,0.0003,10.27470977519162,25.742617749682086,16.900345723340465,1.6393102382433073
14657.51730799675,0.0003,25.057625038549983,32.49272863988598,19.271032053953522,1.869943491557589
14702.314780712128,0.0003,75.84151791848771,33.0760647351469,20.189480726885947,1.7769434850795625
14747.043142080307,0.0003,10.797603945219668,14.426310901104118,8.121035513908241,1.6354584229460338
14791.956110715866,0.0003,16.681407550471295,23.77391194648806,16.221937279184914,1.631431893730751
14836.804793596268,0.0003,20.028378868971583,15.394231727851338,10.379644017310659,1.5673251156481975
14881.706063270569,0.0003,14.651858478469709,13.04831529109858,8.316718005526598,1.5520628157266743
14926.65723991394,0.0003,11.792914368676358,14.954986453649417,9.35791285812475,1.5576366601392837
14971.491314649582,0.0003,20.79753198745255,17.882215669555592,10.793026830588177,1.6619018622166943
15016.361211776733,0.0003,35.96444928945739,15.666169260734915,10.089686341498307,1.5554968291602502
15061.273716449738,0.0003,29.418866356604738,23.797551398965258,13.914751944572304,1.7150184446381682
15106.290536880493,0.0003,23.984230701606347,19.824968284375576,11.968401730288365,1.5999276697489735
15151.447169780731,0.0003,17.031823921203614,9.551068249530516,3.997116429031275,1.5180523666698749
15196.509735107422,0.0003,17.0987883395836,18.118048232258623,11.68233028338973,1.6079904105156262
15241.519129037857,0.0003,13.15766095472381,34.44757020575716,21.812945906523687,1.5551230316053661
15286.581130743027,0.0003,22.93178358234343,60.641306704566595,30.163223247163614,1.7044553167323107
15331.65363907814,0.0003,24.217436714380817,25.285279343349057,15.680011724970143,1.5464526712296651
15376.704703330994,0.0003,9.570987036449662,9.763777641074066,5.146447598402667,1.4941181794092533
15421.718974113464,0.0003,19.473219963587916,103.47403739092334,41.9755705426453,1.7154144988413587
15466.797444343567,0.0003,37.199226996416606,15.712404887649692,10.812585565846437,1.5203081427559622
15511.901102304459,0.0003,22.326203529344014,45.779218697474484,26.13437103465864,1.553113015650912
15556.931450843811,0.0003,9.878466750320406,43.201551398788126,25.31547462803543,1.583604346200545
15601.954818487167,0.0003,41.35551437628074,45.513838836373495,22.036090049014728,1.8542023806439034
15646.980885982513,0.0003,130.8283241000983,48.5837329706347,24.39818033594994,1.9781529249215233
15691.999229431152,0.0003,26.786764746285527,21.131059634225174,12.703361287694069,1.687732834926311
15737.043070554733,0.0003,11.587630009607757,10.908894932142962,4.8250367280024635,1.6288663831450387
15782.16086935997,0.0003,28.43032940862826,25.3651602907052,15.851814726811305,1.6160853756083176
15827.160065889359,0.0003,15.035590974012143,26.38228729002229,17.652925761034535,1.6110516058102344
15872.615998506546,0.0003,8.322716605250736,9.885532007757394,5.135166999185161,1.4652949599719656
15917.724917650223,0.0003,8.015748413447257,10.979815734898526,6.557272805377936,1.4742624535432953
15962.740385055542,0.0003,17.152424503458437,12.988431622117256,7.4841519592673915,1.5678368373287332
16007.77607178688,0.0003,10.408121803853463,10.603624341703089,6.33167702255735,1.4371603778910507
16052.967502355576,0.0003,8.20546006548383,8.881781371061736,4.220759893526697,1.4108891037434357
16098.01240324974,0.0003,15.913268553450676,25.204287762835083,15.587164384392416,1.5404277749397852
16143.28047466278,0.0003,25.592078779043394,88.42024739041088,36.093075425457805,1.8535860156990347
16188.42820096016,0.0003,175.00656952849286,26.91738751548581,13.263782476923268,2.161906990654367
16233.541263341904,0.0003,16.641482106193166,19.1973395351888,13.043638484493183,1.4568594184182015
16278.583941698074,0.0003,8.604062158553326,13.86196589823499,9.470095728005573,1.4228765954453921
16323.569375276566,0.0003,7.450031258977393,10.368750403769575,6.42426789885114,1.3864457378132897
16368.951506853104,0.0003,6.593857426460975,13.218768418001863,8.448285922882663,1.4522104221884131
16414.354338884354,0.0003,5.260592587962611,8.339235640012719,3.452679948746019,1.3533961960257
16459.323419094086,0.0003,11.523120461830459,16.485429519015277,12.285899323870423,1.4269892515658316
16504.318467378616,0.0003,8.62095824347602,20.51651833034245,14.83971744221487,1.442361265349838
16549.116384267807,0.0003,15.186565813297348,23.786802469817022,14.32405181690386,1.4829839151372355
16593.942000627518,0.0003,13.998754733768317,21.840454288817956,14.800828756344545,1.4435760630595782
16638.82138442993,0.0003,8.44622917453231,20.321261547696842,15.184927698609176,1.4133952729069188
16683.91164135933,0.0003,13.100737506748331,10.760850063790306,5.48130977168964,1.530111130159594
16728.95432972908,0.0003,107.77163182104003,52.88331540163533,22.48118453299164,2.48162722936656
16774.020626068115,0.0003,19.734592832763337,22.590819265017206,16.214454602284036,1.4488890184494196
16819.308924913406,0.0003,7.834995562999843,19.340271138478386,14.877880004105295,1.3661959705595288
16864.45418214798,0.0003,12.52076981862386,9.552197339731888,4.957768677146571,1.3515199378232843
16909.33885717392,0.0003,14.52787352737399,16.988632075714857,11.383544727495522,1.522247552077164
16954.152728557587,0.0003,22.7005552337035,33.18989837138581,17.736177442028264,1.5781640493897082
16998.96793437004,0.0003,18.22845819235282,11.134866697532367,6.613051260201035,1.4073503757101151
17043.812002658844,0.0003,7.053800055324922,22.208233877099314,15.665676782693073,1.4351064000434337
17088.762117624283,0.0003,6.788657676109634,13.880023987116449,10.961776461267167,1.3015019651556208
17133.924248933792,0.0003,11.5699901261182,23.69114046492189,15.427322757016322,1.495675824745321
17178.79553627968,0.0003,29.494626380489606,9.282020902916086,3.890455151211684,1.4569118846491749
17223.659098148346,0.0003,10.818236293341075,9.91098872891706,6.046128320390252,1.3411887194113756
17268.577826976776,0.0003,40.13619940085489,92.31983860217403,32.18725453759455,2.0360677584609195
17313.562423467636,0.0003,67.06819572257648,11.238611427231215,5.499063907307424,1.5198106997255785
17358.537015914917,0.0003,11.436728985062063,30.91870606799059,18.881142780279657,1.5002622713873588
17403.45380806923,0.0003,7.572884229753838,8.690669695920386,3.882467291765152,1.334362549078763
17448.301814556122,0.0003,6.8028804511537535,8.464184213695694,3.832728217058121,1.302078411189958
17493.249703645706,0.0003,7.321344519443199,12.048617721264804,7.777796965192078,1.404792320638869
17538.0741853714,0.0003,11.437142486433297,9.007922393669594,4.7394831663484025,1.3623799733506328
17582.990062236786,0.0003,8.080909465657774,14.111533864203631,10.226337039242884,1.3916209541639522
17627.897196769714,0.0003,11.899668486131345,11.157352474260545,6.579960778108828,1.4790078875371406
17672.8880341053,0.0003,30.219057159562798,43.60079434866364,18.520443045257764,2.2300293470025863
17717.836579322815,0.0003,18.987487279304823,11.054541323168587,5.176225445984276,1.4672384739712894
17762.790008306503,0.0003,11.466732856528138,10.368473389712987,5.60671079599174,1.4009946836224385
17807.901119232178,0.0003,14.670257160832973,14.537780702388051,10.129211814540207,1.3612889965629442
17852.80043053627,0.0003,30.05912947593925,19.252176242991947,10.171277020691306,1.7840998072632868
17897.7619035244,0.0003,9.289088080706708,16.518199096441098,11.800141877581359,1.3443656014631702
17942.712371349335,0.0003,20.58325191768792,35.897516757429166,20.179076837430333,1.6398734872265657
17987.61631131172,0.0003,15.970917097206325,15.211044792359656,10.919061279296875,1.3475861022269604
18032.51486301422,0.0003,14.370803766997568,13.584652128018522,9.055987451638385,1.4344574251757087
18077.45739197731,0.0003,12.46708798434565,19.050294666972608,11.68317727252936,1.4617232923305101
18122.3534655571,0.0003,10.647911165581375,20.39185343509431,14.805202799997511,1.3546138471518894
18167.233924150467,0.0003,28.44081244129952,140.95973819207592,48.09276698410132,1.5561986038001954
18212.12856578827,0.0003,52.469088936546896,26.50313750083795,16.20621030771049,1.7756380393419806
18257.163265943527,0.0003,22.938276081397884,11.887800115094143,8.099545326961833,1.3088211518671524
18302.10263633728,0.0003,6.533610583480807,8.526511327476474,4.512028318757464,1.2779444365782693
18347.07381081581,0.0003,7.604830064235055,14.327143777125652,8.970740134852708,1.3749821391554133
18392.03646659851,0.0003,12.84772139029859,24.182677114667896,14.980988987236266,1.4309116349366757
18436.99211382866,0.0003,19.957065354887472,53.1714131199616,26.974071643610667,1.6521946512785775
18481.81827402115,0.0003,51.51307537151816,9.859240870056658,4.141849201955613,1.4790017989633923
18526.74093937874,0.0003,8.114931184216275,7.708266072294719,2.7098879042704396,1.2608254494208027
18571.66814851761,0.0003,5.789105412043726,13.415686639262951,8.972729297808021,1.4247003353612642
18616.538758277893,0.0003,9.0825023541685,14.68792960978718,10.570553899874353,1.2757414641203704
18661.446287870407,0.0003,6.16668483581265,23.86408531082323,16.746096587940386,1.3882931398778675
18706.36060476303,0.0003,11.044434597105711,10.044024263222447,5.133347908554563,1.3551295867512636
18751.278035879135,0.0003,21.130661116706,12.242280373079634,8.339820949287171,1.3522114478759477
18796.11383485794,0.0003,7.188267148995878,9.00640748683041,4.672615828787445,1.2245012073807549
18840.953112125397,0.0003,15.232464524218727,32.953785760152456,21.01652279993531,1.4284439232717858
18885.854922533035,0.0003,18.575798178500815,14.613384700188618,7.9840609605145305,1.5969254322077608
18930.6971282959,0.0003,12.825278304053134,12.216189356805927,7.19418123087306,1.4610565240976419
18975.52398085594,0.0003,10.106298102707159,32.98461974830148,20.607791584768112,1.4032392214892797
19020.4739985466,0.0003,18.444161890026432,28.1463776890064,17.298795508123508,1.7217718181476052
19065.34490633011,0.0003,18.624944830896208,9.68071861438801,5.167739902180471,1.349073939115188
19110.299249887466,0.0003,5.57861126428962,8.49997392359347,4.788432428639406,1.2531835837244827
19155.13809323311,0.0003,27.653088169758004,15.961356065737018,11.640293310857881,1.4664799529756969
19200.027135133743,0.0003,11.885330099442834,9.569011549598317,4.533351183848776,1.3628935767436379
19245.016335725784,0.0003,8.652412591736173,34.39871994656597,21.109456872636347,1.317992901856664
19289.92060637474,0.0003,9.80982418251385,9.590606671084558,5.426054353167297,1.238632632811883
19334.78515458107,0.0003,15.431456806968036,11.914762672500231,8.729726142640326,1.2539169734474946
19379.65711259842,0.0003,15.145379142552777,13.884505592649848,8.337607861172621,1.306037324075308
19424.55895805359,0.0003,11.08742369007326,21.51889712544477,15.868678818234972,1.3010888887809218
19469.468162059784,0.0003,6.35771328095747,9.311595398858383,5.047307377711983,1.2541142910509457
19514.36975646019,0.0003,10.74866070148072,13.331248125683157,8.69217276603553,1.3237394840035932
19559.236229896545,0.0003,2472.4140649680885,1038.4481278300877,126.16419872113853,5.382457989997927
19604.19741344452,0.0003,142.28163505443024,27.527957199411183,9.659091808537768,2.7341131334892994
19649.07051897049,0.0003,22.337706480043614,18.372052038283574,6.324878648891571,2.316845502614655
19693.8874232769,0.0003,15.826121241668535,23.098075308909323,13.242240001897144,2.0998475427302967
19738.766704320908,0.0003,12.998050530925257,13.839667521560116,5.777705315267964,1.928163914430822
19783.73311638832,0.0003,10.882093565754985,11.788861604562673,4.123635232524507,1.8099795001307943
19828.643332004547,0.0003,9.345632019112454,14.920553227731668,9.133899751894033,1.733700945915265
19873.497677326202,0.0003,9.20812723858109,10.780452004057398,4.416025071842656,1.6711516936337656
19918.40890312195,0.0003,7.6943370277112955,10.132698330453323,3.706357890329543,1.6256633267812721
19963.318497419357,0.0003,7.255873238019822,9.78442799846755,3.2866188097911277,1.596389915347617
20008.233943462372,0.0003,6.793427826928311,9.81061580931793,4.677746387651771,1.5341905189146037
20053.210599184036,0.0003,6.588223763241794,9.502316699630134,3.756612138687425,1.50273384673236
20098.12021613121,0.0003,6.255148991860978,9.086707279586701,3.09597660720728,1.4819327570049061
20143.018585205078,0.0003,6.1582700242978845,11.00965097129585,7.210036191515102,1.460168346172165
20187.872584104538,0.0003,5.97450568202632,8.982054221779778,3.946561514496044,1.4221397237831181
20232.727853536606,0.0003,5.561342178754685,8.764917838158299,3.754221718174637,1.41605832599157
20277.665864944458,0.0003,5.243948675895649,8.934421126386674,4.193880924297746,1.3942183940941375
20322.537740945816,0.0003,5.146953445879271,8.26293910568118,3.0072089711571954,1.3702307438347696
20367.535948991776,0.0003,4.960527282812122,8.120884849990722,2.5080929409926105,1.3555506025644348
20412.442663908005,0.0003,4.949537886339893,8.487873587747288,3.7409120693328273,1.339493601097933
20457.398074388504,0.0003,4.93939391798009,9.681822169931317,5.975756709590839,1.3286688014077677
20502.330201148987,0.0003,4.816007774471151,10.089563861160983,6.671335791326632,1.303964334376604
20547.27431869507,0.0003,4.8732875324555,8.330366616428703,4.164105496740645,1.2964267147798951
20592.180993795395,0.0003,4.666429204714971,8.212997480784228,3.8414006129951233,1.2951385052200555
20637.077920675278,0.0003,4.389868442174081,7.598752180848238,2.726444069443235,1.270860695283503
20681.98640727997,0.0003,4.911095271258189,8.175127286307763,3.949074335766446,1.261433360155448
20726.890934705734,0.0003,4.845497486413286,8.053487822772823,3.4614458412121816,1.2498348585229853
20771.733724832535,0.0003,4.422694862171166,8.478586234562885,4.429431890985768,1.255972765528138
20816.6783285141,0.0003,5.767994267302132,8.298832264581412,3.5782215191300506,1.2630351543991354
20861.581528425217,0.0003,4.449658249592738,7.913631391547862,3.058486063768909,1.2462776083465361
20906.592122077942,0.0003,5.579628727431723,11.167766216461535,8.642501500609574,1.2292180030989646
20951.586728811264,0.0003,4.720305701205422,7.624623282524512,3.16325453254068,1.2161159553639294
20996.55454969406,0.0003,4.388882256943889,7.39462846915492,2.2635125445712143,1.2185292882376313
21041.462933540344,0.0003,4.469355911852449,9.650227633609333,7.314721932380822,1.1966760127623293
21086.501512289047,0.0003,4.949867869726296,13.882229464372113,10.927573448229747,1.1886276836767304
21131.401673316956,0.0003,4.650984535842645,9.258925286358325,5.28028854078548,1.249943039638119
21176.38938355446,0.0003,4.533163721227038,7.637875031103203,3.3421106812300954,1.2005178160382364
21221.334775209427,0.0003,4.134068177089448,8.229211348093282,3.498155319311057,1.2009558598068684
21266.304355621338,0.0003,5.772615268408492,10.009867341607082,5.411335443387365,1.2495040183815544
21311.24238538742,0.0003,7.874894696984352,8.254725464891127,4.819404154977981,1.1927028732823974
21356.231543064117,0.0003,5.219960429846481,8.194802798481525,4.115273659092606,1.1841720025554272
21401.163205862045,0.0003,7.331432491920902,11.021731738958334,8.554258873811953,1.1976050581665088
21446.053032159805,0.0003,11.664652840730705,10.679817273339454,6.439783317420133,1.3009072553280225
21490.945397615433,0.0003,8.087531426261249,8.766472587120022,4.463449699256071,1.229758426678611
21535.89117884636,0.0003,4.495606589708172,7.440112037484721,2.671877045844011,1.1518959564158375
21580.862602233887,0.0003,5.557609327069614,11.472619929581393,8.922583561794013,1.1842745076854073
21625.75956273079,0.0003,6.826804236636136,7.3801568912234075,2.9907391663569554,1.1773414826907131
21671.14081788063,0.0003,14.995824310254095,8.866017814881145,5.452401296044611,1.1978571690777264
21716.072853565216,0.0003,4.33733797924549,9.396307196862267,5.791746093361241,1.1668434820873312
21760.97896170616,0.0003,8.027322055038425,11.845197421130171,9.081794748488505,1.1780979484552683
21805.856852531433,0.0003,23.557205325267354,21.98468622922954,13.442091301596088,1.4957476035928987
21850.80628156662,0.0003,30.203558797436767,8.412310515012653,4.08629521655429,1.1976423376668246
21895.729585170746,0.0003,10.931349865856067,12.623776753020495,7.528581325263734,1.393044810900236
21940.5833067894,0.0003,7.568009901654742,7.730605222828099,3.2324037977084994,1.167057210691335
21985.54063796997,0.0003,3.9700705086164354,8.6923414369636,5.283036775042297,1.1284347826992271
22030.435777902603,0.0003,4.659106357240938,7.712102151555321,3.6187148561902864,1.1321484675765519
22075.41041111946,0.0003,4.526954665123222,9.37223672667998,5.97264250737087,1.1432730148087686
22120.367465019226,0.0003,5.714024856876589,20.460636007150352,15.58232159462704,1.1670082437514806
22165.248289585114,0.0003,5.444327809728126,8.842765724803,5.287179089199965,1.164610294262813
22210.175700187683,0.0003,6.004853332672397,14.343658324627762,11.027928113026224,1.1634456723389501
22255.219448566437,0.0003,7.637515956413116,55.18549660160993,28.331495423529557,1.1825671138972795
22300.609014987946,0.0003,22.524799670721446,13.578243125340746,9.03353823522094,1.3422104468666094
22345.45486187935,0.0003,27.46783651662872,8.044545267679432,3.6264811521882465,1.255670035394703
22390.3212351799,0.0003,6.792470439709383,12.212423653592433,9.972416230219944,1.152656106557984
22435.250746250153,0.0003,6.675797013854286,7.889727121561914,3.2559169793584544,1.196116469364487
22480.190056085587,0.0003,5.146381031793758,8.897910804043615,5.486107028062176,1.2427256350625346
22525.093930721283,0.0003,6.913671917732947,29.51472766860857,20.14578822433569,1.1964642487741106
22570.025381565094,0.0003,23.584562844309435,14.786880607577869,9.745490114248483,1.3172465657205046
22614.944328546524,0.0003,11.248781179209224,12.595088141440668,9.79760962808208,1.1308267805010168
22659.883955717087,0.0003,5.709685535118228,15.880470968733125,12.619325888080962,1.1573071098192076
22704.88351917267,0.0003,703.3017200768754,1342.9818904975216,152.24161586882963,4.460342369871871
22749.761397361755,0.0003,118.28444128540261,14.949296050578942,5.699919818465117,1.9829378382455283
22794.61927485466,0.0003,11.212692080082572,11.603536483558596,4.055927611915928,1.7251822793275684
22839.50435948372,0.0003,7.876221928831007,10.748179967379123,4.418748454683146,1.5750732325475796
22884.367092609406,0.0003,6.316586229362557,9.63203676079608,3.5672968092997364,1.4810772217780146
22929.308144569397,0.0003,5.576524426507168,9.542324855649,3.9088845611377887,1.416848701140256
22974.19763112068,0.0003,5.388910540596384,8.822241190795339,3.0379249815728255,1.37100680562959
23019.132843255997,0.0003,4.759982568535865,8.503933137775286,3.0904970497082753,1.323209488889876
23064.013905525208,0.0003,4.723928268099092,8.901706348191897,4.202014578072129,1.3118820579641475
23108.912721395493,0.0003,4.424286188757919,8.43452287158591,3.003057205297385,1.2888749996915225
23153.83731198311,0.0003,3.999393984876261,8.480034400297832,3.4044938883204368,1.2571266389407132
23198.862495422363,0.0003,4.231777908241814,8.611924794374893,4.615827621168392,1.2359993188817815
23243.804266691208,0.0003,3.8000961619865263,10.011165109343846,5.905624039765376,1.2385526754558063
23288.7435669899,0.0003,3.9060289481949937,7.959452766887499,2.8154563806618853,1.1971860031131545
23333.735707998276,0.0003,3.6867311274853343,7.666346165648684,2.4903691917468027,1.182284643020636
23378.679607868195,0.0003,3.672668671911966,8.113940724431833,3.171922768756842,1.1907875868980988
23423.627413272858,0.0003,3.8862671673189313,8.266215178052049,3.7565756439403364,1.1792283737253713
23468.649270296097,0.0003,3.5177008658376114,7.639246239037458,2.363994719875846,1.170706757322021
23513.590252637863,0.0003,4.44013649804996,8.930577963309615,4.833492886488605,1.1497706277331103
23558.53471684456,0.0003,4.42244451832033,7.701303703235355,2.6402736396546578,1.1496756745168009
23603.41582798958,0.0003,3.5685478721160053,8.056363115602126,3.4478130462063348,1.1360159034009023
23648.270928382874,0.0003,3.635695324569452,8.019271568369735,3.7510476665132364,1.1326843006260858
23693.15984272957,0.0003,3.778920518809112,7.5603468753183884,2.328592825239631,1.1315377072814252
23738.074600458145,0.0003,4.297086489178878,15.362124452136811,12.110001757190485,1.1578595929393212
23782.976664304733,0.0003,5.057581351928155,11.537007249087921,9.005936388149383,1.126284380583442
23827.960671186447,0.0003,3.8584996804513567,7.908162622648346,3.652893727296477,1.1260316854930457
23872.968926668167,0.0003,4.522022144824864,19.558539044340197,14.797347303256867,1.1551799341277245
23917.944808006287,0.0003,6.403387231427247,10.031199611473129,6.315956280945213,1.1879025360856925
23962.912044286728,0.0003,4.216447264249208,13.481496946384093,10.245078894742734,1.1249294589182066
24007.838126182556,0.0003,5.785386458641844,15.370236916712635,12.236434353385002,1.1345153630255222
24052.712268829346,0.0003,9.597280498845112,8.75324083342707,3.8652493713767666,1.1779589851461936
24097.555631399155,0.0003,4.969007189460574,7.88188742845721,3.51180315928854,1.1144300007588546
24142.50238251686,0.0003,12.13663838235407,13.142331713676679,8.679337646095616,1.1602514538542408
24187.3750936985,0.0003,13.30711593975352,10.082194293242894,5.934465639150826,1.221969592683285
24232.259357452393,0.0003,8.504806335636827,9.077583679433289,5.322498277797821,1.155648418837114
24277.10463309288,0.0003,11.297074491295875,9.049772278908389,4.872516141271895,1.18859611872125
24321.901068925858,0.0003,6.1601164605882435,8.09238352146343,3.343812502721313,1.146440634825007
24366.866223812103,0.0003,6.612521317834628,10.482843565223511,7.646221593383012,1.1691233309827351
24411.701401233673,0.0003,5.782870729720875,9.53868452692111,4.810311466873071,1.1534712601581625
24456.519035816193,0.0003,9.13473121420716,9.115960613197412,5.3622028423722385,1.176913923299549
24501.32863330841,0.0003,5.575977751726661,10.047582220381624,6.893046482353453,1.122411646658819
24546.211583137512,0.0003,5.156931962949548,10.164042290983762,6.530921877721313,1.1374539635959586
24591.00615286827,0.0003,9.486906823781887,8.40670875828573,4.129617231818521,1.1694752555581467
24635.90485239029,0.0003,9.451817068159038,19.65432191174111,12.182295411711285,1.1805156038692943
24680.81577396393,0.0003,13.593205674836762,8.264831673299721,3.690447706477657,1.2013330641096354
24725.755588769913,0.0003,9.421089018281474,17.941748535618967,13.362675524669088,1.2547376700019248
24770.61737012863,0.0003,9.050674637028429,20.80080750995664,14.307461800544884,1.178302598182204
24815.592180013657,0.0003,35.835552119687605,91.33874254188275,36.19696589184415,1.9848384719507621
24860.507378816605,0.0003,27.78131640248394,12.253903848846443,6.865122227759878,1.336672917962272
24905.446469306946,0.0003,13.92423144898128,8.539534765791199,3.634910943098129,1.1518202907523396
24950.35288143158,0.0003,9.293114463618544,13.527831791803413,9.228680303294189,1.2442764977505825
24995.31141257286,0.0003,4.754845965581731,7.2915811449790615,2.3586183438635175,1.0607911756476793
25040.285748243332,0.0003,3.7703500676459085,7.350958796085212,2.1039735538944315,1.0618446897765637
25085.246565580368,0.0003,6.108121680171112,10.586810311161774,6.9195577050470245,1.182421986823077
25130.231872558594,0.0003,13.519050056165685,29.99199804772813,20.029608426428144,1.2032214300521205
25175.23383307457,0.0003,14.173352850894894,110.24468925130844,42.59489792744825,1.2911076322566237
25220.3780066967,0.0003,19.91566274604728,9.760814256607087,5.333222456039137,1.2132953435636795
25265.2405064106,0.0003,10.124106252562587,27.02501272451423,17.943082617498508,1.2661559475378563
25310.13572525978,0.0003,7.184294640865916,8.818504563453383,3.9601049921315186,1.1527844216109433
25355.06241965294,0.0003,7.568520941673515,13.040272438037567,9.10647839588724,1.2163725064225006
25400.003136396408,0.0003,7.763716964339515,12.056034935980831,9.378724563501443,1.108067329368781
25444.944732904434,0.0003,12.166183668668152,8.195910352633707,3.36781679384268,1.228511215700392
25489.92379307747,0.0003,4.754747455715047,11.117620762240065,8.848752297565436,1.0987177247751816
25534.88761496544,0.0003,6.663737668278873,10.02819635203257,6.056510099180185,1.1443525644347705
25579.860661268234,0.0003,6.908387080263788,9.307215267683878,4.854640090845193,1.1379553011541992
25624.82217359543,0.0003,7.018870206391659,10.926640315350694,7.270433102747437,1.1943303810498598
25669.8276348114,0.0003,7.805466211037557,12.41324381653208,8.330176403264332,1.294257518675225
25714.808262109756,0.0003,7.704635146580541,9.095711901944217,3.992453450002488,1.2186292002290136
25759.72597360611,0.0003,10.709076243193858,72.6082233467816,32.80859429426254,1.2155344580112828
25804.72624707222,0.0003,14.067738050624104,14.540794034694445,8.119437345273935,1.4156060768361811
25849.71085000038,0.0003,8.316082914105747,13.985471101610392,10.329739826955613,1.1538231423179244
25894.771183013916,0.0003,20.757364562126675,19.32702246902961,12.190936784683519,1.3515576472640518
25939.713614702225,0.0003,23.002944551269866,9.452893255582158,4.089088663477806,1.2628289140853273
25984.660320043564,0.0003,5.836620650873376,8.299119146919114,4.356393306270527,1.071800282904673
26029.514363765717,0.0003,4.657489116335176,12.3279109256241,8.81595503691655,1.0922805406560945
26074.34827542305,0.0003,4.189669750470715,10.308396355525714,7.367482179289411,1.0643547611798398
26119.2121052742,0.0003,11.499407933969966,16.137972915864506,11.818730328796775,1.2003562644675927
26164.077555656433,0.0003,8.7269845722803,11.883200517431646,7.20130768794163,1.2029913463591022
26209.030064821243,0.0003,7.9159432576219455,8.297236578816403,3.8697372825282392,1.083668663749704
26253.962521076202,0.0003,6.158302605912117,12.6261716643828,8.047836051017615,1.1895740115302702
26298.909938812256,0.0003,5.66928218970099,14.283625133634603,11.108851127867487,1.1022336331888425
26343.777623653412,0.0003,18.026050246608712,64.05117607089586,29.325637875696657,1.88290138777837
26388.628759622574,0.0003,14.699440464165693,15.935142727142203,10.74093753304451,1.206408761777669
26433.511035442352,0.0003,13.851825789154553,22.351663150258663,14.148007532593551,1.2298379907259338
26478.430156469345,0.0003,9.515248066566897,23.49044346347349,15.705487760312998,1.1971225300210258
26523.287927389145,0.0003,5.477798537999554,8.874644332394107,4.565962821814664,1.1268192708487572
26568.184740304947,0.0003,5.459503310278248,11.939910886322144,8.118672773033191,1.105453653884595
26613.11195254326,0.0003,5.960622572421159,13.437216801068365,9.76234519618332,1.1143914044454069
26658.022626399994,0.0003,5.550486205748956,9.24379341291099,5.279027844082778,1.0846252272707642
26702.997714281082,0.0003,10.23682017230814,7.936358543132555,2.7984370626461734,1.1279461062124891
26747.914905786514,0.0003,6.265005858999784,9.15662891396525,5.670042399995646,1.114135763395325
26793.296461343765,0.0003,5.083928991753764,9.472180216246322,5.589084542632862,1.1350669573449716
26838.211199760437,0.0003,6.366685487576955,24.26345423418491,17.909022939888533,1.1261432752840461
26883.104697465897,0.0003,17.86063718465725,12.232463958494417,7.8751454736017115,1.260424565617473
26928.048238754272,0.0003,14.116757596125368,15.064336419483972,10.615503299008509,1.2792984732988086
26972.98645043373,0.0003,7.047501901720391,10.628966320230338,5.871129418634306,1.1718509349026198
27017.88686466217,0.0003,15.046113865753341,19.984576302144063,11.783039029844248,1.4937758157069316
27062.74557209015,0.0003,19.922572412994608,12.93473277544981,7.936731073658937,1.2968676428127222
27107.574726104736,0.0003,4.864910240902927,8.346603605086926,4.289936080252289,1.0617472456048132
27152.477348089218,0.0003,5.5163196786939555,13.273212062168732,10.193234855506072,1.0675165644680862
27197.37046933174,0.0003,5.57049389102637,7.646197512657601,2.7453832444112014,1.0657123781668296
27242.24476480484,0.0003,6.939598549910582,9.227266881308323,4.835510788449816,1.1065362632213436
27287.15670466423,0.0003,5.3205985717217565,19.685553155152103,14.240506856152965,1.0817764591909007
27331.94031238556,0.0003,10.492774881039812,11.997676364868859,7.537942407693073,1.214170183695239
27376.75646185875,0.0003,5.698399641735306,7.699240243821821,4.238597194404359,1.0187091325212974
27421.923147439957,0.0003,3.691154281254892,12.989793669242651,10.256824196979498,1.008595138148543
27466.813692331314,0.0003,7.492699843286816,8.968793428342394,5.946053979958698,1.0435227504435907
27511.71493935585,0.0003,7.807466349575689,14.74036037568881,10.646598825636943,1.1762195501905157
27556.59554862976,0.0003,14.122127470422964,26.03568205373656,16.230213082671924,1.2722298955988904
27601.487439393997,0.0003,18.901798878515137,12.165472835015697,6.950282365349447,1.2226322331022221
27646.434393644333,0.0003,6.835129812723518,11.615029251132071,6.663810467568172,1.1191386276084854
27691.291652202606,0.0003,7.436961565729916,9.76083158528288,6.196232770203025,1.060150014899461
27736.196739196777,0.0003,4.335085550770299,18.31143738367749,12.648163619314788,1.0874069824797146
27781.088220834732,0.0003,5.127433422137262,10.939778686546935,7.981287845684465,1.0365325684326383
27826.010608911514,0.0003,11.044511214501219,12.214280172920544,8.346504979224722,1.1457885115592672
27870.935408592224,0.0003,6.562962723038887,14.979494940480528,10.854446197315387,1.14040095282516
27915.84406518936,0.0003,5.48988043501946,8.30979659762379,3.968990768141048,1.087809275639412
27960.64653801918,0.0003,4.266184159315349,7.718366696715383,2.9369536284428492,1.063092614108895
28005.534185886383,0.0003,4.548102241613392,8.44453133312172,4.539394150266222,1.02678685372431
28050.492135047913,0.0003,8.74250490226815,8.905641849050587,4.553348332301827,1.2049448492439834
28095.37488102913,0.0003,1430.669975011162,51.59912107766338,17.157048316518214,2.9974407823543494
28140.31467103958,0.0003,35.48530079402124,16.233167669688942,5.8819306294629525,2.071824054948472
28185.254200458527,0.0003,12.448931334448643,12.317580873732938,4.850070481998905,1.8002971023478835
28230.100059509277,0.0003,9.331392317391485,12.343640399640048,6.054319325829767,1.6778514730415384
28274.995997667313,0.0003,7.782370139992302,9.930030637622247,3.740902267747624,1.5548164358638357
28319.832848787308,0.0003,6.528484266833529,9.408342070196568,3.699616294909435,1.4881096054326581
28364.76686859131,0.0003,5.7794920266434575,9.048818986242457,3.3722603767540806,1.435326047558586
28409.71826839447,0.0003,5.5149798183059,8.694498427810615,3.4246503453345816,1.396550454726615
28454.67183637619,0.0003,5.036800061245,8.242876474373263,2.6696406224730667,1.3521016260463554
28499.5530333519,0.0003,4.612861413035019,8.130245251351695,2.7595129511158936,1.3206228013269465
28544.539744615555,0.0003,4.417937508828001,7.8428448504335195,2.5663633407301205,1.2852061924998026
28589.384956121445,0.0003,4.157979045930456,7.6705978514769155,2.4357997335446107,1.2635207017676993
28634.327173233032,0.0003,4.050113956958652,7.605259765976556,2.3122081878078973,1.2505033407337074
28679.340005636215,0.00015,3.644565305987777,7.454524941558494,2.373249270202248,1.2282884352110972
28724.33119702339,0.00015,3.620870059001207,7.376656148807044,2.3330123123849273,1.2193592815313314
28769.266481161118,0.00015,3.537219144477219,7.325093911942981,2.33810203212082,1.2078651956610795
28814.31460094452,0.00015,3.613273213252778,7.273924032372622,2.1243130969393786,1.1980590386516081
28859.242768526077,0.00015,3.3857368554356753,7.485621649144075,2.758952020535803,1.1977078004385315
28904.174952030182,0.00015,3.421738096925079,7.224567272504396,2.1206392956387465,1.1802640771372552
28949.11223077774,0.00015,3.3050212476640017,7.563603290012453,3.118013826601065,1.175043738247009
28993.902950763702,0.00015,3.3416071178266042,7.2100631624961515,2.4958831932893983,1.1685880917523
29038.971607923508,0.00015,3.432107924633339,7.2057052059327225,2.4183827005374203,1.1621924325544895
29084.08185338974,0.00015,3.1909308949454886,6.998802179297235,1.9915125852937152,1.1480197019922709
29129.239819526672,0.00015,3.1175392855277697,7.197201165416404,2.5208301811461236,1.143167984019634
29174.406965970993,0.00015,3.2003024813907395,6.989482729865939,2.0181197950035146,1.1377495852520632
29219.534560203552,0.00015,3.0782208708466077,7.030162273089317,2.204540524816817,1.1319844655381328
29264.669546604156,0.00015,2.9769071937693057,6.972682090416759,2.414246222623594,1.1204564818516545
29309.8464615345,0.00015,2.9370361738083357,7.252303625977567,3.2894754106072104,1.1197418475578458
29354.88482618332,0.00015,3.0716769732629885,6.887104926926071,2.1021704363974796,1.1124064387882018
29400.018228530884,0.00015,2.9390209235345948,7.140513293897334,3.395484807688719,1.1050272975555013
29445.038541316986,0.00015,2.9877679023586334,6.91010621270137,2.3801388151326757,1.0965785242469448
29490.166173696518,0.00015,2.866741740030452,6.834336447280833,2.0333987120610133,1.092444137817855
29535.29234480858,0.00015,2.822217383497617,7.944102292511594,5.440445140668541,1.0837697749471886
29580.334926605225,0.00015,2.9366714105362886,6.9921779332525835,2.627142834511532,1.080848690112187
29625.44227695465,0.00015,2.8160404099358454,6.874696961117988,2.4585938083138434,1.0740304823538558
29670.623678445816,0.00015,2.802156133165342,6.851085532838432,2.0994110398991093,1.069799143388958
29715.65592122078,0.00015,3.0322173240189128,7.976878185245105,4.62034939322502,1.0633688845887133
29760.7991335392,0.00015,2.678032955315595,7.099908267386969,3.159963056236316,1.0602360473333976
29805.92414355278,0.00015,2.70560423567864,7.303906601951236,3.717389081238182,1.0551064972138315
29851.11951303482,0.00015,3.047743267570037,6.851058320291967,2.418862744957019,1.050302818820703
29896.357587575912,0.00015,2.794929596982584,6.916064434575684,3.1587000464178194,1.0462892745782497
29941.365314483643,0.00015,2.661796796691005,7.40603431621679,3.916735208110445,1.0418593995239576
29986.59849381447,0.00015,2.6788633689637176,7.936899342002588,5.305642350312251,1.0374012987826247
30031.758280992508,0.00015,2.9005475109392176,7.34677346546315,3.926701325823547,1.033215772575614
30076.864564418793,0.00015,2.7352993865265005,7.296430182394838,4.023922233824518,1.0320848749494096
30122.066776514053,0.00015,2.9956301377336403,7.29564583077303,4.155623184495671,1.0255404235796464
30167.126236200333,0.00015,3.1830023111541417,6.975977027441647,2.936183963459768,1.0254114800038745
30212.345383644104,0.00015,3.1785239853711293,6.720780642454558,2.075379030264107,1.025965921955821
30257.731831789017,0.00015,3.5052883606356566,7.25253601950849,3.438381608124751,1.024970825744788
30302.890869140625,0.00015,3.0534518962783674,6.792223975071549,1.9799466855966361,1.0395052538337577
30347.861330986023,0.00015,3.8358272003562943,7.250373121822821,3.887795408212455,1.0198565510431474
30392.767339229584,0.00015,3.9685772220076543,7.174682408027586,3.864357062661724,1.0143635161555813
30438.89005923271,0.00015,2.554721797098879,6.680924673324455,2.130405229216169,1.0007711396514452
30484.02885699272,0.00015,2.7839491637895235,7.3728365774319595,3.9130246107745323,1.000026176239956
30529.120629549026,0.00015,5.532821559471728,7.8480479888287915,4.814501379705538,1.0120334818343797
30574.30140566826,0.00015,3.009609220848709,7.490419525118468,4.573064582970492,0.9974976790927554
30619.40334224701,0.00015,3.6914564191752226,7.530840987544635,3.351067366873383,1.004016617449089
30664.523878097534,0.00015,3.5926790218318527,7.006350399944574,3.1640613920369725,0.989231678675694
30709.460572481155,0.00015,4.002828133518796,8.291329477839321,6.46687038931877,0.9924835130368742
30754.354624032974,0.00015,3.426445308191963,8.668711696476542,6.460449102122313,0.9991650267234018
30799.255715847015,0.00015,3.5908287698019614,7.076190884885447,3.1989623245919585,1.009967903306508
30844.175537109375,0.00015,3.862148525328367,13.992504543592737,11.521278721511743,1.0297597820514244
30889.074073791504,0.00015,3.8030452865503306,7.894896652630171,5.227074767677648,0.9718951994892847
30933.99619269371,0.00015,2.9579727914598255,8.32582351516926,5.6017247291127585,0.9919191940224473
30978.851279497147,0.00015,3.8987353740928388,7.021550040379488,2.8867499965011696,1.0026386872217534
31023.78918504715,0.00015,3.506436320515061,8.489436346590448,5.751451538474696,1.0024573718862286
31069.198488473892,0.00015,3.4305476993810937,8.917379075117909,6.775171267758509,0.9850551812181652
31114.13457107544,0.00015,4.140986508923584,7.991396827399519,4.526809274466934,1.0174205026609264
31159.087007045746,0.00015,7.175990644917028,7.659310729366376,3.5449441022933668,1.04458038467447
31204.01367878914,0.00015,2.9007549260266274,6.786509147263115,2.375055816067252,0.9704884690356501
31249.08856201172,0.00015,2.895070998742498,6.549611936059503,2.8024631621731313,0.9647914919913083
31294.01143860817,0.00015,4.290118684577594,7.952675355856127,5.206025637486937,0.9658302821057164
31338.94643354416,0.00015,3.1987330144003225,7.114323879446189,3.5132380783178245,0.9673590288882966
31383.86376452446,0.00015,5.484923428394755,6.8882096742911525,2.9347299806631293,0.9587962731604872
31428.763712644577,0.00015,3.9423969140252564,7.151944405341764,3.219129205205638,0.9827959617524974
31473.71759033203,0.00015,2.641842665958926,7.191589717440231,2.2434803786551116,0.9918014346823669
31518.564380168915,0.00015,3.5735985894889346,11.645734725781342,9.691249269133161,0.9980740075200634
31563.47055721283,0.00015,3.041224559669286,7.228467601465687,3.719147758726861,0.9626830216014421
31608.278336524963,0.00015,3.390889541698935,9.044667951678303,6.252395785386395,1.011281982556834
31653.210730791092,0.00015,8.336431651645237,9.839254965598029,5.7952395493817175,1.083320674189815
31698.108187437057,0.00015,2.734680195671179,8.436029904850624,5.8866447691704815,0.9382478746674613
31743.05315375328,0.00015,3.4625706724781806,8.770890109399517,5.8797249958014035,1.003778278128208
31787.910288095474,0.00015,2.597944651405668,7.319482206614824,4.185791569606514,0.9326547253501836
31832.796650886536,0.00015,3.1628403720091383,7.008283607148074,3.5702025492479845,0.933990610100539
31877.70015025139,0.00015,5.325045539772575,10.335199098648038,7.926662916438595,1.0193702536887734
31922.58871793747,0.00015,2.8775332374433784,7.152001603342747,4.205740482791973,0.9255334866928996
31967.838739156723,0.00015,4.697632970792565,8.007380094858064,4.52431365578038,0.9729968187491362
32012.617134571075,0.00015,8.79511664343662,9.397725292518505,5.882371049625858,1.0375550960012685
32057.7501847744,0.00015,4.65846841092101,7.5949800951337965,4.268252398254006,0.9475263270083116
32102.7242500782,0.00015,2.5896972686649455,6.874769014545143,2.7554150429500894,0.92829047887423
32147.678122758865,0.00015,2.5645013513895116,6.945092468921451,2.621617729041227,0.9443575386337163
32192.658166646957,0.00015,2.7460664988432644,6.849069662801295,2.13437095204736,0.9545508618397348
32237.668425798416,0.00015,2.8506808787312883,7.204943922486132,3.1595951833542744,0.9455429172342652
32282.58199930191,0.00015,7.253583742013177,13.305863806072272,9.184005445735469,1.1773241809615118
32327.59572649002,0.00015,5.10337161018983,7.225312398118844,3.1993754392976212,0.9603288816951947
32372.82208943367,0.00015,2.794587246142667,7.645371240486158,3.961371121740645,0.9761664265169687
32418.06675863266,0.00015,5.825821362514531,7.601736576595004,4.289008005713201,0.9954666693195727
32463.111477851868,0.00015,2.827120383319959,6.910347860217009,3.595891954944392,0.9070208408139115
32508.115412950516,0.00015,2.781900882547236,8.405018863472376,5.159221712343252,0.9624403578122532
32553.156114578247,0.00015,6.213330900821095,19.803626715382872,14.94822508210589,1.0014676721026563
32598.187537908554,0.00015,4.126141476500881,6.713411712477033,2.2799270289718727,0.9188868965101329
32643.268193244934,0.00015,2.6137013768889212,9.47621010371617,7.2658156473925155,0.9676231877720771
32688.245378494263,0.00015,3.893436339296713,7.0210576656502415,2.6343028171806577,0.9416356627545556
32733.263410806656,0.00015,2.5940860890734174,7.095368873426287,2.6379203164653413,0.9609627777993712
32778.281280756,0.00015,3.2078124210917016,9.46651493812223,6.702664378949791,0.9371738853475677
32823.33764100075,0.00015,3.9992443574582293,8.305195244520487,5.932228778426055,0.9221845282053275
32868.393887043,0.00015,3.6561817271679042,9.112862530762312,5.42410762325214,1.0495980808692154
32913.45884013176,0.00015,3.9862438125471384,6.975203129985948,3.064180067997829,0.9338060249040018
32958.48538303375,0.00015,4.590182353021452,9.14007880134736,6.352038807474124,0.9458843188725272
33003.5596446991,0.00015,4.258384695209441,7.885824401241376,4.613588865243705,0.9592347931411889
33048.670082330704,0.00015,5.785851804371958,7.486162834194593,3.4396217103217057,0.959805771412654
33093.65103530884,0.00015,3.0271997167764466,7.208565024068869,2.67647962630934,0.9300304902971501
33138.68664121628,0.00015,2.8608677712077433,6.724605185616725,2.347481420237547,0.9496888387921504
33183.74496674538,0.00015,3.307340024902955,7.488118414053051,4.117202681037271,0.9328187447404594
33228.75047779083,0.00015,2.525767709692102,7.33998270129683,3.666093182411923,0.9253263093788251
33273.81361079216,0.00015,2.752415619434989,7.47905996610022,4.8284380481501294,0.919901340041484
33318.866251945496,0.00015,3.72764493806766,8.171988409917182,5.329145812988282,0.9694382498315713
33363.94163441658,0.00015,3.1791958242600518,8.992947709721374,6.361799067600518,0.9314590551705757
33409.04316806793,0.00015,3.321979133852627,7.205171873376878,3.274792373560037,0.9276767147798952
33454.10542988777,0.00015,7.870214273239094,6.9648692918541135,2.5499460013808717,0.9488411870921928
33499.13172292709,0.00015,3.7158612814105925,7.034166012327695,2.9844276962766223,0.9323935104981047
33544.10565710068,0.00015,2.3631604685809444,7.045368311151569,3.038821333381021,0.9126488577234118
33589.14079141617,0.00015,2.424629479809537,7.103044115471857,2.4936782059396148,0.9521145435397418
33634.16052317619,0.00015,2.436351121405652,6.71933390482487,2.680709326191313,0.9025434949354172
33679.08412384987,0.00015,2.60227430157757,7.378165490693375,4.019399013640775,0.912356027788266
33724.06070232391,0.00015,7.905788912799189,7.871790547812615,4.121553340838973,1.0874236248383577
33769.034991025925,0.00015,2.973846910994344,7.668249824244217,3.9010746561038268,0.9534620713860016
33814.053099155426,0.00015,2.390506845658377,10.014879326638495,7.42692744747089,0.9140773647573146
33859.11679196358,0.00015,2.9352688725094542,11.349565537567248,8.5612404209793,0.9892740403420645
33904.043623209,0.00015,4.397532499553076,9.700544993127869,7.255677921756817,0.9677369986007462
33949.05235314369,0.00015,6.456183417724999,7.186264925131835,3.101088768053966,0.9591061541869028
33994.06243824959,0.00015,2.4894059359267326,8.498437145055117,4.126264642606116,0.95558592901687
34039.02341914177,0.00015,4.157503516904209,7.012155145069232,2.6196546080765453,0.9349632395130004
34084.00021123886,0.00015,2.8388420078923793,7.167096801302327,2.6558477268097507,0.9371680146360213
34128.99268603325,0.00015,2.751303499600492,8.520453235397573,5.068961057237758,0.8932043805032378
34173.92217707634,0.00015,4.355695799356819,7.956355872320299,4.47815714064677,0.9708290628485795
34218.8697719574,0.00015,3.0553400866538016,6.941465690818847,2.6074072819606515,0.9298946908099631
34263.90609955788,0.00015,3.078165804927249,7.445239992735934,3.1671676927311405,0.9365854067645404
34308.85648870468,0.00015,2.605160739426187,7.511836822686448,3.838893448167546,0.9115382174260148
34353.8124165535,0.00015,2.815236432565366,7.331376241637869,3.137425027835141,0.9545037245567796
34398.777737379074,0.00015,2.7208413123215918,9.221636350740615,6.16543538281872,0.945997040390187
34443.680514097214,0.00015,4.659744285798898,7.752039038098499,4.081622042321855,0.9446998020808655
34488.71063923836,0.00015,3.7320216501128263,7.225043459013158,3.344949010375199,0.9634440644002211
34533.77589011192,0.00015,3.1277148253713585,8.799587012512145,5.842831032139481,0.9191034823865544
34578.69375562668,0.00015,2.967650153250425,7.071872702652571,2.3647837839308816,0.9194421327915235
34623.57253217697,0.00015,3.0259994327913433,8.09480195158439,4.790153483980021,0.9787991234921622
34668.49550294876,0.00015,5.295537537607773,11.059420742544622,8.150119523941331,1.0559716685051923
34713.449813604355,0.00015,3.595739512625939,9.071252274168693,6.693912734499403,0.9281559248647635
34758.53207707405,0.00015,2.7272128198967605,7.69977969470337,3.9791958073901523,0.9278802616999329
34803.596725702286,0.00015,2.7896787052380367,7.376734478952082,3.138434474483417,0.9110911718996781
34848.627382040024,0.00015,2.909396086364496,10.660575631342068,7.123763318881867,0.9454044339932283
34893.60636687279,0.00015,4.16425765277258,8.313604713418252,4.517922419651299,0.9585718712365751
34938.533506155014,7.5e-05,1.7810665688228087,6.67326766727265,1.745384711976264,0.8601397098245134
34983.625262498856,7.5e-05,1.6020469517438571,7.179624727048514,3.6829411792147693,0.8667055502497434
35028.61559891701,7.5e-05,1.661574865907485,6.664821811836214,2.0497009884779622,0.8563350703698768
35073.478813648224,7.5e-05,1.6673936938978935,7.458330984020708,3.6992347765880025,0.8748701560556592
35118.442645549774,7.5e-05,1.5992082234505964,6.643100993764878,1.7141957155458487,0.8469537099503721
35163.383455991745,7.5e-05,1.4937440525638601,7.254269488889779,3.276651010695536,0.8652109056497028
35208.46914982796,7.5e-05,1.9401402999794548,7.356032951825378,4.045961241509504,0.8713161853801429
35253.588485479355,7.5e-05,2.0300074138710844,6.8172850296130765,2.7608524103832854,0.8685388587506416
35298.60733509064,7.5e-05,1.7888891392935387,7.649191551630996,4.55670121308345,0.8533361720971038
35343.60862970352,7.5e-05,2.3182729629002417,6.78493384568789,2.044010538963755,0.8596554503493199
35388.63124728203,7.5e-05,1.7297646037216394,6.794128124805966,2.133273492800962,0.8613128457261066
35433.52125477791,7.5e-05,1.668133289132179,7.159537394016847,3.533766252068198,0.8666742629239714
35478.47442436218,7.5e-05,1.9143602121071737,7.1295642076637815,2.722342769355531,0.8872907057593975
35523.394783735275,7.5e-05,2.836298595404147,6.739876108371768,2.0745638148799825,0.8776851901979438
35568.38787651062,7.5e-05,1.7579583304393052,6.83586498966321,2.725530432439913,0.8648367533457465
35613.37992930412,7.5e-05,1.6937832581758065,7.15829613776434,3.4222160485140076,0.8476990898064243
35658.39453101158,7.5e-05,1.8387901089013383,8.415279821648019,6.021484141744626,0.8694909339247463
35703.38473415375,7.5e-05,1.9639573903248826,7.302917246365541,3.738591071450786,0.8594224920320274
35748.478180885315,7.5e-05,1.9650916558145826,8.30937849984466,5.591743692774681,0.8532783229345584
35793.48500466347,7.5e-05,2.008235504935565,7.364351944278354,3.4765149159036626,0.8845762236992123
35838.471450805664,7.5e-05,2.546715578659419,7.302122789795042,3.751314588413117,0.8872549859982084
35883.47263741493,7.5e-05,1.650740827845311,7.09592115285413,3.214042129030653,0.8532688488207524
35928.48863744736,7.5e-05,1.8354513453438417,6.682317540640516,1.8834369124880261,0.8653262839294351
35973.47335791588,7.5e-05,1.652936538929062,7.153072335736443,3.6488553575649383,0.8615054532644318
36018.438787698746,7.5e-05,1.8997033085327981,6.673074267984312,1.7585301271669425,0.8543100122835722
36063.47160458565,7.5e-05,2.362586146755948,9.224128006476697,7.003296773145153,0.8987359480807767
36108.418244838715,7.5e-05,1.962399640630503,7.324311217208859,2.757183624073199,0.8813095072288607
36153.497769355774,7.5e-05,2.0090608054388635,7.550796398351724,3.531735035112709,0.8737919521625503
36198.51863217354,7.5e-05,1.7271233842238267,7.118113510587774,3.0545785891781945,0.8644241859588466
36243.54278755188,7.5e-05,1.854745539072867,6.953788366930034,2.138814476644917,0.8691937968731491
36288.52966547012,7.5e-05,1.91904270714098,7.813264012037366,5.032017925286748,0.865993919755143
36333.61947607994,7.5e-05,2.732907204072115,7.679854409634234,3.921895934669835,0.8888562616141762
36378.61103487015,7.5e-05,1.9585197705822999,7.895658646102088,4.545854031508136,0.8692920777899935
36423.59667682648,7.5e-05,2.278400475514174,7.152440433399397,3.0221765020091063,0.8769365173450703
36468.63847184181,7.5e-05,2.0135246120732555,6.748683956883243,1.8825929532385177,0.8545920377958915
36513.659922122955,7.5e-05,1.5630284060980235,7.005976345764464,3.0991333493761197,0.8627765269017018
36558.72904133797,7.5e-05,1.8713261969102537,6.838071400733447,2.4765357047888883,0.8623133480045211
36603.721554756165,7.5e-05,2.687971571494973,6.804985120538794,2.4264785061975953,0.8584551568638701
36649.111974954605,7.5e-05,2.0126125322665023,6.725310146015025,2.258438078764897,0.8457539215967533
36695.314742565155,7.5e-05,1.7572151077466802,7.046161154304401,2.6168131640002987,0.8570269101078191
36740.23824810982,7.5e-05,1.7481581628865448,7.174012865570591,2.7986684252502054,0.8517484906969369
36785.30446219444,7.5e-05,1.8842206549557614,6.883215011993423,2.2800303708216187,0.8561428098686873
36830.335506916046,7.5e-05,1.8553379678986763,7.217940483813996,2.522890904906449,0.8561355375127093
36876.933363199234,7.5e-05,1.7276566620515779,7.971036393426092,5.529671240156623,0.8505476882236881
36921.89088010788,7.5e-05,2.02846963014759,7.146800836187153,2.0791967622793406,0.8633644945689459
36966.830703020096,7.5e-05,1.9253141959073983,6.906337740025343,2.368710132768959,0.84242370697048
37011.812864780426,7.5e-05,1.8365962177895023,6.85040499297004,3.507198280285878,0.8963678110100539
37056.72976851463,7.5e-05,1.9320088848607353,7.097755003800129,3.385012321715142,0.8581168322882117
37101.694355010986,7.5e-05,1.7778612627574872,6.951041103883592,3.0675746942022046,0.863346537325155
37146.7215616703,7.5e-05,2.1884509473550513,7.154713111747302,3.0588840751890922,0.8407047491337953
37191.75132775307,7.5e-05,2.158876768682824,7.553503817151831,3.9350978681236315,0.8659036823879116
37236.84013724327,7.5e-05,3.033393898340305,10.138655922904848,7.55352548003956,0.9183799504461818
37281.912653923035,7.5e-05,1.9392323123518451,7.292977904200243,3.440172056939192,0.8482896833879955
37326.917716264725,7.5e-05,1.6378644190850804,7.095811798244369,2.7013479001962457,0.8513265089637378
37371.87300682068,7.5e-05,1.5177981265472802,7.776882577784054,4.4710888905130375,0.8675448692024748
37416.839231967926,7.5e-05,2.3216135565266147,7.662504129792751,3.10550093924164,0.9019152690324419
37461.868674993515,7.5e-05,2.74372576277547,6.9710986349995565,2.1161109462665144,0.8718907149982972
37506.88429713249,7.5e-05,2.179953318432598,6.888217713499035,2.152308249017995,0.844020671614028
37551.966170310974,7.5e-05,1.9120356369539688,6.986885053206044,2.244416580686144,0.8507561476471808
37596.97517967224,7.5e-05,1.5330586769107477,6.769412278445573,1.8833034053729598,0.8403495412014826
37641.97658967972,7.5e-05,2.3464080229483018,7.935704265322004,5.022053479237162,0.8578660131263326
37686.936304569244,7.5e-05,1.5575620133585835,7.085226669743061,3.0081823652716957,0.858010918482365
37731.912444114685,7.5e-05,2.609028747129527,7.36605579234559,3.236795491018113,0.8702336126750918
37776.73506832123,7.5e-05,1.6518526519365433,7.6595880173021405,5.162885998768411,0.841588031907674
37821.62545132637,7.5e-05,1.9268313093046456,6.720251393628838,1.9959315014492933,0.8298064142025487
37866.52969646454,7.5e-05,1.4993289759033148,7.642391310221662,4.292370265304663,0.8361214412498519
37911.59315824509,7.5e-05,1.753502003851267,6.832140005676985,1.9658097771322651,0.8391825382172717
37956.55308818817,7.5e-05,2.0872560416848716,6.85599065470317,2.0548611829235295,0.8431907554396915
38001.50342822075,7.5e-05,1.6942719700992217,8.064495885024785,5.045821336879852,0.8465770917547678
38046.38594698906,7.5e-05,2.833776808479879,10.522124658831768,7.433995124185161,0.9197520947932708
38091.2926299572,7.5e-05,2.7104763110912997,8.169446608670597,4.603588235454195,0.8668761980493119
38136.22285962105,7.5e-05,1.800174686513529,6.67180097808038,1.770859933355052,0.8408391681843758
38181.11353993416,7.5e-05,1.7404248254546701,6.83121206568926,1.9089634913547784,0.8316722959946053
38225.969145298004,7.5e-05,1.7141356380476542,8.253217776288809,5.769815355045781,0.8364046659682737
38270.88706445694,7.5e-05,2.100454012162047,8.224336219833688,5.0509021637546025,0.8493777219279347
38315.73146700859,7.5e-05,2.249841122549088,7.890248439854791,4.827378232919487,0.8347674951445648
38360.63160991669,7.5e-05,1.855300834660973,7.223249933759739,3.0611441788400056,0.8454533970771144
38405.57297086716,7.5e-05,2.002326695341447,7.96191825786492,4.5347455844757665,0.856404967504985
38450.57969903946,7.5e-05,2.7502010008893594,7.21796185620671,3.473430337116217,0.8418619136152077
38495.44738006592,7.5e-05,1.7818117548207768,7.325050009937824,2.392259673100368,0.8782651528752566
38540.37187767029,7.5e-05,1.76896759964295,7.043362421132016,2.509242404038739,0.8662141051778558
38585.2019200325,3.75e-05,1.3028412221776549,6.981337417005165,2.3632471266825488,0.8190530231870163
38630.078533411026,3.75e-05,1.2787341146086952,7.444912427987173,3.7297767784944766,0.8241116254201463
38675.02432322502,3.75e-05,1.424702475631172,6.690539392101005,1.8018960892015201,0.8180636974323571
38720.034027814865,3.75e-05,1.2542496564826895,7.0946397331025866,2.879878264020203,0.8243582589285714
38764.98669362068,3.75e-05,1.5659875935109804,6.735095317040086,2.053671332681255,0.817743933559509
38809.97335624695,3.75e-05,1.2519983941740025,7.1108303147790215,3.264497910031847,0.8211338867727336
38854.96837544441,3.75e-05,1.2311915754186218,6.8555782363810716,1.9950982646577677,0.820711829848155
38899.841431856155,3.75e-05,1.2665619573306517,6.658448496957267,1.518079825723247,0.8160595117017837
38944.759741067886,3.75e-05,1.2409955905434864,6.784979162304301,1.5773075565411028,0.8227309362475815
38989.564816236496,3.75e-05,1.295195386796267,6.74034616294785,1.5833218762829047,0.8127591962527393
39034.57833600044,3.75e-05,1.2539983199159521,6.917637355099976,2.479180298337511,0.8222559831515784
39079.52846670151,3.75e-05,1.28611567910686,7.003649530792598,2.7303598926325514,0.8222555532111269
39124.50919628143,3.75e-05,1.2467343623955176,6.864590741491691,1.8332302628049426,0.8168629450866945
39169.4564242363,3.75e-05,1.3118204103792952,7.157811967763424,3.095810500223925,0.8196543807037481
39214.25050354004,3.75e-05,1.64974131514683,6.973198223001046,2.652047238684004,0.8338223163695412
39259.08697104454,3.75e-05,1.4903115942178529,7.598460923074914,3.647234815852657,0.8383010928122285
39303.97443008423,3.75e-05,1.5064879803926785,6.84576250711512,2.1634035608571045,0.8285650141683695
39349.126900434494,3.75e-05,1.2660512105363315,6.7869203360886745,1.6871079997651897,0.8151517589538666
39394.02390098572,3.75e-05,1.2783659140920378,6.891248430846512,2.8278014553580313,0.8118731159739497
39439.02238059044,3.75e-05,1.2590635461234003,6.789049468411001,1.7428334545937314,0.8172372169256643
39483.9495511055,3.75e-05,1.2352394223430334,7.2266911554664155,2.646604839252059,0.8493858676607045
39528.820508003235,3.75e-05,1.4008505008259757,7.1661706411677555,3.144208628660554,0.8226904370138395
39573.67240214348,3.75e-05,1.2727524530909318,6.7225873073789355,1.7279765839789323,0.8116288172542545
39618.5353205204,3.75e-05,1.2762351884650838,6.884159086236906,1.83068102939873,0.8388620127907092
39663.4983830452,3.75e-05,1.4370116924761858,6.689676658962044,1.6833177602974472,0.8196345263236151
39708.37346291542,3.75e-05,1.4670528321535428,6.882490361360994,2.124028211945941,0.8218938132687258
39753.2348613739,3.75e-05,1.3504383751603424,7.266837237599167,3.2540763028867685,0.8249687493059257
39798.14697742462,3.75e-05,1.4717892849163063,6.860639172316557,2.103249570518542,0.8261045401557441
39842.9712767601,3.75e-05,1.3559176684294458,7.036542050778032,3.211636313663167,0.8254322058328151
39887.83454608917,3.75e-05,1.3339046946423083,6.760153064138091,1.7776358051664511,0.8111011453613628
39932.68325948715,3.75e-05,1.3610783746333721,7.814176169008871,4.512441676437475,0.8262993455959291
39977.714898347855,3.75e-05,1.68470732909517,6.826394743988283,1.6035243975888391,0.8201186913275883
40022.67034363747,3.75e-05,1.2800872811854211,7.78359187072387,4.243273274609997,0.8326594354153094
40067.48201870918,3.75e-05,1.3606072798452742,7.039248626070038,2.7139560820950064,0.8243721886136036
40112.4572622776,3.75e-05,1.3292458332735766,7.380530106041336,3.872038094101438,0.8234898081362779
40157.282933712006,3.75e-05,1.5271881396653222,6.769712207453479,1.799157260481719,0.8242551137078743
40202.153259038925,3.75e-05,1.478874399753216,7.311767848795891,3.2929322260959895,0.843503169837198
40247.021235466,3.75e-05,1.3671220887988427,6.84466276952255,1.7143237605975692,0.8324940664361723
40291.98046588898,3.75e-05,1.4717226316151506,6.8406770770286,1.9163219111740208,0.8261311019925176
40336.822889089584,3.75e-05,1.2198583888660146,6.985186687969704,2.324997490074984,0.8253153699971126
40381.69877552986,3.75e-05,1.3343726150325088,7.131441156967532,3.1101733553941084,0.8227463003527749
40426.777218580246,3.75e-05,1.3540066061124125,6.763859959711708,1.7575425117638461,0.8195379304648632
40471.71635699272,3.75e-05,1.3406559193503444,6.95885508749559,2.3508450745017666,0.8357788423334715
40516.66815853119,3.75e-05,1.2834224485525885,7.123012258350722,2.693156610476743,0.8231730577025587
40561.569920778275,3.75e-05,1.3844359860611308,7.021121368722254,2.260450394745845,0.8251304782511056
40606.47642946243,3.75e-05,1.3711439206083398,6.941670742093655,2.4849730376225367,0.8225316154686636
40651.3955886364,3.75e-05,1.3229740834409855,6.784857652492925,1.6389282007885586,0.8111641422414219
40696.33247566223,3.75e-05,1.2329140984078357,6.986631315733352,2.4832697048308745,0.8151613217549406
40741.28217959404,3.75e-05,1.3214770696419402,6.8759265250545125,2.303292137194591,0.8108128230530137
40786.17231440544,3.75e-05,1.3460404865077285,6.962136766092101,1.7231943312723925,0.8301802117574331
40831.14169692993,3.75e-05,1.3306076303422993,6.891211493437224,2.1785907380899805,0.8239019243749013
40876.031735897064,3.75e-05,1.3857621500400898,6.832820517083136,2.2665688192768463,0.8059263358153429
40920.903079748154,3.75e-05,1.3809835861940853,7.137261113372636,2.9224136935677496,0.8064523824176488
40965.823266506195,3.75e-05,1.4327272055579015,6.909008682528199,2.026234914694622,0.8257428696207701
41010.75561332703,3.75e-05,1.4349504387443834,6.962930591511404,2.614501452597843,0.8167473296649195
41055.637654304504,3.75e-05,1.2936405159736593,6.737591891321518,1.9619125876457069,0.8097054294808201
41100.4514298439,3.75e-05,1.3396030175881308,7.202368971771099,3.337450890024756,0.824024075662733
41145.30257868767,3.75e-05,1.2907984791340505,6.86187651221206,2.102114739387658,0.8166398503359936
41190.21338534355,3.75e-05,1.2906025881758587,6.91319268751811,1.7688523699523537,0.824726245539416
41235.054403305054,3.75e-05,1.403362318249131,7.0413393072086725,2.6034793392108506,0.8222088574365277
41279.99134469032,3.75e-05,1.74963080157782,7.008275891005555,1.8713618843418778,0.8361431484226931
41324.80327987671,3.75e-05,1.4202808585106133,7.091550424923069,2.453723047341511,0.8326917098689341
41369.674333810806,3.75e-05,1.4911836896872044,7.0736149810213975,2.5347009938233978,0.8168412996093442
41414.549803972244,3.75e-05,1.2373949386165877,6.871258060030112,1.563395258423629,0.8129038046992222
41459.47435283661,3.75e-05,1.239648238361859,6.903684055164114,1.802695467517634,0.8115601752367873
41504.34076356888,3.75e-05,1.3070705335214055,7.329018019387237,3.3756904067507216,0.8308763817476358
41549.24738907814,3.75e-05,1.4731734595446422,7.93425591152953,4.551047141688644,0.8135112527176863
41594.35711479187,3.75e-05,1.496112213955551,6.808703987831698,1.832099615692333,0.8117884099930655
41639.261494636536,3.75e-05,1.2437737438848109,6.843465387490767,2.007815318502438,0.8093862883468323
41684.15904855728,3.75e-05,1.198705970676436,6.852045911122656,1.7016392337288826,0.8248687948988934
41729.02084875107,3.75e-05,1.1770605864854893,6.945969930279173,1.976075572117119,0.8150840442967454
41773.86567187309,3.75e-05,1.2876770683107914,6.884840653417688,2.245992196441456,0.8096068073107923
41818.78609085083,3.75e-05,1.3848972902923333,7.010322083355945,2.3497783733780975,0.8074977508137635
41863.870930194855,3.75e-05,1.341697426571872,6.904558391538284,2.250933660519351,0.8144014473145187
41908.93606853485,3.75e-05,1.3521944570628237,7.048901616445341,1.5849753726060223,0.8210599909986279
41953.875134944916,3.75e-05,1.2598889814265657,7.346905108612032,3.315625651171253,0.8097428998515607
41998.799745321274,3.75e-05,1.4078426208218155,7.162569148267679,2.577502315059589,0.8307743200539959
42043.73035430908,3.75e-05,1.4351337671714186,6.975363181581206,2.0572786294730605,0.8179780139635404
42088.6429438591,3.75e-05,1.2663270490851342,6.964448760245485,2.0826439705623945,0.8118944240540847
42133.42466545105,3.75e-05,1.3264119907372203,8.567470737024383,5.859370364049438,0.834054179591872
42178.27148246765,3.75e-05,1.3465009753604187,7.161775962545589,2.837380767627886,0.8150388446377981
42223.17846131325,1.875e-05,1.1872990927843883,6.912746152610074,2.381597516491155,0.8002339666529703
42268.241936445236,1.875e-05,1.047787856838525,6.913355648294497,2.082049575125336,0.7994232801919223
42313.18492221832,1.875e-05,1.1045766807427606,6.818488171766561,1.7591043411546452,0.8017634807732172
42358.01157832146,1.875e-05,1.0525538458850214,6.929231819985631,2.3513265864864277,0.8029805149444987
42402.95504069328,1.875e-05,1.1281007510933936,6.947247852564027,2.4345794191785677,0.798835110086349
42447.87386798859,1.875e-05,1.12122502648331,6.8816082215258305,1.8647791722777542,0.7984775557974019
42492.729333400726,1.875e-05,1.0871284085327593,6.779312125214805,1.427537113845728,0.7946313046622049
42537.70512199402,1.875e-05,1.0957820575745378,6.76055004260631,1.5047824786726836,0.7999450196777768
42582.61703968048,1.875e-05,1.0840731688318792,6.854571177185048,1.8661301412400166,0.8023091156938522
42627.455186367035,1.875e-05,1.149478905144502,6.787153611598888,1.459256410295037,0.8006316172269851
42672.33875584602,1.875e-05,1.099366816927175,6.793487204891956,1.5580354799890215,0.7953232369433832
42717.250781059265,1.875e-05,1.1224091765224824,6.93743758131559,1.9674810883345877,0.802466633921785
42762.12869954109,1.875e-05,1.090311655385898,6.843097424620109,1.8473274279551901,0.7975366590750366
42807.04080414772,1.875e-05,1.0916156543191449,6.7842165642681636,1.6963611286916551,0.8004890697954918
42852.96145987511,1.875e-05,1.1158585885834824,6.946961858209855,2.1331524769971324,0.8044342322983298
42897.994853019714,1.875e-05,1.120165250166735,6.801174186491,1.6707792197063471,0.8035601479365326
42943.67316222191,1.875e-05,1.1218229898555248,6.850204725605536,1.7597636690564975,0.8034593240086768
42988.56952166557,1.875e-05,1.080692533347993,6.787084588205834,1.888862850407886,0.8028556914707218
43033.46676373482,1.875e-05,1.115472520765711,7.07578646077615,2.9342281948988607,0.8057859323021549
43078.47477698326,1.875e-05,1.0992532140787399,6.923906485640701,1.9676970366459743,0.8023398998157772
43123.40151262283,1.875e-05,1.1075907613410325,7.067499682090486,2.5221331894018086,0.8034821031406707
43168.330746889114,1.875e-05,1.1302946976190924,7.0716554212163505,2.692072680042048,0.8045411717917111
43213.22638273239,1.875e-05,1.122951257923696,6.856576178475484,1.8853409590994477,0.7991093812466684
43258.12291121483,1.875e-05,1.080674789772659,6.939699451659591,2.623490716241727,0.7983046002008806
43303.05978298187,1.875e-05,1.0932105380546417,6.907954447417993,2.0277254699901412,0.7963051746630192
43347.92806148529,1.875e-05,1.2557897880863405,6.941283993087259,1.7166256874230257,0.805384954027605
43392.83747792244,1.875e-05,1.0749596697385193,6.981023514900578,1.6595138598399557,0.8132314906586857
43437.776096105576,1.875e-05,1.1210487169863312,7.031730748843988,2.1535370164616094,0.8119098035831507
43482.735943078995,1.875e-05,1.1041887062277733,6.780797024373053,1.6536307122297347,0.799298558901302
43527.57756972313,1.875e-05,1.0856728734431589,6.846820477342414,1.6371702157767716,0.8000162953215075
43572.40821623802,1.875e-05,1.0935839845617394,7.144932771886985,2.5288092011858705,0.8027231117169609
43618.061730861664,1.875e-05,1.1488220788090606,6.923586748110065,1.731777507028762,0.8092912599391435
43663.0533015728,1.875e-05,1.1268776790257578,6.938173932250827,1.6608280667833462,0.8055951679166173
43707.96722531319,1.875e-05,1.1381048686300252,7.426358712863312,3.622169533504802,0.8104634588404702
43752.92981052399,1.875e-05,1.223701342945759,7.444065642034914,3.767108397271223,0.8083086936966951
43797.876413822174,1.875e-05,1.2194196190338968,7.208987708002491,3.1387536990414757,0.8018465826713407
43842.873779296875,1.875e-05,1.15595049745181,7.122713591961521,2.7100643376635896,0.80533923188497
43887.78277659416,1.875e-05,1.0787344321092838,6.921975179036006,1.9049311692547646,0.7986517240959142
43932.68973994255,1.875e-05,1.0841271991503911,6.879873819002126,1.7626372659282319,0.7945027543951868
43977.624720811844,1.875e-05,1.066617035170939,6.91389076107064,1.9473387772869912,0.8053284197502073
44022.56468772888,1.875e-05,1.0844889502707726,6.95564442408421,1.8528492338338476,0.8003396066850766
44067.592267513275,1.875e-05,1.05599459316344,6.9000793301587535,1.5875965531464595,0.8008216509065536
44112.5997736454,1.875e-05,1.155602586638515,7.165318657103039,3.1131790841460987,0.8149433207381989
44157.63035392761,1.875e-05,1.0986034425447113,6.952700453599859,1.809425013839819,0.8006072031644851
44202.5267636776,1.875e-05,1.1158565364900181,6.8595020030353115,1.5730257095045346,0.7978665178725667
44247.4596824646,1.875e-05,1.0679281350476277,6.895010134609524,1.6170518838675918,0.8060258602819237
44292.382553100586,1.875e-05,1.0973153151666748,6.849831214913596,1.4864219738419648,0.8063845443695461
44337.35580301285,1.875e-05,1.0584452522039847,6.971796425019811,1.5644043697673045,0.8066188387798112
44382.38640165329,1.875e-05,1.206170258930255,6.961599326749402,1.8634643846256718,0.8045683428714562
44427.42124080658,1.875e-05,1.0580649604128576,6.9398466600340365,1.7803765801107807,0.8052953625350431
44472.34096598625,1.875e-05,1.037021757431586,7.045355608440129,2.4928057044934313,0.8016532714188236
44517.3208129406,1.875e-05,1.111530322368462,6.868694688454252,1.466993635627115,0.8002382949772467
44562.288380622864,1.875e-05,1.1156941668149118,6.883892644041947,2.3257117107415657,0.8005358735371999
44607.18791103363,1.875e-05,1.0706430302725898,6.8195022076855505,1.5525405179163454,0.7995464995829384
44652.13349509239,1.875e-05,1.1179349468488293,6.884784585552401,2.122058780937438,0.7977560540242735
44697.14030098915,1.875e-05,1.1724619587805318,6.883312021818977,1.7459433658867125,0.8044377161655759
44742.027446985245,1.875e-05,1.0383657231356929,7.016344709555647,2.098950144287887,0.8048855020378021
44786.95066666603,1.875e-05,1.0445996005678437,6.948608692639588,1.498499691714147,0.8002388907243297
44831.73157644272,1.875e-05,1.0913708371108564,7.113470298208577,2.397899345835303,0.8026864221797757
44876.59699702263,1.875e-05,1.0936542501432214,7.089095229307246,3.1306431764250346,0.7957844377288903
44921.41018533707,1.875e-05,1.1783947307555402,6.980124857453367,1.9978055237205166,0.8018559815937673
44966.40150952339,1.875e-05,1.053971393816241,7.319578098748087,3.225971129593576,0.8035687081858811
45011.32455301285,1.875e-05,1.1264078791675671,7.040573413969074,2.1416264576517094,0.8131113174825279
45056.279586315155,1.875e-05,1.068756252299241,6.937503276625902,1.6747659379509603,0.8042289444086611
45101.25796198845,1.875e-05,1.0425649665526788,6.857859877991015,1.6203091858298915,0.7965325688182352
45146.55988883972,1.875e-05,1.065771092330606,6.837572672665896,1.8065876857490297,0.7941577782744265
45191.54935526848,1.875e-05,1.0730848371656867,6.849623550845672,1.3885910945333493,0.7976490952510513
45236.36146402359,1.875e-05,1.2210688990539107,7.266796903196767,2.8610673260536923,0.8052558350052811
45281.217200517654,1.875e-05,1.0823035196745547,6.93790375023932,1.828647307377712,0.8073985733843185
45326.13688516617,1.875e-05,1.0430488648527525,6.897851587578855,1.6412933689773463,0.7978426937731975
45371.009701251984,1.875e-05,1.080607694572004,6.8864048316958275,1.7943885074299613,0.7978123318797876
45415.951276779175,1.875e-05,1.1041609068820168,7.116594020113282,2.677504890587679,0.800356229763879
45460.84033203125,1.875e-05,1.1005025208756354,6.869963594596834,1.8326100805003172,0.8021638767965726
45505.68440580368,1.875e-05,1.1013582364674692,7.022144870965917,2.3912372176054935,0.8026489055374171
45550.57913565636,1.875e-05,1.1525323763136872,7.004724070422036,2.642291400690747,0.7963150054538813
45595.52581310272,1.875e-05,1.0328270382351346,6.867591049292166,1.9359579827375473,0.7956791485898879
45640.559831142426,1.875e-05,1.0349829860506596,6.937483478597882,1.6861227071968614,0.8116689983706221
45685.524923324585,1.875e-05,1.1470659908701162,6.951410525609351,1.6136250587026024,0.8013830663769447
45730.44485497475,1.875e-05,1.0828707540404383,6.969520831746362,2.6540373686772245,0.8010875796797263
45775.35337305069,1.875e-05,1.0508912413063813,6.91413973501242,1.9335042698368146,0.7965292912452865
45820.25647068024,1.875e-05,1.0272122529035057,6.94664497386785,2.103536506215478,0.7981062916136086
45865.06215405464,9.375e-06,0.9816597288640687,6.832328983574393,1.5616012670431927,0.790650603628682
45909.986725091934,9.375e-06,0.9665887881280729,6.86007461363714,1.6447164013127613,0.7906531929113115
45954.87466430664,9.375e-06,0.9805015174417547,7.055714863783035,2.610540470196183,0.7951855422478382
45999.79196977615,9.375e-06,0.998101154442042,7.017376803493251,2.435656262051528,0.7946571570008342
46044.663246393204,9.375e-06,0.9975698492348954,6.8523098727759235,1.379577200579795,0.7924985840884862
46089.54256296158,9.375e-06,0.9684916151460186,6.945814679624119,1.8684730772759504,0.7916708812398819
46134.49110746384,9.375e-06,0.9854493637988259,6.914679423674281,1.7059547157044623,0.7982170273076581
46179.39945435524,9.375e-06,0.9725495290235092,6.867940364616004,1.5876532633593128,0.7946503280811962
46224.38383150101,9.375e-06,0.964677340324242,6.915871330653003,1.6591597295870446,0.7968098032900971
46269.39170432091,9.375e-06,0.9724460040719566,6.9070802651940575,1.7168812065367487,0.7961363565203496
46314.360493183136,9.375e-06,0.9865212939910333,7.005764382632811,2.1272269084954716,0.7976175399354912
46359.30306625366,9.375e-06,0.9610027573147758,6.881694342891799,1.5031188673274531,0.7909852785304627
46404.26355218887,9.375e-06,0.9802189927066393,6.916693934680331,1.6699782936436356,0.7941066307845692
46449.12505412102,9.375e-06,0.9643520677675966,6.838657548421368,1.332088238418482,0.7917268564018943
46494.07114934921,9.375e-06,0.9647319239453974,6.9390112986809775,1.6910590979703672,0.7943472027110232
46539.00930047035,9.375e-06,0.9626492021296628,7.25293570797863,3.0190400627767966,0.7961378429960811
46583.9877474308,9.375e-06,1.009019307968612,6.888669066077808,1.3632082690099243,0.7939023165268647
46628.969710826874,9.375e-06,0.9637948209036461,6.855477438106324,1.556011049307076,0.7940497224782586
46674.16797065735,9.375e-06,0.9997918417979242,6.9572198286408975,1.6943562550149907,0.7975384231804766
46719.11145281792,9.375e-06,0.9608151157914181,6.972406737631007,2.0731930483678345,0.7917202087127606
46764.121374845505,9.375e-06,0.9833463630172508,6.8889689222836035,1.8963168903520913,0.7932583235700219
46809.154141664505,9.375e-06,0.9572251702484104,6.884883987194722,1.6865565719118543,0.7925738178835485
46854.09612226486,9.375e-06,0.9964117926326606,6.860108645796578,1.5219986836621715,0.7914378727950031
46899.019844293594,9.375e-06,1.0041484756765036,6.914092377626735,1.7736238491762975,0.7954904587152284
46943.980884075165,9.375e-06,0.9994785077802036,6.908036124200738,1.5719420098954704,0.7923054617784095
46988.87565970421,9.375e-06,0.9681846261458753,6.923811227612743,1.777379355460975,0.7949436766440614
47033.891258478165,9.375e-06,1.000002930463989,6.930996418112235,1.5378971585802212,0.7932122640301715
47078.81793141365,9.375e-06,0.9822322472631388,6.952767016915342,1.8490760584545742,0.7939817629671583
47123.76657438278,9.375e-06,0.980743715194188,7.1179021673331295,2.8508361136078073,0.7961777619066128
47168.66719532013,9.375e-06,1.012331674442048,6.967266325085289,1.6534891942504106,0.7962044779821132
47213.52539539337,9.375e-06,0.9980944652374977,6.8583673096923174,1.7215451744711323,0.791378288446779
47258.39710664749,9.375e-06,0.9751491461946664,6.837318942502222,1.5968624260774844,0.7913100262421771
47303.220806121826,9.375e-06,0.9648751986699895,6.872108434054898,1.4068101992273028,0.7925396809972952
47348.02176451683,9.375e-06,0.9651433427477144,7.077049331630019,2.5034678951190537,0.7960660872843126
47392.86313176155,9.375e-06,0.997221291912058,6.920939531712644,1.4149025996019886,0.7929643079246624
47437.71619772911,9.375e-06,0.9677586631045315,6.918625690851751,1.7238381112457082,0.7913051368745311
47482.62983298302,9.375e-06,0.9725285742452235,7.022435398492675,2.1784778303401486,0.7978099103317736
47527.60767745972,9.375e-06,0.9686796591798682,6.9176879274706735,1.5810232709167868,0.7939641624004234
47572.45445585251,9.375e-06,0.9703725935982876,6.968427290359512,1.9065983766203474,0.7942115073349769
47617.3245370388,9.375e-06,0.980741186806413,6.934359976466418,2.1896310429664174,0.7930045179607913
47662.358849048615,9.375e-06,0.9866752232793033,6.887064837918014,1.808618093599939,0.7919706461337904
47707.2816298008,9.375e-06,1.0019401632805773,7.490618800168014,3.875992676558768,0.7975719141920605
47752.24337267876,9.375e-06,1.0569308907173587,7.027625357683901,2.1992363462022917,0.7920790123353965
47797.110894441605,9.375e-06,0.9891463118607012,6.946489928684311,1.7716912798061493,0.7887602634304914
47842.010389089584,9.375e-06,1.0013648463945788,6.928019320843373,1.7065855281368183,0.7943980532913311
47886.858588695526,9.375e-06,0.9688196294728958,6.927052299175972,1.6410002763104288,0.7945232372981323
47931.86002993584,9.375e-06,0.9564373096481699,6.889193007957876,1.5190840338445772,0.7909504494979221
47976.78871655464,9.375e-06,0.9937046919364095,7.12218717266897,2.428444248855494,0.7918193784302693
48021.69152927399,9.375e-06,0.9832352748551221,6.935566084070303,1.747198102428655,0.7905804134399925
48066.62118577957,9.375e-06,0.9651941634701032,7.139418231686888,3.0643550119582255,0.7890496634819454
48111.570982933044,9.375e-06,0.9844074166103356,6.9129439665790535,1.9837009867285467,0.7895403894157684
48156.45670366287,9.375e-06,0.9694233116122108,7.0600421865301035,2.2532734913431156,0.7891410229359157
48201.410501241684,9.375e-06,1.0092209305702446,6.871805631998618,1.8815055579896185,0.7911288015219043
48246.28997397423,9.375e-06,0.9448900879840816,6.938521383362793,1.7220095276073286,0.7912800557295369
48291.16254615784,9.375e-06,0.9511573275147457,6.872512341562365,1.3915421042472693,0.7941824931024442
48336.15013241768,9.375e-06,0.9645111821931134,6.825354952395344,1.4521704728436318,0.7906432676492291
48381.182433605194,9.375e-06,0.9505537005287268,7.0527216197585245,2.154843885579686,0.7928300681766021
48426.069328308105,9.375e-06,0.9938991160992064,6.85291107400168,1.4619770584592393,0.7926881878276031
48471.066338300705,9.375e-06,0.9983392351094925,6.887477736997254,1.4927755902527244,0.7932907985339918
48515.93379378319,9.375e-06,0.9760476720789091,6.9669037845117225,1.6539821357484077,0.7952250466417911
48560.84993839264,9.375e-06,0.9858789221619431,6.889847563268223,1.3562154611964135,0.7930271794857557
48605.7230117321,9.375e-06,0.976659255579304,6.938944344547681,1.849422671081154,0.7903176658405641
48650.621032714844,9.375e-06,0.9677673753276331,6.867002330010492,1.4528311006582466,0.7892889957146312
48695.53377151489,9.375e-06,1.005261224215148,7.123487046171042,2.749958830426453,0.7933873326972528
48740.36895990372,9.375e-06,0.9691777574125752,6.959732160950068,1.7452832774751506,0.7902830970858752
48785.213282346725,9.375e-06,1.0154973436140189,6.93734016264256,1.5998922943309615,0.7905976534737029
48830.12702894211,9.375e-06,0.9624147348282333,6.893300389435811,1.5326755329302162,0.7913722230088397
48875.069833278656,9.375e-06,0.9537834001586303,6.854882137811006,1.578413157857907,0.7908310918590332
48919.97580289841,9.375e-06,0.9553881621968768,6.895284997403015,1.7871128082275392,0.7889141609043078
48964.80622053146,9.375e-06,0.9687510132355334,7.041823039871628,2.0845468508969445,0.7902605011123697
49009.74620485306,9.375e-06,0.9692182335262959,6.917630669726662,1.3487645580510426,0.7911220747854231
49054.683891773224,9.375e-06,0.9625224737521729,7.090540271487685,2.5326605972970366,0.7932448006896322
49099.50068426132,9.375e-06,0.9656122297102854,6.923050381492817,1.6746590438162445,0.7905176247822149
49144.45439863205,9.375e-06,0.9674257500575539,6.9409044141708405,1.4359787740525167,0.7907541922857192
49189.255215883255,9.375e-06,0.9574362791518262,6.996801068443338,2.0733610942864873,0.7946645006922234
49234.10151338577,9.375e-06,0.9895743438889203,6.920011891597991,1.5392860169623308,0.7917948949603422
49279.09539985657,9.375e-06,0.9707859387380395,7.00872098780503,2.198752681464906,0.793925967107666
49324.02758526802,9.375e-06,0.9854753949820235,6.929698886642013,1.4958341853633808,0.7902377856038508
49368.99346494675,9.375e-06,0.9670390692782098,6.886140064954814,1.4522695917992074,0.7934586044850154
49413.97985672951,9.375e-06,0.9357825426021777,6.9214723637815165,1.3677145684600636,0.7918067077188462
49458.885075092316,9.375e-06,0.9512514530418132,6.919835258834991,1.9443927813487447,0.7891195297693082
49503.80001115799,4.6875e-06,0.9045296151129926,6.923209662280414,1.6205204909014854,0.7913409453229883
49548.71221733093,4.6875e-06,0.9317848210343463,6.876628378820882,1.5169186197268736,0.7870258084577114
49593.65398669243,4.6875e-06,0.9215866855367719,6.873364950288277,1.3719273002284347,0.7881171978339947
49638.68601536751,4.6875e-06,0.9304713321296678,6.892956001988465,1.4469846713315149,0.7896530222461601
49683.66541600227,4.6875e-06,0.9089180278213514,6.89553322459363,1.4678891929091922,0.7891738140892759
49728.56140041351,4.6875e-06,0.9129043929998123,6.8877185769398555,1.4134454083290828,0.7889830535597064
49773.49833703041,4.6875e-06,0.9086946300252974,6.8779289720352725,1.4229735234740433,0.7873640115703724
49818.37483668327,4.6875e-06,0.9134725104264223,6.91905815811469,1.5534003385312998,0.7864026068812683
49863.337017059326,4.6875e-06,0.9219702159120737,6.892304530739078,1.3613118967432885,0.7881149941481826
49908.29649615288,4.6875e-06,0.9037703935782984,6.88774383425063,1.335579808958017,0.7883312349154525
49953.19251060486,4.6875e-06,0.9098614685739541,6.942130170176871,2.0646798759509046,0.7878447177708926
49998.08134007454,4.6875e-06,0.9061620319693032,6.916459464558039,1.5280717983367338,0.7862108630798142
50042.93782687187,4.6875e-06,0.9257418130916324,6.931776568980557,1.5454340333391907,0.7897118681764788
50088.0916993618,4.6875e-06,0.9060160747208448,6.9045445978570905,1.8691761794363617,0.787850345556444
50133.01892185211,4.6875e-06,0.918182356967735,6.9044640384051394,1.4333034867693664,0.7899945376354833
50177.905922174454,4.6875e-06,0.9110569567628245,6.8944194405035395,1.4352666162381507,0.7875445904159757
50222.768845796585,4.6875e-06,0.9467738966689953,6.888459059831176,1.4562159374261359,0.7866072180485223
50267.723193883896,4.6875e-06,0.907437731768047,6.913889394962118,1.6398024710879964,0.7866726229807066
50312.5992307663,4.6875e-06,0.9274913481458723,6.88869304676187,1.4689632124202268,0.7870211485201719
50357.581508398056,4.6875e-06,0.9108066046172804,6.9116477145258495,1.8398550701748793,0.7890176435222203
50402.59053230286,4.6875e-06,0.9037127583404708,6.901379492169335,1.6090019323263958,0.7881134768247058
50447.57502961159,4.6875e-06,0.9133043052285964,6.896230578569405,1.6267508464254392,0.7864844613736871
50492.500650167465,4.6875e-06,0.9091416334193912,6.890556499325983,1.3623613163164467,0.7885688570262527
50537.52138519287,4.6875e-06,0.9061860441075865,6.939041511573602,1.4505253688544983,0.788950235414569
50582.51132297516,4.6875e-06,0.9065660193535365,6.92313674638351,1.4855669592596163,0.7877426811410457
50627.584928274155,4.6875e-06,0.9169719372725009,6.9161498259944505,1.5320580136244464,0.7881297586503248
50672.61644387245,4.6875e-06,0.9072321007594819,6.90679375288809,1.5387665766819267,0.7909327255402058
50717.52523684502,4.6875e-06,0.9038648789263379,6.89314002108444,1.3861440500636009,0.7860982109695817
50762.513684272766,4.6875e-06,0.9085070886030006,6.906827575034707,1.4182873671221885,0.7888410498197258
50807.53748679161,4.6875e-06,0.9026050564804147,6.95186845543994,1.7716963239536163,0.792609942521396
50852.49431371689,4.6875e-06,0.9403259660811155,6.8588127441074125,1.3204755831675925,0.786844566385582
50897.477762937546,4.6875e-06,0.9061600366359635,6.897599993766526,1.3623933075339931,0.7884324348002053
50942.41478347778,4.6875e-06,0.9098200346819907,6.875892922743269,1.3584356040711616,0.7871375254956616
50987.388593912125,4.6875e-06,0.9128685799452776,6.911111568291869,1.5393533573029148,0.7921309290909047
51032.767932891846,4.6875e-06,0.917731201887565,6.898792625010169,1.3647458799325736,0.7870240250724305
51077.80984520912,4.6875e-06,0.9256491587027391,6.880860952821509,1.5058908328888523,0.7870480728179539
51122.780849695206,4.6875e-06,0.9100086837518411,7.196268100604094,2.8458301665676626,0.788275654990178
51167.68826699257,4.6875e-06,0.9509133630762986,6.891879798930506,1.5227142941420246,0.7876345771452756
51212.65568399429,4.6875e-06,0.9189362040851503,6.886318610330748,1.358015344704792,0.7860340958587518
51257.616624355316,4.6875e-06,0.89892299813651,6.977901114990462,1.7308378377537819,0.7884419320498204
51302.62267923355,4.6875e-06,0.920814775432611,6.929763697403016,1.8612562993529496,0.7880988183616886
51347.60861325264,4.6875e-06,0.9289299866540836,6.893578872328204,1.3726918955517422,0.7873117342818398
51392.517625808716,4.6875e-06,0.9172292509148464,6.912824401469119,1.51797444531872,0.7847847814498934
51437.450963974,4.6875e-06,0.9164916482996637,6.936112558884068,1.9640358214165754,0.7881790572034422
51482.43433737755,4.6875e-06,0.9164959524064333,6.949856855693628,1.6023715511249128,0.7925423743910655
51527.36098074913,4.6875e-06,0.9116501529794356,6.908236812596297,1.620551666940094,0.7881793078413735
51572.22824597359,4.6875e-06,0.9318071233553096,6.916251052247775,1.961256695401137,0.7870006039217355
51617.122139930725,4.6875e-06,0.9184236733856965,7.08592908943301,2.185706353643138,0.7878705180539515
51662.098559856415,4.6875e-06,0.9072459966541422,6.909479700431697,1.4395839934136458,0.7880264765427575
51706.98774981499,4.6875e-06,0.8968428261727366,6.939703780484691,1.6489886508625784,0.7919709758190694
51751.99537539482,4.6875e-06,0.9170018646669301,6.893353025598623,1.3757603833629828,0.7865221091189637
51796.92389011383,4.6875e-06,0.9085997677023077,6.953096771652567,1.7116529063814006,0.788376505909811
51841.93471455574,4.6875e-06,0.9099986600637001,6.915542758863928,1.3427608247015885,0.7869093408669697
51886.93303179741,4.6875e-06,0.9068344860997574,6.940124046675432,1.4630828541555223,0.788211200554149
51931.88271641731,4.6875e-06,0.9143349329196256,6.93405668374572,1.6890505067861763,0.7882497139642808
51976.80187058449,4.6875e-06,0.9107377486476481,6.896401356950356,1.3755479059401592,0.7864115083838003
52021.68564391136,4.6875e-06,0.9205098157480549,6.908526999112753,1.3219473261742076,0.7888256278750099
52066.702835559845,4.6875e-06,0.91365514095798,6.909820963324768,1.3445885700784672,0.7882543218462499
52111.69431209564,4.6875e-06,0.9097560503443733,6.937970982623648,1.478880248100135,0.7887861909605001
52156.576421022415,4.6875e-06,0.9085531011088082,6.991724259541007,1.7908081832205414,0.7898626500280097
52201.45458650589,4.6875e-06,0.9072631786429817,6.911449716238579,1.8050035780402505,0.7866366853573156
52246.33263397217,4.6875e-06,0.904476957025858,6.890334354879393,1.4917329095731116,0.7873306632296109
52291.25638103485,4.6875e-06,0.9054146899117363,7.104089098562987,2.7707678728042895,0.7886390780626875
52336.27486658096,4.6875e-06,0.9183282519950241,6.893762211691173,1.813923477367231,0.785349468709281
52381.18113923073,4.6875e-06,0.9047058455279616,6.913894451186996,1.3850058658867126,0.789648724769629
52426.19743299484,4.6875e-06,0.895727140764504,6.952285439339443,1.3636465157672857,0.7909529616611881
52471.20190858841,4.6875e-06,0.9179488696252931,6.929672237392626,1.3769684263095734,0.7893048225360055
52516.195253133774,4.6875e-06,0.9056426439128938,6.906779640423012,1.4576474596740334,0.7865545474512359
52561.1399333477,4.6875e-06,0.9011975087103297,6.955993297009128,1.578542114063433,0.7894934295073491
52606.09174132347,4.6875e-06,0.9181268082507539,6.956627520326471,1.946204193989942,0.788966825717642
52651.09402036667,4.6875e-06,0.9521295842142922,6.888410325475113,1.497442252772629,0.786641827290877
52696.09655857086,4.6875e-06,0.9059134751504019,6.921678556454913,1.3211572477012683,0.7894618144242823
52741.08411550522,4.6875e-06,0.9018926687362199,7.004731776775892,1.9114349559613852,0.7869023017970662
52786.00145983696,4.6875e-06,0.9045622902055472,6.904884994597662,1.474306916886834,0.7864545891882354
52830.860518693924,4.6875e-06,0.9214855082048093,6.951725507658033,1.5883964757251132,0.7896378123796938
52875.8397796154,4.6875e-06,0.8944164144536837,6.986684220104357,2.2765098474587604,0.7875988708799752
52920.77355003357,4.6875e-06,0.8989523606439322,6.928980682642362,1.5864363967992698,0.7892734002513474
52965.793258190155,4.6875e-06,0.9047266688720342,6.942775751261654,1.4332199497587361,0.7870926015384387
53010.78993797302,4.6875e-06,0.9062551861903706,6.968271669429841,1.7022343750971898,0.7883706718299623
53055.730162382126,4.6875e-06,0.9112990476177473,6.931054756958263,1.6647490556073037,0.7863975921946567
53100.69392490387,4.6875e-06,0.9062498544300406,6.923738038079542,1.3258450927248426,0.7870132746331586
53145.59863591194,2.34375e-06,0.8800738895959975,6.907705197106095,1.347650877837163,0.7864641307814845
53190.54250431061,2.34375e-06,0.8760506189803173,6.908059819635411,1.4516679970322142,0.7870702099312465
53235.52457308769,2.34375e-06,0.8819276330249557,6.922623753553317,1.7312819292590875,0.7860224585467998
53280.479724645615,2.34375e-06,0.8791069592934488,6.910898506644212,1.5572822011959782,0.7855236023040798
53325.433611392975,2.34375e-06,0.8811897800919788,6.897462873655426,1.3841093269882687,0.786735627572702
53370.4670689106,2.34375e-06,0.8873875139840965,6.925613859331854,1.6096203433480232,0.7875371753891751
53415.44089627266,2.34375e-06,0.8823108299182413,6.905101020927538,1.3741022535190461,0.785852030537417
53460.389337301254,2.34375e-06,0.8830601723684857,6.910823607698941,1.3101937506608903,0.7854268811263623
53505.62267827988,2.34375e-06,0.8766290794087672,6.908855383115424,1.4004076793694953,0.7851245443016811
53550.55290412903,2.34375e-06,0.8737821701663006,6.960084294849198,1.9571190099048008,0.7872614890885355
53595.51190876961,2.34375e-06,0.8854100002834271,6.892501866294999,1.3405872551498899,0.7866048909717287
53640.44021177292,2.34375e-06,0.8799591958957075,6.9202954818670905,1.3702923647157705,0.7864237722905808
53685.42540764809,2.34375e-06,0.8864479003056802,6.919701731433746,1.3763145288844016,0.7872877038881733
53730.39564180374,2.34375e-06,0.8846477902000719,6.983937522535272,1.741802988234599,0.787535343804292
53775.369633197784,2.34375e-06,0.8862316259052367,6.900593119937361,1.302884728741494,0.7870860888081912
53820.310974121094,2.34375e-06,0.8846615453995424,6.93748855921816,1.401431562338665,0.7864557286268311
53865.21268081665,2.34375e-06,0.8859289735827073,6.936305765850345,1.8764093022437611,0.7857729099264343
53910.08253598213,2.34375e-06,0.8805798019867778,6.906864419533613,1.4293138637664211,0.7860862844600164
53954.99794983864,2.34375e-06,0.8773937504582501,6.914320412294415,1.3652547204570407,0.786217799966561
53999.93550491333,2.34375e-06,0.8787838571058596,6.908369253840217,1.420153465999919,0.7869163355932391
54044.86485528946,2.34375e-06,0.892018339586171,6.926626470540265,1.3903529221844522,0.7858446598542506
54089.83085155487,2.34375e-06,0.8743940129089008,6.897617869178313,1.3308001439282848,0.7861234502092711
54134.720104932785,2.34375e-06,0.8755385906535637,6.946385744227473,1.5219527274939664,0.7873795491941336
54179.666078567505,2.34375e-06,0.8874462562397747,6.912120692172453,1.3915334130548367,0.7860229578946784
54224.535989522934,2.34375e-06,0.88508078726263,6.934850408137904,1.4755891374721648,0.7858689929414189
54269.42812681198,2.34375e-06,0.8970789678326938,6.904877970450808,1.336238993505004,0.7861542806028143
54314.31725525856,2.34375e-06,0.883613145959399,6.915648834932983,1.366859965719235,0.7868785683129491
54359.23333668709,2.34375e-06,0.8796718589160829,6.9093384117516425,1.3171155079155212,0.7856112446047293
54404.166434049606,2.34375e-06,0.8827923571260032,6.9600927972646724,1.6173963850470865,0.7866607485267116
54449.03849387169,2.34375e-06,0.8845720120683611,6.910932068287042,1.3606125813380927,0.7874297673956606
54494.025908231735,2.34375e-06,0.8769757558956389,6.900812921595217,1.450209645556796,0.7859551892540028
54539.001076459885,2.34375e-06,0.8789911747847315,6.923725923681903,1.4298018291497687,0.7879680933286198
54583.88233470917,2.34375e-06,0.8778351344697463,6.973606596131993,1.7644659103101985,0.7871567012253958
54628.85087823868,2.34375e-06,0.8806118822488629,6.916123189115038,1.320112146997148,0.7863745200090816
54673.83558344841,2.34375e-06,0.8866602371516341,6.938895500324767,1.7709773871549375,0.787212759290724
54718.75570225716,2.34375e-06,0.8786783229240737,6.916983148114598,1.4054464838307374,0.787235499863036
54763.75806260109,2.34375e-06,0.87357141876047,6.905883209853905,1.5393632172019618,0.7873179250387448
54808.76158666611,2.34375e-06,0.8760799245430472,6.9059543067769,1.4160631240553156,0.7872586414560383
54853.6996922493,2.34375e-06,0.888877252976534,6.9031623160265765,1.530691132272125,0.7866245834011983
54898.56968808174,2.34375e-06,0.8912449999585178,6.915460804231188,1.3255071737204387,0.7863823669043177
54943.50539517403,2.34375e-06,0.8770192795763901,6.959651306493958,1.577775170393051,0.7873330269381021
54988.357786655426,2.34375e-06,0.8812939440183518,6.929352213641079,1.5475320002075972,0.7862691479667634
55033.208930015564,2.34375e-06,0.8778887714410306,6.921955554266728,1.4164135975442875,0.7881000368476319
55078.04014921188,2.34375e-06,0.8770744254680279,6.913746679340372,1.5642630510269457,0.7859984994885444
55122.96596622467,2.34375e-06,0.8839297393849205,6.914979695708965,1.3646091060273966,0.7875654974754205
55167.879991054535,2.34375e-06,0.8761818963104693,6.925010972027529,1.3554900503462288,0.7865592902920912
55212.75816869736,2.34375e-06,0.8809832203800778,6.900857149523826,1.4101660467257167,0.7861561719552042
55257.69829559326,2.34375e-06,0.8788871022521473,6.963812533212312,1.540091989602253,0.7862309931616718
55302.54968357086,2.34375e-06,0.8768113897146423,6.905299175471893,1.4806659747081197,0.7866006686865771
55347.461658239365,2.34375e-06,0.875725562281513,6.903510867964738,1.3012409829789666,0.7858913999724838
55392.37751913071,2.34375e-06,0.8798594435490329,6.914746042264917,1.483223627175495,0.7856455993531845
55437.613385915756,2.34375e-06,0.8713946609332045,6.954910347835059,1.5278076803608305,0.7874498589178364
55482.623135089874,2.34375e-06,0.8819640405408238,6.924155716087207,1.3197061368614245,0.7855982519199637
55527.56857609749,2.34375e-06,0.8844437362934939,6.913755205761508,1.324007380540204,0.7858105923754245
55572.40403389931,2.34375e-06,0.8805732768958601,6.926628404266883,1.3119068376577583,0.7864526881959252
55617.09113240242,2.34375e-06,0.8730682017807535,6.946086295993654,1.5352499785696625,0.7877005816805112
55661.936237573624,2.34375e-06,0.8923348549068083,6.9111895039024525,1.367186375028768,0.7856134078028755
55706.79037117958,2.34375e-06,0.8738697321905682,6.919068096808646,1.4188352378310671,0.7863952477660063
55751.59700989723,2.34375e-06,0.8812393462940209,6.912724630811773,1.404174345465982,0.7861003433199825
55796.43993186951,2.34375e-06,0.8750711548740964,6.912779592852038,1.4262172115836174,0.7863387539762744
55841.31599020958,2.34375e-06,0.8841252131540267,6.941414190541791,1.4685519953442228,0.7890479957757097
55886.174352407455,2.34375e-06,0.8943187764867842,6.929102628294875,1.3145981284463482,0.7866002657379028
55931.17285633087,2.34375e-06,0.8768990216576553,6.923116001860278,1.3569306646942334,0.787572164444395
55976.08553290367,2.34375e-06,0.8832496353403032,6.938349060621399,1.3291236318600406,0.7871416937972587
56020.855469465256,2.34375e-06,0.870216686695217,6.929251110200717,1.4287040491772305,0.7860132369989092
56065.54565167427,2.34375e-06,0.8847589816552043,6.934780136614268,1.42304402734064,0.7861437904413943
56110.22875857353,2.34375e-06,0.8735125340182056,6.9159910527712585,1.4588919013928456,0.786172274478303
56155.041033029556,2.34375e-06,0.8705817776733843,6.930695194329337,1.6523668228440984,0.7859849072007276
56199.8714993,2.34375e-06,0.8758948856364183,6.990082352219586,1.655984812936965,0.7878239745900951
56244.849086761475,2.34375e-06,0.8783340769821611,6.935887921695262,1.7293197121589807,0.7864966192413428
56289.70492482185,2.34375e-06,0.872192893957614,6.969930986679157,1.9441330028946993,0.7856544931437801
56334.40151810646,2.34375e-06,0.8784172083402157,6.899144568174435,1.463975374258248,0.7857006394429144
56379.288789987564,2.34375e-06,0.8736105883056349,6.969758302203515,1.9867380591714459,0.7871775465893499
56424.2268474102,2.34375e-06,0.8846551901981479,6.912248127812375,1.3805685687216984,0.7861758701686261
56469.246520757675,2.34375e-06,0.8752187807920417,6.927053510416912,1.4083750706569405,0.786781392130987
56514.06506371498,2.34375e-06,0.8742996037006379,6.9552079590483595,1.4888284282319864,0.78622945463037
56558.85970592499,2.34375e-06,0.8708806588567237,6.929535603828268,1.4960495383876145,0.7866101562962716
56603.71487259865,2.34375e-06,0.8863244379153017,6.955970576503666,1.5042274426502786,0.788125069793024
56648.58541250229,2.34375e-06,0.8791162057869638,6.9155245160130185,1.3304514453669263,0.7865567492090638
56693.484016656876,2.34375e-06,0.8794537872564597,6.92226673970994,1.3430810515288334,0.7847805321729645
56738.30299258232,2.34375e-06,0.8831324723466064,6.920605964961139,1.309169785080442,0.7857144708007581
56783.073200941086,1.171875e-06,0.8629827647261281,6.922978910493839,1.2978578688992057,0.7852440446113924
56827.892127513885,1.171875e-06,0.8640257304266286,6.912641344994511,1.340653680692053,0.7853790806168809
56872.787642240524,1.171875e-06,0.8668248335303288,6.920036981750286,1.339137587577674,0.7861712025191503
56917.661853551865,1.171875e-06,0.862969119985247,6.916255973453517,1.3503353070301616,0.7849207853033937
56962.48898935318,1.171875e-06,0.8627801684299671,6.922626033221283,1.310443016829764,0.7849908617410221
57007.26224374771,1.171875e-06,0.8651502680474509,6.917637054650768,1.3159779943478336,0.7856329324977296
57052.13049483299,1.171875e-06,0.8700052823525309,6.924564105203101,1.3404683848095547,0.7867333621913991
57097.06877589226,1.171875e-06,0.860415940401984,6.914095294839877,1.3189668825477552,0.7849073530382561
57141.97227931023,1.171875e-06,0.8578802258156254,6.913386321553571,1.3500989221463537,0.7858828204432945
57186.823305130005,1.171875e-06,0.8631050317665266,6.927535333771243,1.60606300694168,0.7857587835870252
57231.52851295471,1.171875e-06,0.8615921426557669,6.925955237977399,1.3310593003679991,0.7863004545723762
57276.218485593796,1.171875e-06,0.8635532346145268,6.949640673993465,1.4417944549754926,0.7857685989540146
57321.05814099312,1.171875e-06,0.8617715446458271,6.921495625781267,1.3034049684075033,0.7854750325289476
57365.71785545349,1.171875e-06,0.8620104958667998,6.923053681226286,1.3600129898945996,0.7862298113074262
57410.45685124397,1.171875e-06,0.8597866939065235,6.913369830613226,1.4691153143621554,0.7855877559745913
57455.03073120117,1.171875e-06,0.8654045815676288,6.929524780726212,1.3131587459782885,0.7859157369156203
57499.48767662048,1.171875e-06,0.8599237749919648,6.916975741131107,1.3830038568776124,0.7857635996912757
57543.93411254883,1.171875e-06,0.8627925219865878,6.936245993261963,1.409177870051876,0.7854403288153725
57588.50125980377,1.171875e-06,0.8608780976093098,6.916867038684557,1.3756848572166103,0.7863817152456961
57633.14255166054,1.171875e-06,0.8623404549770668,6.9179142929767155,1.352424168434872,0.7856563671443132
57677.839913368225,1.171875e-06,0.8684034363819602,6.974039708909986,2.033722645461939,0.7857430820846166
57722.467155218124,1.171875e-06,0.8671875445352009,6.938914572534559,1.38680419921875,0.7859534097246901
57767.69619059563,1.171875e-06,0.8645955469873217,6.91496174457485,1.3655071112760313,0.7852164223833709
57812.460569381714,1.171875e-06,0.858660950534765,6.926563381753355,1.4650189077778226,0.7857492439217603
57857.13287830353,1.171875e-06,0.8600656514176471,6.929998193767731,1.3353765912876008,0.7850135811055091
57901.919357299805,1.171875e-06,0.8693912130235975,6.942069601165375,1.746857466971039,0.7855065145811123
57946.609749794006,1.171875e-06,0.8635836326793678,6.932370001991279,1.337443147647153,0.7850343242863066
57991.238364219666,1.171875e-06,0.8597401166874203,6.923409109549397,1.3322319893320655,0.7860050160747601
58035.77052140236,1.171875e-06,0.8570381871989516,6.931091118559287,1.5435976575134667,0.7860727422997857
58080.36376142502,1.171875e-06,0.8602906679629411,6.925206354962963,1.3214130753924134,0.7856810048529673
58125.04611468315,1.171875e-06,0.8624909959638488,6.945697920222441,1.518691054423144,0.7852980165979379
58169.74992585182,1.171875e-06,0.8722551012299752,6.949397133227576,1.840623787558003,0.786014002408592
58214.50294351578,1.171875e-06,0.8605370762135379,6.95710022879336,1.8490544531755386,0.7853791654481808
58259.23144674301,1.171875e-06,0.8649539950983989,6.930976256559426,1.3938728684832336,0.7857684755630331
58303.75442647934,1.171875e-06,0.8613718444966662,6.931627444886563,1.3574393630787065,0.7855995571651909
58348.32785105705,1.171875e-06,0.8707602393431741,6.912997761435826,1.3298710088061678,0.7850048184178314
58392.90099287033,1.171875e-06,0.865762836186178,6.916684952208115,1.4059426277306428,0.7860025116234305
58437.98295331001,1.171875e-06,0.8637142599171845,6.926319127296334,1.3295683684622406,0.7850465766251826
58482.677614212036,1.171875e-06,0.8617898451608821,6.9135707639738495,1.5060171698309055,0.7843588762690763
58527.41039228439,1.171875e-06,0.8628238547043722,6.923614143992001,1.361060652763221,0.7857460473241432
58572.138900995255,1.171875e-06,0.8666257457654984,6.962621394409102,1.4872321159217008,0.785489694847933
58616.693776130676,1.171875e-06,0.8745561351107335,6.992522005480179,2.069852768235905,0.7858746400068112
58661.23461318016,1.171875e-06,0.8667319415262705,6.918179056786214,1.4483189649642654,0.7851155155521993
58705.85523676872,1.171875e-06,0.859311869452777,6.923649861665169,1.3353764090568396,0.7863123232424188
58750.599989652634,1.171875e-06,0.8640736697801475,6.938692468750734,1.3627045552442028,0.785193622043552
58795.59958219528,1.171875e-06,0.8601719599603955,6.90997037730548,1.3235086319552865,0.7858132394975766
58839.83054232597,1.171875e-06,0.8649041205156045,6.933266107614107,1.3332355098359903,0.7862334706212243
58884.07508301735,1.171875e-06,0.8609805266713836,6.927576964863441,1.3010588008127395,0.7848606784714819
58928.272253751755,1.171875e-06,0.8587571832868788,6.924164489100144,1.3172921041014847,0.7843324416792525
58972.43072390556,1.171875e-06,0.8603408896206507,6.935411106706993,1.3631919277701408,0.7854222154048704
59016.58681559563,1.171875e-06,0.8639195010527453,6.917114361641222,1.4801378213675918,0.7851619202012013
59060.71464347839,1.171875e-06,0.8607042750157077,6.931533169435737,1.3518695284606546,0.7847680214842208
59104.86011314392,1.171875e-06,0.8715768212394853,6.916182934449934,1.4701987175425146,0.7845655253155107
59149.03287792206,1.171875e-06,0.8621159154643561,6.93054618316927,1.678193047395937,0.7852382741550186
59193.23376774788,1.171875e-06,0.8634693932229269,6.920312633138222,1.30101956288526,0.7854566337768005
59237.427450180054,1.171875e-06,0.8618509995481356,6.9216455882941625,1.320680940227144,0.7858218498745114
59281.581640958786,1.171875e-06,0.8592529250624401,6.923485051921916,1.3402842612782861,0.7856953818303077
59325.7188334465,1.171875e-06,0.8620001184267208,6.918141156699075,1.3774787052421813,0.7856326355881801
59369.95994591713,1.171875e-06,0.86241961758862,6.9135565474202245,1.3958272508754852,0.7853939241663705
59414.10945868492,1.171875e-06,0.856203231112336,6.939481036427518,1.397222198194759,0.7876474425830915
59458.32289171219,1.171875e-06,0.8628797506808366,6.9309244149614075,1.4788149378102295,0.7854477149224117
59502.39617753029,1.171875e-06,0.8652639971947627,6.9273111607446065,1.3685877526641652,0.7866809942876145
59546.58444952965,1.171875e-06,0.8620932672627419,6.919035341885948,1.298829858621974,0.7854176190908059
59590.72151470184,1.171875e-06,0.8592243070159453,6.93791125660625,1.3916114284734058,0.7857467105506692
59634.93324184418,1.171875e-06,0.8638317815158754,6.91742943468548,1.4002064042789921,0.7855875535362622
59679.13124752045,1.171875e-06,0.8610936342041349,6.927136496315915,1.332354207858918,0.7850011109044313
59723.316125392914,1.171875e-06,0.8603472558527044,6.930490977175002,1.3195390652699075,0.7852981785486013
59767.50039982796,1.171875e-06,0.863058282247658,6.914712169152869,1.3839346600186293,0.7848157198105455
59811.62962722778,1.171875e-06,0.8598895067291399,6.920736464180954,1.2976433201200643,0.7851950853834745
59855.757128715515,1.171875e-06,0.8617569533419305,6.917924626075213,1.3845056351582716,0.7856494861691049
59899.93184041977,1.171875e-06,0.8557226651353262,6.917527167262186,1.4489105054527331,0.7854587969749467
59944.07586336136,1.171875e-06,0.8638453041703757,6.927131963719465,1.3504588534118263,0.7859708213489842
59988.243757247925,1.171875e-06,0.8598356904662154,6.922105305490265,1.4397647590394234,0.7853402568013109
60032.407218933105,1.171875e-06,0.8571381087945893,6.919989946260748,1.3865334504728863,0.784747756443477
60076.65424871445,1.171875e-06,0.8572376036470271,6.940039553164419,1.3792878448583519,0.7856828094460732
60120.885991573334,1.171875e-06,0.8618078850874701,6.922180311754964,1.3450014904046514,0.7849572993940269
60165.066287755966,1.171875e-06,0.8600387964092318,6.926771976653503,1.48511541330131,0.7853295603455934
60209.26347708702,1.171875e-06,0.8590558528900146,6.935525639586413,1.3413893936545986,0.7845850384424603
60253.434042692184,1.171875e-06,0.854166491891517,6.9146655521978,1.4332687353632252,0.7842145203885088
60297.60169029236,1.171875e-06,0.8619048245943309,6.926006544960869,1.3550011118506171,0.7856528312214967
60341.86442565918,1.171875e-06,0.8588220565262605,6.92951773733529,1.516365136310553,0.7857368913277116
