 Time | Epoch | Learning rate | Train loss | Validation loss | MAE_energy | MAE_energy_grad | GPU Memory (MB)
55:13 |     1 |     3.000e-04 | 983950.8887 |       4900.0074 |   152.4354 |         36.5971 |            3040
55:58 |     2 |     3.000e-04 |  3432.9554 |       2378.4311 |   107.3977 |         25.3238 |            3040
56:43 |     3 |     3.000e-04 |  1976.7766 |       1599.1776 |    88.1114 |         20.1728 |            3040
57:28 |     4 |     3.000e-04 |  1424.6383 |       1299.0436 |    85.4406 |         17.3255 |            3040
58:13 |     5 |     3.000e-04 |  1138.3739 |        975.8368 |    73.5163 |         15.5936 |            3096
58:58 |     6 |     3.000e-04 |   973.8769 |        913.0710 |    72.5881 |         14.3970 |            3096
59:43 |     7 |     3.000e-04 |   831.5897 |        751.7243 |    63.1230 |         13.5194 |            3096
00:27 |     8 |     3.000e-04 |   754.7612 |        684.3650 |    60.5655 |         12.8914 |            3096
01:12 |     9 |     3.000e-04 |   682.0733 |        634.3282 |    59.5200 |         12.3189 |            3096
01:57 |    10 |     3.000e-04 |   621.0437 |        589.1460 |    59.2497 |         11.8650 |            3096
02:42 |    11 |     3.000e-04 |   578.0087 |        543.5695 |    55.7574 |         11.4634 |            3096
03:27 |    12 |     3.000e-04 |   556.5111 |        517.4717 |    54.3433 |         11.0444 |            3096
04:12 |    13 |     3.000e-04 |   515.9548 |        492.7275 |    53.5955 |         10.7403 |            3096
04:57 |    14 |     3.000e-04 |   494.4336 |        460.0213 |    50.8217 |         10.4479 |            3096
05:43 |    15 |     3.000e-04 |   457.5031 |        436.8040 |    50.2440 |         10.0956 |            3125
06:28 |    16 |     3.000e-04 |   444.8998 |        421.2217 |    49.6615 |          9.9240 |            3125
07:14 |    17 |     3.000e-04 |   416.1130 |        407.5560 |    49.4905 |          9.5850 |            3125
07:59 |    18 |     3.000e-04 |   413.9516 |        383.4341 |    47.6723 |          9.3746 |            3125
08:44 |    19 |     3.000e-04 |   384.8313 |        366.5437 |    46.1436 |          9.1289 |            3125
09:29 |    20 |     3.000e-04 |   425.0921 |        369.2018 |    46.7234 |          8.9628 |            3125
10:14 |    21 |     3.000e-04 |   350.4752 |        337.6942 |    44.3052 |          8.7593 |            3125
10:59 |    22 |     3.000e-04 |   370.7617 |        333.5544 |    44.4801 |          8.6142 |            3125
11:44 |    23 |     3.000e-04 |   337.9263 |        324.6100 |    44.3176 |          8.4648 |            3125
12:29 |    24 |     3.000e-04 |   336.7357 |        334.6085 |    47.3646 |          8.2910 |            3125
13:14 |    25 |     3.000e-04 |   328.0444 |        291.4783 |    40.4869 |          8.1556 |            3125
13:58 |    26 |     3.000e-04 |   328.2815 |        298.6956 |    41.9868 |          8.0394 |            3125
14:43 |    27 |     3.000e-04 |   315.2771 |        276.6604 |    39.8790 |          7.9127 |            3125
15:28 |    28 |     3.000e-04 |   276.0244 |        267.0131 |    38.4509 |          7.7627 |            3125
16:13 |    29 |     3.000e-04 |   279.5739 |        259.9555 |    38.4830 |          7.6226 |            3125
16:58 |    30 |     3.000e-04 |   262.4460 |        256.6990 |    38.8390 |          7.5066 |            3151
17:43 |    31 |     3.000e-04 |   276.0867 |        249.6085 |    39.5350 |          7.3641 |            3151
18:28 |    32 |     3.000e-04 |   263.8276 |        256.2787 |    40.7560 |          7.3032 |            3151
19:13 |    33 |     3.000e-04 |   259.9547 |        299.8014 |    51.4057 |          7.1560 |            3151
19:58 |    34 |     3.000e-04 |   271.4866 |        292.6631 |    47.5836 |          7.2608 |            3151
20:43 |    35 |     3.000e-04 |   246.5856 |        285.4392 |    46.7688 |          7.0632 |            3151
21:28 |    36 |     3.000e-04 |   263.7619 |        306.8599 |    54.1478 |          6.9424 |            3151
22:13 |    37 |     3.000e-04 |   272.2601 |        234.2667 |    41.3372 |          6.7590 |            3151
22:58 |    38 |     3.000e-04 |   244.3919 |        200.2982 |    32.5433 |          6.7973 |            3151
23:43 |    39 |     3.000e-04 |   225.0437 |        197.2053 |    34.4646 |          6.6205 |            3151
24:28 |    40 |     3.000e-04 |   236.1469 |        806.0125 |   110.3505 |          6.7075 |            3151
25:13 |    41 |     3.000e-04 |   316.8012 |        212.3492 |    38.5872 |          6.5702 |            3151
25:58 |    42 |     3.000e-04 |   239.4200 |        224.0902 |    41.7198 |          6.4536 |            3151
26:43 |    43 |     3.000e-04 |   194.8358 |        186.0108 |    34.6843 |          6.2683 |            3151
27:28 |    44 |     3.000e-04 |   236.8755 |        225.7548 |    39.0838 |          6.3367 |            3151
28:13 |    45 |     3.000e-04 |   196.3784 |        169.8939 |    29.8947 |          6.3457 |            3151
28:58 |    46 |     3.000e-04 |   292.2985 |        168.5925 |    31.8037 |          6.1360 |            3151
29:43 |    47 |     3.000e-04 |   338.6350 |        180.4980 |    34.3081 |          6.0865 |            3151
30:28 |    48 |     3.000e-04 |   279.6843 |        582.4308 |    92.4142 |          5.9767 |            3151
31:13 |    49 |     3.000e-04 |   399.8918 |       1070.2365 |   129.0759 |          6.1633 |            3151
31:58 |    50 |     3.000e-04 |   306.1076 |        173.0372 |    33.3587 |          5.8127 |            3151
32:43 |    51 |     3.000e-04 |   226.8660 |        151.6324 |    27.4752 |          6.0624 |            3151
33:28 |    52 |     3.000e-04 |   268.1073 |        278.2399 |    56.9592 |          5.7454 |            3151
34:13 |    53 |     3.000e-04 |   250.4557 |        470.5519 |    81.3053 |          5.6492 |            3151
34:58 |    54 |     3.000e-04 |   541.5348 |        547.0430 |    86.1694 |          5.6756 |            3151
35:43 |    55 |     3.000e-04 |   432.5192 |        146.1177 |    27.7628 |          5.7924 |            3151
36:28 |    56 |     3.000e-04 |   368.9613 |        248.7322 |    52.3931 |          5.5085 |            3151
37:13 |    57 |     3.000e-04 |   285.7431 |        192.3741 |    42.1314 |          5.5756 |            3151
37:58 |    58 |     3.000e-04 |   298.4750 |        475.3046 |    78.4197 |          6.0651 |            3151
38:43 |    59 |     3.000e-04 |  1549.1402 |       1090.0370 |   115.6166 |          8.7944 |            3151
39:28 |    60 |     3.000e-04 |  1056.2502 |       1643.1924 |   170.8408 |          5.7635 |            3151
40:12 |    61 |     3.000e-04 |   932.4742 |        165.5575 |    34.4864 |          5.5583 |            3151
40:57 |    62 |     3.000e-04 |   427.9631 |       1624.4775 |   161.1295 |          5.8641 |            3151
41:42 |    63 |     3.000e-04 |   521.5548 |       2061.1657 |   175.7776 |          5.8548 |            3151
42:27 |    64 |     3.000e-04 |   762.0150 |        141.0450 |    32.5892 |          5.1229 |            3151
43:12 |    65 |     3.000e-04 |   193.4635 |        148.5265 |    35.7192 |          5.0192 |            3151
43:57 |    66 |     3.000e-04 |   191.6971 |        161.9177 |    39.1010 |          5.0668 |            3151
44:42 |    67 |     3.000e-04 |   561.9318 |        976.8831 |   125.8608 |          5.0964 |            3151
45:27 |    68 |     3.000e-04 |  1522.3250 |        114.9226 |    24.8792 |          4.9083 |            3151
46:12 |    69 |     3.000e-04 |   224.4206 |        200.4522 |    41.3390 |          5.1975 |            3170
46:57 |    70 |     3.000e-04 |   226.9999 |        260.3625 |    56.7646 |          5.0327 |            3170
47:42 |    71 |     3.000e-04 |   174.4859 |        159.5759 |    40.1704 |          4.8489 |            3170
48:27 |    72 |     3.000e-04 |   304.3729 |        276.5058 |    59.4972 |          4.9120 |            3170
49:12 |    73 |     3.000e-04 |   333.2669 |        104.5317 |    23.7920 |          4.9301 |            3170
49:57 |    74 |     3.000e-04 |   555.6146 |        935.8777 |   124.6616 |          5.9119 |            3170
50:42 |    75 |     3.000e-04 |   471.4125 |        298.6112 |    62.7466 |          4.9726 |            3170
51:26 |    76 |     3.000e-04 |   468.9479 |        333.1304 |    60.2864 |          6.3137 |            3170
52:11 |    77 |     3.000e-04 |  1092.4921 |        980.6405 |   123.0082 |          5.1027 |            3170
52:56 |    78 |     3.000e-04 |   248.5767 |        151.3681 |    35.2472 |          4.7953 |            3170
53:43 |    79 |     3.000e-04 |   279.3383 |        128.2232 |    33.4776 |          4.8088 |            3170
54:28 |    80 |     3.000e-04 |   131.7826 |         89.0543 |    21.7611 |          4.5738 |            3170
55:13 |    81 |     3.000e-04 |  1074.3289 |        109.1443 |    25.9851 |          4.8253 |            3170
55:58 |    82 |     3.000e-04 |   218.3377 |        976.4676 |   131.2649 |          4.4791 |            3170
56:43 |    83 |     3.000e-04 |   896.2828 |        170.8993 |    29.1186 |          7.0440 |            3170
57:28 |    84 |     3.000e-04 |   292.3484 |        148.8583 |    39.6399 |          4.5481 |            3170
58:12 |    85 |     3.000e-04 |   422.4006 |        272.3542 |    60.9845 |          4.5823 |            3170
58:57 |    86 |     3.000e-04 |    97.5815 |         81.8754 |    20.9784 |          4.2969 |            3170
59:42 |    87 |     3.000e-04 |   174.4670 |       1618.7762 |   163.9195 |          5.5094 |            3170
00:27 |    88 |     3.000e-04 |   444.5836 |         75.1181 |    20.1929 |          4.2543 |            3170
01:12 |    89 |     3.000e-04 |   101.7648 |        141.6634 |    40.4546 |          4.3123 |            3170
01:57 |    90 |     3.000e-04 |   110.7678 |        609.4817 |   101.6238 |          4.3194 |            3170
02:42 |    91 |     3.000e-04 |   621.2186 |       1267.5321 |   131.4636 |          5.3177 |            3172
03:27 |    92 |     3.000e-04 |   205.4760 |        129.2094 |    35.9721 |          4.3918 |            3172
04:12 |    93 |     3.000e-04 |   331.3011 |        109.3872 |    32.3697 |          4.2753 |            3172
04:57 |    94 |     3.000e-04 |   120.4645 |        180.4318 |    49.5502 |          4.0646 |            3172
05:42 |    95 |     3.000e-04 |   132.6885 |        324.8737 |    69.7714 |          4.1057 |            3172
06:27 |    96 |     3.000e-04 |  2811.8082 |        880.6410 |   100.8515 |          7.8437 |            3172
07:12 |    97 |     3.000e-04 |   203.0085 |        127.6795 |    36.0498 |          4.1489 |            3172
07:57 |    98 |     3.000e-04 |    81.8818 |         63.7959 |    16.5804 |          3.9906 |            3172
08:42 |    99 |     3.000e-04 |    89.7862 |        114.9096 |    34.2940 |          3.8856 |            3172
09:27 |   100 |     3.000e-04 |    63.2092 |         73.5494 |    24.3203 |          3.8819 |            3172
10:12 |   101 |     3.000e-04 |    67.5268 |         52.7421 |    14.5436 |          3.7916 |            3172
10:57 |   102 |     3.000e-04 |    53.5515 |        118.8817 |    38.3491 |          3.7449 |            3172
11:41 |   103 |     3.000e-04 |    57.8782 |         57.1702 |    19.1087 |          3.6850 |            3172
12:26 |   104 |     3.000e-04 |    99.0418 |         74.3288 |    26.1881 |          3.7037 |            3172
13:11 |   105 |     3.000e-04 |    54.2201 |         50.3534 |    14.6608 |          3.5769 |            3172
13:57 |   106 |     3.000e-04 |   122.9776 |        250.7882 |    61.0831 |          3.7925 |            3172
14:42 |   107 |     3.000e-04 |   102.9785 |        827.4253 |   121.5074 |          3.5608 |            3172
15:27 |   108 |     3.000e-04 |   329.0049 |         53.3256 |    17.5378 |          3.6515 |            3172
16:12 |   109 |     3.000e-04 |   260.3893 |        109.2332 |    36.2878 |          3.5980 |            3172
16:56 |   110 |     3.000e-04 |   145.9788 |         39.6838 |    10.9802 |          3.4652 |            3172
17:41 |   111 |     3.000e-04 |    94.0810 |         74.3207 |    26.9982 |          3.5152 |            3172
18:26 |   112 |     3.000e-04 |   114.9557 |        357.6524 |    78.6608 |          3.5456 |            3172
19:11 |   113 |     3.000e-04 |   153.1030 |        115.2973 |    39.1949 |          3.4768 |            3172
19:56 |   114 |     3.000e-04 |   569.5407 |         44.6099 |    13.2303 |          3.5093 |            3172
20:41 |   115 |     3.000e-04 |    47.2945 |         40.4814 |    13.8349 |          3.3136 |            3172
21:26 |   116 |     3.000e-04 |    44.0981 |        179.5752 |    50.9744 |          3.3422 |            3172
22:11 |   117 |     3.000e-04 |   111.8986 |         88.1136 |    32.1347 |          3.3255 |            3172
22:56 |   118 |     3.000e-04 |    52.3085 |         63.5722 |    24.5206 |          3.1888 |            3172
23:41 |   119 |     3.000e-04 |   324.0024 |        131.3916 |    41.7043 |          3.4058 |            3172
24:26 |   120 |     3.000e-04 |    79.1630 |         50.9817 |    19.3814 |          3.2901 |            3172
25:11 |   121 |     3.000e-04 |   281.5011 |         70.8546 |    26.1065 |          3.2758 |            3172
25:56 |   122 |     3.000e-04 |   177.7841 |        755.6892 |   113.3935 |          3.4474 |            3172
26:41 |   123 |     3.000e-04 |   312.9621 |       1020.7340 |   122.4852 |          3.7469 |            3172
27:25 |   124 |     3.000e-04 |   323.1189 |         35.9838 |    11.9965 |          3.2279 |            3172
28:10 |   125 |     3.000e-04 |    65.1315 |         71.0950 |    27.1673 |          3.3347 |            3172
28:55 |   126 |     3.000e-04 |    45.0376 |         38.0245 |    15.0494 |          3.0999 |            3172
29:40 |   127 |     3.000e-04 |   173.7303 |         63.0330 |    18.4394 |          4.1852 |            3172
30:25 |   128 |     3.000e-04 |   264.5043 |        153.0603 |    46.2772 |          3.2999 |            3172
31:10 |   129 |     3.000e-04 |   117.1374 |         41.4369 |    15.9587 |          3.1879 |            3172
31:55 |   130 |     3.000e-04 |    59.7994 |         60.8523 |    25.2945 |          3.0539 |            3172
32:40 |   131 |     3.000e-04 |    70.8121 |         44.8897 |    19.7237 |          2.9520 |            3172
33:25 |   132 |     3.000e-04 |    71.8660 |         31.8578 |    10.1703 |          3.2415 |            3174
34:10 |   133 |     3.000e-04 |   141.9680 |         73.7968 |    26.8834 |          3.0166 |            3174
34:55 |   134 |     3.000e-04 |   210.2010 |        125.3945 |    35.4865 |          3.4844 |            3186
35:40 |   135 |     3.000e-04 |   123.7387 |         43.6354 |    19.1143 |          2.8700 |            3186
36:25 |   136 |     3.000e-04 |   257.1250 |        350.7271 |    68.2727 |          4.4622 |            3186
37:10 |   137 |     3.000e-04 |   213.6195 |        191.2443 |    52.9327 |          3.4774 |            3186
37:55 |   138 |     3.000e-04 |   120.9398 |         93.7954 |    35.1890 |          2.8964 |            3186
38:39 |   139 |     3.000e-04 |    56.1411 |         60.4666 |    23.9912 |          2.9176 |            3186
39:24 |   140 |     3.000e-04 |    62.6023 |         46.3763 |    19.0180 |          3.0104 |            3186
40:09 |   141 |     3.000e-04 |   121.2856 |         25.0410 |     8.6563 |          2.7433 |            3186
40:54 |   142 |     3.000e-04 |    61.0215 |        268.2341 |    67.1467 |          2.8696 |            3186
41:39 |   143 |     3.000e-04 |    63.6251 |         38.1747 |    18.1132 |          2.6767 |            3186
42:24 |   144 |     3.000e-04 |   102.0226 |        303.9786 |    61.5602 |          2.9663 |            3186
43:09 |   145 |     3.000e-04 |   648.8821 |        165.8688 |    49.5384 |          3.0472 |            3210
43:54 |   146 |     3.000e-04 |    58.2133 |         26.9075 |    10.8415 |          2.6598 |            3210
44:39 |   147 |     3.000e-04 |    34.6353 |         22.1055 |     7.0697 |          2.6068 |            3210
45:24 |   148 |     3.000e-04 |   270.0189 |        111.5780 |    35.1120 |          3.7317 |            3210
46:09 |   149 |     3.000e-04 |    52.3157 |         41.3571 |    17.6798 |          2.9126 |            3210
46:54 |   150 |     3.000e-04 |    37.3609 |         38.6971 |    17.1252 |          2.7538 |            3210
47:39 |   151 |     3.000e-04 |    51.8495 |         61.5736 |    24.4760 |          2.7371 |            3210
48:24 |   152 |     3.000e-04 |    62.1739 |         87.6460 |    35.8163 |          2.6439 |            3210
49:08 |   153 |     3.000e-04 |    93.1609 |         70.9918 |    26.2024 |          3.0451 |            3210
49:53 |   154 |     3.000e-04 |   196.3682 |        105.9663 |    33.0232 |          3.1148 |            3210
50:38 |   155 |     3.000e-04 |   264.4608 |        101.3426 |    36.3889 |          2.8692 |            3210
51:23 |   156 |     3.000e-04 |    39.7632 |         93.5708 |    37.3160 |          2.6128 |            3210
52:08 |   157 |     3.000e-04 |    33.5646 |         23.7950 |    10.6488 |          2.4858 |            3210
52:53 |   158 |     3.000e-04 |    35.2839 |         29.8930 |    12.4990 |          2.6909 |            3210
53:38 |   159 |     3.000e-04 |    53.5397 |         45.6177 |    20.1464 |          2.9488 |            3210
54:23 |   160 |     3.000e-04 |    64.6818 |         30.7666 |    11.8489 |          2.6296 |            3210
55:08 |   161 |     3.000e-04 |    50.4859 |        229.3566 |    56.2815 |          2.7460 |            3210
55:53 |   162 |     3.000e-04 |   649.1278 |         36.3770 |    15.1465 |          2.9268 |            3210
56:37 |   163 |     3.000e-04 |    24.7619 |         24.0900 |    11.0660 |          2.4979 |            3210
57:22 |   164 |     3.000e-04 |    29.0640 |         22.0003 |     9.8776 |          2.4105 |            3210
58:07 |   165 |     3.000e-04 |    27.7099 |         20.7722 |     9.1971 |          2.3734 |            3210
58:52 |   166 |     3.000e-04 |    21.1591 |         17.4446 |     5.4875 |          2.3385 |            3210
59:37 |   167 |     3.000e-04 |    22.7107 |         17.0328 |     6.1109 |          2.2769 |            3210
00:22 |   168 |     3.000e-04 |    28.1464 |         17.4156 |     6.0167 |          2.3191 |            3210
01:07 |   169 |     3.000e-04 |   197.1884 |        168.8095 |    43.9858 |          3.5418 |            3210
01:52 |   170 |     3.000e-04 |    57.5548 |         17.1438 |     5.9019 |          2.2986 |            3210
02:37 |   171 |     3.000e-04 |   173.5420 |        145.4189 |    43.6511 |          2.8393 |            3210
03:22 |   172 |     3.000e-04 |   293.1446 |         44.1645 |    21.2310 |          2.6692 |            3210
04:07 |   173 |     3.000e-04 |    25.5093 |         17.3555 |     6.5351 |          2.2820 |            3210
04:52 |   174 |     3.000e-04 |    22.4817 |         25.4225 |    13.2452 |          2.2385 |            3210
05:37 |   175 |     3.000e-04 |    30.4258 |         26.6562 |    14.2295 |          2.2605 |            3210
06:22 |   176 |     3.000e-04 |    36.6603 |         23.8504 |    10.2138 |          2.5035 |            3210
07:07 |   177 |     3.000e-04 |    72.5127 |         92.4722 |    35.9474 |          2.6844 |            3210
07:52 |   178 |     3.000e-04 |   218.3294 |         23.5771 |    10.3752 |          2.4452 |            3210
08:36 |   179 |     3.000e-04 |    26.3257 |         85.0786 |    33.4525 |          2.5124 |            3210
09:21 |   180 |     3.000e-04 |    34.7664 |         42.5916 |    22.8696 |          2.2001 |            3210
10:06 |   181 |     3.000e-04 |    43.2272 |         27.2209 |    14.6028 |          2.1696 |            3210
10:51 |   182 |     3.000e-04 |    37.4987 |         25.1611 |    11.2183 |          2.5809 |            3210
11:36 |   183 |     3.000e-04 |    26.4676 |         33.6383 |    16.5140 |          2.2269 |            3210
12:21 |   184 |     3.000e-04 |    67.4902 |         25.3357 |    12.1843 |          2.3741 |            3210
13:06 |   185 |     3.000e-04 |   411.8699 |         67.0566 |    24.4512 |          3.3138 |            3210
13:51 |   186 |     3.000e-04 |    47.7661 |         29.4524 |    15.5814 |          2.2360 |            3210
14:36 |   187 |     3.000e-04 |    33.0710 |         17.5292 |     7.5865 |          2.2263 |            3210
15:21 |   188 |     3.000e-04 |    30.6075 |         16.3645 |     7.0329 |          2.1075 |            3210
16:06 |   189 |     3.000e-04 |    18.3332 |         20.0510 |    12.0136 |          2.0255 |            3210
16:51 |   190 |     3.000e-04 |    16.0989 |         21.5337 |    12.0970 |          2.0977 |            3210
17:36 |   191 |     3.000e-04 |    20.7047 |         43.6382 |    23.4955 |          2.0780 |            3210
18:21 |   192 |     3.000e-04 |    56.0598 |         18.1065 |     8.9701 |          2.1425 |            3210
19:06 |   193 |     3.000e-04 |    25.0567 |         22.7051 |    13.4429 |          2.0939 |            3210
19:51 |   194 |     3.000e-04 |   102.8084 |        214.0375 |    57.9973 |          2.9849 |            3210
20:36 |   195 |     3.000e-04 |    74.1255 |         15.3256 |     6.3957 |          2.1465 |            3210
21:21 |   196 |     3.000e-04 |    34.2277 |        112.0303 |    35.1874 |          2.3879 |            3210
22:06 |   197 |     3.000e-04 |    64.0425 |         23.1486 |    11.8785 |          2.2494 |            3210
22:51 |   198 |     3.000e-04 |    27.3813 |         14.6424 |     5.1447 |          2.1084 |            3210
23:36 |   199 |     3.000e-04 |   122.1404 |         85.7188 |    30.5936 |          2.8653 |            3210
24:20 |   200 |     3.000e-04 |    91.5767 |         24.8206 |    13.2164 |          2.0955 |            3210
25:06 |   201 |     3.000e-04 |    18.4968 |         16.4993 |     8.5841 |          1.9891 |            3210
25:51 |   202 |     3.000e-04 |    18.5435 |         22.3571 |    14.0412 |          1.9437 |            3210
26:36 |   203 |     3.000e-04 |   100.1768 |        118.2393 |    41.6758 |          2.7073 |            3210
27:20 |   204 |     3.000e-04 |    43.2047 |         69.1377 |    31.5344 |          2.1378 |            3210
28:05 |   205 |     3.000e-04 |    26.1665 |         13.7887 |     5.2892 |          1.9780 |            3210
28:50 |   206 |     3.000e-04 |    18.9804 |         15.6867 |     7.7519 |          1.9856 |            3210
29:35 |   207 |     3.000e-04 |   597.3816 |        168.2409 |    40.8104 |          3.4893 |            3210
30:20 |   208 |     3.000e-04 |    34.1761 |         15.0430 |     5.7413 |          2.1317 |            3210
31:05 |   209 |     3.000e-04 |    15.3790 |         24.9130 |    14.5178 |          2.0418 |            3210
31:50 |   210 |     3.000e-04 |    12.0564 |         12.5575 |     4.4771 |          1.9363 |            3210
32:35 |   211 |     3.000e-04 |    12.1578 |         14.2530 |     7.4485 |          1.8884 |            3210
33:20 |   212 |     3.000e-04 |    40.8837 |         21.6222 |    12.8624 |          1.9781 |            3210
34:05 |   213 |     3.000e-04 |    13.0144 |         16.9669 |    10.5700 |          1.8436 |            3210
34:49 |   214 |     3.000e-04 |    13.3098 |         13.7109 |     5.7445 |          1.9167 |            3210
35:35 |   215 |     3.000e-04 |    11.3042 |         16.8932 |    10.4538 |          1.8478 |            3210
36:21 |   216 |     3.000e-04 |    25.7285 |         33.6792 |    16.0654 |          2.1149 |            3210
37:06 |   217 |     3.000e-04 |    40.6055 |         28.8695 |    17.4499 |          1.9401 |            3210
37:51 |   218 |     3.000e-04 |    22.7517 |         15.0906 |     7.4648 |          1.8831 |            3210
38:36 |   219 |     3.000e-04 |    27.7206 |         40.6931 |    22.9456 |          2.0899 |            3210
39:21 |   220 |     3.000e-04 |   100.5858 |        574.7118 |   102.4923 |          2.2600 |            3210
40:06 |   221 |     3.000e-04 |    59.2377 |         51.8375 |    26.0864 |          2.1608 |            3210
40:51 |   222 |     3.000e-04 |    37.4123 |         52.9098 |    24.2488 |          2.8095 |            3210
41:36 |   223 |     3.000e-04 |    79.9200 |         85.8007 |    33.9204 |          2.0308 |            3210
42:20 |   224 |     3.000e-04 |    58.9481 |        533.7881 |    95.5727 |          3.5343 |            3210
43:05 |   225 |     3.000e-04 |    97.9561 |         14.5578 |     6.7879 |          1.9667 |            3210
43:50 |   226 |     3.000e-04 |    18.3517 |         13.2031 |     5.9986 |          1.8394 |            3210
44:35 |   227 |     3.000e-04 |    14.2587 |         18.8624 |    10.8177 |          1.9971 |            3210
45:20 |   228 |     3.000e-04 |    41.8559 |         13.4279 |     5.9004 |          1.8983 |            3210
46:05 |   229 |     3.000e-04 |    50.2302 |        166.1700 |    51.8059 |          2.1734 |            3210
46:50 |   230 |     3.000e-04 |    35.7009 |         16.0305 |     8.8240 |          1.7720 |            3210
47:35 |   231 |     3.000e-04 |    17.9010 |         89.3899 |    36.5086 |          1.8907 |            3210
48:20 |   232 |     3.000e-04 |    45.7858 |         42.5930 |    19.5755 |          2.1390 |            3210
49:05 |   233 |     3.000e-04 |    68.8526 |         28.4604 |    15.4635 |          2.0133 |            3210
49:50 |   234 |     3.000e-04 |    38.8710 |         83.4136 |    29.9072 |          2.2061 |            3210
50:35 |   235 |     3.000e-04 |   747.4715 |         53.3086 |    20.7646 |          3.0277 |            3210
51:21 |   236 |     3.000e-04 |    20.8546 |         23.1472 |    12.8111 |          2.0796 |            3210
52:06 |   237 |     3.000e-04 |    13.0463 |         13.1419 |     4.9311 |          1.9132 |            3210
52:51 |   238 |     3.000e-04 |    10.8314 |         12.4663 |     4.5089 |          1.8815 |            3210
53:36 |   239 |     3.000e-04 |    10.2114 |         15.2961 |     8.9493 |          1.8225 |            3210
54:21 |   240 |     3.000e-04 |     9.8806 |         14.9575 |     9.0822 |          1.7662 |            3210
55:06 |   241 |     3.000e-04 |    12.7184 |         14.6236 |     8.6467 |          1.7274 |            3210
55:50 |   242 |     3.000e-04 |     9.8578 |         11.0363 |     4.0754 |          1.7180 |            3210
56:35 |   243 |     3.000e-04 |     9.5944 |         10.6522 |     3.9920 |          1.6810 |            3210
57:20 |   244 |     3.000e-04 |     9.2165 |         12.9741 |     7.1952 |          1.6724 |            3210
58:05 |   245 |     3.000e-04 |    13.4257 |         12.8712 |     7.0038 |          1.7024 |            3210
58:50 |   246 |     3.000e-04 |    11.2700 |         23.3697 |    14.5607 |          1.7024 |            3210
59:35 |   247 |     3.000e-04 |   110.9283 |        237.2531 |    56.4677 |          2.4361 |            3210
00:20 |   248 |     3.000e-04 |    51.9303 |         13.5404 |     6.3579 |          1.8185 |            3210
01:05 |   249 |     3.000e-04 |    16.6464 |         12.1710 |     6.0991 |          1.6904 |            3210
01:51 |   250 |     3.000e-04 |     9.7674 |         10.9458 |     4.7060 |          1.6571 |            3210
02:36 |   251 |     3.000e-04 |    12.0571 |         12.2440 |     6.3705 |          1.7078 |            3210
03:21 |   252 |     3.000e-04 |    12.9517 |         15.0234 |     9.8568 |          1.6598 |            3210
04:06 |   253 |     3.000e-04 |    13.0871 |         11.5788 |     5.4271 |          1.6676 |            3210
04:51 |   254 |     3.000e-04 |    32.6323 |         24.1093 |    13.8200 |          1.9929 |            3210
05:36 |   255 |     3.000e-04 |    37.9521 |         34.5395 |    17.6228 |          1.9137 |            3210
06:20 |   256 |     3.000e-04 |    28.9740 |        158.6760 |    51.1404 |          1.9108 |            3210
07:05 |   257 |     3.000e-04 |    53.2898 |        220.4116 |    60.2967 |          1.9929 |            3210
07:50 |   258 |     3.000e-04 |    57.1912 |         23.7784 |    13.5738 |          1.8751 |            3210
08:35 |   259 |     3.000e-04 |    12.7099 |         13.8902 |     7.8625 |          1.6271 |            3210
09:20 |   260 |     3.000e-04 |    33.2334 |         32.4455 |    18.8542 |          1.9057 |            3210
10:05 |   261 |     3.000e-04 |    19.8399 |         70.5043 |    26.1277 |          1.8747 |            3210
10:50 |   262 |     3.000e-04 |    79.1430 |         34.3279 |    16.4860 |          2.5132 |            3210
11:35 |   263 |     3.000e-04 |    21.7742 |         14.8228 |     8.9366 |          1.6886 |            3210
12:19 |   264 |     3.000e-04 |     9.9008 |         12.9614 |     7.6793 |          1.6227 |            3210
13:04 |   265 |     3.000e-04 |    19.4123 |         47.4994 |    22.9559 |          1.8952 |            3210
13:49 |   266 |     3.000e-04 |  1933.6635 |       2225.3664 |   167.9021 |         11.1044 |            3210
14:34 |   267 |     3.000e-04 | 11810.5986 |        160.1407 |    34.3375 |          4.9403 |            3210
15:19 |   268 |     3.000e-04 |   114.5369 |         73.6750 |    19.6612 |          4.3074 |            3210
16:04 |   269 |     3.000e-04 |    61.7131 |         49.4419 |    13.7508 |          3.7861 |            3210
16:49 |   270 |     3.000e-04 |    46.8569 |         40.4684 |    12.0451 |          3.4627 |            3210
17:34 |   271 |     3.000e-04 |    39.0325 |         34.0149 |     9.7992 |          3.2742 |            3210
18:19 |   272 |     3.000e-04 |    33.0648 |         31.2940 |     9.7117 |          3.0699 |            3210
19:03 |   273 |     3.000e-04 |    29.2919 |         28.1418 |     9.2138 |          2.9565 |            3210
19:48 |   274 |     3.000e-04 |    26.1656 |         26.7855 |     8.7203 |          2.8376 |            3210
20:33 |   275 |     3.000e-04 |    25.5252 |         23.6795 |     7.2014 |          2.7470 |            3210
21:19 |   276 |     3.000e-04 |    22.7034 |         24.3474 |     9.0895 |          2.6536 |            3210
22:04 |   277 |     3.000e-04 |    21.3615 |         21.1937 |     6.7230 |          2.5967 |            3210
22:49 |   278 |     3.000e-04 |    19.6126 |         19.9969 |     6.5358 |          2.5231 |            3210
23:34 |   279 |     3.000e-04 |    18.7536 |         20.5441 |     8.1158 |          2.4676 |            3210
24:19 |   280 |     3.000e-04 |    18.1549 |         18.9897 |     7.0040 |          2.4168 |            3210
25:04 |   281 |     3.000e-04 |    17.6970 |         17.8893 |     6.0383 |          2.3565 |            3210
25:48 |   282 |     3.000e-04 |    15.9620 |         17.2183 |     5.5620 |          2.3196 |            3210
26:33 |   283 |     3.000e-04 |    15.6268 |         20.5152 |     9.3240 |          2.3050 |            3210
27:19 |   284 |     3.000e-04 |    15.7744 |         16.2366 |     5.0851 |          2.2505 |            3210
28:04 |   285 |     3.000e-04 |    14.2636 |         17.0496 |     6.3716 |          2.2209 |            3210
28:48 |   286 |     3.000e-04 |    14.6002 |         15.2418 |     4.7954 |          2.1828 |            3210
29:33 |   287 |     3.000e-04 |    14.1297 |         14.8453 |     4.7305 |          2.1614 |            3210
30:18 |   288 |     3.000e-04 |    13.6403 |         14.9495 |     5.1404 |          2.1145 |            3210
31:03 |   289 |     3.000e-04 |    12.5450 |         14.2646 |     4.6202 |          2.0944 |            3210
31:48 |   290 |     3.000e-04 |    12.1464 |         16.3199 |     8.2378 |          2.0718 |            3210
32:33 |   291 |     3.000e-04 |    12.3701 |         13.7512 |     4.5498 |          2.0433 |            3210
33:18 |   292 |     3.000e-04 |    11.8457 |         14.3553 |     5.4824 |          2.0017 |            3210
34:03 |   293 |     3.000e-04 |    11.3069 |         14.5953 |     6.4530 |          1.9850 |            3210
34:48 |   294 |     3.000e-04 |    12.2414 |         17.3163 |    10.0652 |          1.9631 |            3210
35:33 |   295 |     3.000e-04 |    11.0367 |         12.6844 |     4.2080 |          1.9430 |            3210
36:18 |   296 |     3.000e-04 |    10.8897 |         17.5901 |    10.3950 |          1.9600 |            3210
37:03 |   297 |     3.000e-04 |    12.4298 |         12.7871 |     4.7380 |          1.9161 |            3210
37:48 |   298 |     3.000e-04 |    10.8135 |         13.3265 |     6.0733 |          1.8958 |            3210
38:32 |   299 |     3.000e-04 |    10.4965 |         12.2045 |     4.7032 |          1.8691 |            3210
39:17 |   300 |     3.000e-04 |    10.2581 |         11.9855 |     4.5033 |          1.8576 |            3210
40:02 |   301 |     3.000e-04 |    10.3864 |         12.0193 |     4.8054 |          1.8394 |            3210
40:47 |   302 |     3.000e-04 |     9.5605 |         11.7604 |     4.3682 |          1.8388 |            3210
41:32 |   303 |     3.000e-04 |    13.9561 |         13.6790 |     6.8072 |          1.8213 |            3210
42:18 |   304 |     3.000e-04 |    10.4480 |         12.1760 |     5.3458 |          1.7928 |            3210
43:03 |   305 |     3.000e-04 |    11.9620 |         14.8992 |     9.0481 |          1.7919 |            3210
43:47 |   306 |     3.000e-04 |     9.6318 |         12.3020 |     5.6957 |          1.7879 |            3210
44:32 |   307 |     3.000e-04 |    10.9723 |         11.7144 |     5.3427 |          1.7571 |            3210
45:17 |   308 |     3.000e-04 |     9.6260 |         12.2644 |     6.1913 |          1.7343 |            3210
46:02 |   309 |     3.000e-04 |    16.9012 |         14.6325 |     8.8384 |          1.7618 |            3210
46:47 |   310 |     3.000e-04 |    22.1062 |         22.0036 |    12.7359 |          1.7694 |            3210
47:32 |   311 |     3.000e-04 |    18.1150 |         11.6635 |     6.0864 |          1.6847 |            3210
48:17 |   312 |     3.000e-04 |    10.2417 |         10.7136 |     4.2563 |          1.6777 |            3210
49:02 |   313 |     3.000e-04 |    39.0622 |         26.7807 |    15.8616 |          1.8401 |            3210
49:47 |   314 |     3.000e-04 |    13.7334 |         20.4307 |    12.2782 |          1.7588 |            3210
50:31 |   315 |     3.000e-04 |    25.4544 |         14.5418 |     9.4666 |          1.6919 |            3210
51:16 |   316 |     3.000e-04 |    12.5896 |         11.0677 |     5.3098 |          1.6590 |            3210
52:01 |   317 |     3.000e-04 |    13.0987 |         12.2506 |     6.6782 |          1.6708 |            3210
52:46 |   318 |     3.000e-04 |    58.7357 |         30.8272 |    15.1607 |          2.1031 |            3210
53:31 |   319 |     3.000e-04 |    25.6979 |         22.0176 |    14.5400 |          1.7196 |            3210
54:16 |   320 |     3.000e-04 |    14.4585 |         10.9411 |     5.2784 |          1.6425 |            3210
55:01 |   321 |     3.000e-04 |    10.1635 |         10.5868 |     4.8571 |          1.6121 |            3210
55:46 |   322 |     3.000e-04 |    15.4837 |         20.5111 |    12.5757 |          1.6737 |            3210
56:31 |   323 |     3.000e-04 |    71.9608 |         28.3268 |    15.7972 |          2.0114 |            3210
57:16 |   324 |     3.000e-04 |    15.8618 |         11.5296 |     6.4204 |          1.6189 |            3210
58:00 |   325 |     3.000e-04 |    10.2747 |         25.7426 |    16.9003 |          1.6393 |            3210
58:45 |   326 |     3.000e-04 |    25.0576 |         32.4927 |    19.2710 |          1.8699 |            3210
59:30 |   327 |     3.000e-04 |    75.8415 |         33.0761 |    20.1895 |          1.7769 |            3210
00:15 |   328 |     3.000e-04 |    10.7976 |         14.4263 |     8.1210 |          1.6355 |            3210
01:00 |   329 |     3.000e-04 |    16.6814 |         23.7739 |    16.2219 |          1.6314 |            3210
01:45 |   330 |     3.000e-04 |    20.0284 |         15.3942 |    10.3796 |          1.5673 |            3210
02:29 |   331 |     3.000e-04 |    14.6519 |         13.0483 |     8.3167 |          1.5521 |            3210
03:14 |   332 |     3.000e-04 |    11.7929 |         14.9550 |     9.3579 |          1.5576 |            3210
03:59 |   333 |     3.000e-04 |    20.7975 |         17.8822 |    10.7930 |          1.6619 |            3210
04:44 |   334 |     3.000e-04 |    35.9644 |         15.6662 |    10.0897 |          1.5555 |            3210
05:29 |   335 |     3.000e-04 |    29.4189 |         23.7976 |    13.9148 |          1.7150 |            3210
06:14 |   336 |     3.000e-04 |    23.9842 |         19.8250 |    11.9684 |          1.5999 |            3210
06:59 |   337 |     3.000e-04 |    17.0318 |          9.5511 |     3.9971 |          1.5181 |            3210
07:44 |   338 |     3.000e-04 |    17.0988 |         18.1180 |    11.6823 |          1.6080 |            3210
08:29 |   339 |     3.000e-04 |    13.1577 |         34.4476 |    21.8129 |          1.5551 |            3210
09:14 |   340 |     3.000e-04 |    22.9318 |         60.6413 |    30.1632 |          1.7045 |            3210
09:59 |   341 |     3.000e-04 |    24.2174 |         25.2853 |    15.6800 |          1.5465 |            3210
10:44 |   342 |     3.000e-04 |     9.5710 |          9.7638 |     5.1464 |          1.4941 |            3210
11:30 |   343 |     3.000e-04 |    19.4732 |        103.4740 |    41.9756 |          1.7154 |            3210
12:15 |   344 |     3.000e-04 |    37.1992 |         15.7124 |    10.8126 |          1.5203 |            3210
13:00 |   345 |     3.000e-04 |    22.3262 |         45.7792 |    26.1344 |          1.5531 |            3210
13:45 |   346 |     3.000e-04 |     9.8785 |         43.2016 |    25.3155 |          1.5836 |            3210
14:30 |   347 |     3.000e-04 |    41.3555 |         45.5138 |    22.0361 |          1.8542 |            3210
15:15 |   348 |     3.000e-04 |   130.8283 |         48.5837 |    24.3982 |          1.9782 |            3210
16:00 |   349 |     3.000e-04 |    26.7868 |         21.1311 |    12.7034 |          1.6877 |            3210
16:45 |   350 |     3.000e-04 |    11.5876 |         10.9089 |     4.8250 |          1.6289 |            3210
17:30 |   351 |     3.000e-04 |    28.4303 |         25.3652 |    15.8518 |          1.6161 |            3210
18:15 |   352 |     3.000e-04 |    15.0356 |         26.3823 |    17.6529 |          1.6111 |            3210
19:00 |   353 |     3.000e-04 |     8.3227 |          9.8855 |     5.1352 |          1.4653 |            3210
19:46 |   354 |     3.000e-04 |     8.0157 |         10.9798 |     6.5573 |          1.4743 |            3210
20:31 |   355 |     3.000e-04 |    17.1524 |         12.9884 |     7.4842 |          1.5678 |            3210
21:16 |   356 |     3.000e-04 |    10.4081 |         10.6036 |     6.3317 |          1.4372 |            3210
22:01 |   357 |     3.000e-04 |     8.2055 |          8.8818 |     4.2208 |          1.4109 |            3210
22:46 |   358 |     3.000e-04 |    15.9133 |         25.2043 |    15.5872 |          1.5404 |            3210
23:31 |   359 |     3.000e-04 |    25.5921 |         88.4202 |    36.0931 |          1.8536 |            3210
24:16 |   360 |     3.000e-04 |   175.0066 |         26.9174 |    13.2638 |          2.1619 |            3210
25:01 |   361 |     3.000e-04 |    16.6415 |         19.1973 |    13.0436 |          1.4569 |            3210
25:46 |   362 |     3.000e-04 |     8.6041 |         13.8620 |     9.4701 |          1.4229 |            3210
26:31 |   363 |     3.000e-04 |     7.4500 |         10.3688 |     6.4243 |          1.3864 |            3210
27:17 |   364 |     3.000e-04 |     6.5939 |         13.2188 |     8.4483 |          1.4522 |            3210
28:02 |   365 |     3.000e-04 |     5.2606 |          8.3392 |     3.4527 |          1.3534 |            3210
28:47 |   366 |     3.000e-04 |    11.5231 |         16.4854 |    12.2859 |          1.4270 |            3210
29:32 |   367 |     3.000e-04 |     8.6210 |         20.5165 |    14.8397 |          1.4424 |            3210
30:17 |   368 |     3.000e-04 |    15.1866 |         23.7868 |    14.3241 |          1.4830 |            3210
31:02 |   369 |     3.000e-04 |    13.9988 |         21.8405 |    14.8008 |          1.4436 |            3210
31:47 |   370 |     3.000e-04 |     8.4462 |         20.3213 |    15.1849 |          1.4134 |            3210
32:32 |   371 |     3.000e-04 |    13.1007 |         10.7609 |     5.4813 |          1.5301 |            3210
33:17 |   372 |     3.000e-04 |   107.7716 |         52.8833 |    22.4812 |          2.4816 |            3210
34:02 |   373 |     3.000e-04 |    19.7346 |         22.5908 |    16.2145 |          1.4489 |            3210
34:47 |   374 |     3.000e-04 |     7.8350 |         19.3403 |    14.8779 |          1.3662 |            3210
35:32 |   375 |     3.000e-04 |    12.5208 |          9.5522 |     4.9578 |          1.3515 |            3210
36:17 |   376 |     3.000e-04 |    14.5279 |         16.9886 |    11.3835 |          1.5222 |            3210
37:02 |   377 |     3.000e-04 |    22.7006 |         33.1899 |    17.7362 |          1.5782 |            3210
37:47 |   378 |     3.000e-04 |    18.2285 |         11.1349 |     6.6131 |          1.4074 |            3210
38:32 |   379 |     3.000e-04 |     7.0538 |         22.2082 |    15.6657 |          1.4351 |            3210
39:17 |   380 |     3.000e-04 |     6.7887 |         13.8800 |    10.9618 |          1.3015 |            3210
40:02 |   381 |     3.000e-04 |    11.5700 |         23.6911 |    15.4273 |          1.4957 |            3210
40:47 |   382 |     3.000e-04 |    29.4946 |          9.2820 |     3.8905 |          1.4569 |            3210
41:31 |   383 |     3.000e-04 |    10.8182 |          9.9110 |     6.0461 |          1.3412 |            3210
42:16 |   384 |     3.000e-04 |    40.1362 |         92.3198 |    32.1873 |          2.0361 |            3210
43:01 |   385 |     3.000e-04 |    67.0682 |         11.2386 |     5.4991 |          1.5198 |            3210
43:46 |   386 |     3.000e-04 |    11.4367 |         30.9187 |    18.8811 |          1.5003 |            3210
44:31 |   387 |     3.000e-04 |     7.5729 |          8.6907 |     3.8825 |          1.3344 |            3210
45:16 |   388 |     3.000e-04 |     6.8029 |          8.4642 |     3.8327 |          1.3021 |            3210
46:01 |   389 |     3.000e-04 |     7.3213 |         12.0486 |     7.7778 |          1.4048 |            3210
46:46 |   390 |     3.000e-04 |    11.4371 |          9.0079 |     4.7395 |          1.3624 |            3210
47:31 |   391 |     3.000e-04 |     8.0809 |         14.1115 |    10.2263 |          1.3916 |            3210
48:16 |   392 |     3.000e-04 |    11.8997 |         11.1574 |     6.5800 |          1.4790 |            3210
49:01 |   393 |     3.000e-04 |    30.2191 |         43.6008 |    18.5204 |          2.2300 |            3210
49:46 |   394 |     3.000e-04 |    18.9875 |         11.0545 |     5.1762 |          1.4672 |            3210
50:31 |   395 |     3.000e-04 |    11.4667 |         10.3685 |     5.6067 |          1.4010 |            3210
51:16 |   396 |     3.000e-04 |    14.6703 |         14.5378 |    10.1292 |          1.3613 |            3210
52:01 |   397 |     3.000e-04 |    30.0591 |         19.2522 |    10.1713 |          1.7841 |            3210
52:46 |   398 |     3.000e-04 |     9.2891 |         16.5182 |    11.8001 |          1.3444 |            3210
53:31 |   399 |     3.000e-04 |    20.5833 |         35.8975 |    20.1791 |          1.6399 |            3210
54:15 |   400 |     3.000e-04 |    15.9709 |         15.2110 |    10.9191 |          1.3476 |            3210
55:00 |   401 |     3.000e-04 |    14.3708 |         13.5847 |     9.0560 |          1.4345 |            3210
55:45 |   402 |     3.000e-04 |    12.4671 |         19.0503 |    11.6832 |          1.4617 |            3210
56:30 |   403 |     3.000e-04 |    10.6479 |         20.3919 |    14.8052 |          1.3546 |            3210
57:15 |   404 |     3.000e-04 |    28.4408 |        140.9597 |    48.0928 |          1.5562 |            3210
58:00 |   405 |     3.000e-04 |    52.4691 |         26.5031 |    16.2062 |          1.7756 |            3210
58:45 |   406 |     3.000e-04 |    22.9383 |         11.8878 |     8.0995 |          1.3088 |            3210
59:30 |   407 |     3.000e-04 |     6.5336 |          8.5265 |     4.5120 |          1.2779 |            3210
00:15 |   408 |     3.000e-04 |     7.6048 |         14.3271 |     8.9707 |          1.3750 |            3210
01:00 |   409 |     3.000e-04 |    12.8477 |         24.1827 |    14.9810 |          1.4309 |            3210
01:45 |   410 |     3.000e-04 |    19.9571 |         53.1714 |    26.9741 |          1.6522 |            3210
02:30 |   411 |     3.000e-04 |    51.5131 |          9.8592 |     4.1418 |          1.4790 |            3210
03:15 |   412 |     3.000e-04 |     8.1149 |          7.7083 |     2.7099 |          1.2608 |            3210
03:59 |   413 |     3.000e-04 |     5.7891 |         13.4157 |     8.9727 |          1.4247 |            3210
04:44 |   414 |     3.000e-04 |     9.0825 |         14.6879 |    10.5706 |          1.2757 |            3210
05:29 |   415 |     3.000e-04 |     6.1667 |         23.8641 |    16.7461 |          1.3883 |            3210
06:14 |   416 |     3.000e-04 |    11.0444 |         10.0440 |     5.1333 |          1.3551 |            3210
06:59 |   417 |     3.000e-04 |    21.1307 |         12.2423 |     8.3398 |          1.3522 |            3210
07:44 |   418 |     3.000e-04 |     7.1883 |          9.0064 |     4.6726 |          1.2245 |            3210
08:29 |   419 |     3.000e-04 |    15.2325 |         32.9538 |    21.0165 |          1.4284 |            3210
09:14 |   420 |     3.000e-04 |    18.5758 |         14.6134 |     7.9841 |          1.5969 |            3210
09:58 |   421 |     3.000e-04 |    12.8253 |         12.2162 |     7.1942 |          1.4611 |            3210
10:43 |   422 |     3.000e-04 |    10.1063 |         32.9846 |    20.6078 |          1.4032 |            3210
11:28 |   423 |     3.000e-04 |    18.4442 |         28.1464 |    17.2988 |          1.7218 |            3210
12:13 |   424 |     3.000e-04 |    18.6249 |          9.6807 |     5.1677 |          1.3491 |            3210
12:58 |   425 |     3.000e-04 |     5.5786 |          8.5000 |     4.7884 |          1.2532 |            3210
13:43 |   426 |     3.000e-04 |    27.6531 |         15.9614 |    11.6403 |          1.4665 |            3210
14:28 |   427 |     3.000e-04 |    11.8853 |          9.5690 |     4.5334 |          1.3629 |            3210
15:13 |   428 |     3.000e-04 |     8.6524 |         34.3987 |    21.1095 |          1.3180 |            3210
15:58 |   429 |     3.000e-04 |     9.8098 |          9.5906 |     5.4261 |          1.2386 |            3210
16:43 |   430 |     3.000e-04 |    15.4315 |         11.9148 |     8.7297 |          1.2539 |            3210
17:27 |   431 |     3.000e-04 |    15.1454 |         13.8845 |     8.3376 |          1.3060 |            3210
18:12 |   432 |     3.000e-04 |    11.0874 |         21.5189 |    15.8687 |          1.3011 |            3210
18:57 |   433 |     3.000e-04 |     6.3577 |          9.3116 |     5.0473 |          1.2541 |            3210
19:42 |   434 |     3.000e-04 |    10.7487 |         13.3312 |     8.6922 |          1.3237 |            3210
20:27 |   435 |     3.000e-04 |  2472.4141 |       1038.4481 |   126.1642 |          5.3825 |            3210
21:12 |   436 |     3.000e-04 |   142.2816 |         27.5280 |     9.6591 |          2.7341 |            3210
21:57 |   437 |     3.000e-04 |    22.3377 |         18.3721 |     6.3249 |          2.3168 |            3210
22:42 |   438 |     3.000e-04 |    15.8261 |         23.0981 |    13.2422 |          2.0998 |            3210
23:27 |   439 |     3.000e-04 |    12.9981 |         13.8397 |     5.7777 |          1.9282 |            3210
24:12 |   440 |     3.000e-04 |    10.8821 |         11.7889 |     4.1236 |          1.8100 |            3210
24:56 |   441 |     3.000e-04 |     9.3456 |         14.9206 |     9.1339 |          1.7337 |            3210
25:41 |   442 |     3.000e-04 |     9.2081 |         10.7805 |     4.4160 |          1.6712 |            3210
26:26 |   443 |     3.000e-04 |     7.6943 |         10.1327 |     3.7064 |          1.6257 |            3210
27:11 |   444 |     3.000e-04 |     7.2559 |          9.7844 |     3.2866 |          1.5964 |            3210
27:56 |   445 |     3.000e-04 |     6.7934 |          9.8106 |     4.6777 |          1.5342 |            3210
28:41 |   446 |     3.000e-04 |     6.5882 |          9.5023 |     3.7566 |          1.5027 |            3210
29:26 |   447 |     3.000e-04 |     6.2551 |          9.0867 |     3.0960 |          1.4819 |            3210
30:11 |   448 |     3.000e-04 |     6.1583 |         11.0097 |     7.2100 |          1.4602 |            3210
30:56 |   449 |     3.000e-04 |     5.9745 |          8.9821 |     3.9466 |          1.4221 |            3210
31:41 |   450 |     3.000e-04 |     5.5613 |          8.7649 |     3.7542 |          1.4161 |            3210
32:25 |   451 |     3.000e-04 |     5.2439 |          8.9344 |     4.1939 |          1.3942 |            3210
33:10 |   452 |     3.000e-04 |     5.1470 |          8.2629 |     3.0072 |          1.3702 |            3210
33:55 |   453 |     3.000e-04 |     4.9605 |          8.1209 |     2.5081 |          1.3556 |            3210
34:40 |   454 |     3.000e-04 |     4.9495 |          8.4879 |     3.7409 |          1.3395 |            3210
35:25 |   455 |     3.000e-04 |     4.9394 |          9.6818 |     5.9758 |          1.3287 |            3210
36:10 |   456 |     3.000e-04 |     4.8160 |         10.0896 |     6.6713 |          1.3040 |            3210
36:55 |   457 |     3.000e-04 |     4.8733 |          8.3304 |     4.1641 |          1.2964 |            3210
37:40 |   458 |     3.000e-04 |     4.6664 |          8.2130 |     3.8414 |          1.2951 |            3210
38:25 |   459 |     3.000e-04 |     4.3899 |          7.5988 |     2.7264 |          1.2709 |            3210
39:10 |   460 |     3.000e-04 |     4.9111 |          8.1751 |     3.9491 |          1.2614 |            3210
39:55 |   461 |     3.000e-04 |     4.8455 |          8.0535 |     3.4614 |          1.2498 |            3210
40:40 |   462 |     3.000e-04 |     4.4227 |          8.4786 |     4.4294 |          1.2560 |            3210
41:24 |   463 |     3.000e-04 |     5.7680 |          8.2988 |     3.5782 |          1.2630 |            3210
42:09 |   464 |     3.000e-04 |     4.4497 |          7.9136 |     3.0585 |          1.2463 |            3210
42:54 |   465 |     3.000e-04 |     5.5796 |         11.1678 |     8.6425 |          1.2292 |            3210
43:39 |   466 |     3.000e-04 |     4.7203 |          7.6246 |     3.1633 |          1.2161 |            3210
44:24 |   467 |     3.000e-04 |     4.3889 |          7.3946 |     2.2635 |          1.2185 |            3210
45:09 |   468 |     3.000e-04 |     4.4694 |          9.6502 |     7.3147 |          1.1967 |            3210
45:54 |   469 |     3.000e-04 |     4.9499 |         13.8822 |    10.9276 |          1.1886 |            3210
46:39 |   470 |     3.000e-04 |     4.6510 |          9.2589 |     5.2803 |          1.2499 |            3210
47:24 |   471 |     3.000e-04 |     4.5332 |          7.6379 |     3.3421 |          1.2005 |            3210
48:09 |   472 |     3.000e-04 |     4.1341 |          8.2292 |     3.4982 |          1.2010 |            3210
48:54 |   473 |     3.000e-04 |     5.7726 |         10.0099 |     5.4113 |          1.2495 |            3210
49:39 |   474 |     3.000e-04 |     7.8749 |          8.2547 |     4.8194 |          1.1927 |            3210
50:24 |   475 |     3.000e-04 |     5.2200 |          8.1948 |     4.1153 |          1.1842 |            3210
51:09 |   476 |     3.000e-04 |     7.3314 |         11.0217 |     8.5543 |          1.1976 |            3210
51:54 |   477 |     3.000e-04 |    11.6647 |         10.6798 |     6.4398 |          1.3009 |            3210
52:39 |   478 |     3.000e-04 |     8.0875 |          8.7665 |     4.4634 |          1.2298 |            3210
53:24 |   479 |     3.000e-04 |     4.4956 |          7.4401 |     2.6719 |          1.1519 |            3210
54:09 |   480 |     3.000e-04 |     5.5576 |         11.4726 |     8.9226 |          1.1843 |            3210
54:54 |   481 |     3.000e-04 |     6.8268 |          7.3802 |     2.9907 |          1.1773 |            3210
55:39 |   482 |     3.000e-04 |    14.9958 |          8.8660 |     5.4524 |          1.1979 |            3210
56:24 |   483 |     3.000e-04 |     4.3373 |          9.3963 |     5.7917 |          1.1668 |            3210
57:09 |   484 |     3.000e-04 |     8.0273 |         11.8452 |     9.0818 |          1.1781 |            3210
57:54 |   485 |     3.000e-04 |    23.5572 |         21.9847 |    13.4421 |          1.4957 |            3210
58:39 |   486 |     3.000e-04 |    30.2036 |          8.4123 |     4.0863 |          1.1976 |            3210
59:24 |   487 |     3.000e-04 |    10.9313 |         12.6238 |     7.5286 |          1.3930 |            3210
00:08 |   488 |     3.000e-04 |     7.5680 |          7.7306 |     3.2324 |          1.1671 |            3210
00:53 |   489 |     3.000e-04 |     3.9701 |          8.6923 |     5.2830 |          1.1284 |            3210
01:38 |   490 |     3.000e-04 |     4.6591 |          7.7121 |     3.6187 |          1.1321 |            3210
02:23 |   491 |     3.000e-04 |     4.5270 |          9.3722 |     5.9726 |          1.1433 |            3210
03:08 |   492 |     3.000e-04 |     5.7140 |         20.4606 |    15.5823 |          1.1670 |            3210
03:53 |   493 |     3.000e-04 |     5.4443 |          8.8428 |     5.2872 |          1.1646 |            3210
04:38 |   494 |     3.000e-04 |     6.0049 |         14.3437 |    11.0279 |          1.1634 |            3210
05:24 |   495 |     3.000e-04 |     7.6375 |         55.1855 |    28.3315 |          1.1826 |            3210
06:08 |   496 |     3.000e-04 |    22.5248 |         13.5782 |     9.0335 |          1.3422 |            3210
06:53 |   497 |     3.000e-04 |    27.4678 |          8.0445 |     3.6265 |          1.2557 |            3210
07:38 |   498 |     3.000e-04 |     6.7925 |         12.2124 |     9.9724 |          1.1527 |            3210
08:23 |   499 |     3.000e-04 |     6.6758 |          7.8897 |     3.2559 |          1.1961 |            3210
09:08 |   500 |     3.000e-04 |     5.1464 |          8.8979 |     5.4861 |          1.2427 |            3210
09:53 |   501 |     3.000e-04 |     6.9137 |         29.5147 |    20.1458 |          1.1965 |            3210
10:38 |   502 |     3.000e-04 |    23.5846 |         14.7869 |     9.7455 |          1.3172 |            3210
11:23 |   503 |     3.000e-04 |    11.2488 |         12.5951 |     9.7976 |          1.1308 |            3210
12:08 |   504 |     3.000e-04 |     5.7097 |         15.8805 |    12.6193 |          1.1573 |            3210
12:53 |   505 |     3.000e-04 |   703.3017 |       1342.9819 |   152.2416 |          4.4603 |            3210
13:38 |   506 |     3.000e-04 |   118.2844 |         14.9493 |     5.6999 |          1.9829 |            3210
14:22 |   507 |     3.000e-04 |    11.2127 |         11.6035 |     4.0559 |          1.7252 |            3210
15:07 |   508 |     3.000e-04 |     7.8762 |         10.7482 |     4.4187 |          1.5751 |            3210
15:52 |   509 |     3.000e-04 |     6.3166 |          9.6320 |     3.5673 |          1.4811 |            3210
16:37 |   510 |     3.000e-04 |     5.5765 |          9.5423 |     3.9089 |          1.4168 |            3210
17:22 |   511 |     3.000e-04 |     5.3889 |          8.8222 |     3.0379 |          1.3710 |            3210
18:07 |   512 |     3.000e-04 |     4.7600 |          8.5039 |     3.0905 |          1.3232 |            3210
18:52 |   513 |     3.000e-04 |     4.7239 |          8.9017 |     4.2020 |          1.3119 |            3210
19:37 |   514 |     3.000e-04 |     4.4243 |          8.4345 |     3.0031 |          1.2889 |            3210
20:22 |   515 |     3.000e-04 |     3.9994 |          8.4800 |     3.4045 |          1.2571 |            3210
21:07 |   516 |     3.000e-04 |     4.2318 |          8.6119 |     4.6158 |          1.2360 |            3210
21:52 |   517 |     3.000e-04 |     3.8001 |         10.0112 |     5.9056 |          1.2386 |            3210
22:37 |   518 |     3.000e-04 |     3.9060 |          7.9595 |     2.8155 |          1.1972 |            3210
23:22 |   519 |     3.000e-04 |     3.6867 |          7.6663 |     2.4904 |          1.1823 |            3210
24:06 |   520 |     3.000e-04 |     3.6727 |          8.1139 |     3.1719 |          1.1908 |            3210
24:51 |   521 |     3.000e-04 |     3.8863 |          8.2662 |     3.7566 |          1.1792 |            3210
25:36 |   522 |     3.000e-04 |     3.5177 |          7.6392 |     2.3640 |          1.1707 |            3210
26:21 |   523 |     3.000e-04 |     4.4401 |          8.9306 |     4.8335 |          1.1498 |            3210
27:06 |   524 |     3.000e-04 |     4.4224 |          7.7013 |     2.6403 |          1.1497 |            3210
27:51 |   525 |     3.000e-04 |     3.5685 |          8.0564 |     3.4478 |          1.1360 |            3210
28:36 |   526 |     3.000e-04 |     3.6357 |          8.0193 |     3.7510 |          1.1327 |            3210
29:21 |   527 |     3.000e-04 |     3.7789 |          7.5603 |     2.3286 |          1.1315 |            3210
30:06 |   528 |     3.000e-04 |     4.2971 |         15.3621 |    12.1100 |          1.1579 |            3210
30:51 |   529 |     3.000e-04 |     5.0576 |         11.5370 |     9.0059 |          1.1263 |            3210
31:36 |   530 |     3.000e-04 |     3.8585 |          7.9082 |     3.6529 |          1.1260 |            3210
32:21 |   531 |     3.000e-04 |     4.5220 |         19.5585 |    14.7973 |          1.1552 |            3210
33:06 |   532 |     3.000e-04 |     6.4034 |         10.0312 |     6.3160 |          1.1879 |            3210
33:51 |   533 |     3.000e-04 |     4.2164 |         13.4815 |    10.2451 |          1.1249 |            3210
34:36 |   534 |     3.000e-04 |     5.7854 |         15.3702 |    12.2364 |          1.1345 |            3210
35:21 |   535 |     3.000e-04 |     9.5973 |          8.7532 |     3.8652 |          1.1780 |            3210
36:05 |   536 |     3.000e-04 |     4.9690 |          7.8819 |     3.5118 |          1.1144 |            3210
36:50 |   537 |     3.000e-04 |    12.1366 |         13.1423 |     8.6793 |          1.1603 |            3210
37:35 |   538 |     3.000e-04 |    13.3071 |         10.0822 |     5.9345 |          1.2220 |            3210
38:20 |   539 |     3.000e-04 |     8.5048 |          9.0776 |     5.3225 |          1.1556 |            3210
39:05 |   540 |     3.000e-04 |    11.2971 |          9.0498 |     4.8725 |          1.1886 |            3210
39:50 |   541 |     3.000e-04 |     6.1601 |          8.0924 |     3.3438 |          1.1464 |            3210
40:35 |   542 |     3.000e-04 |     6.6125 |         10.4828 |     7.6462 |          1.1691 |            3210
41:19 |   543 |     3.000e-04 |     5.7829 |          9.5387 |     4.8103 |          1.1535 |            3210
42:04 |   544 |     3.000e-04 |     9.1347 |          9.1160 |     5.3622 |          1.1769 |            3210
42:49 |   545 |     3.000e-04 |     5.5760 |         10.0476 |     6.8930 |          1.1224 |            3210
43:34 |   546 |     3.000e-04 |     5.1569 |         10.1640 |     6.5309 |          1.1375 |            3210
44:19 |   547 |     3.000e-04 |     9.4869 |          8.4067 |     4.1296 |          1.1695 |            3210
45:04 |   548 |     3.000e-04 |     9.4518 |         19.6543 |    12.1823 |          1.1805 |            3210
45:49 |   549 |     3.000e-04 |    13.5932 |          8.2648 |     3.6904 |          1.2013 |            3210
46:34 |   550 |     3.000e-04 |     9.4211 |         17.9417 |    13.3627 |          1.2547 |            3210
47:18 |   551 |     3.000e-04 |     9.0507 |         20.8008 |    14.3075 |          1.1783 |            3210
48:03 |   552 |     3.000e-04 |    35.8356 |         91.3387 |    36.1970 |          1.9848 |            3210
48:48 |   553 |     3.000e-04 |    27.7813 |         12.2539 |     6.8651 |          1.3367 |            3210
49:33 |   554 |     3.000e-04 |    13.9242 |          8.5395 |     3.6349 |          1.1518 |            3210
50:18 |   555 |     3.000e-04 |     9.2931 |         13.5278 |     9.2287 |          1.2443 |            3210
51:03 |   556 |     3.000e-04 |     4.7548 |          7.2916 |     2.3586 |          1.0608 |            3210
51:48 |   557 |     3.000e-04 |     3.7704 |          7.3510 |     2.1040 |          1.0618 |            3210
52:33 |   558 |     3.000e-04 |     6.1081 |         10.5868 |     6.9196 |          1.1824 |            3210
53:18 |   559 |     3.000e-04 |    13.5191 |         29.9920 |    20.0296 |          1.2032 |            3210
54:03 |   560 |     3.000e-04 |    14.1734 |        110.2447 |    42.5949 |          1.2911 |            3210
54:48 |   561 |     3.000e-04 |    19.9157 |          9.7608 |     5.3332 |          1.2133 |            3210
55:33 |   562 |     3.000e-04 |    10.1241 |         27.0250 |    17.9431 |          1.2662 |            3210
56:18 |   563 |     3.000e-04 |     7.1843 |          8.8185 |     3.9601 |          1.1528 |            3210
57:03 |   564 |     3.000e-04 |     7.5685 |         13.0403 |     9.1065 |          1.2164 |            3210
57:48 |   565 |     3.000e-04 |     7.7637 |         12.0560 |     9.3787 |          1.1081 |            3210
58:33 |   566 |     3.000e-04 |    12.1662 |          8.1959 |     3.3678 |          1.2285 |            3210
59:18 |   567 |     3.000e-04 |     4.7547 |         11.1176 |     8.8488 |          1.0987 |            3210
00:03 |   568 |     3.000e-04 |     6.6637 |         10.0282 |     6.0565 |          1.1444 |            3210
00:48 |   569 |     3.000e-04 |     6.9084 |          9.3072 |     4.8546 |          1.1380 |            3210
01:33 |   570 |     3.000e-04 |     7.0189 |         10.9266 |     7.2704 |          1.1943 |            3210
02:18 |   571 |     3.000e-04 |     7.8055 |         12.4132 |     8.3302 |          1.2943 |            3210
03:03 |   572 |     3.000e-04 |     7.7046 |          9.0957 |     3.9925 |          1.2186 |            3210
03:48 |   573 |     3.000e-04 |    10.7091 |         72.6082 |    32.8086 |          1.2155 |            3210
04:33 |   574 |     3.000e-04 |    14.0677 |         14.5408 |     8.1194 |          1.4156 |            3210
05:18 |   575 |     3.000e-04 |     8.3161 |         13.9855 |    10.3297 |          1.1538 |            3210
06:03 |   576 |     3.000e-04 |    20.7574 |         19.3270 |    12.1909 |          1.3516 |            3210
06:48 |   577 |     3.000e-04 |    23.0029 |          9.4529 |     4.0891 |          1.2628 |            3210
07:32 |   578 |     3.000e-04 |     5.8366 |          8.2991 |     4.3564 |          1.0718 |            3210
08:17 |   579 |     3.000e-04 |     4.6575 |         12.3279 |     8.8160 |          1.0923 |            3210
09:02 |   580 |     3.000e-04 |     4.1897 |         10.3084 |     7.3675 |          1.0644 |            3210
09:47 |   581 |     3.000e-04 |    11.4994 |         16.1380 |    11.8187 |          1.2004 |            3210
10:32 |   582 |     3.000e-04 |     8.7270 |         11.8832 |     7.2013 |          1.2030 |            3210
11:17 |   583 |     3.000e-04 |     7.9159 |          8.2972 |     3.8697 |          1.0837 |            3210
12:02 |   584 |     3.000e-04 |     6.1583 |         12.6262 |     8.0478 |          1.1896 |            3210
12:47 |   585 |     3.000e-04 |     5.6693 |         14.2836 |    11.1089 |          1.1022 |            3210
13:32 |   586 |     3.000e-04 |    18.0261 |         64.0512 |    29.3256 |          1.8829 |            3210
14:16 |   587 |     3.000e-04 |    14.6994 |         15.9351 |    10.7409 |          1.2064 |            3210
15:01 |   588 |     3.000e-04 |    13.8518 |         22.3517 |    14.1480 |          1.2298 |            3210
15:46 |   589 |     3.000e-04 |     9.5152 |         23.4904 |    15.7055 |          1.1971 |            3210
16:31 |   590 |     3.000e-04 |     5.4778 |          8.8746 |     4.5660 |          1.1268 |            3210
17:16 |   591 |     3.000e-04 |     5.4595 |         11.9399 |     8.1187 |          1.1055 |            3210
18:01 |   592 |     3.000e-04 |     5.9606 |         13.4372 |     9.7623 |          1.1144 |            3210
18:46 |   593 |     3.000e-04 |     5.5505 |          9.2438 |     5.2790 |          1.0846 |            3210
19:31 |   594 |     3.000e-04 |    10.2368 |          7.9364 |     2.7984 |          1.1279 |            3210
20:16 |   595 |     3.000e-04 |     6.2650 |          9.1566 |     5.6700 |          1.1141 |            3210
21:01 |   596 |     3.000e-04 |     5.0839 |          9.4722 |     5.5891 |          1.1351 |            3210
21:46 |   597 |     3.000e-04 |     6.3667 |         24.2635 |    17.9090 |          1.1261 |            3210
22:31 |   598 |     3.000e-04 |    17.8606 |         12.2325 |     7.8751 |          1.2604 |            3210
23:16 |   599 |     3.000e-04 |    14.1168 |         15.0643 |    10.6155 |          1.2793 |            3210
24:01 |   600 |     3.000e-04 |     7.0475 |         10.6290 |     5.8711 |          1.1719 |            3210
24:46 |   601 |     3.000e-04 |    15.0461 |         19.9846 |    11.7830 |          1.4938 |            3210
25:31 |   602 |     3.000e-04 |    19.9226 |         12.9347 |     7.9367 |          1.2969 |            3210
26:15 |   603 |     3.000e-04 |     4.8649 |          8.3466 |     4.2899 |          1.0617 |            3210
27:00 |   604 |     3.000e-04 |     5.5163 |         13.2732 |    10.1932 |          1.0675 |            3210
27:45 |   605 |     3.000e-04 |     5.5705 |          7.6462 |     2.7454 |          1.0657 |            3210
28:30 |   606 |     3.000e-04 |     6.9396 |          9.2273 |     4.8355 |          1.1065 |            3210
29:15 |   607 |     3.000e-04 |     5.3206 |         19.6856 |    14.2405 |          1.0818 |            3210
30:00 |   608 |     3.000e-04 |    10.4928 |         11.9977 |     7.5379 |          1.2142 |            3210
30:45 |   609 |     3.000e-04 |     5.6984 |          7.6992 |     4.2386 |          1.0187 |            3210
31:30 |   610 |     3.000e-04 |     3.6912 |         12.9898 |    10.2568 |          1.0086 |            3210
32:15 |   611 |     3.000e-04 |     7.4927 |          8.9688 |     5.9461 |          1.0435 |            3210
33:00 |   612 |     3.000e-04 |     7.8075 |         14.7404 |    10.6466 |          1.1762 |            3210
33:44 |   613 |     3.000e-04 |    14.1221 |         26.0357 |    16.2302 |          1.2722 |            3210
34:29 |   614 |     3.000e-04 |    18.9018 |         12.1655 |     6.9503 |          1.2226 |            3210
35:14 |   615 |     3.000e-04 |     6.8351 |         11.6150 |     6.6638 |          1.1191 |            3210
35:59 |   616 |     3.000e-04 |     7.4370 |          9.7608 |     6.1962 |          1.0602 |            3210
36:44 |   617 |     3.000e-04 |     4.3351 |         18.3114 |    12.6482 |          1.0874 |            3210
37:29 |   618 |     3.000e-04 |     5.1274 |         10.9398 |     7.9813 |          1.0365 |            3210
38:14 |   619 |     3.000e-04 |    11.0445 |         12.2143 |     8.3465 |          1.1458 |            3210
38:59 |   620 |     3.000e-04 |     6.5630 |         14.9795 |    10.8544 |          1.1404 |            3210
39:44 |   621 |     3.000e-04 |     5.4899 |          8.3098 |     3.9690 |          1.0878 |            3210
40:28 |   622 |     3.000e-04 |     4.2662 |          7.7184 |     2.9370 |          1.0631 |            3210
41:13 |   623 |     3.000e-04 |     4.5481 |          8.4445 |     4.5394 |          1.0268 |            3210
41:58 |   624 |     3.000e-04 |     8.7425 |          8.9056 |     4.5533 |          1.2049 |            3210
42:43 |   625 |     3.000e-04 |  1430.6700 |         51.5991 |    17.1570 |          2.9974 |            3210
43:28 |   626 |     3.000e-04 |    35.4853 |         16.2332 |     5.8819 |          2.0718 |            3210
44:13 |   627 |     3.000e-04 |    12.4489 |         12.3176 |     4.8501 |          1.8003 |            3210
44:58 |   628 |     3.000e-04 |     9.3314 |         12.3436 |     6.0543 |          1.6779 |            3210
45:43 |   629 |     3.000e-04 |     7.7824 |          9.9300 |     3.7409 |          1.5548 |            3210
46:28 |   630 |     3.000e-04 |     6.5285 |          9.4083 |     3.6996 |          1.4881 |            3210
47:13 |   631 |     3.000e-04 |     5.7795 |          9.0488 |     3.3723 |          1.4353 |            3210
47:58 |   632 |     3.000e-04 |     5.5150 |          8.6945 |     3.4247 |          1.3966 |            3210
48:42 |   633 |     3.000e-04 |     5.0368 |          8.2429 |     2.6696 |          1.3521 |            3210
49:27 |   634 |     3.000e-04 |     4.6129 |          8.1302 |     2.7595 |          1.3206 |            3210
50:12 |   635 |     3.000e-04 |     4.4179 |          7.8428 |     2.5664 |          1.2852 |            3210
50:57 |   636 |     3.000e-04 |     4.1580 |          7.6706 |     2.4358 |          1.2635 |            3210
51:42 |   637 |     3.000e-04 |     4.0501 |          7.6053 |     2.3122 |          1.2505 |            3210
52:27 |   638 |     1.500e-04 |     3.6446 |          7.4545 |     2.3732 |          1.2283 |            3210
53:12 |   639 |     1.500e-04 |     3.6209 |          7.3767 |     2.3330 |          1.2194 |            3210
53:57 |   640 |     1.500e-04 |     3.5372 |          7.3251 |     2.3381 |          1.2079 |            3210
54:42 |   641 |     1.500e-04 |     3.6133 |          7.2739 |     2.1243 |          1.1981 |            3210
55:27 |   642 |     1.500e-04 |     3.3857 |          7.4856 |     2.7590 |          1.1977 |            3210
56:12 |   643 |     1.500e-04 |     3.4217 |          7.2246 |     2.1206 |          1.1803 |            3210
56:57 |   644 |     1.500e-04 |     3.3050 |          7.5636 |     3.1180 |          1.1750 |            3210
57:42 |   645 |     1.500e-04 |     3.3416 |          7.2101 |     2.4959 |          1.1686 |            3210
58:27 |   646 |     1.500e-04 |     3.4321 |          7.2057 |     2.4184 |          1.1622 |            3210
59:12 |   647 |     1.500e-04 |     3.1909 |          6.9988 |     1.9915 |          1.1480 |            3210
59:57 |   648 |     1.500e-04 |     3.1175 |          7.1972 |     2.5208 |          1.1432 |            3210
00:42 |   649 |     1.500e-04 |     3.2003 |          6.9895 |     2.0181 |          1.1377 |            3210
01:27 |   650 |     1.500e-04 |     3.0782 |          7.0302 |     2.2045 |          1.1320 |            3210
02:12 |   651 |     1.500e-04 |     2.9769 |          6.9727 |     2.4142 |          1.1205 |            3210
02:58 |   652 |     1.500e-04 |     2.9370 |          7.2523 |     3.2895 |          1.1197 |            3210
03:43 |   653 |     1.500e-04 |     3.0717 |          6.8871 |     2.1022 |          1.1124 |            3210
04:28 |   654 |     1.500e-04 |     2.9390 |          7.1405 |     3.3955 |          1.1050 |            3210
05:13 |   655 |     1.500e-04 |     2.9878 |          6.9101 |     2.3801 |          1.0966 |            3210
05:58 |   656 |     1.500e-04 |     2.8667 |          6.8343 |     2.0334 |          1.0924 |            3210
06:43 |   657 |     1.500e-04 |     2.8222 |          7.9441 |     5.4404 |          1.0838 |            3210
07:28 |   658 |     1.500e-04 |     2.9367 |          6.9922 |     2.6271 |          1.0808 |            3210
08:13 |   659 |     1.500e-04 |     2.8160 |          6.8747 |     2.4586 |          1.0740 |            3210
08:58 |   660 |     1.500e-04 |     2.8022 |          6.8511 |     2.0994 |          1.0698 |            3210
09:43 |   661 |     1.500e-04 |     3.0322 |          7.9769 |     4.6203 |          1.0634 |            3210
10:29 |   662 |     1.500e-04 |     2.6780 |          7.0999 |     3.1600 |          1.0602 |            3210
11:14 |   663 |     1.500e-04 |     2.7056 |          7.3039 |     3.7174 |          1.0551 |            3210
11:59 |   664 |     1.500e-04 |     3.0477 |          6.8511 |     2.4189 |          1.0503 |            3210
12:44 |   665 |     1.500e-04 |     2.7949 |          6.9161 |     3.1587 |          1.0463 |            3210
13:29 |   666 |     1.500e-04 |     2.6618 |          7.4060 |     3.9167 |          1.0419 |            3210
14:14 |   667 |     1.500e-04 |     2.6789 |          7.9369 |     5.3056 |          1.0374 |            3210
15:00 |   668 |     1.500e-04 |     2.9005 |          7.3468 |     3.9267 |          1.0332 |            3210
15:45 |   669 |     1.500e-04 |     2.7353 |          7.2964 |     4.0239 |          1.0321 |            3210
16:30 |   670 |     1.500e-04 |     2.9956 |          7.2956 |     4.1556 |          1.0255 |            3210
17:15 |   671 |     1.500e-04 |     3.1830 |          6.9760 |     2.9362 |          1.0254 |            3210
18:00 |   672 |     1.500e-04 |     3.1785 |          6.7208 |     2.0754 |          1.0260 |            3210
18:46 |   673 |     1.500e-04 |     3.5053 |          7.2525 |     3.4384 |          1.0250 |            3210
19:31 |   674 |     1.500e-04 |     3.0535 |          6.7922 |     1.9799 |          1.0395 |            3210
20:16 |   675 |     1.500e-04 |     3.8358 |          7.2504 |     3.8878 |          1.0199 |            3210
21:01 |   676 |     1.500e-04 |     3.9686 |          7.1747 |     3.8644 |          1.0144 |            3210
21:47 |   677 |     1.500e-04 |     2.5547 |          6.6809 |     2.1304 |          1.0008 |            3210
22:32 |   678 |     1.500e-04 |     2.7839 |          7.3728 |     3.9130 |          1.0000 |            3210
23:17 |   679 |     1.500e-04 |     5.5328 |          7.8480 |     4.8145 |          1.0120 |            3210
24:02 |   680 |     1.500e-04 |     3.0096 |          7.4904 |     4.5731 |          0.9975 |            3210
24:47 |   681 |     1.500e-04 |     3.6915 |          7.5308 |     3.3511 |          1.0040 |            3210
25:32 |   682 |     1.500e-04 |     3.5927 |          7.0064 |     3.1641 |          0.9892 |            3210
26:17 |   683 |     1.500e-04 |     4.0028 |          8.2913 |     6.4669 |          0.9925 |            3210
27:02 |   684 |     1.500e-04 |     3.4264 |          8.6687 |     6.4604 |          0.9992 |            3210
27:47 |   685 |     1.500e-04 |     3.5908 |          7.0762 |     3.1990 |          1.0100 |            3210
28:32 |   686 |     1.500e-04 |     3.8621 |         13.9925 |    11.5213 |          1.0298 |            3210
29:17 |   687 |     1.500e-04 |     3.8030 |          7.8949 |     5.2271 |          0.9719 |            3210
30:02 |   688 |     1.500e-04 |     2.9580 |          8.3258 |     5.6017 |          0.9919 |            3210
30:47 |   689 |     1.500e-04 |     3.8987 |          7.0216 |     2.8867 |          1.0026 |            3210
31:32 |   690 |     1.500e-04 |     3.5064 |          8.4894 |     5.7515 |          1.0025 |            3210
32:17 |   691 |     1.500e-04 |     3.4305 |          8.9174 |     6.7752 |          0.9851 |            3210
33:02 |   692 |     1.500e-04 |     4.1410 |          7.9914 |     4.5268 |          1.0174 |            3210
33:47 |   693 |     1.500e-04 |     7.1760 |          7.6593 |     3.5449 |          1.0446 |            3210
34:32 |   694 |     1.500e-04 |     2.9008 |          6.7865 |     2.3751 |          0.9705 |            3210
35:17 |   695 |     1.500e-04 |     2.8951 |          6.5496 |     2.8025 |          0.9648 |            3210
36:02 |   696 |     1.500e-04 |     4.2901 |          7.9527 |     5.2060 |          0.9658 |            3210
36:47 |   697 |     1.500e-04 |     3.1987 |          7.1143 |     3.5132 |          0.9674 |            3210
37:32 |   698 |     1.500e-04 |     5.4849 |          6.8882 |     2.9347 |          0.9588 |            3210
38:17 |   699 |     1.500e-04 |     3.9424 |          7.1519 |     3.2191 |          0.9828 |            3210
39:02 |   700 |     1.500e-04 |     2.6418 |          7.1916 |     2.2435 |          0.9918 |            3210
39:46 |   701 |     1.500e-04 |     3.5736 |         11.6457 |     9.6912 |          0.9981 |            3210
40:31 |   702 |     1.500e-04 |     3.0412 |          7.2285 |     3.7191 |          0.9627 |            3210
41:16 |   703 |     1.500e-04 |     3.3909 |          9.0447 |     6.2524 |          1.0113 |            3210
42:01 |   704 |     1.500e-04 |     8.3364 |          9.8393 |     5.7952 |          1.0833 |            3210
42:46 |   705 |     1.500e-04 |     2.7347 |          8.4360 |     5.8866 |          0.9382 |            3210
43:31 |   706 |     1.500e-04 |     3.4626 |          8.7709 |     5.8797 |          1.0038 |            3210
44:16 |   707 |     1.500e-04 |     2.5979 |          7.3195 |     4.1858 |          0.9327 |            3210
45:01 |   708 |     1.500e-04 |     3.1628 |          7.0083 |     3.5702 |          0.9340 |            3210
45:45 |   709 |     1.500e-04 |     5.3250 |         10.3352 |     7.9267 |          1.0194 |            3210
46:31 |   710 |     1.500e-04 |     2.8775 |          7.1520 |     4.2057 |          0.9255 |            3210
47:16 |   711 |     1.500e-04 |     4.6976 |          8.0074 |     4.5243 |          0.9730 |            3210
48:00 |   712 |     1.500e-04 |     8.7951 |          9.3977 |     5.8824 |          1.0376 |            3210
48:46 |   713 |     1.500e-04 |     4.6585 |          7.5950 |     4.2683 |          0.9475 |            3210
49:31 |   714 |     1.500e-04 |     2.5897 |          6.8748 |     2.7554 |          0.9283 |            3210
50:15 |   715 |     1.500e-04 |     2.5645 |          6.9451 |     2.6216 |          0.9444 |            3210
51:00 |   716 |     1.500e-04 |     2.7461 |          6.8491 |     2.1344 |          0.9546 |            3210
51:45 |   717 |     1.500e-04 |     2.8507 |          7.2049 |     3.1596 |          0.9455 |            3210
52:30 |   718 |     1.500e-04 |     7.2536 |         13.3059 |     9.1840 |          1.1773 |            3210
53:15 |   719 |     1.500e-04 |     5.1034 |          7.2253 |     3.1994 |          0.9603 |            3210
54:01 |   720 |     1.500e-04 |     2.7946 |          7.6454 |     3.9614 |          0.9762 |            3210
54:46 |   721 |     1.500e-04 |     5.8258 |          7.6017 |     4.2890 |          0.9955 |            3210
55:31 |   722 |     1.500e-04 |     2.8271 |          6.9103 |     3.5959 |          0.9070 |            3210
56:16 |   723 |     1.500e-04 |     2.7819 |          8.4050 |     5.1592 |          0.9624 |            3210
57:01 |   724 |     1.500e-04 |     6.2133 |         19.8036 |    14.9482 |          1.0015 |            3210
57:46 |   725 |     1.500e-04 |     4.1261 |          6.7134 |     2.2799 |          0.9189 |            3210
58:31 |   726 |     1.500e-04 |     2.6137 |          9.4762 |     7.2658 |          0.9676 |            3210
59:16 |   727 |     1.500e-04 |     3.8934 |          7.0211 |     2.6343 |          0.9416 |            3210
00:01 |   728 |     1.500e-04 |     2.5941 |          7.0954 |     2.6379 |          0.9610 |            3210
00:46 |   729 |     1.500e-04 |     3.2078 |          9.4665 |     6.7027 |          0.9372 |            3210
01:31 |   730 |     1.500e-04 |     3.9992 |          8.3052 |     5.9322 |          0.9222 |            3210
02:16 |   731 |     1.500e-04 |     3.6562 |          9.1129 |     5.4241 |          1.0496 |            3210
03:01 |   732 |     1.500e-04 |     3.9862 |          6.9752 |     3.0642 |          0.9338 |            3210
03:46 |   733 |     1.500e-04 |     4.5902 |          9.1401 |     6.3520 |          0.9459 |            3210
04:31 |   734 |     1.500e-04 |     4.2584 |          7.8858 |     4.6136 |          0.9592 |            3210
05:16 |   735 |     1.500e-04 |     5.7859 |          7.4862 |     3.4396 |          0.9598 |            3210
06:01 |   736 |     1.500e-04 |     3.0272 |          7.2086 |     2.6765 |          0.9300 |            3210
06:46 |   737 |     1.500e-04 |     2.8609 |          6.7246 |     2.3475 |          0.9497 |            3210
07:32 |   738 |     1.500e-04 |     3.3073 |          7.4881 |     4.1172 |          0.9328 |            3210
08:17 |   739 |     1.500e-04 |     2.5258 |          7.3400 |     3.6661 |          0.9253 |            3210
09:02 |   740 |     1.500e-04 |     2.7524 |          7.4791 |     4.8284 |          0.9199 |            3210
09:47 |   741 |     1.500e-04 |     3.7276 |          8.1720 |     5.3291 |          0.9694 |            3210
10:32 |   742 |     1.500e-04 |     3.1792 |          8.9929 |     6.3618 |          0.9315 |            3210
11:17 |   743 |     1.500e-04 |     3.3220 |          7.2052 |     3.2748 |          0.9277 |            3210
12:02 |   744 |     1.500e-04 |     7.8702 |          6.9649 |     2.5499 |          0.9488 |            3210
12:47 |   745 |     1.500e-04 |     3.7159 |          7.0342 |     2.9844 |          0.9324 |            3210
13:32 |   746 |     1.500e-04 |     2.3632 |          7.0454 |     3.0388 |          0.9126 |            3210
14:17 |   747 |     1.500e-04 |     2.4246 |          7.1030 |     2.4937 |          0.9521 |            3210
15:02 |   748 |     1.500e-04 |     2.4364 |          6.7193 |     2.6807 |          0.9025 |            3210
15:47 |   749 |     1.500e-04 |     2.6023 |          7.3782 |     4.0194 |          0.9124 |            3210
16:32 |   750 |     1.500e-04 |     7.9058 |          7.8718 |     4.1216 |          1.0874 |            3210
17:17 |   751 |     1.500e-04 |     2.9738 |          7.6682 |     3.9011 |          0.9535 |            3210
18:02 |   752 |     1.500e-04 |     2.3905 |         10.0149 |     7.4269 |          0.9141 |            3210
18:47 |   753 |     1.500e-04 |     2.9353 |         11.3496 |     8.5612 |          0.9893 |            3210
19:32 |   754 |     1.500e-04 |     4.3975 |          9.7005 |     7.2557 |          0.9677 |            3210
20:17 |   755 |     1.500e-04 |     6.4562 |          7.1863 |     3.1011 |          0.9591 |            3210
21:02 |   756 |     1.500e-04 |     2.4894 |          8.4984 |     4.1263 |          0.9556 |            3210
21:47 |   757 |     1.500e-04 |     4.1575 |          7.0122 |     2.6197 |          0.9350 |            3210
22:32 |   758 |     1.500e-04 |     2.8388 |          7.1671 |     2.6558 |          0.9372 |            3210
23:17 |   759 |     1.500e-04 |     2.7513 |          8.5205 |     5.0690 |          0.8932 |            3210
24:02 |   760 |     1.500e-04 |     4.3557 |          7.9564 |     4.4782 |          0.9708 |            3210
24:47 |   761 |     1.500e-04 |     3.0553 |          6.9415 |     2.6074 |          0.9299 |            3210
25:32 |   762 |     1.500e-04 |     3.0782 |          7.4452 |     3.1672 |          0.9366 |            3210
26:17 |   763 |     1.500e-04 |     2.6052 |          7.5118 |     3.8389 |          0.9115 |            3210
27:02 |   764 |     1.500e-04 |     2.8152 |          7.3314 |     3.1374 |          0.9545 |            3210
27:47 |   765 |     1.500e-04 |     2.7208 |          9.2216 |     6.1654 |          0.9460 |            3210
28:31 |   766 |     1.500e-04 |     4.6597 |          7.7520 |     4.0816 |          0.9447 |            3210
29:17 |   767 |     1.500e-04 |     3.7320 |          7.2250 |     3.3449 |          0.9634 |            3210
30:02 |   768 |     1.500e-04 |     3.1277 |          8.7996 |     5.8428 |          0.9191 |            3210
30:46 |   769 |     1.500e-04 |     2.9677 |          7.0719 |     2.3648 |          0.9194 |            3210
31:31 |   770 |     1.500e-04 |     3.0260 |          8.0948 |     4.7902 |          0.9788 |            3210
32:16 |   771 |     1.500e-04 |     5.2955 |         11.0594 |     8.1501 |          1.0560 |            3210
33:01 |   772 |     1.500e-04 |     3.5957 |          9.0713 |     6.6939 |          0.9282 |            3210
33:46 |   773 |     1.500e-04 |     2.7272 |          7.6998 |     3.9792 |          0.9279 |            3210
34:31 |   774 |     1.500e-04 |     2.7897 |          7.3767 |     3.1384 |          0.9111 |            3210
35:16 |   775 |     1.500e-04 |     2.9094 |         10.6606 |     7.1238 |          0.9454 |            3210
36:01 |   776 |     1.500e-04 |     4.1643 |          8.3136 |     4.5179 |          0.9586 |            3210
36:46 |   777 |     7.500e-05 |     1.7811 |          6.6733 |     1.7454 |          0.8601 |            3210
37:31 |   778 |     7.500e-05 |     1.6020 |          7.1796 |     3.6829 |          0.8667 |            3210
38:16 |   779 |     7.500e-05 |     1.6616 |          6.6648 |     2.0497 |          0.8563 |            3210
39:01 |   780 |     7.500e-05 |     1.6674 |          7.4583 |     3.6992 |          0.8749 |            3210
39:46 |   781 |     7.500e-05 |     1.5992 |          6.6431 |     1.7142 |          0.8470 |            3210
40:31 |   782 |     7.500e-05 |     1.4937 |          7.2543 |     3.2767 |          0.8652 |            3210
41:16 |   783 |     7.500e-05 |     1.9401 |          7.3560 |     4.0460 |          0.8713 |            3210
42:01 |   784 |     7.500e-05 |     2.0300 |          6.8173 |     2.7609 |          0.8685 |            3210
42:46 |   785 |     7.500e-05 |     1.7889 |          7.6492 |     4.5567 |          0.8533 |            3210
43:31 |   786 |     7.500e-05 |     2.3183 |          6.7849 |     2.0440 |          0.8597 |            3210
44:16 |   787 |     7.500e-05 |     1.7298 |          6.7941 |     2.1333 |          0.8613 |            3210
45:01 |   788 |     7.500e-05 |     1.6681 |          7.1595 |     3.5338 |          0.8667 |            3210
45:46 |   789 |     7.500e-05 |     1.9144 |          7.1296 |     2.7223 |          0.8873 |            3210
46:31 |   790 |     7.500e-05 |     2.8363 |          6.7399 |     2.0746 |          0.8777 |            3210
47:16 |   791 |     7.500e-05 |     1.7580 |          6.8359 |     2.7255 |          0.8648 |            3210
48:01 |   792 |     7.500e-05 |     1.6938 |          7.1583 |     3.4222 |          0.8477 |            3210
48:46 |   793 |     7.500e-05 |     1.8388 |          8.4153 |     6.0215 |          0.8695 |            3210
49:31 |   794 |     7.500e-05 |     1.9640 |          7.3029 |     3.7386 |          0.8594 |            3210
50:16 |   795 |     7.500e-05 |     1.9651 |          8.3094 |     5.5917 |          0.8533 |            3210
51:01 |   796 |     7.500e-05 |     2.0082 |          7.3644 |     3.4765 |          0.8846 |            3210
51:46 |   797 |     7.500e-05 |     2.5467 |          7.3021 |     3.7513 |          0.8873 |            3210
52:31 |   798 |     7.500e-05 |     1.6507 |          7.0959 |     3.2140 |          0.8533 |            3210
53:16 |   799 |     7.500e-05 |     1.8355 |          6.6823 |     1.8834 |          0.8653 |            3210
54:01 |   800 |     7.500e-05 |     1.6529 |          7.1531 |     3.6489 |          0.8615 |            3210
54:46 |   801 |     7.500e-05 |     1.8997 |          6.6731 |     1.7585 |          0.8543 |            3210
55:31 |   802 |     7.500e-05 |     2.3626 |          9.2241 |     7.0033 |          0.8987 |            3210
56:16 |   803 |     7.500e-05 |     1.9624 |          7.3243 |     2.7572 |          0.8813 |            3210
57:01 |   804 |     7.500e-05 |     2.0091 |          7.5508 |     3.5317 |          0.8738 |            3210
57:46 |   805 |     7.500e-05 |     1.7271 |          7.1181 |     3.0546 |          0.8644 |            3210
58:31 |   806 |     7.500e-05 |     1.8547 |          6.9538 |     2.1388 |          0.8692 |            3210
59:16 |   807 |     7.500e-05 |     1.9190 |          7.8133 |     5.0320 |          0.8660 |            3210
00:01 |   808 |     7.500e-05 |     2.7329 |          7.6799 |     3.9219 |          0.8889 |            3210
00:46 |   809 |     7.500e-05 |     1.9585 |          7.8957 |     4.5459 |          0.8693 |            3210
01:31 |   810 |     7.500e-05 |     2.2784 |          7.1524 |     3.0222 |          0.8769 |            3210
02:16 |   811 |     7.500e-05 |     2.0135 |          6.7487 |     1.8826 |          0.8546 |            3210
03:01 |   812 |     7.500e-05 |     1.5630 |          7.0060 |     3.0991 |          0.8628 |            3210
03:47 |   813 |     7.500e-05 |     1.8713 |          6.8381 |     2.4765 |          0.8623 |            3210
04:32 |   814 |     7.500e-05 |     2.6880 |          6.8050 |     2.4265 |          0.8585 |            3210
05:17 |   815 |     7.500e-05 |     2.0126 |          6.7253 |     2.2584 |          0.8458 |            3210
06:03 |   816 |     7.500e-05 |     1.7572 |          7.0462 |     2.6168 |          0.8570 |            3210
06:48 |   817 |     7.500e-05 |     1.7482 |          7.1740 |     2.7987 |          0.8517 |            3210
07:33 |   818 |     7.500e-05 |     1.8842 |          6.8832 |     2.2800 |          0.8561 |            3210
08:19 |   819 |     7.500e-05 |     1.8553 |          7.2179 |     2.5229 |          0.8561 |            3210
09:05 |   820 |     7.500e-05 |     1.7277 |          7.9710 |     5.5297 |          0.8505 |            3210
09:50 |   821 |     7.500e-05 |     2.0285 |          7.1468 |     2.0792 |          0.8634 |            3210
10:35 |   822 |     7.500e-05 |     1.9253 |          6.9063 |     2.3687 |          0.8424 |            3210
11:20 |   823 |     7.500e-05 |     1.8366 |          6.8504 |     3.5072 |          0.8964 |            3210
12:05 |   824 |     7.500e-05 |     1.9320 |          7.0978 |     3.3850 |          0.8581 |            3210
12:49 |   825 |     7.500e-05 |     1.7779 |          6.9510 |     3.0676 |          0.8633 |            3210
13:35 |   826 |     7.500e-05 |     2.1885 |          7.1547 |     3.0589 |          0.8407 |            3210
14:20 |   827 |     7.500e-05 |     2.1589 |          7.5535 |     3.9351 |          0.8659 |            3210
15:05 |   828 |     7.500e-05 |     3.0334 |         10.1387 |     7.5535 |          0.9184 |            3210
15:50 |   829 |     7.500e-05 |     1.9392 |          7.2930 |     3.4402 |          0.8483 |            3210
16:35 |   830 |     7.500e-05 |     1.6379 |          7.0958 |     2.7013 |          0.8513 |            3210
17:20 |   831 |     7.500e-05 |     1.5178 |          7.7769 |     4.4711 |          0.8675 |            3210
18:05 |   832 |     7.500e-05 |     2.3216 |          7.6625 |     3.1055 |          0.9019 |            3210
18:50 |   833 |     7.500e-05 |     2.7437 |          6.9711 |     2.1161 |          0.8719 |            3210
19:35 |   834 |     7.500e-05 |     2.1800 |          6.8882 |     2.1523 |          0.8440 |            3210
20:20 |   835 |     7.500e-05 |     1.9120 |          6.9869 |     2.2444 |          0.8508 |            3210
21:05 |   836 |     7.500e-05 |     1.5331 |          6.7694 |     1.8833 |          0.8403 |            3210
21:50 |   837 |     7.500e-05 |     2.3464 |          7.9357 |     5.0221 |          0.8579 |            3210
22:35 |   838 |     7.500e-05 |     1.5576 |          7.0852 |     3.0082 |          0.8580 |            3210
23:20 |   839 |     7.500e-05 |     2.6090 |          7.3661 |     3.2368 |          0.8702 |            3210
24:05 |   840 |     7.500e-05 |     1.6519 |          7.6596 |     5.1629 |          0.8416 |            3210
24:49 |   841 |     7.500e-05 |     1.9268 |          6.7203 |     1.9959 |          0.8298 |            3210
25:34 |   842 |     7.500e-05 |     1.4993 |          7.6424 |     4.2924 |          0.8361 |            3210
26:19 |   843 |     7.500e-05 |     1.7535 |          6.8321 |     1.9658 |          0.8392 |            3210
27:04 |   844 |     7.500e-05 |     2.0873 |          6.8560 |     2.0549 |          0.8432 |            3210
27:49 |   845 |     7.500e-05 |     1.6943 |          8.0645 |     5.0458 |          0.8466 |            3210
28:34 |   846 |     7.500e-05 |     2.8338 |         10.5221 |     7.4340 |          0.9198 |            3210
29:19 |   847 |     7.500e-05 |     2.7105 |          8.1694 |     4.6036 |          0.8669 |            3210
30:04 |   848 |     7.500e-05 |     1.8002 |          6.6718 |     1.7709 |          0.8408 |            3210
30:49 |   849 |     7.500e-05 |     1.7404 |          6.8312 |     1.9090 |          0.8317 |            3210
31:34 |   850 |     7.500e-05 |     1.7141 |          8.2532 |     5.7698 |          0.8364 |            3210
32:19 |   851 |     7.500e-05 |     2.1005 |          8.2243 |     5.0509 |          0.8494 |            3210
33:04 |   852 |     7.500e-05 |     2.2498 |          7.8902 |     4.8274 |          0.8348 |            3210
33:48 |   853 |     7.500e-05 |     1.8553 |          7.2232 |     3.0611 |          0.8455 |            3210
34:33 |   854 |     7.500e-05 |     2.0023 |          7.9619 |     4.5347 |          0.8564 |            3210
35:18 |   855 |     7.500e-05 |     2.7502 |          7.2180 |     3.4734 |          0.8419 |            3210
36:03 |   856 |     7.500e-05 |     1.7818 |          7.3251 |     2.3923 |          0.8783 |            3210
36:48 |   857 |     7.500e-05 |     1.7690 |          7.0434 |     2.5092 |          0.8662 |            3210
37:33 |   858 |     3.750e-05 |     1.3028 |          6.9813 |     2.3632 |          0.8191 |            3210
38:18 |   859 |     3.750e-05 |     1.2787 |          7.4449 |     3.7298 |          0.8241 |            3210
39:03 |   860 |     3.750e-05 |     1.4247 |          6.6905 |     1.8019 |          0.8181 |            3210
39:48 |   861 |     3.750e-05 |     1.2542 |          7.0946 |     2.8799 |          0.8244 |            3210
40:33 |   862 |     3.750e-05 |     1.5660 |          6.7351 |     2.0537 |          0.8177 |            3210
41:18 |   863 |     3.750e-05 |     1.2520 |          7.1108 |     3.2645 |          0.8211 |            3210
42:03 |   864 |     3.750e-05 |     1.2312 |          6.8556 |     1.9951 |          0.8207 |            3210
42:48 |   865 |     3.750e-05 |     1.2666 |          6.6584 |     1.5181 |          0.8161 |            3210
43:33 |   866 |     3.750e-05 |     1.2410 |          6.7850 |     1.5773 |          0.8227 |            3210
44:17 |   867 |     3.750e-05 |     1.2952 |          6.7403 |     1.5833 |          0.8128 |            3210
45:02 |   868 |     3.750e-05 |     1.2540 |          6.9176 |     2.4792 |          0.8223 |            3210
45:47 |   869 |     3.750e-05 |     1.2861 |          7.0036 |     2.7304 |          0.8223 |            3210
46:32 |   870 |     3.750e-05 |     1.2467 |          6.8646 |     1.8332 |          0.8169 |            3210
47:17 |   871 |     3.750e-05 |     1.3118 |          7.1578 |     3.0958 |          0.8197 |            3210
48:02 |   872 |     3.750e-05 |     1.6497 |          6.9732 |     2.6520 |          0.8338 |            3210
48:47 |   873 |     3.750e-05 |     1.4903 |          7.5985 |     3.6472 |          0.8383 |            3210
49:32 |   874 |     3.750e-05 |     1.5065 |          6.8458 |     2.1634 |          0.8286 |            3210
50:17 |   875 |     3.750e-05 |     1.2661 |          6.7869 |     1.6871 |          0.8152 |            3210
51:02 |   876 |     3.750e-05 |     1.2784 |          6.8912 |     2.8278 |          0.8119 |            3210
51:47 |   877 |     3.750e-05 |     1.2591 |          6.7890 |     1.7428 |          0.8172 |            3210
52:32 |   878 |     3.750e-05 |     1.2352 |          7.2267 |     2.6466 |          0.8494 |            3210
53:17 |   879 |     3.750e-05 |     1.4009 |          7.1662 |     3.1442 |          0.8227 |            3210
54:01 |   880 |     3.750e-05 |     1.2728 |          6.7226 |     1.7280 |          0.8116 |            3210
54:46 |   881 |     3.750e-05 |     1.2762 |          6.8842 |     1.8307 |          0.8389 |            3210
55:31 |   882 |     3.750e-05 |     1.4370 |          6.6897 |     1.6833 |          0.8196 |            3210
56:16 |   883 |     3.750e-05 |     1.4671 |          6.8825 |     2.1240 |          0.8219 |            3210
57:01 |   884 |     3.750e-05 |     1.3504 |          7.2668 |     3.2541 |          0.8250 |            3210
57:46 |   885 |     3.750e-05 |     1.4718 |          6.8606 |     2.1032 |          0.8261 |            3210
58:31 |   886 |     3.750e-05 |     1.3559 |          7.0365 |     3.2116 |          0.8254 |            3210
59:16 |   887 |     3.750e-05 |     1.3339 |          6.7602 |     1.7776 |          0.8111 |            3210
00:00 |   888 |     3.750e-05 |     1.3611 |          7.8142 |     4.5124 |          0.8263 |            3210
00:46 |   889 |     3.750e-05 |     1.6847 |          6.8264 |     1.6035 |          0.8201 |            3210
01:30 |   890 |     3.750e-05 |     1.2801 |          7.7836 |     4.2433 |          0.8327 |            3210
02:15 |   891 |     3.750e-05 |     1.3606 |          7.0392 |     2.7140 |          0.8244 |            3210
03:00 |   892 |     3.750e-05 |     1.3292 |          7.3805 |     3.8720 |          0.8235 |            3210
03:45 |   893 |     3.750e-05 |     1.5272 |          6.7697 |     1.7992 |          0.8243 |            3210
04:30 |   894 |     3.750e-05 |     1.4789 |          7.3118 |     3.2929 |          0.8435 |            3210
05:15 |   895 |     3.750e-05 |     1.3671 |          6.8447 |     1.7143 |          0.8325 |            3210
06:00 |   896 |     3.750e-05 |     1.4717 |          6.8407 |     1.9163 |          0.8261 |            3210
06:45 |   897 |     3.750e-05 |     1.2199 |          6.9852 |     2.3250 |          0.8253 |            3210
07:30 |   898 |     3.750e-05 |     1.3344 |          7.1314 |     3.1102 |          0.8227 |            3210
08:15 |   899 |     3.750e-05 |     1.3540 |          6.7639 |     1.7575 |          0.8195 |            3210
09:00 |   900 |     3.750e-05 |     1.3407 |          6.9589 |     2.3508 |          0.8358 |            3210
09:44 |   901 |     3.750e-05 |     1.2834 |          7.1230 |     2.6932 |          0.8232 |            3210
10:29 |   902 |     3.750e-05 |     1.3844 |          7.0211 |     2.2605 |          0.8251 |            3210
11:14 |   903 |     3.750e-05 |     1.3711 |          6.9417 |     2.4850 |          0.8225 |            3210
11:59 |   904 |     3.750e-05 |     1.3230 |          6.7849 |     1.6389 |          0.8112 |            3210
12:44 |   905 |     3.750e-05 |     1.2329 |          6.9866 |     2.4833 |          0.8152 |            3210
13:29 |   906 |     3.750e-05 |     1.3215 |          6.8759 |     2.3033 |          0.8108 |            3210
14:14 |   907 |     3.750e-05 |     1.3460 |          6.9621 |     1.7232 |          0.8302 |            3210
14:59 |   908 |     3.750e-05 |     1.3306 |          6.8912 |     2.1786 |          0.8239 |            3210
15:44 |   909 |     3.750e-05 |     1.3858 |          6.8328 |     2.2666 |          0.8059 |            3210
16:29 |   910 |     3.750e-05 |     1.3810 |          7.1373 |     2.9224 |          0.8065 |            3210
17:14 |   911 |     3.750e-05 |     1.4327 |          6.9090 |     2.0262 |          0.8257 |            3210
17:59 |   912 |     3.750e-05 |     1.4350 |          6.9629 |     2.6145 |          0.8167 |            3210
18:43 |   913 |     3.750e-05 |     1.2936 |          6.7376 |     1.9619 |          0.8097 |            3210
19:28 |   914 |     3.750e-05 |     1.3396 |          7.2024 |     3.3375 |          0.8240 |            3210
20:13 |   915 |     3.750e-05 |     1.2908 |          6.8619 |     2.1021 |          0.8166 |            3210
20:58 |   916 |     3.750e-05 |     1.2906 |          6.9132 |     1.7689 |          0.8247 |            3210
21:43 |   917 |     3.750e-05 |     1.4034 |          7.0413 |     2.6035 |          0.8222 |            3210
22:28 |   918 |     3.750e-05 |     1.7496 |          7.0083 |     1.8714 |          0.8361 |            3210
23:13 |   919 |     3.750e-05 |     1.4203 |          7.0916 |     2.4537 |          0.8327 |            3210
23:57 |   920 |     3.750e-05 |     1.4912 |          7.0736 |     2.5347 |          0.8168 |            3210
24:42 |   921 |     3.750e-05 |     1.2374 |          6.8713 |     1.5634 |          0.8129 |            3210
25:27 |   922 |     3.750e-05 |     1.2396 |          6.9037 |     1.8027 |          0.8116 |            3210
26:12 |   923 |     3.750e-05 |     1.3071 |          7.3290 |     3.3757 |          0.8309 |            3210
26:57 |   924 |     3.750e-05 |     1.4732 |          7.9343 |     4.5510 |          0.8135 |            3210
27:42 |   925 |     3.750e-05 |     1.4961 |          6.8087 |     1.8321 |          0.8118 |            3210
28:27 |   926 |     3.750e-05 |     1.2438 |          6.8435 |     2.0078 |          0.8094 |            3210
29:12 |   927 |     3.750e-05 |     1.1987 |          6.8520 |     1.7016 |          0.8249 |            3210
29:57 |   928 |     3.750e-05 |     1.1771 |          6.9460 |     1.9761 |          0.8151 |            3210
30:42 |   929 |     3.750e-05 |     1.2877 |          6.8848 |     2.2460 |          0.8096 |            3210
31:27 |   930 |     3.750e-05 |     1.3849 |          7.0103 |     2.3498 |          0.8075 |            3210
32:12 |   931 |     3.750e-05 |     1.3417 |          6.9046 |     2.2509 |          0.8144 |            3210
32:57 |   932 |     3.750e-05 |     1.3522 |          7.0489 |     1.5850 |          0.8211 |            3210
33:42 |   933 |     3.750e-05 |     1.2599 |          7.3469 |     3.3156 |          0.8097 |            3210
34:27 |   934 |     3.750e-05 |     1.4078 |          7.1626 |     2.5775 |          0.8308 |            3210
35:12 |   935 |     3.750e-05 |     1.4351 |          6.9754 |     2.0573 |          0.8180 |            3210
35:56 |   936 |     3.750e-05 |     1.2663 |          6.9644 |     2.0826 |          0.8119 |            3210
36:41 |   937 |     3.750e-05 |     1.3264 |          8.5675 |     5.8594 |          0.8341 |            3210
37:26 |   938 |     3.750e-05 |     1.3465 |          7.1618 |     2.8374 |          0.8150 |            3210
38:11 |   939 |     1.875e-05 |     1.1873 |          6.9127 |     2.3816 |          0.8002 |            3210
38:56 |   940 |     1.875e-05 |     1.0478 |          6.9134 |     2.0820 |          0.7994 |            3210
39:41 |   941 |     1.875e-05 |     1.1046 |          6.8185 |     1.7591 |          0.8018 |            3210
40:26 |   942 |     1.875e-05 |     1.0526 |          6.9292 |     2.3513 |          0.8030 |            3210
41:11 |   943 |     1.875e-05 |     1.1281 |          6.9472 |     2.4346 |          0.7988 |            3210
41:56 |   944 |     1.875e-05 |     1.1212 |          6.8816 |     1.8648 |          0.7985 |            3210
42:41 |   945 |     1.875e-05 |     1.0871 |          6.7793 |     1.4275 |          0.7946 |            3210
43:25 |   946 |     1.875e-05 |     1.0958 |          6.7606 |     1.5048 |          0.7999 |            3210
44:10 |   947 |     1.875e-05 |     1.0841 |          6.8546 |     1.8661 |          0.8023 |            3210
44:55 |   948 |     1.875e-05 |     1.1495 |          6.7872 |     1.4593 |          0.8006 |            3210
45:40 |   949 |     1.875e-05 |     1.0994 |          6.7935 |     1.5580 |          0.7953 |            3210
46:25 |   950 |     1.875e-05 |     1.1224 |          6.9374 |     1.9675 |          0.8025 |            3210
47:10 |   951 |     1.875e-05 |     1.0903 |          6.8431 |     1.8473 |          0.7975 |            3210
47:55 |   952 |     1.875e-05 |     1.0916 |          6.7842 |     1.6964 |          0.8005 |            3210
48:41 |   953 |     1.875e-05 |     1.1159 |          6.9470 |     2.1332 |          0.8044 |            3210
49:26 |   954 |     1.875e-05 |     1.1202 |          6.8012 |     1.6708 |          0.8036 |            3210
50:11 |   955 |     1.875e-05 |     1.1218 |          6.8502 |     1.7598 |          0.8035 |            3210
50:56 |   956 |     1.875e-05 |     1.0807 |          6.7871 |     1.8889 |          0.8029 |            3210
51:41 |   957 |     1.875e-05 |     1.1155 |          7.0758 |     2.9342 |          0.8058 |            3210
52:26 |   958 |     1.875e-05 |     1.0993 |          6.9239 |     1.9677 |          0.8023 |            3210
53:11 |   959 |     1.875e-05 |     1.1076 |          7.0675 |     2.5221 |          0.8035 |            3210
53:56 |   960 |     1.875e-05 |     1.1303 |          7.0717 |     2.6921 |          0.8045 |            3210
54:41 |   961 |     1.875e-05 |     1.1230 |          6.8566 |     1.8853 |          0.7991 |            3210
55:26 |   962 |     1.875e-05 |     1.0807 |          6.9397 |     2.6235 |          0.7983 |            3210
56:11 |   963 |     1.875e-05 |     1.0932 |          6.9080 |     2.0277 |          0.7963 |            3210
56:56 |   964 |     1.875e-05 |     1.2558 |          6.9413 |     1.7166 |          0.8054 |            3210
57:41 |   965 |     1.875e-05 |     1.0750 |          6.9810 |     1.6595 |          0.8132 |            3210
58:26 |   966 |     1.875e-05 |     1.1210 |          7.0317 |     2.1535 |          0.8119 |            3210
59:11 |   967 |     1.875e-05 |     1.1042 |          6.7808 |     1.6536 |          0.7993 |            3210
59:55 |   968 |     1.875e-05 |     1.0857 |          6.8468 |     1.6372 |          0.8000 |            3210
00:41 |   969 |     1.875e-05 |     1.0936 |          7.1449 |     2.5288 |          0.8027 |            3210
01:26 |   970 |     1.875e-05 |     1.1488 |          6.9236 |     1.7318 |          0.8093 |            3210
02:11 |   971 |     1.875e-05 |     1.1269 |          6.9382 |     1.6608 |          0.8056 |            3210
02:56 |   972 |     1.875e-05 |     1.1381 |          7.4264 |     3.6222 |          0.8105 |            3210
03:41 |   973 |     1.875e-05 |     1.2237 |          7.4441 |     3.7671 |          0.8083 |            3210
04:26 |   974 |     1.875e-05 |     1.2194 |          7.2090 |     3.1388 |          0.8018 |            3210
05:11 |   975 |     1.875e-05 |     1.1560 |          7.1227 |     2.7101 |          0.8053 |            3210
05:56 |   976 |     1.875e-05 |     1.0787 |          6.9220 |     1.9049 |          0.7987 |            3210
06:40 |   977 |     1.875e-05 |     1.0841 |          6.8799 |     1.7626 |          0.7945 |            3210
07:25 |   978 |     1.875e-05 |     1.0666 |          6.9139 |     1.9473 |          0.8053 |            3210
08:10 |   979 |     1.875e-05 |     1.0845 |          6.9556 |     1.8528 |          0.8003 |            3210
08:55 |   980 |     1.875e-05 |     1.0560 |          6.9001 |     1.5876 |          0.8008 |            3210
09:40 |   981 |     1.875e-05 |     1.1556 |          7.1653 |     3.1132 |          0.8149 |            3210
10:25 |   982 |     1.875e-05 |     1.0986 |          6.9527 |     1.8094 |          0.8006 |            3210
11:10 |   983 |     1.875e-05 |     1.1159 |          6.8595 |     1.5730 |          0.7979 |            3210
11:55 |   984 |     1.875e-05 |     1.0679 |          6.8950 |     1.6171 |          0.8060 |            3210
12:40 |   985 |     1.875e-05 |     1.0973 |          6.8498 |     1.4864 |          0.8064 |            3210
13:25 |   986 |     1.875e-05 |     1.0584 |          6.9718 |     1.5644 |          0.8066 |            3210
14:10 |   987 |     1.875e-05 |     1.2062 |          6.9616 |     1.8635 |          0.8046 |            3210
14:55 |   988 |     1.875e-05 |     1.0581 |          6.9398 |     1.7804 |          0.8053 |            3210
15:40 |   989 |     1.875e-05 |     1.0370 |          7.0454 |     2.4928 |          0.8017 |            3210
16:25 |   990 |     1.875e-05 |     1.1115 |          6.8687 |     1.4670 |          0.8002 |            3210
17:10 |   991 |     1.875e-05 |     1.1157 |          6.8839 |     2.3257 |          0.8005 |            3210
17:55 |   992 |     1.875e-05 |     1.0706 |          6.8195 |     1.5525 |          0.7995 |            3210
18:40 |   993 |     1.875e-05 |     1.1179 |          6.8848 |     2.1221 |          0.7978 |            3210
19:25 |   994 |     1.875e-05 |     1.1725 |          6.8833 |     1.7459 |          0.8044 |            3210
20:10 |   995 |     1.875e-05 |     1.0384 |          7.0163 |     2.0990 |          0.8049 |            3210
20:55 |   996 |     1.875e-05 |     1.0446 |          6.9486 |     1.4985 |          0.8002 |            3210
21:40 |   997 |     1.875e-05 |     1.0914 |          7.1135 |     2.3979 |          0.8027 |            3210
22:24 |   998 |     1.875e-05 |     1.0937 |          7.0891 |     3.1306 |          0.7958 |            3210
23:09 |   999 |     1.875e-05 |     1.1784 |          6.9801 |     1.9978 |          0.8019 |            3210
23:54 |  1000 |     1.875e-05 |     1.0540 |          7.3196 |     3.2260 |          0.8036 |            3210
24:39 |  1001 |     1.875e-05 |     1.1264 |          7.0406 |     2.1416 |          0.8131 |            3210
25:24 |  1002 |     1.875e-05 |     1.0688 |          6.9375 |     1.6748 |          0.8042 |            3210
26:09 |  1003 |     1.875e-05 |     1.0426 |          6.8579 |     1.6203 |          0.7965 |            3210
26:54 |  1004 |     1.875e-05 |     1.0658 |          6.8376 |     1.8066 |          0.7942 |            3210
27:39 |  1005 |     1.875e-05 |     1.0731 |          6.8496 |     1.3886 |          0.7976 |            3210
28:24 |  1006 |     1.875e-05 |     1.2211 |          7.2668 |     2.8611 |          0.8053 |            3210
29:09 |  1007 |     1.875e-05 |     1.0823 |          6.9379 |     1.8286 |          0.8074 |            3210
29:54 |  1008 |     1.875e-05 |     1.0430 |          6.8979 |     1.6413 |          0.7978 |            3210
30:39 |  1009 |     1.875e-05 |     1.0806 |          6.8864 |     1.7944 |          0.7978 |            3210
31:24 |  1010 |     1.875e-05 |     1.1042 |          7.1166 |     2.6775 |          0.8004 |            3210
32:09 |  1011 |     1.875e-05 |     1.1005 |          6.8700 |     1.8326 |          0.8022 |            3210
32:53 |  1012 |     1.875e-05 |     1.1014 |          7.0221 |     2.3912 |          0.8026 |            3210
33:38 |  1013 |     1.875e-05 |     1.1525 |          7.0047 |     2.6423 |          0.7963 |            3210
34:23 |  1014 |     1.875e-05 |     1.0328 |          6.8676 |     1.9360 |          0.7957 |            3210
35:08 |  1015 |     1.875e-05 |     1.0350 |          6.9375 |     1.6861 |          0.8117 |            3210
35:53 |  1016 |     1.875e-05 |     1.1471 |          6.9514 |     1.6136 |          0.8014 |            3210
36:38 |  1017 |     1.875e-05 |     1.0829 |          6.9695 |     2.6540 |          0.8011 |            3210
37:23 |  1018 |     1.875e-05 |     1.0509 |          6.9141 |     1.9335 |          0.7965 |            3210
38:08 |  1019 |     1.875e-05 |     1.0272 |          6.9466 |     2.1035 |          0.7981 |            3210
38:53 |  1020 |     9.375e-06 |     0.9817 |          6.8323 |     1.5616 |          0.7907 |            3210
39:38 |  1021 |     9.375e-06 |     0.9666 |          6.8601 |     1.6447 |          0.7907 |            3210
40:23 |  1022 |     9.375e-06 |     0.9805 |          7.0557 |     2.6105 |          0.7952 |            3210
41:08 |  1023 |     9.375e-06 |     0.9981 |          7.0174 |     2.4357 |          0.7947 |            3210
41:52 |  1024 |     9.375e-06 |     0.9976 |          6.8523 |     1.3796 |          0.7925 |            3210
42:37 |  1025 |     9.375e-06 |     0.9685 |          6.9458 |     1.8685 |          0.7917 |            3210
43:22 |  1026 |     9.375e-06 |     0.9854 |          6.9147 |     1.7060 |          0.7982 |            3210
44:07 |  1027 |     9.375e-06 |     0.9725 |          6.8679 |     1.5877 |          0.7947 |            3210
44:52 |  1028 |     9.375e-06 |     0.9647 |          6.9159 |     1.6592 |          0.7968 |            3210
45:37 |  1029 |     9.375e-06 |     0.9724 |          6.9071 |     1.7169 |          0.7961 |            3210
46:22 |  1030 |     9.375e-06 |     0.9865 |          7.0058 |     2.1272 |          0.7976 |            3210
47:07 |  1031 |     9.375e-06 |     0.9610 |          6.8817 |     1.5031 |          0.7910 |            3210
47:52 |  1032 |     9.375e-06 |     0.9802 |          6.9167 |     1.6700 |          0.7941 |            3210
48:37 |  1033 |     9.375e-06 |     0.9644 |          6.8387 |     1.3321 |          0.7917 |            3210
49:22 |  1034 |     9.375e-06 |     0.9647 |          6.9390 |     1.6911 |          0.7943 |            3210
50:07 |  1035 |     9.375e-06 |     0.9626 |          7.2529 |     3.0190 |          0.7961 |            3210
50:52 |  1036 |     9.375e-06 |     1.0090 |          6.8887 |     1.3632 |          0.7939 |            3210
51:37 |  1037 |     9.375e-06 |     0.9638 |          6.8555 |     1.5560 |          0.7940 |            3210
52:22 |  1038 |     9.375e-06 |     0.9998 |          6.9572 |     1.6944 |          0.7975 |            3210
53:07 |  1039 |     9.375e-06 |     0.9608 |          6.9724 |     2.0732 |          0.7917 |            3210
53:52 |  1040 |     9.375e-06 |     0.9833 |          6.8890 |     1.8963 |          0.7933 |            3210
54:37 |  1041 |     9.375e-06 |     0.9572 |          6.8849 |     1.6866 |          0.7926 |            3210
55:22 |  1042 |     9.375e-06 |     0.9964 |          6.8601 |     1.5220 |          0.7914 |            3210
56:07 |  1043 |     9.375e-06 |     1.0041 |          6.9141 |     1.7736 |          0.7955 |            3210
56:52 |  1044 |     9.375e-06 |     0.9995 |          6.9080 |     1.5719 |          0.7923 |            3210
57:37 |  1045 |     9.375e-06 |     0.9682 |          6.9238 |     1.7774 |          0.7949 |            3210
58:22 |  1046 |     9.375e-06 |     1.0000 |          6.9310 |     1.5379 |          0.7932 |            3210
59:07 |  1047 |     9.375e-06 |     0.9822 |          6.9528 |     1.8491 |          0.7940 |            3210
59:52 |  1048 |     9.375e-06 |     0.9807 |          7.1179 |     2.8508 |          0.7962 |            3210
00:36 |  1049 |     9.375e-06 |     1.0123 |          6.9673 |     1.6535 |          0.7962 |            3210
01:21 |  1050 |     9.375e-06 |     0.9981 |          6.8584 |     1.7215 |          0.7914 |            3210
02:06 |  1051 |     9.375e-06 |     0.9751 |          6.8373 |     1.5969 |          0.7913 |            3210
02:51 |  1052 |     9.375e-06 |     0.9649 |          6.8721 |     1.4068 |          0.7925 |            3210
03:36 |  1053 |     9.375e-06 |     0.9651 |          7.0770 |     2.5035 |          0.7961 |            3210
04:21 |  1054 |     9.375e-06 |     0.9972 |          6.9209 |     1.4149 |          0.7930 |            3210
05:06 |  1055 |     9.375e-06 |     0.9678 |          6.9186 |     1.7238 |          0.7913 |            3210
05:50 |  1056 |     9.375e-06 |     0.9725 |          7.0224 |     2.1785 |          0.7978 |            3210
06:35 |  1057 |     9.375e-06 |     0.9687 |          6.9177 |     1.5810 |          0.7940 |            3210
07:20 |  1058 |     9.375e-06 |     0.9704 |          6.9684 |     1.9066 |          0.7942 |            3210
08:05 |  1059 |     9.375e-06 |     0.9807 |          6.9344 |     2.1896 |          0.7930 |            3210
08:50 |  1060 |     9.375e-06 |     0.9867 |          6.8871 |     1.8086 |          0.7920 |            3210
09:35 |  1061 |     9.375e-06 |     1.0019 |          7.4906 |     3.8760 |          0.7976 |            3210
10:20 |  1062 |     9.375e-06 |     1.0569 |          7.0276 |     2.1992 |          0.7921 |            3210
11:05 |  1063 |     9.375e-06 |     0.9891 |          6.9465 |     1.7717 |          0.7888 |            3210
11:50 |  1064 |     9.375e-06 |     1.0014 |          6.9280 |     1.7066 |          0.7944 |            3210
12:35 |  1065 |     9.375e-06 |     0.9688 |          6.9271 |     1.6410 |          0.7945 |            3210
13:20 |  1066 |     9.375e-06 |     0.9564 |          6.8892 |     1.5191 |          0.7910 |            3210
14:05 |  1067 |     9.375e-06 |     0.9937 |          7.1222 |     2.4284 |          0.7918 |            3210
14:49 |  1068 |     9.375e-06 |     0.9832 |          6.9356 |     1.7472 |          0.7906 |            3210
15:34 |  1069 |     9.375e-06 |     0.9652 |          7.1394 |     3.0644 |          0.7890 |            3210
16:19 |  1070 |     9.375e-06 |     0.9844 |          6.9129 |     1.9837 |          0.7895 |            3210
17:04 |  1071 |     9.375e-06 |     0.9694 |          7.0600 |     2.2533 |          0.7891 |            3210
17:49 |  1072 |     9.375e-06 |     1.0092 |          6.8718 |     1.8815 |          0.7911 |            3210
18:34 |  1073 |     9.375e-06 |     0.9449 |          6.9385 |     1.7220 |          0.7913 |            3210
19:19 |  1074 |     9.375e-06 |     0.9512 |          6.8725 |     1.3915 |          0.7942 |            3210
20:04 |  1075 |     9.375e-06 |     0.9645 |          6.8254 |     1.4522 |          0.7906 |            3210
20:49 |  1076 |     9.375e-06 |     0.9506 |          7.0527 |     2.1548 |          0.7928 |            3210
21:34 |  1077 |     9.375e-06 |     0.9939 |          6.8529 |     1.4620 |          0.7927 |            3210
22:19 |  1078 |     9.375e-06 |     0.9983 |          6.8875 |     1.4928 |          0.7933 |            3210
23:04 |  1079 |     9.375e-06 |     0.9760 |          6.9669 |     1.6540 |          0.7952 |            3210
23:49 |  1080 |     9.375e-06 |     0.9859 |          6.8898 |     1.3562 |          0.7930 |            3210
24:34 |  1081 |     9.375e-06 |     0.9767 |          6.9389 |     1.8494 |          0.7903 |            3210
25:18 |  1082 |     9.375e-06 |     0.9678 |          6.8670 |     1.4528 |          0.7893 |            3210
26:03 |  1083 |     9.375e-06 |     1.0053 |          7.1235 |     2.7500 |          0.7934 |            3210
26:48 |  1084 |     9.375e-06 |     0.9692 |          6.9597 |     1.7453 |          0.7903 |            3210
27:33 |  1085 |     9.375e-06 |     1.0155 |          6.9373 |     1.5999 |          0.7906 |            3210
28:18 |  1086 |     9.375e-06 |     0.9624 |          6.8933 |     1.5327 |          0.7914 |            3210
29:03 |  1087 |     9.375e-06 |     0.9538 |          6.8549 |     1.5784 |          0.7908 |            3210
29:48 |  1088 |     9.375e-06 |     0.9554 |          6.8953 |     1.7871 |          0.7889 |            3210
30:33 |  1089 |     9.375e-06 |     0.9688 |          7.0418 |     2.0845 |          0.7903 |            3210
31:18 |  1090 |     9.375e-06 |     0.9692 |          6.9176 |     1.3488 |          0.7911 |            3210
32:02 |  1091 |     9.375e-06 |     0.9625 |          7.0905 |     2.5327 |          0.7932 |            3210
32:47 |  1092 |     9.375e-06 |     0.9656 |          6.9231 |     1.6747 |          0.7905 |            3210
33:32 |  1093 |     9.375e-06 |     0.9674 |          6.9409 |     1.4360 |          0.7908 |            3210
34:17 |  1094 |     9.375e-06 |     0.9574 |          6.9968 |     2.0734 |          0.7947 |            3210
35:02 |  1095 |     9.375e-06 |     0.9896 |          6.9200 |     1.5393 |          0.7918 |            3210
35:47 |  1096 |     9.375e-06 |     0.9708 |          7.0087 |     2.1988 |          0.7939 |            3210
36:32 |  1097 |     9.375e-06 |     0.9855 |          6.9297 |     1.4958 |          0.7902 |            3210
37:17 |  1098 |     9.375e-06 |     0.9670 |          6.8861 |     1.4523 |          0.7935 |            3210
38:02 |  1099 |     9.375e-06 |     0.9358 |          6.9215 |     1.3677 |          0.7918 |            3210
38:47 |  1100 |     9.375e-06 |     0.9513 |          6.9198 |     1.9444 |          0.7891 |            3210
39:32 |  1101 |     4.687e-06 |     0.9045 |          6.9232 |     1.6205 |          0.7913 |            3210
40:17 |  1102 |     4.687e-06 |     0.9318 |          6.8766 |     1.5169 |          0.7870 |            3210
41:01 |  1103 |     4.687e-06 |     0.9216 |          6.8734 |     1.3719 |          0.7881 |            3210
41:46 |  1104 |     4.687e-06 |     0.9305 |          6.8930 |     1.4470 |          0.7897 |            3210
42:31 |  1105 |     4.687e-06 |     0.9089 |          6.8955 |     1.4679 |          0.7892 |            3210
43:16 |  1106 |     4.687e-06 |     0.9129 |          6.8877 |     1.4134 |          0.7890 |            3210
44:01 |  1107 |     4.687e-06 |     0.9087 |          6.8779 |     1.4230 |          0.7874 |            3210
44:46 |  1108 |     4.687e-06 |     0.9135 |          6.9191 |     1.5534 |          0.7864 |            3210
45:31 |  1109 |     4.687e-06 |     0.9220 |          6.8923 |     1.3613 |          0.7881 |            3210
46:16 |  1110 |     4.687e-06 |     0.9038 |          6.8877 |     1.3356 |          0.7883 |            3210
47:01 |  1111 |     4.687e-06 |     0.9099 |          6.9421 |     2.0647 |          0.7878 |            3210
47:46 |  1112 |     4.687e-06 |     0.9062 |          6.9165 |     1.5281 |          0.7862 |            3210
48:31 |  1113 |     4.687e-06 |     0.9257 |          6.9318 |     1.5454 |          0.7897 |            3210
49:16 |  1114 |     4.687e-06 |     0.9060 |          6.9045 |     1.8692 |          0.7879 |            3210
50:01 |  1115 |     4.687e-06 |     0.9182 |          6.9045 |     1.4333 |          0.7900 |            3210
50:46 |  1116 |     4.687e-06 |     0.9111 |          6.8944 |     1.4353 |          0.7875 |            3210
51:31 |  1117 |     4.687e-06 |     0.9468 |          6.8885 |     1.4562 |          0.7866 |            3210
52:16 |  1118 |     4.687e-06 |     0.9074 |          6.9139 |     1.6398 |          0.7867 |            3210
53:00 |  1119 |     4.687e-06 |     0.9275 |          6.8887 |     1.4690 |          0.7870 |            3210
53:45 |  1120 |     4.687e-06 |     0.9108 |          6.9116 |     1.8399 |          0.7890 |            3210
54:30 |  1121 |     4.687e-06 |     0.9037 |          6.9014 |     1.6090 |          0.7881 |            3210
55:15 |  1122 |     4.687e-06 |     0.9133 |          6.8962 |     1.6268 |          0.7865 |            3210
56:00 |  1123 |     4.687e-06 |     0.9091 |          6.8906 |     1.3624 |          0.7886 |            3210
56:45 |  1124 |     4.687e-06 |     0.9062 |          6.9390 |     1.4505 |          0.7890 |            3210
57:30 |  1125 |     4.687e-06 |     0.9066 |          6.9231 |     1.4856 |          0.7877 |            3210
58:15 |  1126 |     4.687e-06 |     0.9170 |          6.9161 |     1.5321 |          0.7881 |            3210
59:00 |  1127 |     4.687e-06 |     0.9072 |          6.9068 |     1.5388 |          0.7909 |            3210
59:45 |  1128 |     4.687e-06 |     0.9039 |          6.8931 |     1.3861 |          0.7861 |            3210
00:30 |  1129 |     4.687e-06 |     0.9085 |          6.9068 |     1.4183 |          0.7888 |            3210
01:15 |  1130 |     4.687e-06 |     0.9026 |          6.9519 |     1.7717 |          0.7926 |            3210
02:00 |  1131 |     4.687e-06 |     0.9403 |          6.8588 |     1.3205 |          0.7868 |            3210
02:45 |  1132 |     4.687e-06 |     0.9062 |          6.8976 |     1.3624 |          0.7884 |            3210
03:30 |  1133 |     4.687e-06 |     0.9098 |          6.8759 |     1.3584 |          0.7871 |            3210
04:15 |  1134 |     4.687e-06 |     0.9129 |          6.9111 |     1.5394 |          0.7921 |            3210
05:01 |  1135 |     4.687e-06 |     0.9177 |          6.8988 |     1.3647 |          0.7870 |            3210
05:46 |  1136 |     4.687e-06 |     0.9256 |          6.8809 |     1.5059 |          0.7870 |            3210
06:31 |  1137 |     4.687e-06 |     0.9100 |          7.1963 |     2.8458 |          0.7883 |            3210
07:15 |  1138 |     4.687e-06 |     0.9509 |          6.8919 |     1.5227 |          0.7876 |            3210
08:00 |  1139 |     4.687e-06 |     0.9189 |          6.8863 |     1.3580 |          0.7860 |            3210
08:45 |  1140 |     4.687e-06 |     0.8989 |          6.9779 |     1.7308 |          0.7884 |            3210
09:30 |  1141 |     4.687e-06 |     0.9208 |          6.9298 |     1.8613 |          0.7881 |            3210
10:15 |  1142 |     4.687e-06 |     0.9289 |          6.8936 |     1.3727 |          0.7873 |            3210
11:00 |  1143 |     4.687e-06 |     0.9172 |          6.9128 |     1.5180 |          0.7848 |            3210
11:45 |  1144 |     4.687e-06 |     0.9165 |          6.9361 |     1.9640 |          0.7882 |            3210
12:30 |  1145 |     4.687e-06 |     0.9165 |          6.9499 |     1.6024 |          0.7925 |            3210
13:15 |  1146 |     4.687e-06 |     0.9117 |          6.9082 |     1.6206 |          0.7882 |            3210
14:00 |  1147 |     4.687e-06 |     0.9318 |          6.9163 |     1.9613 |          0.7870 |            3210
14:45 |  1148 |     4.687e-06 |     0.9184 |          7.0859 |     2.1857 |          0.7879 |            3210
15:30 |  1149 |     4.687e-06 |     0.9072 |          6.9095 |     1.4396 |          0.7880 |            3210
16:15 |  1150 |     4.687e-06 |     0.8968 |          6.9397 |     1.6490 |          0.7920 |            3210
17:00 |  1151 |     4.687e-06 |     0.9170 |          6.8934 |     1.3758 |          0.7865 |            3210
17:45 |  1152 |     4.687e-06 |     0.9086 |          6.9531 |     1.7117 |          0.7884 |            3210
18:30 |  1153 |     4.687e-06 |     0.9100 |          6.9155 |     1.3428 |          0.7869 |            3210
19:15 |  1154 |     4.687e-06 |     0.9068 |          6.9401 |     1.4631 |          0.7882 |            3210
20:00 |  1155 |     4.687e-06 |     0.9143 |          6.9341 |     1.6891 |          0.7882 |            3210
20:45 |  1156 |     4.687e-06 |     0.9107 |          6.8964 |     1.3755 |          0.7864 |            3210
21:29 |  1157 |     4.687e-06 |     0.9205 |          6.9085 |     1.3219 |          0.7888 |            3210
22:14 |  1158 |     4.687e-06 |     0.9137 |          6.9098 |     1.3446 |          0.7883 |            3210
22:59 |  1159 |     4.687e-06 |     0.9098 |          6.9380 |     1.4789 |          0.7888 |            3210
23:44 |  1160 |     4.687e-06 |     0.9086 |          6.9917 |     1.7908 |          0.7899 |            3210
24:29 |  1161 |     4.687e-06 |     0.9073 |          6.9114 |     1.8050 |          0.7866 |            3210
25:14 |  1162 |     4.687e-06 |     0.9045 |          6.8903 |     1.4917 |          0.7873 |            3210
25:59 |  1163 |     4.687e-06 |     0.9054 |          7.1041 |     2.7708 |          0.7886 |            3210
26:44 |  1164 |     4.687e-06 |     0.9183 |          6.8938 |     1.8139 |          0.7853 |            3210
27:29 |  1165 |     4.687e-06 |     0.9047 |          6.9139 |     1.3850 |          0.7896 |            3210
28:14 |  1166 |     4.687e-06 |     0.8957 |          6.9523 |     1.3636 |          0.7910 |            3210
28:59 |  1167 |     4.687e-06 |     0.9179 |          6.9297 |     1.3770 |          0.7893 |            3210
29:44 |  1168 |     4.687e-06 |     0.9056 |          6.9068 |     1.4576 |          0.7866 |            3210
30:29 |  1169 |     4.687e-06 |     0.9012 |          6.9560 |     1.5785 |          0.7895 |            3210
31:14 |  1170 |     4.687e-06 |     0.9181 |          6.9566 |     1.9462 |          0.7890 |            3210
31:59 |  1171 |     4.687e-06 |     0.9521 |          6.8884 |     1.4974 |          0.7866 |            3210
32:44 |  1172 |     4.687e-06 |     0.9059 |          6.9217 |     1.3212 |          0.7895 |            3210
33:29 |  1173 |     4.687e-06 |     0.9019 |          7.0047 |     1.9114 |          0.7869 |            3210
34:14 |  1174 |     4.687e-06 |     0.9046 |          6.9049 |     1.4743 |          0.7865 |            3210
34:59 |  1175 |     4.687e-06 |     0.9215 |          6.9517 |     1.5884 |          0.7896 |            3210
35:44 |  1176 |     4.687e-06 |     0.8944 |          6.9867 |     2.2765 |          0.7876 |            3210
36:29 |  1177 |     4.687e-06 |     0.8990 |          6.9290 |     1.5864 |          0.7893 |            3210
37:14 |  1178 |     4.687e-06 |     0.9047 |          6.9428 |     1.4332 |          0.7871 |            3210
37:59 |  1179 |     4.687e-06 |     0.9063 |          6.9683 |     1.7022 |          0.7884 |            3210
38:44 |  1180 |     4.687e-06 |     0.9113 |          6.9311 |     1.6647 |          0.7864 |            3210
39:28 |  1181 |     4.687e-06 |     0.9062 |          6.9237 |     1.3258 |          0.7870 |            3210
40:13 |  1182 |     2.344e-06 |     0.8801 |          6.9077 |     1.3477 |          0.7865 |            3210
40:58 |  1183 |     2.344e-06 |     0.8761 |          6.9081 |     1.4517 |          0.7871 |            3210
41:43 |  1184 |     2.344e-06 |     0.8819 |          6.9226 |     1.7313 |          0.7860 |            3210
42:28 |  1185 |     2.344e-06 |     0.8791 |          6.9109 |     1.5573 |          0.7855 |            3210
43:13 |  1186 |     2.344e-06 |     0.8812 |          6.8975 |     1.3841 |          0.7867 |            3210
43:58 |  1187 |     2.344e-06 |     0.8874 |          6.9256 |     1.6096 |          0.7875 |            3210
44:43 |  1188 |     2.344e-06 |     0.8823 |          6.9051 |     1.3741 |          0.7859 |            3210
45:28 |  1189 |     2.344e-06 |     0.8831 |          6.9108 |     1.3102 |          0.7854 |            3210
46:13 |  1190 |     2.344e-06 |     0.8766 |          6.9089 |     1.4004 |          0.7851 |            3210
46:58 |  1191 |     2.344e-06 |     0.8738 |          6.9601 |     1.9571 |          0.7873 |            3210
47:43 |  1192 |     2.344e-06 |     0.8854 |          6.8925 |     1.3406 |          0.7866 |            3210
48:28 |  1193 |     2.344e-06 |     0.8800 |          6.9203 |     1.3703 |          0.7864 |            3210
49:13 |  1194 |     2.344e-06 |     0.8864 |          6.9197 |     1.3763 |          0.7873 |            3210
49:58 |  1195 |     2.344e-06 |     0.8846 |          6.9839 |     1.7418 |          0.7875 |            3210
50:43 |  1196 |     2.344e-06 |     0.8862 |          6.9006 |     1.3029 |          0.7871 |            3210
51:28 |  1197 |     2.344e-06 |     0.8847 |          6.9375 |     1.4014 |          0.7865 |            3210
52:13 |  1198 |     2.344e-06 |     0.8859 |          6.9363 |     1.8764 |          0.7858 |            3210
52:58 |  1199 |     2.344e-06 |     0.8806 |          6.9069 |     1.4293 |          0.7861 |            3210
53:43 |  1200 |     2.344e-06 |     0.8774 |          6.9143 |     1.3653 |          0.7862 |            3210
54:28 |  1201 |     2.344e-06 |     0.8788 |          6.9084 |     1.4202 |          0.7869 |            3210
55:13 |  1202 |     2.344e-06 |     0.8920 |          6.9266 |     1.3904 |          0.7858 |            3210
55:58 |  1203 |     2.344e-06 |     0.8744 |          6.8976 |     1.3308 |          0.7861 |            3210
56:43 |  1204 |     2.344e-06 |     0.8755 |          6.9464 |     1.5220 |          0.7874 |            3210
57:27 |  1205 |     2.344e-06 |     0.8874 |          6.9121 |     1.3915 |          0.7860 |            3210
58:12 |  1206 |     2.344e-06 |     0.8851 |          6.9349 |     1.4756 |          0.7859 |            3210
58:57 |  1207 |     2.344e-06 |     0.8971 |          6.9049 |     1.3362 |          0.7862 |            3210
59:42 |  1208 |     2.344e-06 |     0.8836 |          6.9156 |     1.3669 |          0.7869 |            3210
00:27 |  1209 |     2.344e-06 |     0.8797 |          6.9093 |     1.3171 |          0.7856 |            3210
01:12 |  1210 |     2.344e-06 |     0.8828 |          6.9601 |     1.6174 |          0.7867 |            3210
01:57 |  1211 |     2.344e-06 |     0.8846 |          6.9109 |     1.3606 |          0.7874 |            3210
02:42 |  1212 |     2.344e-06 |     0.8770 |          6.9008 |     1.4502 |          0.7860 |            3210
03:27 |  1213 |     2.344e-06 |     0.8790 |          6.9237 |     1.4298 |          0.7880 |            3210
04:12 |  1214 |     2.344e-06 |     0.8778 |          6.9736 |     1.7645 |          0.7872 |            3210
04:57 |  1215 |     2.344e-06 |     0.8806 |          6.9161 |     1.3201 |          0.7864 |            3210
05:42 |  1216 |     2.344e-06 |     0.8867 |          6.9389 |     1.7710 |          0.7872 |            3210
06:27 |  1217 |     2.344e-06 |     0.8787 |          6.9170 |     1.4054 |          0.7872 |            3210
07:12 |  1218 |     2.344e-06 |     0.8736 |          6.9059 |     1.5394 |          0.7873 |            3210
07:57 |  1219 |     2.344e-06 |     0.8761 |          6.9060 |     1.4161 |          0.7873 |            3210
08:41 |  1220 |     2.344e-06 |     0.8889 |          6.9032 |     1.5307 |          0.7866 |            3210
09:26 |  1221 |     2.344e-06 |     0.8912 |          6.9155 |     1.3255 |          0.7864 |            3210
10:11 |  1222 |     2.344e-06 |     0.8770 |          6.9597 |     1.5778 |          0.7873 |            3210
10:56 |  1223 |     2.344e-06 |     0.8813 |          6.9294 |     1.5475 |          0.7863 |            3210
11:41 |  1224 |     2.344e-06 |     0.8779 |          6.9220 |     1.4164 |          0.7881 |            3210
12:26 |  1225 |     2.344e-06 |     0.8771 |          6.9137 |     1.5643 |          0.7860 |            3210
13:11 |  1226 |     2.344e-06 |     0.8839 |          6.9150 |     1.3646 |          0.7876 |            3210
13:56 |  1227 |     2.344e-06 |     0.8762 |          6.9250 |     1.3555 |          0.7866 |            3210
14:41 |  1228 |     2.344e-06 |     0.8810 |          6.9009 |     1.4102 |          0.7862 |            3210
15:25 |  1229 |     2.344e-06 |     0.8789 |          6.9638 |     1.5401 |          0.7862 |            3210
16:10 |  1230 |     2.344e-06 |     0.8768 |          6.9053 |     1.4807 |          0.7866 |            3210
16:55 |  1231 |     2.344e-06 |     0.8757 |          6.9035 |     1.3012 |          0.7859 |            3210
17:40 |  1232 |     2.344e-06 |     0.8799 |          6.9147 |     1.4832 |          0.7856 |            3210
18:25 |  1233 |     2.344e-06 |     0.8714 |          6.9549 |     1.5278 |          0.7874 |            3210
19:10 |  1234 |     2.344e-06 |     0.8820 |          6.9242 |     1.3197 |          0.7856 |            3210
19:55 |  1235 |     2.344e-06 |     0.8844 |          6.9138 |     1.3240 |          0.7858 |            3210
20:40 |  1236 |     2.344e-06 |     0.8806 |          6.9266 |     1.3119 |          0.7865 |            3210
21:25 |  1237 |     2.344e-06 |     0.8731 |          6.9461 |     1.5352 |          0.7877 |            3210
22:10 |  1238 |     2.344e-06 |     0.8923 |          6.9112 |     1.3672 |          0.7856 |            3210
22:55 |  1239 |     2.344e-06 |     0.8739 |          6.9191 |     1.4188 |          0.7864 |            3210
23:39 |  1240 |     2.344e-06 |     0.8812 |          6.9127 |     1.4042 |          0.7861 |            3210
24:24 |  1241 |     2.344e-06 |     0.8751 |          6.9128 |     1.4262 |          0.7863 |            3210
25:09 |  1242 |     2.344e-06 |     0.8841 |          6.9414 |     1.4686 |          0.7890 |            3210
25:54 |  1243 |     2.344e-06 |     0.8943 |          6.9291 |     1.3146 |          0.7866 |            3210
26:39 |  1244 |     2.344e-06 |     0.8769 |          6.9231 |     1.3569 |          0.7876 |            3210
27:24 |  1245 |     2.344e-06 |     0.8832 |          6.9383 |     1.3291 |          0.7871 |            3210
28:09 |  1246 |     2.344e-06 |     0.8702 |          6.9293 |     1.4287 |          0.7860 |            3210
28:53 |  1247 |     2.344e-06 |     0.8848 |          6.9348 |     1.4230 |          0.7861 |            3210
29:38 |  1248 |     2.344e-06 |     0.8735 |          6.9160 |     1.4589 |          0.7862 |            3210
30:23 |  1249 |     2.344e-06 |     0.8706 |          6.9307 |     1.6524 |          0.7860 |            3210
31:08 |  1250 |     2.344e-06 |     0.8759 |          6.9901 |     1.6560 |          0.7878 |            3210
31:53 |  1251 |     2.344e-06 |     0.8783 |          6.9359 |     1.7293 |          0.7865 |            3210
32:37 |  1252 |     2.344e-06 |     0.8722 |          6.9699 |     1.9441 |          0.7857 |            3210
33:22 |  1253 |     2.344e-06 |     0.8784 |          6.8991 |     1.4640 |          0.7857 |            3210
34:07 |  1254 |     2.344e-06 |     0.8736 |          6.9698 |     1.9867 |          0.7872 |            3210
34:52 |  1255 |     2.344e-06 |     0.8847 |          6.9122 |     1.3806 |          0.7862 |            3210
35:37 |  1256 |     2.344e-06 |     0.8752 |          6.9271 |     1.4084 |          0.7868 |            3210
36:22 |  1257 |     2.344e-06 |     0.8743 |          6.9552 |     1.4888 |          0.7862 |            3210
37:07 |  1258 |     2.344e-06 |     0.8709 |          6.9295 |     1.4960 |          0.7866 |            3210
37:52 |  1259 |     2.344e-06 |     0.8863 |          6.9560 |     1.5042 |          0.7881 |            3210
38:36 |  1260 |     2.344e-06 |     0.8791 |          6.9155 |     1.3305 |          0.7866 |            3210
39:21 |  1261 |     2.344e-06 |     0.8795 |          6.9223 |     1.3431 |          0.7848 |            3210
40:06 |  1262 |     2.344e-06 |     0.8831 |          6.9206 |     1.3092 |          0.7857 |            3210
40:51 |  1263 |     1.172e-06 |     0.8630 |          6.9230 |     1.2979 |          0.7852 |            3210
41:36 |  1264 |     1.172e-06 |     0.8640 |          6.9126 |     1.3407 |          0.7854 |            3210
42:21 |  1265 |     1.172e-06 |     0.8668 |          6.9200 |     1.3391 |          0.7862 |            3210
43:05 |  1266 |     1.172e-06 |     0.8630 |          6.9163 |     1.3503 |          0.7849 |            3210
43:50 |  1267 |     1.172e-06 |     0.8628 |          6.9226 |     1.3104 |          0.7850 |            3210
44:35 |  1268 |     1.172e-06 |     0.8652 |          6.9176 |     1.3160 |          0.7856 |            3210
45:20 |  1269 |     1.172e-06 |     0.8700 |          6.9246 |     1.3405 |          0.7867 |            3210
46:05 |  1270 |     1.172e-06 |     0.8604 |          6.9141 |     1.3190 |          0.7849 |            3210
46:50 |  1271 |     1.172e-06 |     0.8579 |          6.9134 |     1.3501 |          0.7859 |            3210
47:35 |  1272 |     1.172e-06 |     0.8631 |          6.9275 |     1.6061 |          0.7858 |            3210
48:19 |  1273 |     1.172e-06 |     0.8616 |          6.9260 |     1.3311 |          0.7863 |            3210
49:04 |  1274 |     1.172e-06 |     0.8636 |          6.9496 |     1.4418 |          0.7858 |            3210
49:49 |  1275 |     1.172e-06 |     0.8618 |          6.9215 |     1.3034 |          0.7855 |            3210
50:34 |  1276 |     1.172e-06 |     0.8620 |          6.9231 |     1.3600 |          0.7862 |            3210
51:18 |  1277 |     1.172e-06 |     0.8598 |          6.9134 |     1.4691 |          0.7856 |            3210
52:03 |  1278 |     1.172e-06 |     0.8654 |          6.9295 |     1.3132 |          0.7859 |            3210
52:47 |  1279 |     1.172e-06 |     0.8599 |          6.9170 |     1.3830 |          0.7858 |            3210
53:32 |  1280 |     1.172e-06 |     0.8628 |          6.9362 |     1.4092 |          0.7854 |            3210
54:16 |  1281 |     1.172e-06 |     0.8609 |          6.9169 |     1.3757 |          0.7864 |            3210
55:01 |  1282 |     1.172e-06 |     0.8623 |          6.9179 |     1.3524 |          0.7857 |            3210
55:46 |  1283 |     1.172e-06 |     0.8684 |          6.9740 |     2.0337 |          0.7857 |            3210
56:30 |  1284 |     1.172e-06 |     0.8672 |          6.9389 |     1.3868 |          0.7860 |            3210
57:16 |  1285 |     1.172e-06 |     0.8646 |          6.9150 |     1.3655 |          0.7852 |            3210
58:00 |  1286 |     1.172e-06 |     0.8587 |          6.9266 |     1.4650 |          0.7857 |            3210
58:45 |  1287 |     1.172e-06 |     0.8601 |          6.9300 |     1.3354 |          0.7850 |            3210
59:30 |  1288 |     1.172e-06 |     0.8694 |          6.9421 |     1.7469 |          0.7855 |            3210
00:14 |  1289 |     1.172e-06 |     0.8636 |          6.9324 |     1.3374 |          0.7850 |            3210
00:59 |  1290 |     1.172e-06 |     0.8597 |          6.9234 |     1.3322 |          0.7860 |            3210
01:44 |  1291 |     1.172e-06 |     0.8570 |          6.9311 |     1.5436 |          0.7861 |            3210
02:28 |  1292 |     1.172e-06 |     0.8603 |          6.9252 |     1.3214 |          0.7857 |            3210
03:13 |  1293 |     1.172e-06 |     0.8625 |          6.9457 |     1.5187 |          0.7853 |            3210
03:58 |  1294 |     1.172e-06 |     0.8723 |          6.9494 |     1.8406 |          0.7860 |            3210
04:42 |  1295 |     1.172e-06 |     0.8605 |          6.9571 |     1.8491 |          0.7854 |            3210
05:27 |  1296 |     1.172e-06 |     0.8650 |          6.9310 |     1.3939 |          0.7858 |            3210
06:12 |  1297 |     1.172e-06 |     0.8614 |          6.9316 |     1.3574 |          0.7856 |            3210
06:56 |  1298 |     1.172e-06 |     0.8708 |          6.9130 |     1.3299 |          0.7850 |            3210
07:41 |  1299 |     1.172e-06 |     0.8658 |          6.9167 |     1.4059 |          0.7860 |            3210
08:26 |  1300 |     1.172e-06 |     0.8637 |          6.9263 |     1.3296 |          0.7850 |            3210
09:10 |  1301 |     1.172e-06 |     0.8618 |          6.9136 |     1.5060 |          0.7844 |            3210
09:55 |  1302 |     1.172e-06 |     0.8628 |          6.9236 |     1.3611 |          0.7857 |            3210
10:40 |  1303 |     1.172e-06 |     0.8666 |          6.9626 |     1.4872 |          0.7855 |            3210
11:24 |  1304 |     1.172e-06 |     0.8746 |          6.9925 |     2.0699 |          0.7859 |            3210
12:09 |  1305 |     1.172e-06 |     0.8667 |          6.9182 |     1.4483 |          0.7851 |            3210
12:54 |  1306 |     1.172e-06 |     0.8593 |          6.9236 |     1.3354 |          0.7863 |            3210
13:38 |  1307 |     1.172e-06 |     0.8641 |          6.9387 |     1.3627 |          0.7852 |            3210
14:23 |  1308 |     1.172e-06 |     0.8602 |          6.9100 |     1.3235 |          0.7858 |            3210
15:08 |  1309 |     1.172e-06 |     0.8649 |          6.9333 |     1.3332 |          0.7862 |            3210
15:52 |  1310 |     1.172e-06 |     0.8610 |          6.9276 |     1.3011 |          0.7849 |            3210
16:36 |  1311 |     1.172e-06 |     0.8588 |          6.9242 |     1.3173 |          0.7843 |            3210
17:20 |  1312 |     1.172e-06 |     0.8603 |          6.9354 |     1.3632 |          0.7854 |            3210
18:04 |  1313 |     1.172e-06 |     0.8639 |          6.9171 |     1.4801 |          0.7852 |            3210
18:49 |  1314 |     1.172e-06 |     0.8607 |          6.9315 |     1.3519 |          0.7848 |            3210
19:33 |  1315 |     1.172e-06 |     0.8716 |          6.9162 |     1.4702 |          0.7846 |            3210
20:17 |  1316 |     1.172e-06 |     0.8621 |          6.9305 |     1.6782 |          0.7852 |            3210
21:01 |  1317 |     1.172e-06 |     0.8635 |          6.9203 |     1.3010 |          0.7855 |            3210
21:45 |  1318 |     1.172e-06 |     0.8619 |          6.9216 |     1.3207 |          0.7858 |            3210
22:29 |  1319 |     1.172e-06 |     0.8593 |          6.9235 |     1.3403 |          0.7857 |            3210
23:14 |  1320 |     1.172e-06 |     0.8620 |          6.9181 |     1.3775 |          0.7856 |            3210
23:58 |  1321 |     1.172e-06 |     0.8624 |          6.9136 |     1.3958 |          0.7854 |            3210
24:42 |  1322 |     1.172e-06 |     0.8562 |          6.9395 |     1.3972 |          0.7876 |            3210
25:26 |  1323 |     1.172e-06 |     0.8629 |          6.9309 |     1.4788 |          0.7854 |            3210
26:10 |  1324 |     1.172e-06 |     0.8653 |          6.9273 |     1.3686 |          0.7867 |            3210
26:54 |  1325 |     1.172e-06 |     0.8621 |          6.9190 |     1.2988 |          0.7854 |            3210
27:39 |  1326 |     1.172e-06 |     0.8592 |          6.9379 |     1.3916 |          0.7857 |            3210
28:23 |  1327 |     1.172e-06 |     0.8638 |          6.9174 |     1.4002 |          0.7856 |            3210
29:07 |  1328 |     1.172e-06 |     0.8611 |          6.9271 |     1.3324 |          0.7850 |            3210
29:51 |  1329 |     1.172e-06 |     0.8603 |          6.9305 |     1.3195 |          0.7853 |            3210
30:35 |  1330 |     1.172e-06 |     0.8631 |          6.9147 |     1.3839 |          0.7848 |            3210
31:19 |  1331 |     1.172e-06 |     0.8599 |          6.9207 |     1.2976 |          0.7852 |            3210
32:04 |  1332 |     1.172e-06 |     0.8618 |          6.9179 |     1.3845 |          0.7856 |            3210
32:48 |  1333 |     1.172e-06 |     0.8557 |          6.9175 |     1.4489 |          0.7855 |            3210
33:32 |  1334 |     1.172e-06 |     0.8638 |          6.9271 |     1.3505 |          0.7860 |            3210
34:16 |  1335 |     1.172e-06 |     0.8598 |          6.9221 |     1.4398 |          0.7853 |            3210
35:00 |  1336 |     1.172e-06 |     0.8571 |          6.9200 |     1.3865 |          0.7847 |            3210
35:44 |  1337 |     1.172e-06 |     0.8572 |          6.9400 |     1.3793 |          0.7857 |            3210
36:29 |  1338 |     1.172e-06 |     0.8618 |          6.9222 |     1.3450 |          0.7850 |            3210
37:13 |  1339 |     1.172e-06 |     0.8600 |          6.9268 |     1.4851 |          0.7853 |            3210
37:57 |  1340 |     1.172e-06 |     0.8591 |          6.9355 |     1.3414 |          0.7846 |            3210
38:41 |  1341 |     1.172e-06 |     0.8542 |          6.9147 |     1.4333 |          0.7842 |            3210
39:25 |  1342 |     1.172e-06 |     0.8619 |          6.9260 |     1.3550 |          0.7857 |            3210
40:10 |  1343 |     1.172e-06 |     0.8588 |          6.9295 |     1.5164 |          0.7857 |            3210
