 Time | Epoch | Learning rate | Train loss | Validation loss | MAE_energy | MAE_energy_grad | GPU Memory (MB)
00:58 |     1 |     3.000e-04 | 2267093.5599 |      16575.4774 |   226.4076 |         78.8517 |           10119
01:13 |     2 |     3.000e-04 | 11926.8564 |       9379.8297 |   174.8304 |         59.0985 |           10119
01:28 |     3 |     3.000e-04 |  7504.0164 |       6476.6084 |   144.6770 |         49.4607 |           10119
01:44 |     4 |     3.000e-04 |  5680.2285 |       4967.5809 |   126.8019 |         43.7414 |           10177
01:59 |     5 |     3.000e-04 |  4352.8412 |       4057.9266 |   112.6680 |         39.8383 |           10180
02:14 |     6 |     3.000e-04 |  3742.1861 |       3501.4971 |   115.6448 |         36.9893 |           10180
02:29 |     7 |     3.000e-04 |  3215.0772 |       3234.5573 |   120.0787 |         34.7456 |           10180
02:44 |     8 |     3.000e-04 |  2994.6873 |       3436.8235 |   125.9951 |         32.6599 |           10180
02:59 |     9 |     3.000e-04 |  2709.6807 |       2485.5954 |    97.2411 |         31.0871 |           10180
03:14 |    10 |     3.000e-04 |  2397.2843 |       4452.1916 |   204.7450 |         29.6366 |           10180
03:29 |    11 |     3.000e-04 |  2281.3041 |       2067.3259 |    80.3731 |         28.2426 |           10180
03:44 |    12 |     3.000e-04 |  2030.2760 |       1920.8779 |    86.8244 |         27.0882 |           10180
03:59 |    13 |     3.000e-04 |  1978.6757 |       2028.0050 |    87.9695 |         26.0098 |           10180
04:14 |    14 |     3.000e-04 |  1893.0903 |       1912.7958 |   104.7372 |         25.0597 |           10180
04:29 |    15 |     3.000e-04 |  1930.3337 |       1907.5437 |    91.5798 |         24.0890 |           10180
04:44 |    16 |     3.000e-04 |  1707.8295 |       1827.7263 |    94.5068 |         23.3338 |           10180
04:59 |    17 |     3.000e-04 |  1663.2994 |       1426.2146 |    72.5544 |         22.4478 |           10180
05:14 |    18 |     3.000e-04 |  1481.1749 |       1734.5183 |    97.9821 |         21.8157 |           10182
05:29 |    19 |     3.000e-04 |  1406.4456 |       1360.7092 |    85.6877 |         21.2490 |           10185
05:44 |    20 |     3.000e-04 |  1496.5302 |       1123.1044 |    60.0338 |         20.5110 |           10185
05:59 |    21 |     3.000e-04 |  1300.4906 |       1854.6918 |   122.8323 |         20.0537 |           10185
06:14 |    22 |     3.000e-04 |  1775.1197 |       1511.3571 |    98.2154 |         19.5772 |           10185
06:29 |    23 |     3.000e-04 |  1394.3155 |       1135.3764 |    72.8187 |         18.8796 |           10185
06:44 |    24 |     3.000e-04 |  1411.8716 |       2100.3431 |   154.6575 |         18.4140 |           10185
06:59 |    25 |     3.000e-04 |  1383.2944 |       1082.2271 |    71.5614 |         18.0671 |           10185
07:14 |    26 |     3.000e-04 |  3712.6414 |       3104.8467 |   182.5863 |         20.0148 |           10185
07:29 |    27 |     3.000e-04 |  4206.9839 |        845.1438 |    56.1015 |         16.9801 |           10185
07:44 |    28 |     3.000e-04 |  1957.4227 |        849.0950 |    64.2187 |         16.5661 |           10185
07:59 |    29 |     3.000e-04 |  6903.7879 |       1473.0858 |   101.0614 |         18.9085 |           10185
08:14 |    30 |     3.000e-04 |  4514.7242 |       5482.4751 |   263.9682 |         18.0085 |           10185
08:30 |    31 |     3.000e-04 |  4558.2160 |       1498.7986 |   114.2550 |         16.1202 |           10185
08:45 |    32 |     3.000e-04 |  2599.6204 |       4603.9406 |   273.8343 |         15.0814 |           10185
09:00 |    33 |     3.000e-04 | 12375.4934 |      11033.6824 |   440.0725 |         15.9556 |           10185
09:15 |    34 |     3.000e-04 |  1657.8527 |        762.3587 |    71.0038 |         13.8569 |           10185
09:30 |    35 |     3.000e-04 |  4888.0582 |       7009.3860 |   314.9010 |         14.6201 |           10185
09:45 |    36 |     3.000e-04 |  6982.7126 |        901.1802 |    76.4204 |         13.2246 |           10185
10:00 |    37 |     3.000e-04 |  1316.8271 |        657.4065 |    56.9149 |         13.0456 |           10185
10:15 |    38 |     3.000e-04 |  1731.1356 |       2042.0317 |   159.6637 |         13.5476 |           10185
10:30 |    39 |     3.000e-04 |  3030.0832 |       3605.5141 |   236.6157 |         12.8367 |           10185
10:45 |    40 |     3.000e-04 |  1808.7840 |       1775.0969 |   153.8003 |         12.3771 |           10185
11:00 |    41 |     3.000e-04 | 10024.0892 |     204223.5874 |  1932.6241 |         19.4761 |           10185
11:15 |    42 |     3.000e-04 | 21144.8995 |        794.1484 |    84.6544 |         11.5117 |           10185
11:30 |    43 |     3.000e-04 |  1129.5240 |        973.4543 |    96.5014 |         11.2407 |           10185
11:45 |    44 |     3.000e-04 |  1013.5531 |        678.3077 |    66.2816 |         11.5247 |           10185
12:00 |    45 |     3.000e-04 |  1309.4780 |       1662.6283 |   144.9131 |         11.2817 |           10185
12:16 |    46 |     3.000e-04 |  1153.4959 |        687.9942 |    73.0839 |         11.0125 |           10185
12:31 |    47 |     3.000e-04 |   954.5549 |       1932.6091 |   159.9654 |         11.0097 |           10185
12:46 |    48 |     3.000e-04 |  5848.8886 |       2708.7233 |   183.2666 |         13.6478 |           10185
13:01 |    49 |     3.000e-04 |  2822.6400 |        527.5524 |    55.6213 |         10.3370 |           10185
13:16 |    50 |     3.000e-04 |   974.9489 |        898.4990 |   103.3994 |         10.0394 |           10185
13:31 |    51 |     3.000e-04 |  1186.3640 |        526.6938 |    57.8794 |         10.3831 |           10185
13:46 |    52 |     3.000e-04 |  6522.3142 |        502.1409 |    62.8701 |          9.7725 |           10185
14:01 |    53 |     3.000e-04 |  1431.8433 |        624.5559 |    70.3705 |         10.9371 |           10185
14:16 |    54 |     3.000e-04 |  1308.0160 |        808.0114 |    95.7388 |         10.0483 |           10185
14:31 |    55 |     3.000e-04 |  4614.3298 |       9137.7721 |   378.4336 |         11.9570 |           10185
14:46 |    56 |     3.000e-04 |  1913.7053 |       2685.9386 |   191.2834 |          9.5036 |           10185
15:01 |    57 |     3.000e-04 |  1579.5661 |        386.7327 |    48.2270 |          9.3304 |           10185
15:16 |    58 |     3.000e-04 |  2450.2188 |       1748.8243 |   157.6912 |          9.9935 |           10185
15:31 |    59 |     3.000e-04 |  2988.9988 |       1145.8522 |   105.3716 |         11.3600 |           10185
15:46 |    60 |     3.000e-04 |  1417.0246 |       1394.5814 |   129.5216 |          9.2670 |           10185
16:01 |    61 |     3.000e-04 |  3390.2867 |       8182.2951 |   301.6696 |         10.2006 |           10185
16:16 |    62 |     3.000e-04 |  1842.3562 |       1277.0892 |   131.3737 |          8.9447 |           10185
16:31 |    63 |     3.000e-04 |   868.8375 |       1193.7602 |   117.2864 |          8.9792 |           10185
16:46 |    64 |     3.000e-04 |  2785.0355 |       1105.1649 |   109.5662 |          9.2894 |           10185
17:01 |    65 |     3.000e-04 |  1081.0837 |        763.9804 |    76.7860 |          9.0810 |           10185
17:16 |    66 |     3.000e-04 |  1988.3945 |       1293.5322 |   138.6755 |          8.6759 |           10185
17:31 |    67 |     3.000e-04 |  2374.2154 |        599.3197 |    71.2302 |          8.5778 |           10185
17:47 |    68 |     3.000e-04 |  1162.9795 |       2804.5349 |   218.5075 |          8.9984 |           10185
18:02 |    69 |     3.000e-04 |  1682.9812 |        499.7405 |    62.6596 |          8.8380 |           10185
18:17 |    70 |     3.000e-04 |  3246.4887 |       1826.4472 |   141.7527 |          8.5647 |           10185
18:32 |    71 |     3.000e-04 |  1244.7115 |        419.4177 |    59.4314 |          7.9860 |           10185
18:47 |    72 |     3.000e-04 |   645.6695 |        341.2610 |    47.3565 |          8.2491 |           10185
19:02 |    73 |     3.000e-04 |  1050.2698 |       1099.8664 |   108.3977 |          8.8012 |           10185
19:17 |    74 |     3.000e-04 |  2196.2202 |       2444.4105 |   176.2353 |          9.7805 |           10185
19:32 |    75 |     3.000e-04 |  1051.4086 |        440.8608 |    58.2734 |          8.1471 |           10185
19:47 |    76 |     3.000e-04 |  2357.9431 |       1531.4370 |   153.8661 |          8.8524 |           10185
20:02 |    77 |     3.000e-04 |   682.3862 |        964.6432 |   112.3424 |          7.7608 |           10185
20:18 |    78 |     3.000e-04 |   617.2096 |       1598.9690 |   158.8737 |          7.7674 |           10185
20:33 |    79 |     3.000e-04 |  6015.5910 |       1727.6777 |   129.5495 |          9.3441 |           10185
20:48 |    80 |     3.000e-04 |   671.8927 |        739.0749 |    93.2032 |          7.4161 |           10185
21:03 |    81 |     3.000e-04 |   511.6782 |       2089.9071 |   183.5802 |          7.5397 |           10185
21:18 |    82 |     3.000e-04 |   644.0968 |        422.9712 |    62.1364 |          7.7222 |           10185
21:33 |    83 |     3.000e-04 |   919.6011 |        546.8821 |    69.7632 |          7.4630 |           10185
21:48 |    84 |     3.000e-04 |   962.0385 |       7238.8475 |   342.1970 |          8.6238 |           10185
22:03 |    85 |     3.000e-04 |  1030.8119 |        683.3292 |    88.5924 |          7.4588 |           10185
22:18 |    86 |     3.000e-04 |   428.4498 |        306.7829 |    42.2669 |          7.4210 |           10185
22:33 |    87 |     3.000e-04 |   525.4108 |       1146.4805 |   110.7382 |          7.2959 |           10185
22:48 |    88 |     3.000e-04 |   521.2138 |        703.8753 |    96.9568 |          7.5436 |           10185
23:03 |    89 |     3.000e-04 |  1140.5413 |        242.2662 |    32.9975 |          7.0648 |           10185
23:18 |    90 |     3.000e-04 |   668.6185 |        398.9853 |    59.9724 |          7.0772 |           10185
23:33 |    91 |     3.000e-04 |   431.7202 |        753.0877 |    97.4005 |          7.1466 |           10185
23:48 |    92 |     3.000e-04 |  1340.6806 |        288.7379 |    42.6709 |          7.1519 |           10185
24:03 |    93 |     3.000e-04 |   519.2539 |        349.8572 |    52.7612 |          7.0100 |           10185
24:18 |    94 |     3.000e-04 |  1585.7587 |        656.3788 |    68.4094 |         10.7411 |           10185
24:33 |    95 |     3.000e-04 |   833.8088 |        888.6314 |   110.3552 |          6.8829 |           10185
24:48 |    96 |     3.000e-04 |   409.8305 |        457.9849 |    69.1146 |          6.9809 |           10185
25:03 |    97 |     3.000e-04 |   509.2134 |        364.5906 |    59.7809 |          6.8136 |           10185
25:18 |    98 |     3.000e-04 |   299.9971 |        396.2689 |    57.8080 |          6.6393 |           10185
25:33 |    99 |     3.000e-04 |   574.4873 |        492.9935 |    78.2074 |          6.8702 |           10185
25:48 |   100 |     3.000e-04 |   524.1952 |        306.1652 |    47.8905 |          7.0082 |           10185
26:03 |   101 |     3.000e-04 |   714.4291 |        194.7325 |    27.1880 |          6.6838 |           10185
26:18 |   102 |     3.000e-04 |   734.9723 |        231.7469 |    36.6207 |          6.8036 |           10185
26:33 |   103 |     3.000e-04 |   324.1433 |        507.7414 |    82.8488 |          6.3083 |           10185
26:48 |   104 |     3.000e-04 |   470.9438 |        555.4606 |    86.7122 |          6.5476 |           10185
27:03 |   105 |     3.000e-04 |   373.1126 |        313.1037 |    51.5080 |          6.5700 |           10185
27:18 |   106 |     3.000e-04 |  1171.3768 |        208.4484 |    34.3511 |          6.2016 |           10185
27:33 |   107 |     3.000e-04 |   361.5171 |       1293.2419 |   146.5804 |          6.8210 |           10185
27:48 |   108 |     3.000e-04 |   302.0256 |        152.4625 |    21.2553 |          6.0467 |           10185
28:03 |   109 |     3.000e-04 |   313.4739 |        204.6183 |    33.8599 |          6.1654 |           10185
28:18 |   110 |     3.000e-04 |   267.7479 |        400.3649 |    67.0506 |          5.9438 |           10185
28:33 |   111 |     3.000e-04 | 10697.6297 |        797.3836 |    84.7886 |          7.7221 |           10185
28:48 |   112 |     3.000e-04 |   410.3439 |        401.0973 |    65.5518 |          6.6846 |           10185
29:03 |   113 |     3.000e-04 |   272.1257 |        203.0449 |    31.4981 |          6.2829 |           10185
29:18 |   114 |     3.000e-04 |   186.1605 |        174.8881 |    28.3953 |          6.2091 |           10185
29:33 |   115 |     3.000e-04 |   174.6526 |        171.8155 |    26.2017 |          6.0025 |           10185
29:47 |   116 |     3.000e-04 |   148.2705 |        158.6264 |    24.5588 |          5.8900 |           10185
30:02 |   117 |     3.000e-04 |   187.1356 |        174.0367 |    28.7337 |          5.8067 |           10185
30:17 |   118 |     3.000e-04 |   166.6812 |        154.6226 |    26.1668 |          5.6846 |           10185
30:32 |   119 |     3.000e-04 |   161.0590 |        143.7396 |    23.7145 |          5.6110 |           10185
30:47 |   120 |     3.000e-04 |   121.4481 |        225.6640 |    46.0620 |          5.6009 |           10185
31:02 |   121 |     3.000e-04 |   174.0882 |        140.4317 |    23.9301 |          5.4485 |           10185
31:17 |   122 |     3.000e-04 |   146.7762 |        189.3370 |    34.2331 |          5.3398 |           10185
31:32 |   123 |     3.000e-04 |   143.6258 |        135.2344 |    24.7282 |          5.3166 |           10185
31:47 |   124 |     3.000e-04 |   132.1313 |        142.1804 |    25.6952 |          5.3877 |           10185
32:01 |   125 |     3.000e-04 |   149.3494 |        281.8910 |    58.2474 |          5.3503 |           10185
32:16 |   126 |     3.000e-04 |   152.9849 |        346.6111 |    58.8858 |          5.2674 |           10185
32:31 |   127 |     3.000e-04 |   231.9662 |        188.8836 |    37.6514 |          5.2325 |           10185
32:46 |   128 |     3.000e-04 |   130.8782 |        121.8205 |    20.3367 |          5.1397 |           10185
33:01 |   129 |     3.000e-04 |   120.1930 |        398.5483 |    74.8640 |          5.0912 |           10185
33:16 |   130 |     3.000e-04 |   294.8914 |        151.3376 |    30.3781 |          5.0525 |           10185
33:31 |   131 |     3.000e-04 |   134.3011 |        180.8986 |    41.1317 |          5.0469 |           10185
33:46 |   132 |     3.000e-04 |   256.5478 |        280.4782 |    55.7623 |          4.9942 |           10185
34:00 |   133 |     3.000e-04 |   315.0147 |        223.9555 |    43.2933 |          5.3472 |           10185
34:15 |   134 |     3.000e-04 |   346.3756 |        294.9185 |    54.4178 |          5.0104 |           10185
34:30 |   135 |     3.000e-04 |   175.9508 |        619.8054 |    93.9821 |          4.8078 |           10185
34:45 |   136 |     3.000e-04 |   250.1552 |        195.7214 |    41.2586 |          4.8643 |           10185
35:00 |   137 |     3.000e-04 |   171.8137 |        156.0354 |    32.6560 |          4.6466 |           10185
35:15 |   138 |     3.000e-04 |   132.2806 |        489.1827 |    83.0332 |          4.6853 |           10185
35:30 |   139 |     3.000e-04 |   286.7583 |        296.1715 |    51.2279 |          5.4266 |           10185
35:45 |   140 |     3.000e-04 |   280.4481 |        729.6684 |    92.1142 |          4.9645 |           10185
35:59 |   141 |     3.000e-04 |   628.5036 |        123.2136 |    22.9698 |          4.6339 |           10185
36:14 |   142 |     3.000e-04 |   123.7267 |        578.7254 |    92.5728 |          4.6978 |           10185
36:29 |   143 |     3.000e-04 |   536.6700 |        459.0998 |    72.9650 |          5.0203 |           10185
36:44 |   144 |     3.000e-04 |   208.3346 |        209.2584 |    45.7870 |          4.7301 |           10185
36:59 |   145 |     3.000e-04 |   152.2282 |        836.5230 |   118.6767 |          4.4729 |           10185
37:14 |   146 |     3.000e-04 |   160.5749 |        137.5289 |    28.9871 |          4.6705 |           10185
37:29 |   147 |     3.000e-04 |   132.7595 |        390.8820 |    69.8215 |          4.6368 |           10185
37:44 |   148 |     3.000e-04 |   256.4426 |        418.2023 |    76.6155 |          4.5513 |           10185
37:58 |   149 |     3.000e-04 |   297.7549 |         93.7078 |    18.4812 |          4.3175 |           10185
38:13 |   150 |     3.000e-04 |   138.3021 |        262.0797 |    56.1096 |          4.1866 |           10185
38:28 |   151 |     3.000e-04 |   120.0002 |        132.0499 |    30.8340 |          4.1409 |           10185
38:43 |   152 |     3.000e-04 |   124.1058 |        139.9648 |    34.0107 |          4.1774 |           10185
38:58 |   153 |     3.000e-04 |   187.6842 |        745.6524 |    99.2102 |          4.5335 |           10185
39:13 |   154 |     3.000e-04 |   223.4770 |         86.4259 |    15.5708 |          4.1794 |           10185
39:28 |   155 |     3.000e-04 |   134.3391 |        145.7632 |    38.7948 |          4.1089 |           10185
39:42 |   156 |     3.000e-04 | 54444.5117 |       1313.5329 |   104.8810 |         12.7442 |           10185
39:57 |   157 |     3.000e-04 |  1099.0318 |        805.6899 |    86.7802 |          9.7422 |           10185
40:12 |   158 |     3.000e-04 |   801.5404 |        589.7762 |    71.4729 |          9.2783 |           10185
40:27 |   159 |     3.000e-04 |   538.1721 |        424.9866 |    53.2403 |          8.9061 |           10185
40:42 |   160 |     3.000e-04 |   456.5128 |        356.8673 |    48.9239 |          8.6378 |           10185
40:57 |   161 |     3.000e-04 |   370.9153 |        327.8567 |    43.0924 |          8.3165 |           10185
41:12 |   162 |     3.000e-04 |   409.4178 |        324.0136 |    50.7921 |          8.0291 |           10185
41:27 |   163 |     3.000e-04 |   345.2971 |        318.9509 |    44.4618 |          7.7422 |           10185
41:41 |   164 |     3.000e-04 |   289.3040 |        238.2593 |    35.9298 |          7.4481 |           10185
41:56 |   165 |     3.000e-04 |   276.5984 |        726.7813 |    97.8876 |          7.3117 |           10185
42:11 |   166 |     3.000e-04 |   293.9187 |        263.4180 |    39.1419 |          7.1377 |           10185
42:26 |   167 |     3.000e-04 |   223.0177 |        251.5652 |    38.0208 |          7.1243 |           10185
42:41 |   168 |     3.000e-04 |   209.8593 |        236.8776 |    38.4553 |          6.8877 |           10185
42:56 |   169 |     3.000e-04 |   211.6664 |        207.9622 |    31.3305 |          6.7387 |           10185
43:11 |   170 |     3.000e-04 |   298.5339 |        778.7757 |    97.8070 |          6.8676 |           10185
43:25 |   171 |     3.000e-04 |   269.7921 |        282.9224 |    51.3940 |          6.5892 |           10185
43:40 |   172 |     3.000e-04 |   203.5101 |        176.4613 |    29.2339 |          6.4243 |           10185
43:55 |   173 |     3.000e-04 |   200.4729 |        175.7310 |    26.4536 |          6.3099 |           10185
44:10 |   174 |     3.000e-04 |   201.6038 |        389.5842 |    68.9158 |          6.2655 |           10185
44:25 |   175 |     3.000e-04 |   239.0651 |        512.1215 |    78.8135 |          6.0103 |           10185
44:40 |   176 |     3.000e-04 |   167.6487 |        144.5818 |    21.2912 |          5.9192 |           10185
44:55 |   177 |     3.000e-04 |   135.6062 |        155.5996 |    26.4072 |          5.8943 |           10185
45:10 |   178 |     3.000e-04 |   159.5086 |        370.2034 |    69.0327 |          5.7728 |           10185
45:24 |   179 |     3.000e-04 |   140.7207 |        147.7876 |    23.3642 |          5.6505 |           10185
45:39 |   180 |     3.000e-04 |   246.9965 |        236.1769 |    48.2962 |          5.6408 |           10185
45:54 |   181 |     3.000e-04 |   132.6867 |        145.3738 |    24.0466 |          5.4351 |           10185
46:09 |   182 |     3.000e-04 |   249.7082 |        319.8862 |    62.1764 |          5.5974 |           10185
46:24 |   183 |     3.000e-04 |   173.5177 |        120.1622 |    17.9015 |          5.3867 |           10185
46:39 |   184 |     3.000e-04 |   173.0072 |        125.1970 |    19.9141 |          5.3393 |           10185
46:54 |   185 |     3.000e-04 |   122.8340 |        126.2976 |    20.7355 |          5.1337 |           10185
47:08 |   186 |     3.000e-04 |   349.5792 |        291.5327 |    51.9402 |          5.2767 |           10185
47:23 |   187 |     3.000e-04 |   158.8882 |        123.9702 |    23.6060 |          5.0629 |           10185
47:38 |   188 |     3.000e-04 |   373.1488 |       1015.7560 |   119.8191 |          5.7472 |           10185
47:53 |   189 |     3.000e-04 |   231.7052 |        134.7789 |    24.5678 |          5.0425 |           10185
48:08 |   190 |     3.000e-04 |   183.9260 |        279.9759 |    55.5502 |          5.0328 |           10185
48:23 |   191 |     3.000e-04 |   240.6358 |        125.3482 |    23.4149 |          4.8662 |           10185
48:38 |   192 |     3.000e-04 |   160.4355 |        103.4568 |    18.0850 |          4.7837 |           10185
48:53 |   193 |     3.000e-04 |   140.7658 |        523.2823 |    89.1614 |          4.7349 |           10185
49:07 |   194 |     3.000e-04 |   155.5020 |        169.3748 |    35.9866 |          4.8441 |           10185
49:22 |   195 |     3.000e-04 |   126.4170 |        269.4262 |    59.7029 |          4.6813 |           10185
49:37 |   196 |     3.000e-04 |   134.2345 |        521.2912 |    89.3217 |          4.4685 |           10185
49:52 |   197 |     3.000e-04 |   124.5645 |        132.0614 |    25.3397 |          4.4012 |           10185
50:07 |   198 |     3.000e-04 |    96.8626 |        111.3498 |    22.3703 |          4.5381 |           10185
50:22 |   199 |     3.000e-04 |   174.1146 |        192.5097 |    42.4458 |          4.6338 |           10185
50:37 |   200 |     3.000e-04 |   100.6918 |        110.0009 |    22.4920 |          4.3960 |           10185
50:51 |   201 |     3.000e-04 |   131.6098 |        163.8434 |    38.4857 |          4.5575 |           10185
51:06 |   202 |     3.000e-04 |   123.6760 |        607.7029 |    97.0438 |          4.2168 |           10185
51:21 |   203 |     3.000e-04 |   263.2348 |        451.2642 |    82.8488 |          4.7115 |           10185
51:36 |   204 |     3.000e-04 |   257.5516 |         99.1230 |    19.2826 |          4.3150 |           10185
51:51 |   205 |     3.000e-04 |   175.7124 |        131.5788 |    27.3435 |          4.3168 |           10185
52:06 |   206 |     1.500e-04 |    78.9667 |         89.3438 |    17.6706 |          4.1256 |           10185
52:21 |   207 |     1.500e-04 |    65.8508 |         81.2622 |    14.3142 |          4.1001 |           10185
52:36 |   208 |     1.500e-04 |    61.4640 |         90.5919 |    17.7858 |          4.0301 |           10185
52:50 |   209 |     1.500e-04 |    61.7217 |         78.3567 |    14.8232 |          4.0108 |           10185
53:05 |   210 |     1.500e-04 |    58.0634 |         80.4796 |    15.8495 |          3.9513 |           10185
53:20 |   211 |     1.500e-04 |    57.8699 |         78.3688 |    13.3985 |          3.9583 |           10185
53:35 |   212 |     1.500e-04 |    58.7131 |         75.8667 |    14.7104 |          3.9416 |           10185
53:50 |   213 |     1.500e-04 |    55.0482 |         87.3091 |    20.7480 |          3.8908 |           10185
54:05 |   214 |     1.500e-04 |    54.0835 |         80.0366 |    14.8772 |          3.8769 |           10185
54:20 |   215 |     1.500e-04 |    57.9199 |        136.0808 |    29.8757 |          3.8341 |           10185
54:35 |   216 |     1.500e-04 |    64.0764 |         98.4603 |    22.7443 |          3.9273 |           10185
54:49 |   217 |     1.500e-04 |    79.0690 |         81.0043 |    13.6224 |          4.0025 |           10185
55:04 |   218 |     1.500e-04 |    60.1943 |         78.6843 |    14.3715 |          3.7593 |           10185
55:19 |   219 |     1.500e-04 |    73.3087 |         93.8226 |    21.2080 |          3.9359 |           10185
55:34 |   220 |     1.500e-04 |    52.5023 |         74.4207 |    15.4246 |          3.7804 |           10185
55:49 |   221 |     1.500e-04 |    75.4374 |        156.2527 |    35.4309 |          3.8581 |           10185
56:04 |   222 |     1.500e-04 |    74.6603 |         72.8708 |    12.7416 |          3.7467 |           10185
56:19 |   223 |     1.500e-04 |    57.8757 |        133.1182 |    37.9547 |          3.7274 |           10185
56:34 |   224 |     1.500e-04 |    58.5632 |         88.7374 |    19.8576 |          3.6626 |           10185
56:49 |   225 |     1.500e-04 |    59.2368 |         73.4164 |    18.2907 |          3.6826 |           10185
57:04 |   226 |     1.500e-04 |    58.8872 |         72.8669 |    14.0772 |          3.6149 |           10185
57:18 |   227 |     1.500e-04 |    58.5914 |         73.1923 |    14.1830 |          3.5971 |           10185
57:33 |   228 |     1.500e-04 |   103.7573 |         75.8126 |    12.7036 |          3.7607 |           10185
57:48 |   229 |     1.500e-04 |    98.8066 |         87.3526 |    19.1410 |          3.6942 |           10185
58:03 |   230 |     1.500e-04 |    95.7540 |        143.5740 |    38.2567 |          3.5961 |           10185
58:18 |   231 |     1.500e-04 |    87.1307 |         99.4675 |    26.2128 |          3.7177 |           10185
58:33 |   232 |     1.500e-04 |    67.9161 |         84.3986 |    23.2479 |          3.6720 |           10185
58:48 |   233 |     1.500e-04 |    52.8737 |        193.3372 |    49.5860 |          3.5081 |           10185
59:03 |   234 |     1.500e-04 |   111.5018 |         72.8611 |    14.2636 |          3.5365 |           10185
59:18 |   235 |     1.500e-04 |    67.4908 |         73.0736 |    16.0288 |          3.6609 |           10185
59:33 |   236 |     1.500e-04 |    51.3699 |         64.2978 |    11.3064 |          3.4325 |           10185
59:48 |   237 |     1.500e-04 |    72.9831 |         87.3516 |    22.5651 |          3.5209 |           10185
00:03 |   238 |     1.500e-04 |   156.9964 |        107.6990 |    22.9814 |          3.9730 |           10185
00:17 |   239 |     1.500e-04 |   105.6880 |         71.2353 |    12.8784 |          3.5360 |           10185
00:32 |   240 |     1.500e-04 |    63.8577 |         69.2583 |    16.0091 |          3.5328 |           10185
00:47 |   241 |     1.500e-04 |    52.3466 |         80.7114 |    22.8204 |          3.4468 |           10185
01:02 |   242 |     1.500e-04 |    49.2496 |         62.7840 |    11.7236 |          3.4101 |           10185
01:17 |   243 |     1.500e-04 |    45.4011 |         66.5372 |    15.4046 |          3.2927 |           10185
01:32 |   244 |     1.500e-04 |    51.4186 |         80.7155 |    23.9477 |          3.4344 |           10185
01:47 |   245 |     1.500e-04 |    54.5283 |         71.8984 |    18.9551 |          3.3529 |           10185
02:02 |   246 |     1.500e-04 |    42.3528 |         61.6952 |    12.8968 |          3.2165 |           10185
02:17 |   247 |     1.500e-04 |    43.2382 |         78.6238 |    16.5731 |          3.3012 |           10185
02:32 |   248 |     1.500e-04 |    46.3604 |         59.1758 |    11.9390 |          3.2036 |           10185
02:47 |   249 |     1.500e-04 |    60.2841 |        109.1190 |    30.4960 |          3.5216 |           10185
03:02 |   250 |     1.500e-04 |    51.0583 |        106.0794 |    28.7755 |          3.4044 |           10185
03:17 |   251 |     1.500e-04 |    44.2267 |         80.6518 |    21.5248 |          3.4661 |           10185
03:31 |   252 |     1.500e-04 |   288.9298 |        120.3226 |    29.3955 |          3.7149 |           10185
03:46 |   253 |     1.500e-04 |    61.8641 |        109.3337 |    26.2558 |          3.2879 |           10185
04:01 |   254 |     1.500e-04 |    41.5073 |         61.5329 |    11.7220 |          3.2208 |           10185
04:16 |   255 |     1.500e-04 |    44.0381 |         65.8386 |    12.5796 |          3.1910 |           10185
04:31 |   256 |     1.500e-04 |    40.7216 |         56.8955 |    10.1774 |          3.1426 |           10185
04:46 |   257 |     1.500e-04 |    38.9228 |         63.0601 |    13.4721 |          3.1782 |           10185
05:01 |   258 |     1.500e-04 |    44.4543 |         95.9407 |    24.5154 |          3.1897 |           10185
05:16 |   259 |     1.500e-04 |    39.7228 |        110.4049 |    29.3640 |          3.0613 |           10185
05:31 |   260 |     1.500e-04 |    56.0355 |        134.7328 |    35.8285 |          3.1813 |           10185
05:46 |   261 |     1.500e-04 |   121.4772 |         70.8016 |    16.5170 |          3.2282 |           10185
06:01 |   262 |     1.500e-04 |    58.8135 |         90.4187 |    20.0019 |          3.5725 |           10185
06:16 |   263 |     1.500e-04 |    69.7286 |         73.5670 |    13.2912 |          3.1309 |           10185
06:31 |   264 |     1.500e-04 |    40.4288 |         85.6470 |    22.7089 |          3.0873 |           10185
06:45 |   265 |     1.500e-04 |    44.0574 |         80.5863 |    23.0605 |          3.2332 |           10185
07:00 |   266 |     1.500e-04 |    39.7724 |         57.1277 |     9.8381 |          3.0846 |           10185
07:15 |   267 |     1.500e-04 |    44.5014 |         68.0681 |    18.7115 |          3.0239 |           10185
07:30 |   268 |     1.500e-04 |    31.1816 |         70.6881 |    17.7969 |          2.9865 |           10185
07:45 |   269 |     1.500e-04 |    40.4693 |         55.3452 |    10.0234 |          2.9854 |           10185
08:00 |   270 |     1.500e-04 |    41.8680 |         89.4806 |    27.5230 |          3.0579 |           10185
08:15 |   271 |     1.500e-04 |    47.1842 |         67.2463 |    21.0471 |          3.1541 |           10185
08:30 |   272 |     1.500e-04 |    66.9619 |         68.2469 |    14.9011 |          3.1414 |           10185
08:45 |   273 |     1.500e-04 |    41.8962 |        119.5607 |    32.1203 |          3.2232 |           10185
09:00 |   274 |     1.500e-04 |    60.6805 |        103.8554 |    24.4088 |          3.1355 |           10185
09:15 |   275 |     1.500e-04 |    59.7671 |         65.8275 |    14.4540 |          3.1414 |           10185
09:30 |   276 |     1.500e-04 |    35.3420 |         68.9965 |    16.9952 |          2.9622 |           10185
09:45 |   277 |     1.500e-04 |    37.5435 |         66.4775 |    20.3253 |          3.0137 |           10185
09:59 |   278 |     1.500e-04 |    51.6839 |        100.0807 |    29.1511 |          3.0729 |           10185
10:14 |   279 |     1.500e-04 |    50.9730 |        136.2901 |    38.6989 |          3.1606 |           10185
10:29 |   280 |     1.500e-04 |    57.1378 |         74.8724 |    13.1749 |          3.1980 |           10185
10:44 |   281 |     1.500e-04 |    53.3414 |         70.3230 |    18.4347 |          3.1042 |           10185
10:59 |   282 |     1.500e-04 |    39.4419 |         54.4230 |    10.2230 |          2.8759 |           10185
11:14 |   283 |     1.500e-04 |    45.1539 |         56.9638 |    10.6062 |          3.1230 |           10185
11:29 |   284 |     1.500e-04 | 10065.1955 |       1510.2363 |   118.5699 |         10.0233 |           10185
11:44 |   285 |     1.500e-04 |   575.0963 |        379.0430 |    55.9885 |          7.5582 |           10185
11:59 |   286 |     1.500e-04 |   317.4215 |        280.9977 |    40.4831 |          6.8401 |           10185
12:14 |   287 |     1.500e-04 |   263.9034 |        227.5044 |    33.8173 |          6.4617 |           10185
12:29 |   288 |     1.500e-04 |   211.2705 |        200.8664 |    33.6837 |          6.2446 |           10185
12:43 |   289 |     1.500e-04 |   181.7588 |        179.0051 |    27.9060 |          5.9197 |           10185
12:58 |   290 |     1.500e-04 |   156.2460 |        172.3081 |    28.2107 |          5.8396 |           10185
13:13 |   291 |     1.500e-04 |   142.7440 |        223.6958 |    44.8435 |          5.6347 |           10185
13:28 |   292 |     1.500e-04 |   123.6367 |        144.2246 |    22.2721 |          5.4465 |           10185
13:43 |   293 |     1.500e-04 |   114.4865 |        143.3205 |    21.6151 |          5.3916 |           10185
13:58 |   294 |     1.500e-04 |   105.5330 |        127.4207 |    19.1158 |          5.2024 |           10185
14:13 |   295 |     1.500e-04 |    91.9735 |        126.7668 |    22.2359 |          5.0828 |           10185
14:28 |   296 |     1.500e-04 |    88.8207 |        119.7028 |    19.1395 |          5.0419 |           10185
14:42 |   297 |     1.500e-04 |    82.7376 |        123.8551 |    23.6729 |          4.8659 |           10185
14:57 |   298 |     1.500e-04 |    77.2085 |        109.3836 |    15.4134 |          4.7810 |           10185
15:12 |   299 |     1.500e-04 |    78.7796 |        111.9977 |    20.2383 |          4.7086 |           10185
15:27 |   300 |     1.500e-04 |    74.8854 |        106.2149 |    16.5478 |          4.6465 |           10185
15:42 |   301 |     1.500e-04 |    65.5041 |         99.3525 |    14.6601 |          4.5092 |           10185
15:57 |   302 |     1.500e-04 |    64.5245 |        106.1196 |    19.2238 |          4.4637 |           10185
16:12 |   303 |     1.500e-04 |    62.0385 |        118.3626 |    22.2175 |          4.3518 |           10185
16:27 |   304 |     1.500e-04 |    63.2959 |         91.5736 |    12.6361 |          4.3060 |           10185
16:41 |   305 |     1.500e-04 |    58.4908 |        101.8912 |    17.9714 |          4.2715 |           10185
16:56 |   306 |     1.500e-04 |    55.2189 |         92.1197 |    14.0830 |          4.2125 |           10185
17:11 |   307 |     1.500e-04 |    55.7208 |         86.8712 |    13.0206 |          4.1475 |           10185
17:26 |   308 |     1.500e-04 |    63.6665 |        123.7407 |    26.5758 |          4.0854 |           10185
17:41 |   309 |     1.500e-04 |    51.7155 |         83.7796 |    12.3763 |          4.0350 |           10185
17:56 |   310 |     1.500e-04 |    60.9974 |         93.1872 |    18.9198 |          3.9412 |           10185
18:11 |   311 |     1.500e-04 |    53.0421 |        109.2583 |    27.4130 |          3.9055 |           10185
18:26 |   312 |     1.500e-04 |    54.8450 |        109.3645 |    24.2372 |          3.8560 |           10185
18:40 |   313 |     1.500e-04 |    50.5038 |        163.7403 |    42.6226 |          3.8591 |           10185
18:55 |   314 |     1.500e-04 |    63.7076 |         77.2909 |    10.3864 |          3.7513 |           10185
19:10 |   315 |     1.500e-04 |    62.6573 |         77.4514 |    11.3334 |          3.7034 |           10185
19:25 |   316 |     1.500e-04 |    41.8728 |         92.2685 |    22.9696 |          3.6666 |           10185
19:40 |   317 |     1.500e-04 |    62.6042 |         75.8193 |    10.0991 |          3.6963 |           10185
19:55 |   318 |     1.500e-04 |    39.6825 |         74.1978 |    11.1807 |          3.5981 |           10185
20:10 |   319 |     1.500e-04 |    43.2990 |         77.9871 |    12.3499 |          3.5823 |           10185
20:25 |   320 |     1.500e-04 |    66.1005 |        511.8544 |    88.7722 |          3.6020 |           10185
20:39 |   321 |     1.500e-04 |    58.7069 |         75.5564 |    11.0758 |          3.4959 |           10185
20:54 |   322 |     1.500e-04 |    44.1265 |         75.2304 |    12.0466 |          3.5038 |           10185
21:09 |   323 |     1.500e-04 |    67.1010 |         74.2671 |    12.3551 |          3.4529 |           10185
21:24 |   324 |     1.500e-04 |    56.9263 |         75.0561 |    14.3777 |          3.3872 |           10185
21:39 |   325 |     1.500e-04 |    39.4311 |         78.2767 |    15.2363 |          3.4472 |           10185
21:54 |   326 |     1.500e-04 |    71.6422 |         80.4814 |    19.2883 |          3.3558 |           10185
22:09 |   327 |     1.500e-04 |    53.0224 |         70.8725 |    14.6025 |          3.3596 |           10185
22:24 |   328 |     1.500e-04 |    42.7835 |         69.6910 |    11.2385 |          3.3055 |           10185
22:38 |   329 |     1.500e-04 |    50.7577 |         67.4395 |    10.5917 |          3.3066 |           10185
22:53 |   330 |     1.500e-04 |    43.9343 |         66.0848 |    11.1712 |          3.3158 |           10185
23:08 |   331 |     1.500e-04 |    63.8385 |        400.0188 |    76.0573 |          3.3365 |           10185
23:23 |   332 |     1.500e-04 |   142.4980 |         70.7326 |    15.1341 |          3.3628 |           10185
23:38 |   333 |     1.500e-04 |    43.7371 |         72.1676 |    13.3429 |          3.4091 |           10185
23:53 |   334 |     7.500e-05 |    29.9584 |         64.3738 |     9.7201 |          3.1548 |           10185
24:08 |   335 |     7.500e-05 |    26.9630 |         62.3161 |     9.2165 |          3.1547 |           10185
24:23 |   336 |     7.500e-05 |    26.8680 |         61.7938 |     8.8992 |          3.1377 |           10185
24:37 |   337 |     7.500e-05 |    29.4546 |         85.3122 |    24.4828 |          3.1084 |           10185
24:52 |   338 |     7.500e-05 |    29.0687 |         68.6799 |    16.3076 |          3.1158 |           10185
25:07 |   339 |     7.500e-05 |    28.0098 |         63.2155 |     8.8796 |          3.0789 |           10185
25:22 |   340 |     7.500e-05 |    29.4821 |         62.1726 |    11.1396 |          3.0847 |           10185
25:37 |   341 |     7.500e-05 |    27.0029 |         62.4363 |    10.8752 |          3.0708 |           10185
25:52 |   342 |     7.500e-05 |    29.2543 |         61.5484 |    10.1153 |          3.0646 |           10185
26:07 |   343 |     7.500e-05 |    29.8586 |         64.9658 |    14.4623 |          3.0393 |           10185
26:22 |   344 |     7.500e-05 |    30.7355 |         63.0966 |    10.7472 |          3.0527 |           10185
26:36 |   345 |     7.500e-05 |    28.5758 |         63.0836 |    10.3467 |          3.0282 |           10185
26:51 |   346 |     7.500e-05 |    38.8518 |         62.3356 |    12.1525 |          2.9952 |           10185
27:06 |   347 |     7.500e-05 |    26.3297 |         91.0455 |    25.8935 |          3.0214 |           10185
27:21 |   348 |     7.500e-05 |    35.0670 |         73.7776 |    16.4749 |          2.9733 |           10185
27:36 |   349 |     7.500e-05 |    33.9690 |         69.1865 |    13.1984 |          2.9788 |           10185
27:51 |   350 |     7.500e-05 |    31.7415 |         70.3209 |    17.0349 |          3.0400 |           10185
28:06 |   351 |     7.500e-05 |    29.1315 |         81.3811 |    22.4596 |          2.9326 |           10185
28:21 |   352 |     7.500e-05 |    35.4286 |        173.9574 |    45.9221 |          2.9516 |           10185
28:36 |   353 |     7.500e-05 |    39.5585 |         66.9146 |    11.0008 |          2.9723 |           10185
28:50 |   354 |     7.500e-05 |    23.7939 |         58.0413 |     7.4484 |          2.9001 |           10185
29:05 |   355 |     7.500e-05 |    31.4458 |         61.4014 |    10.1509 |          2.9518 |           10185
29:20 |   356 |     7.500e-05 |    32.8972 |         57.3566 |     8.0963 |          2.9099 |           10185
29:35 |   357 |     7.500e-05 |    25.3569 |         63.9080 |    12.5041 |          2.8439 |           10185
29:50 |   358 |     7.500e-05 |    43.0503 |         97.6741 |    24.9512 |          2.8576 |           10185
30:05 |   359 |     7.500e-05 |    27.9982 |         74.6678 |    14.1095 |          2.8716 |           10185
30:20 |   360 |     7.500e-05 |    30.9912 |         77.0129 |    15.2610 |          2.9204 |           10185
30:35 |   361 |     7.500e-05 |    56.5828 |         68.7179 |    14.9990 |          3.1037 |           10185
30:49 |   362 |     7.500e-05 |    50.4267 |         60.7041 |     9.2039 |          2.9024 |           10185
31:04 |   363 |     7.500e-05 |    30.9307 |         65.5610 |    15.5096 |          2.8913 |           10185
31:19 |   364 |     7.500e-05 |    24.4345 |         64.1235 |    16.8288 |          2.8221 |           10185
31:34 |   365 |     7.500e-05 |    25.0454 |         55.7845 |     9.1609 |          2.8373 |           10185
31:49 |   366 |     7.500e-05 |    25.0661 |         56.9981 |     9.9767 |          2.8183 |           10185
32:04 |   367 |     7.500e-05 |    29.7939 |        194.0767 |    51.0233 |          2.8895 |           10185
32:19 |   368 |     7.500e-05 |    59.4800 |         83.1867 |    20.5430 |          2.8471 |           10185
32:34 |   369 |     7.500e-05 |    30.1314 |         65.0664 |     9.8841 |          2.8119 |           10185
32:48 |   370 |     7.500e-05 |    27.6555 |         85.8777 |    25.3198 |          2.8096 |           10185
33:03 |   371 |     7.500e-05 |    25.9020 |         57.2435 |     8.7731 |          2.7614 |           10185
33:18 |   372 |     7.500e-05 |    30.6295 |         66.3165 |    11.3861 |          2.7890 |           10185
33:33 |   373 |     7.500e-05 |    28.7509 |         72.3271 |    18.3861 |          2.7824 |           10185
33:48 |   374 |     7.500e-05 |    30.3916 |         58.4713 |    11.3269 |          2.7959 |           10185
34:03 |   375 |     7.500e-05 |    33.3054 |         55.9070 |    10.5571 |          2.7697 |           10185
34:18 |   376 |     7.500e-05 |    33.2134 |         70.6950 |    17.5548 |          2.7910 |           10185
34:33 |   377 |     7.500e-05 |    36.9182 |         72.2626 |    17.2712 |          2.7468 |           10185
34:47 |   378 |     7.500e-05 |    31.0305 |         61.0508 |    13.9179 |          2.7546 |           10185
35:02 |   379 |     7.500e-05 |    31.2859 |         63.1351 |    16.4708 |          2.7199 |           10185
35:17 |   380 |     7.500e-05 |    42.2434 |         63.7215 |    15.5306 |          2.8174 |           10185
35:32 |   381 |     7.500e-05 |    21.2834 |         56.8442 |    10.6917 |          2.7884 |           10185
35:47 |   382 |     7.500e-05 |    23.8913 |         55.3527 |     8.6354 |          2.7305 |           10185
36:02 |   383 |     7.500e-05 |    26.3116 |         61.5250 |    10.0320 |          2.7121 |           10185
36:17 |   384 |     7.500e-05 |    24.0004 |         58.4019 |    10.8934 |          2.6627 |           10185
36:32 |   385 |     3.750e-05 |    18.5962 |         56.1218 |    10.0230 |          2.6629 |           10185
36:46 |   386 |     3.750e-05 |    19.1485 |         56.2722 |     9.9031 |          2.6533 |           10185
37:01 |   387 |     3.750e-05 |    19.0613 |         53.4873 |     7.5079 |          2.6389 |           10185
37:16 |   388 |     3.750e-05 |    19.3804 |         59.3264 |    12.1145 |          2.6230 |           10185
37:31 |   389 |     3.750e-05 |    18.5686 |         52.1672 |     8.0582 |          2.6362 |           10185
37:46 |   390 |     3.750e-05 |    19.2205 |         53.9436 |     9.1499 |          2.6292 |           10185
38:01 |   391 |     3.750e-05 |    18.9508 |         57.2969 |    13.6955 |          2.6483 |           10185
38:16 |   392 |     3.750e-05 |    18.6948 |         51.3880 |     8.0800 |          2.6478 |           10185
38:31 |   393 |     3.750e-05 |    18.6549 |         60.8362 |    13.0360 |          2.6096 |           10185
38:46 |   394 |     3.750e-05 |    18.6916 |         54.5264 |     8.1148 |          2.6102 |           10185
39:00 |   395 |     3.750e-05 |    20.4512 |         61.2050 |    14.9179 |          2.6831 |           10185
39:15 |   396 |     3.750e-05 |    21.6922 |         55.1973 |     9.8737 |          2.5922 |           10185
39:30 |   397 |     3.750e-05 |    19.5608 |         52.8873 |     7.8923 |          2.6043 |           10185
39:45 |   398 |     3.750e-05 |    18.2454 |         50.4155 |     7.6403 |          2.6036 |           10185
40:00 |   399 |     3.750e-05 |    20.5746 |         57.7586 |    12.0547 |          2.5936 |           10185
40:15 |   400 |     3.750e-05 |    20.0781 |         54.5231 |    12.3052 |          2.5966 |           10185
40:30 |   401 |     3.750e-05 |    18.7841 |         55.3808 |     8.9169 |          2.6047 |           10185
40:45 |   402 |     3.750e-05 |    20.8323 |         62.1585 |    15.8907 |          2.5904 |           10185
41:00 |   403 |     3.750e-05 |    21.7778 |         54.5129 |     9.8210 |          2.5508 |           10185
41:14 |   404 |     3.750e-05 |    21.0392 |         51.5398 |     9.0177 |          2.5524 |           10185
41:29 |   405 |     3.750e-05 |    22.0597 |         55.9146 |    12.2704 |          2.5659 |           10185
41:44 |   406 |     3.750e-05 |    17.7894 |         55.8596 |    11.5574 |          2.5646 |           10185
41:59 |   407 |     3.750e-05 |    19.4206 |         54.7552 |    10.4444 |          2.5910 |           10185
42:14 |   408 |     3.750e-05 |    19.7095 |         51.5694 |     7.4922 |          2.5653 |           10185
42:29 |   409 |     3.750e-05 |    18.2925 |         50.1299 |     7.8722 |          2.5444 |           10185
42:44 |   410 |     3.750e-05 |    20.0580 |         56.5807 |    11.8381 |          2.5958 |           10185
42:59 |   411 |     3.750e-05 |    20.8070 |         53.1579 |     8.1681 |          2.5331 |           10185
43:13 |   412 |     3.750e-05 |    19.5784 |         55.8838 |    14.4524 |          2.5519 |           10185
43:28 |   413 |     3.750e-05 |    22.9508 |         50.9861 |     8.8056 |          2.5719 |           10185
43:43 |   414 |     3.750e-05 |    19.8945 |         68.5144 |    21.3650 |          2.5396 |           10185
43:58 |   415 |     3.750e-05 |    18.0739 |         49.2870 |     7.3889 |          2.5522 |           10185
44:13 |   416 |     3.750e-05 |    19.5638 |         61.6170 |    17.8890 |          2.5268 |           10185
44:28 |   417 |     3.750e-05 |    18.8853 |         53.8508 |    10.6185 |          2.4905 |           10185
44:43 |   418 |     3.750e-05 |    17.5225 |         50.1833 |     6.7459 |          2.5021 |           10185
44:58 |   419 |     3.750e-05 |    18.5964 |         50.7044 |     7.7416 |          2.5080 |           10185
45:13 |   420 |     3.750e-05 |    20.5967 |         52.6957 |     8.7248 |          2.5243 |           10185
45:28 |   421 |     3.750e-05 |    19.4794 |         52.9180 |     7.7902 |          2.4748 |           10185
45:43 |   422 |     3.750e-05 |    19.8172 |         51.6294 |    10.6539 |          2.4833 |           10185
45:58 |   423 |     3.750e-05 |    17.0862 |         50.9507 |     7.5115 |          2.5172 |           10185
46:12 |   424 |     3.750e-05 |    19.2036 |         60.8712 |    12.3978 |          2.5215 |           10185
46:27 |   425 |     3.750e-05 |    20.4639 |         49.3662 |     6.4117 |          2.4974 |           10185
46:42 |   426 |     3.750e-05 |    20.9117 |         55.8461 |    14.7201 |          2.4593 |           10185
46:57 |   427 |     3.750e-05 |    24.4795 |         54.8557 |     7.7820 |          2.4661 |           10185
47:12 |   428 |     3.750e-05 |    18.9468 |         50.0434 |     6.8970 |          2.4787 |           10185
47:27 |   429 |     3.750e-05 |    17.4019 |         51.8153 |    11.6920 |          2.4762 |           10185
47:42 |   430 |     3.750e-05 |    16.8068 |         49.9970 |    10.7081 |          2.4742 |           10185
47:57 |   431 |     3.750e-05 |    17.8358 |         47.1458 |     6.9865 |          2.5192 |           10185
48:12 |   432 |     3.750e-05 |    18.3589 |         55.6007 |     9.7611 |          2.4389 |           10185
48:27 |   433 |     3.750e-05 |    16.6773 |         53.5115 |    10.0003 |          2.4512 |           10185
48:42 |   434 |     3.750e-05 |    16.1262 |         54.2822 |    10.1265 |          2.4239 |           10185
48:57 |   435 |     3.750e-05 |    18.5772 |         53.2025 |     9.1191 |          2.4454 |           10185
49:11 |   436 |     3.750e-05 |    18.8899 |         55.9724 |    11.9040 |          2.4651 |           10185
49:26 |   437 |     3.750e-05 |    16.9467 |         51.6445 |    11.0910 |          2.4271 |           10185
49:41 |   438 |     3.750e-05 |    18.7862 |         49.5979 |     7.5407 |          2.4436 |           10185
49:56 |   439 |     3.750e-05 |    18.8458 |         52.9039 |    10.2339 |          2.4633 |           10185
50:11 |   440 |     3.750e-05 |    18.4400 |         47.7595 |     8.2436 |          2.4678 |           10185
50:26 |   441 |     3.750e-05 |    17.2866 |         48.5002 |     8.5358 |          2.4416 |           10185
50:41 |   442 |     3.750e-05 |    18.9483 |         48.3539 |     7.8049 |          2.4616 |           10185
50:56 |   443 |     3.750e-05 |    16.6026 |         48.7940 |     9.7630 |          2.4288 |           10185
51:10 |   444 |     3.750e-05 |    16.7400 |         52.3000 |    10.6929 |          2.4465 |           10185
51:25 |   445 |     3.750e-05 |    16.3156 |         49.7258 |     6.4236 |          2.3888 |           10185
51:40 |   446 |     3.750e-05 |    15.7253 |         49.6904 |     7.2856 |          2.4006 |           10185
51:55 |   447 |     3.750e-05 |    17.1773 |         47.7923 |     6.7958 |          2.4105 |           10185
52:10 |   448 |     3.750e-05 |    16.6833 |         48.0736 |     6.8964 |          2.4323 |           10185
52:25 |   449 |     3.750e-05 |    16.5806 |         48.9954 |     7.5765 |          2.3763 |           10185
52:40 |   450 |     3.750e-05 |    16.4412 |         56.4049 |    10.7704 |          2.4608 |           10185
52:55 |   451 |     3.750e-05 |    21.0841 |         49.6660 |     9.3080 |          2.3974 |           10185
53:09 |   452 |     3.750e-05 |    15.9299 |         48.8994 |     9.6909 |          2.3861 |           10185
53:24 |   453 |     3.750e-05 |    14.8237 |         59.0141 |    16.9824 |          2.3842 |           10185
53:39 |   454 |     3.750e-05 |    19.8228 |         48.3781 |     7.4184 |          2.3976 |           10185
53:54 |   455 |     3.750e-05 |    19.4353 |         51.6478 |     9.7078 |          2.3814 |           10185
54:09 |   456 |     3.750e-05 |    17.2481 |         50.6906 |    11.6699 |          2.3920 |           10185
54:24 |   457 |     3.750e-05 |    16.0857 |         52.1215 |    10.3939 |          2.4162 |           10185
54:39 |   458 |     3.750e-05 |    17.1216 |         48.9654 |     8.4151 |          2.3582 |           10185
54:54 |   459 |     3.750e-05 |    17.2826 |         50.6852 |     8.8195 |          2.3835 |           10185
55:09 |   460 |     3.750e-05 |    18.5421 |         50.8152 |     8.0533 |          2.3918 |           10185
55:23 |   461 |     3.750e-05 |    23.4351 |         56.2515 |    11.0137 |          2.3945 |           10185
55:38 |   462 |     3.750e-05 |    19.8990 |         77.0330 |    23.0591 |          2.4685 |           10185
55:53 |   463 |     3.750e-05 |    22.6682 |         49.3900 |     7.2280 |          2.3901 |           10185
56:08 |   464 |     3.750e-05 |    16.0092 |         47.9615 |     7.6162 |          2.4087 |           10185
56:23 |   465 |     3.750e-05 |    16.8571 |         46.9806 |     6.7997 |          2.3560 |           10185
56:38 |   466 |     3.750e-05 |    16.2252 |         54.2417 |    10.2649 |          2.3875 |           10185
56:53 |   467 |     3.750e-05 |    15.7270 |         46.7618 |     6.2794 |          2.3401 |           10185
57:08 |   468 |     3.750e-05 |    15.6871 |         54.6915 |    14.0914 |          2.3786 |           10185
57:23 |   469 |     3.750e-05 |    15.6132 |         47.7726 |     7.5024 |          2.3375 |           10185
57:38 |   470 |     3.750e-05 |    14.6168 |         48.5301 |     7.5515 |          2.3669 |           10185
57:53 |   471 |     3.750e-05 |    15.8292 |         46.9326 |     6.6067 |          2.3920 |           10185
58:07 |   472 |     3.750e-05 |    15.4145 |         46.0895 |     7.2046 |          2.3634 |           10185
58:22 |   473 |     3.750e-05 |    16.7607 |         45.8023 |     6.6629 |          2.3373 |           10185
58:37 |   474 |     3.750e-05 |    14.1730 |         47.8410 |     7.9903 |          2.3880 |           10185
58:52 |   475 |     3.750e-05 |    17.5922 |         51.2178 |    12.9828 |          2.3968 |           10185
59:07 |   476 |     3.750e-05 |    15.5425 |         56.3921 |    12.8296 |          2.3399 |           10185
59:22 |   477 |     3.750e-05 |    17.5140 |         52.9926 |    14.3905 |          2.3260 |           10185
59:37 |   478 |     3.750e-05 |    14.7078 |         50.0375 |     6.8864 |          2.3564 |           10185
59:52 |   479 |     3.750e-05 |    16.7702 |         48.6676 |     8.2121 |          2.3188 |           10185
00:07 |   480 |     3.750e-05 |    14.8056 |         47.3414 |     6.0333 |          2.3245 |           10185
00:21 |   481 |     3.750e-05 |    13.9018 |         45.5626 |     6.2922 |          2.3100 |           10185
00:36 |   482 |     3.750e-05 |    13.7917 |         46.8377 |     6.8252 |          2.3032 |           10185
00:51 |   483 |     3.750e-05 |    18.3446 |         49.7069 |     8.3481 |          2.3594 |           10185
01:06 |   484 |     3.750e-05 |    14.0765 |         48.1184 |     6.8469 |          2.2934 |           10185
01:21 |   485 |     3.750e-05 |    15.5493 |         50.7432 |    12.1813 |          2.3317 |           10185
01:36 |   486 |     3.750e-05 |    14.9095 |         47.2468 |     8.6636 |          2.2913 |           10185
01:51 |   487 |     3.750e-05 |    14.4141 |         47.5250 |     7.6949 |          2.2850 |           10185
02:06 |   488 |     3.750e-05 |    14.9625 |         47.0220 |     6.5496 |          2.3003 |           10185
02:20 |   489 |     3.750e-05 |    14.4920 |         47.5711 |     8.6473 |          2.3273 |           10185
02:35 |   490 |     3.750e-05 |    17.6135 |         46.1167 |     6.7204 |          2.3042 |           10185
02:50 |   491 |     3.750e-05 |    15.0583 |         47.1025 |     6.8957 |          2.3245 |           10185
03:05 |   492 |     3.750e-05 |    14.9204 |         47.0011 |    10.5303 |          2.3506 |           10185
03:20 |   493 |     3.750e-05 |    16.6423 |         47.9481 |     9.1916 |          2.2845 |           10185
03:35 |   494 |     3.750e-05 |    16.2815 |         52.8006 |    10.9735 |          2.2908 |           10185
03:50 |   495 |     3.750e-05 |    13.8908 |         50.5364 |     9.1851 |          2.2636 |           10185
04:05 |   496 |     3.750e-05 |    15.4127 |         50.2636 |     8.0402 |          2.2603 |           10185
04:19 |   497 |     3.750e-05 |    19.2535 |         49.9044 |    10.3888 |          2.2856 |           10185
04:34 |   498 |     3.750e-05 |    14.6831 |         48.6979 |     9.1833 |          2.2651 |           10185
04:49 |   499 |     3.750e-05 |    13.9548 |         50.9634 |     8.3957 |          2.2724 |           10185
05:04 |   500 |     3.750e-05 |    17.0362 |         63.0254 |    15.7609 |          2.2921 |           10185
05:19 |   501 |     3.750e-05 |    15.7639 |         52.9512 |     9.6450 |          2.2762 |           10185
05:34 |   502 |     3.750e-05 |    15.7374 |         52.5273 |     9.1831 |          2.2606 |           10185
05:49 |   503 |     3.750e-05 |    14.0220 |         45.9483 |     6.9693 |          2.2595 |           10185
06:04 |   504 |     3.750e-05 |    14.8960 |         53.6254 |    12.1954 |          2.3137 |           10185
06:19 |   505 |     3.750e-05 |    16.7326 |         49.7681 |     9.2381 |          2.2592 |           10185
06:34 |   506 |     3.750e-05 |    17.2622 |         45.7325 |     7.0351 |          2.2776 |           10185
06:48 |   507 |     3.750e-05 |    15.6902 |         56.1578 |    13.8020 |          2.2928 |           10185
07:03 |   508 |     3.750e-05 |    14.5080 |         56.1911 |    13.6657 |          2.2178 |           10185
07:18 |   509 |     3.750e-05 |    13.7793 |         46.8911 |     6.8127 |          2.2594 |           10185
07:33 |   510 |     3.750e-05 |    14.2440 |         65.5053 |    20.8003 |          2.2799 |           10185
07:48 |   511 |     3.750e-05 |    17.5352 |         47.4473 |     7.4720 |          2.2543 |           10185
08:03 |   512 |     3.750e-05 |    16.5042 |         48.6234 |     9.5874 |          2.2206 |           10185
08:18 |   513 |     3.750e-05 |    17.3328 |         45.2318 |     7.1292 |          2.2628 |           10185
08:33 |   514 |     3.750e-05 |    14.7899 |         53.1526 |    12.2694 |          2.2187 |           10185
08:47 |   515 |     3.750e-05 |    15.2051 |         46.6125 |     6.9336 |          2.2191 |           10185
09:02 |   516 |     3.750e-05 |    13.0537 |         46.3054 |     6.9920 |          2.2265 |           10185
09:17 |   517 |     3.750e-05 |    15.6106 |         45.2425 |     6.3270 |          2.2387 |           10185
09:32 |   518 |     3.750e-05 |    13.3779 |         47.3376 |     8.3475 |          2.2148 |           10185
09:47 |   519 |     3.750e-05 |    13.4506 |         49.3385 |     8.6588 |          2.2264 |           10185
10:02 |   520 |     3.750e-05 |    14.0682 |         45.4760 |     6.4335 |          2.2323 |           10185
10:17 |   521 |     3.750e-05 |    14.1358 |         46.6114 |     6.5290 |          2.2067 |           10185
10:32 |   522 |     3.750e-05 |    15.5391 |         51.7004 |     9.5453 |          2.3079 |           10185
10:46 |   523 |     3.750e-05 |    15.5207 |         51.3047 |     8.1154 |          2.2422 |           10185
11:01 |   524 |     3.750e-05 |    19.9606 |         50.3183 |    10.2631 |          2.2979 |           10185
11:16 |   525 |     3.750e-05 |    19.9146 |         46.5577 |     8.9753 |          2.2028 |           10185
11:31 |   526 |     3.750e-05 |    13.7879 |         46.2969 |     7.8233 |          2.2008 |           10185
11:46 |   527 |     3.750e-05 |    13.9474 |         48.8001 |     7.9139 |          2.2149 |           10185
12:01 |   528 |     3.750e-05 |    12.6243 |         51.5614 |    11.1905 |          2.1904 |           10185
12:16 |   529 |     3.750e-05 |    13.0880 |         45.3142 |     6.8549 |          2.2175 |           10185
12:30 |   530 |     3.750e-05 |    14.5048 |         44.9708 |     6.7968 |          2.1907 |           10185
12:45 |   531 |     3.750e-05 |    11.9440 |         51.6992 |    12.0951 |          2.2085 |           10185
13:00 |   532 |     3.750e-05 |    14.2277 |         46.0635 |     9.0410 |          2.2360 |           10185
13:15 |   533 |     3.750e-05 |    14.4885 |         45.0266 |     7.9149 |          2.2255 |           10185
13:30 |   534 |     3.750e-05 |    14.1497 |         56.7948 |    14.3658 |          2.2205 |           10185
13:45 |   535 |     3.750e-05 |    13.2674 |         44.4097 |     6.0740 |          2.1828 |           10185
14:00 |   536 |     3.750e-05 |    14.7083 |         53.6047 |    12.1839 |          2.2019 |           10185
14:15 |   537 |     3.750e-05 |    16.0316 |         53.1071 |    10.3928 |          2.1750 |           10185
14:29 |   538 |     3.750e-05 |    15.1994 |         45.7822 |     6.2581 |          2.2145 |           10185
14:44 |   539 |     3.750e-05 |    12.5738 |         48.7278 |    10.8483 |          2.1886 |           10185
14:59 |   540 |     3.750e-05 |    14.1232 |         46.9903 |     7.3180 |          2.1931 |           10185
15:14 |   541 |     3.750e-05 |    15.3066 |         47.2250 |     9.3794 |          2.1864 |           10185
15:29 |   542 |     3.750e-05 |    13.2013 |         44.6304 |     5.8486 |          2.1883 |           10185
15:44 |   543 |     3.750e-05 |    11.9014 |         47.5137 |     8.0438 |          2.1874 |           10185
15:59 |   544 |     3.750e-05 |    12.4106 |         47.3256 |     9.0891 |          2.1689 |           10185
16:14 |   545 |     3.750e-05 |    15.4476 |         45.1479 |     7.2557 |          2.3099 |           10185
16:28 |   546 |     3.750e-05 |    24.1965 |         47.5927 |     8.4001 |          2.2801 |           10185
16:43 |   547 |     3.750e-05 |    25.0393 |         47.0443 |     9.8069 |          2.2424 |           10185
16:58 |   548 |     3.750e-05 |    13.5524 |         45.0134 |     5.8034 |          2.1920 |           10185
17:13 |   549 |     3.750e-05 |    12.4991 |         43.7006 |     6.8479 |          2.1804 |           10185
17:28 |   550 |     3.750e-05 |    11.6539 |         46.2561 |     6.0730 |          2.1513 |           10185
17:43 |   551 |     3.750e-05 |    12.9593 |         45.6532 |     6.3890 |          2.1604 |           10185
17:58 |   552 |     3.750e-05 |    14.2552 |         45.4580 |     6.1298 |          2.1751 |           10185
18:13 |   553 |     3.750e-05 |    13.5192 |         50.7679 |    14.1553 |          2.1813 |           10185
18:27 |   554 |     3.750e-05 |    13.9963 |         48.3441 |    10.1092 |          2.1762 |           10185
18:42 |   555 |     3.750e-05 |    12.4187 |         50.5262 |    13.7328 |          2.1728 |           10185
18:57 |   556 |     3.750e-05 |    17.2885 |         43.4123 |     8.6503 |          2.2526 |           10185
19:12 |   557 |     3.750e-05 |    15.2781 |         47.7570 |     7.7377 |          2.1443 |           10185
19:27 |   558 |     3.750e-05 |    12.6362 |         53.1203 |     7.2363 |          2.1905 |           10185
19:42 |   559 |     3.750e-05 |    15.4339 |         45.1171 |     7.9303 |          2.1679 |           10185
19:57 |   560 |     3.750e-05 |    11.6222 |         45.5298 |     6.4496 |          2.1376 |           10185
20:12 |   561 |     3.750e-05 |    11.5286 |         46.2080 |     6.3748 |          2.1483 |           10185
20:27 |   562 |     3.750e-05 |    11.8128 |         44.3709 |     7.0954 |          2.1461 |           10185
20:41 |   563 |     3.750e-05 |    13.7801 |         44.4217 |     6.0577 |          2.1350 |           10185
20:56 |   564 |     3.750e-05 |    12.3579 |         45.9568 |     5.7952 |          2.1278 |           10185
21:11 |   565 |     3.750e-05 |    11.7114 |         46.1500 |     9.2174 |          2.1852 |           10185
21:26 |   566 |     3.750e-05 |    20.6410 |         43.7935 |     5.7806 |          2.1394 |           10185
21:41 |   567 |     3.750e-05 |    16.5806 |         62.1944 |    16.6419 |          2.3052 |           10185
21:56 |   568 |     3.750e-05 |    22.5125 |         51.3040 |    10.0215 |          2.1722 |           10185
22:11 |   569 |     3.750e-05 |    13.8111 |         49.4114 |     9.8312 |          2.1537 |           10185
22:26 |   570 |     3.750e-05 |    12.9433 |         44.4292 |     6.4360 |          2.1249 |           10185
22:40 |   571 |     3.750e-05 |    10.9337 |         45.8333 |     5.6006 |          2.1095 |           10185
22:55 |   572 |     3.750e-05 |    11.6306 |         44.8041 |     6.7087 |          2.1376 |           10185
23:10 |   573 |     3.750e-05 |    11.7062 |         50.1809 |    14.0579 |          2.1320 |           10185
23:25 |   574 |     3.750e-05 |    12.0439 |         43.3526 |     5.6407 |          2.1336 |           10185
23:40 |   575 |     3.750e-05 |    12.3141 |         44.3253 |     5.8906 |          2.1294 |           10185
23:55 |   576 |     3.750e-05 |    11.2885 |         45.6333 |     6.6816 |          2.1226 |           10185
24:10 |   577 |     3.750e-05 |    12.7232 |         61.0982 |    16.2468 |          2.0962 |           10185
24:25 |   578 |     3.750e-05 |    12.1864 |         43.9264 |     5.8930 |          2.1310 |           10185
24:39 |   579 |     3.750e-05 |    19.7613 |         67.0277 |    21.8096 |          2.3001 |           10185
24:54 |   580 |     3.750e-05 |    14.0885 |         45.5120 |     8.4206 |          2.1448 |           10185
25:09 |   581 |     3.750e-05 |    14.6407 |         54.2494 |    10.3152 |          2.2197 |           10185
25:24 |   582 |     3.750e-05 |    22.2895 |         56.3975 |    13.8887 |          2.1495 |           10185
25:39 |   583 |     3.750e-05 |    12.5515 |         44.7675 |     5.7355 |          2.1180 |           10185
25:54 |   584 |     3.750e-05 |    12.0921 |         44.7696 |     5.6907 |          2.1423 |           10185
26:09 |   585 |     3.750e-05 |    12.3149 |         46.3737 |     7.3730 |          2.0915 |           10185
26:24 |   586 |     3.750e-05 |    12.1366 |         55.9556 |    17.7842 |          2.1047 |           10185
26:38 |   587 |     3.750e-05 |    12.6275 |         45.5910 |     9.0991 |          2.1275 |           10185
26:53 |   588 |     3.750e-05 |    11.1876 |         44.8884 |     8.9418 |          2.1158 |           10185
27:08 |   589 |     3.750e-05 |    10.6340 |         44.1726 |     6.8691 |          2.0853 |           10185
27:23 |   590 |     3.750e-05 |    14.3814 |         46.9416 |     9.1061 |          2.1285 |           10185
27:38 |   591 |     3.750e-05 |    13.6909 |         51.9081 |    12.8172 |          2.1571 |           10185
27:53 |   592 |     3.750e-05 |    14.9444 |         44.8512 |     8.1799 |          2.1352 |           10185
28:08 |   593 |     3.750e-05 |    13.7630 |         42.7344 |     7.5305 |          2.0987 |           10185
28:23 |   594 |     3.750e-05 |    11.8328 |         48.4796 |     6.8491 |          2.1142 |           10185
28:37 |   595 |     3.750e-05 |    13.7428 |         44.7078 |     6.6742 |          2.0977 |           10185
28:52 |   596 |     3.750e-05 |    11.5109 |         54.5859 |    12.4327 |          2.1101 |           10185
29:07 |   597 |     3.750e-05 |    12.5804 |         45.9398 |    10.0509 |          2.1335 |           10185
29:22 |   598 |     3.750e-05 |    12.1288 |         48.6558 |     9.2793 |          2.0901 |           10185
29:37 |   599 |     3.750e-05 |    13.4939 |         45.5536 |     7.6210 |          2.1151 |           10185
29:52 |   600 |     3.750e-05 |    14.5814 |         43.6816 |     8.1643 |          2.0921 |           10185
30:07 |   601 |     3.750e-05 |    13.9403 |         43.5745 |     8.5775 |          2.2101 |           10185
30:22 |   602 |     3.750e-05 |    14.4775 |         49.9328 |    10.4628 |          2.1282 |           10185
30:36 |   603 |     3.750e-05 |    12.4761 |         54.5915 |     9.1019 |          2.1153 |           10185
30:51 |   604 |     3.750e-05 |    12.4422 |         46.1977 |    10.8437 |          2.1038 |           10185
31:06 |   605 |     3.750e-05 |    12.6877 |         45.3768 |     8.7425 |          2.0844 |           10185
31:21 |   606 |     3.750e-05 |    11.3516 |         44.7410 |     6.4795 |          2.0787 |           10185
31:36 |   607 |     3.750e-05 |    11.3994 |         44.0614 |     7.2130 |          2.1046 |           10185
31:51 |   608 |     3.750e-05 |    11.5496 |         44.9815 |     5.7118 |          2.0856 |           10185
32:06 |   609 |     3.750e-05 |    11.7122 |         50.7414 |    10.5027 |          2.0715 |           10185
32:21 |   610 |     3.750e-05 |    11.8943 |         45.6711 |     5.9981 |          2.0704 |           10185
32:35 |   611 |     3.750e-05 |    12.4199 |         53.9177 |    12.9905 |          2.0666 |           10185
32:50 |   612 |     3.750e-05 |    12.4590 |         43.4902 |     7.6469 |          2.0856 |           10185
33:05 |   613 |     3.750e-05 |    11.6219 |         44.5971 |     6.2494 |          2.0793 |           10185
33:20 |   614 |     3.750e-05 |    13.5527 |         60.0978 |    11.3372 |          2.1326 |           10185
33:35 |   615 |     3.750e-05 |    20.5007 |         44.6355 |     7.2257 |          2.1554 |           10185
33:50 |   616 |     3.750e-05 |    18.5166 |         52.9103 |    12.2099 |          2.1361 |           10185
34:05 |   617 |     3.750e-05 |    13.0210 |         48.2231 |     8.2691 |          2.0778 |           10185
34:20 |   618 |     3.750e-05 |    15.9637 |         49.2179 |    13.6389 |          2.1382 |           10185
34:34 |   619 |     3.750e-05 |    10.9184 |         42.9189 |     6.2470 |          2.0600 |           10185
34:49 |   620 |     3.750e-05 |    10.7291 |         43.9531 |     6.4640 |          2.0865 |           10185
35:04 |   621 |     3.750e-05 |    10.3750 |         51.1934 |    12.1533 |          2.0963 |           10185
35:19 |   622 |     3.750e-05 |    12.3212 |         45.1395 |     7.2830 |          2.0725 |           10185
35:34 |   623 |     3.750e-05 |    11.0772 |         45.0169 |     5.6454 |          2.0455 |           10185
35:49 |   624 |     3.750e-05 |    12.9398 |         43.3407 |     8.3678 |          2.0693 |           10185
36:04 |   625 |     3.750e-05 |    11.4050 |         56.2384 |    16.4200 |          2.1197 |           10185
36:19 |   626 |     3.750e-05 |    12.3391 |         44.9664 |     6.4898 |          2.0472 |           10185
36:33 |   627 |     3.750e-05 |    12.4487 |         44.3026 |     9.5838 |          2.0816 |           10185
36:48 |   628 |     3.750e-05 |    10.7873 |         45.4180 |     7.7009 |          2.0722 |           10185
37:03 |   629 |     3.750e-05 |    14.9942 |         47.6245 |    12.5112 |          2.0480 |           10185
37:18 |   630 |     3.750e-05 |    11.4553 |         45.7195 |     7.4259 |          2.0589 |           10185
37:33 |   631 |     3.750e-05 |    11.2558 |         45.0040 |     6.8828 |          2.0396 |           10185
37:48 |   632 |     3.750e-05 |    12.3155 |         51.3110 |    14.9908 |          2.0678 |           10185
38:03 |   633 |     3.750e-05 |    11.7653 |         52.7595 |    13.2845 |          2.0693 |           10185
38:18 |   634 |     3.750e-05 |    11.1300 |         43.0623 |     5.5941 |          2.0528 |           10185
38:32 |   635 |     3.750e-05 |    13.0178 |         45.3226 |     8.2138 |          2.0487 |           10185
38:47 |   636 |     3.750e-05 |    16.0159 |         49.3985 |     9.4390 |          2.0929 |           10185
39:02 |   637 |     3.750e-05 |    13.6461 |         48.6677 |     9.3545 |          2.1156 |           10185
39:17 |   638 |     3.750e-05 |    11.0350 |         48.0522 |     7.5693 |          2.0246 |           10185
39:32 |   639 |     3.750e-05 |    11.5675 |         46.0226 |    10.7673 |          2.0184 |           10185
39:47 |   640 |     3.750e-05 |    11.8779 |         43.4008 |     6.8103 |          2.0560 |           10185
40:02 |   641 |     3.750e-05 |    13.3071 |         43.9807 |     6.1550 |          2.0421 |           10185
40:17 |   642 |     3.750e-05 |    11.3532 |         45.7554 |     6.1213 |          2.0302 |           10185
40:32 |   643 |     3.750e-05 |    15.4082 |         44.3736 |     6.0888 |          2.0371 |           10185
40:46 |   644 |     3.750e-05 |    11.4276 |         43.8499 |     5.8735 |          2.0295 |           10185
41:01 |   645 |     1.875e-05 |     9.5937 |         43.3673 |     6.7801 |          2.0427 |           10185
41:16 |   646 |     1.875e-05 |     9.6316 |         44.1994 |     5.4164 |          2.0069 |           10185
41:31 |   647 |     1.875e-05 |     9.4551 |         42.5920 |     5.2853 |          2.0325 |           10185
41:46 |   648 |     1.875e-05 |     9.3876 |         43.5430 |     5.2332 |          2.0209 |           10185
42:01 |   649 |     1.875e-05 |     9.3095 |         43.3182 |     5.4470 |          2.0300 |           10185
42:16 |   650 |     1.875e-05 |     9.2316 |         42.1920 |     5.3148 |          2.0149 |           10185
42:31 |   651 |     1.875e-05 |     9.0728 |         44.0135 |     5.5146 |          2.0168 |           10185
42:46 |   652 |     1.875e-05 |     9.2654 |         44.3635 |     8.9315 |          2.0041 |           10185
43:00 |   653 |     1.875e-05 |     9.7260 |         46.9433 |     8.7564 |          1.9997 |           10185
43:15 |   654 |     1.875e-05 |     9.5674 |         43.9531 |     5.3412 |          2.0107 |           10185
43:30 |   655 |     1.875e-05 |     9.4239 |         43.7380 |     5.3168 |          2.0090 |           10185
43:45 |   656 |     1.875e-05 |     9.7131 |         42.3314 |     5.8968 |          2.0144 |           10185
44:00 |   657 |     1.875e-05 |     9.5464 |         46.9826 |     9.1308 |          2.0162 |           10185
44:15 |   658 |     1.875e-05 |     9.6525 |         43.8840 |     5.5328 |          2.0009 |           10185
44:30 |   659 |     1.875e-05 |     9.1922 |         42.7430 |     5.8639 |          2.0077 |           10185
44:45 |   660 |     1.875e-05 |     9.2334 |         43.3171 |     8.3617 |          2.0033 |           10185
44:59 |   661 |     1.875e-05 |     9.2334 |         42.6555 |     5.2556 |          2.0099 |           10185
45:14 |   662 |     1.875e-05 |     9.4526 |         43.4309 |     5.8345 |          2.0014 |           10185
45:29 |   663 |     1.875e-05 |     9.9333 |         43.4291 |     5.0065 |          1.9989 |           10185
45:44 |   664 |     1.875e-05 |    10.0464 |         42.2012 |     6.2687 |          2.0157 |           10185
45:59 |   665 |     1.875e-05 |    10.0103 |         45.7078 |     9.3215 |          2.0211 |           10185
46:14 |   666 |     1.875e-05 |    10.0758 |         43.0946 |     5.3783 |          2.0029 |           10185
46:29 |   667 |     1.875e-05 |     9.2801 |         43.4688 |     5.0907 |          1.9863 |           10185
46:44 |   668 |     1.875e-05 |     9.4356 |         42.7366 |     6.3493 |          1.9979 |           10185
46:58 |   669 |     1.875e-05 |     9.2275 |         42.0757 |     6.1393 |          2.0146 |           10185
47:13 |   670 |     1.875e-05 |     9.3063 |         45.0366 |     6.1118 |          1.9774 |           10185
47:28 |   671 |     1.875e-05 |     9.7036 |         42.9879 |     5.3876 |          2.0157 |           10185
47:43 |   672 |     1.875e-05 |     9.5878 |         50.7043 |    14.3161 |          2.0145 |           10185
47:58 |   673 |     1.875e-05 |    10.1114 |         42.2778 |     6.5457 |          2.0034 |           10185
48:13 |   674 |     1.875e-05 |     9.1980 |         45.0855 |     6.2412 |          1.9958 |           10185
48:28 |   675 |     1.875e-05 |     9.1364 |         46.3352 |     6.9615 |          1.9782 |           10185
48:43 |   676 |     1.875e-05 |     9.5093 |         42.3470 |     6.6105 |          1.9940 |           10185
48:57 |   677 |     1.875e-05 |     9.9139 |         44.3839 |     6.3353 |          1.9868 |           10185
49:12 |   678 |     1.875e-05 |     9.4707 |         44.2071 |     6.5776 |          1.9998 |           10185
49:27 |   679 |     1.875e-05 |    10.2175 |         43.7303 |     6.5883 |          2.0240 |           10185
49:42 |   680 |     1.875e-05 |     9.7417 |         46.2406 |     8.1426 |          1.9798 |           10185
49:57 |   681 |     1.875e-05 |     9.9107 |         47.0453 |     8.1629 |          1.9854 |           10185
50:12 |   682 |     1.875e-05 |     9.4148 |         43.6636 |     5.9178 |          1.9739 |           10185
50:27 |   683 |     1.875e-05 |     9.9074 |         44.1629 |     9.2334 |          2.0022 |           10185
50:42 |   684 |     1.875e-05 |     9.0468 |         46.0960 |     8.4037 |          1.9954 |           10185
50:56 |   685 |     1.875e-05 |     9.7651 |         47.9023 |     8.5846 |          1.9566 |           10185
51:11 |   686 |     1.875e-05 |     8.9199 |         42.7595 |     6.8055 |          1.9664 |           10185
51:26 |   687 |     1.875e-05 |     8.6850 |         45.3075 |     7.6240 |          1.9851 |           10185
51:41 |   688 |     1.875e-05 |     9.0568 |         45.5752 |     7.9197 |          1.9707 |           10185
51:56 |   689 |     1.875e-05 |     9.6322 |         43.0262 |     6.6559 |          1.9861 |           10185
52:11 |   690 |     1.875e-05 |     9.6301 |         43.9551 |     7.3078 |          1.9654 |           10185
52:26 |   691 |     1.875e-05 |     9.5669 |         43.6053 |     8.0883 |          1.9688 |           10185
52:41 |   692 |     1.875e-05 |     9.1343 |         44.1709 |     8.1085 |          1.9830 |           10185
52:56 |   693 |     1.875e-05 |    10.1832 |         45.7163 |     7.2054 |          1.9616 |           10185
53:10 |   694 |     1.875e-05 |     9.3563 |         42.5431 |     6.4061 |          1.9904 |           10185
53:25 |   695 |     1.875e-05 |     9.0528 |         42.1417 |     5.8692 |          1.9901 |           10185
53:40 |   696 |     1.875e-05 |     9.6681 |         44.8682 |     7.1660 |          1.9746 |           10185
53:55 |   697 |     1.875e-05 |     9.4422 |         42.5628 |     5.1453 |          1.9928 |           10185
54:10 |   698 |     1.875e-05 |     9.1113 |         43.7012 |     5.2487 |          1.9645 |           10185
54:25 |   699 |     1.875e-05 |     9.1346 |         44.3117 |     9.3659 |          1.9552 |           10185
54:40 |   700 |     1.875e-05 |     9.0619 |         42.6831 |     5.4681 |          1.9643 |           10185
54:55 |   701 |     1.875e-05 |     9.1095 |         43.3450 |     4.9301 |          1.9666 |           10185
55:09 |   702 |     1.875e-05 |     8.6420 |         42.8817 |     7.0988 |          1.9826 |           10185
55:24 |   703 |     1.875e-05 |    10.1201 |         43.0402 |     4.8483 |          1.9657 |           10185
55:39 |   704 |     1.875e-05 |     8.9298 |         42.6168 |     5.1041 |          1.9582 |           10185
55:54 |   705 |     1.875e-05 |     9.2698 |         44.0309 |     5.2735 |          1.9541 |           10185
56:09 |   706 |     1.875e-05 |     9.0590 |         42.7439 |     5.5162 |          1.9618 |           10185
56:24 |   707 |     1.875e-05 |     8.9076 |         44.4416 |     8.4263 |          1.9783 |           10185
56:39 |   708 |     1.875e-05 |     9.1665 |         44.0632 |     5.3732 |          1.9627 |           10185
56:54 |   709 |     1.875e-05 |     9.5207 |         43.1553 |     5.3175 |          1.9948 |           10185
57:08 |   710 |     1.875e-05 |    10.6720 |         43.1235 |     8.1399 |          1.9658 |           10185
57:23 |   711 |     1.875e-05 |     9.4871 |         44.7847 |     9.0021 |          1.9766 |           10185
57:38 |   712 |     1.875e-05 |     9.0755 |         45.0348 |     8.1866 |          1.9682 |           10185
57:53 |   713 |     1.875e-05 |     9.2919 |         41.1149 |     7.5632 |          1.9714 |           10185
58:08 |   714 |     1.875e-05 |     9.7977 |         46.0704 |     7.7394 |          1.9695 |           10185
58:23 |   715 |     1.875e-05 |     9.3159 |         41.6457 |     7.8681 |          1.9873 |           10185
58:38 |   716 |     1.875e-05 |     9.9607 |         43.1827 |     8.6040 |          1.9661 |           10185
58:53 |   717 |     1.875e-05 |     8.5344 |         43.7855 |     5.3865 |          1.9581 |           10185
59:07 |   718 |     1.875e-05 |     9.2798 |         43.8901 |     7.2082 |          1.9481 |           10185
59:22 |   719 |     1.875e-05 |     9.3159 |         42.8693 |     5.5586 |          1.9804 |           10185
59:37 |   720 |     1.875e-05 |     9.2613 |         42.5361 |     7.2825 |          1.9482 |           10185
59:52 |   721 |     1.875e-05 |     9.2475 |         43.3516 |     8.3127 |          1.9465 |           10185
00:07 |   722 |     1.875e-05 |     9.0306 |         42.0275 |     5.1110 |          1.9517 |           10185
00:22 |   723 |     1.875e-05 |     8.5323 |         42.7052 |     5.7374 |          1.9567 |           10185
00:37 |   724 |     1.875e-05 |     9.1162 |         45.6354 |     7.1852 |          1.9404 |           10185
00:52 |   725 |     1.875e-05 |     8.8930 |         42.6930 |     5.3155 |          1.9470 |           10185
01:06 |   726 |     1.875e-05 |     8.9281 |         45.4903 |     6.5350 |          1.9388 |           10185
01:21 |   727 |     1.875e-05 |     8.9823 |         44.1999 |     5.9742 |          1.9543 |           10185
01:36 |   728 |     1.875e-05 |     9.1222 |         46.9958 |     9.4587 |          1.9529 |           10185
01:51 |   729 |     1.875e-05 |     9.4217 |         43.8289 |     5.2277 |          1.9337 |           10185
02:06 |   730 |     1.875e-05 |     9.5211 |         42.2304 |     5.4404 |          1.9497 |           10185
02:21 |   731 |     1.875e-05 |     9.4494 |         41.7228 |     7.5189 |          1.9616 |           10185
02:36 |   732 |     1.875e-05 |    10.0130 |         44.1221 |     6.1023 |          1.9321 |           10185
02:51 |   733 |     1.875e-05 |     9.0975 |         44.5934 |     5.4088 |          1.9363 |           10185
03:06 |   734 |     1.875e-05 |     8.7474 |         42.6994 |     6.6864 |          1.9345 |           10185
03:20 |   735 |     1.875e-05 |     8.7345 |         43.4985 |     5.7295 |          1.9396 |           10185
03:35 |   736 |     1.875e-05 |     8.6221 |         43.2955 |     5.8413 |          1.9406 |           10185
03:50 |   737 |     1.875e-05 |     8.8189 |         42.6886 |     5.1611 |          1.9455 |           10185
04:05 |   738 |     1.875e-05 |     8.7608 |         43.9176 |     8.5617 |          1.9572 |           10185
04:20 |   739 |     1.875e-05 |     8.6782 |         44.3462 |     7.4437 |          1.9246 |           10185
04:35 |   740 |     1.875e-05 |     8.8374 |         46.4491 |     7.8327 |          1.9138 |           10185
04:50 |   741 |     1.875e-05 |     9.5645 |         44.0078 |     8.2392 |          1.9763 |           10185
05:05 |   742 |     1.875e-05 |     9.5826 |         46.4781 |    11.9178 |          1.9236 |           10185
05:19 |   743 |     1.875e-05 |     9.5497 |         42.0847 |     6.0256 |          1.9469 |           10185
05:34 |   744 |     1.875e-05 |     8.7830 |         42.6021 |     6.0100 |          1.9342 |           10185
05:49 |   745 |     1.875e-05 |    10.3107 |         45.8916 |     7.4203 |          1.9251 |           10185
06:04 |   746 |     1.875e-05 |     9.6131 |         42.3313 |     5.0045 |          1.9295 |           10185
06:19 |   747 |     1.875e-05 |     8.5550 |         42.8280 |     6.5355 |          1.9196 |           10185
06:34 |   748 |     1.875e-05 |     8.4626 |         42.7555 |     4.9146 |          1.9260 |           10185
06:49 |   749 |     1.875e-05 |     8.5092 |         42.2240 |     6.0930 |          1.9312 |           10185
07:04 |   750 |     1.875e-05 |     8.4361 |         42.4582 |     5.8630 |          1.9140 |           10185
07:18 |   751 |     1.875e-05 |     8.4143 |         42.8959 |     7.5231 |          1.9204 |           10185
07:33 |   752 |     1.875e-05 |     8.4353 |         43.6276 |     6.6709 |          1.9140 |           10185
07:48 |   753 |     1.875e-05 |     8.8270 |         44.6481 |     9.0730 |          1.9311 |           10185
08:03 |   754 |     1.875e-05 |     8.2919 |         43.0878 |     4.9947 |          1.9169 |           10185
08:18 |   755 |     1.875e-05 |     8.3307 |         47.8027 |     9.2619 |          1.9113 |           10185
08:33 |   756 |     1.875e-05 |     8.5213 |         50.2204 |    11.4849 |          1.9257 |           10185
08:48 |   757 |     1.875e-05 |     8.6388 |         44.6766 |     6.9444 |          1.9162 |           10185
09:03 |   758 |     1.875e-05 |     9.9784 |         45.1953 |     5.3533 |          1.9051 |           10185
09:18 |   759 |     1.875e-05 |     8.4231 |         42.9307 |     6.1548 |          1.9113 |           10185
09:32 |   760 |     1.875e-05 |     8.6036 |         43.0292 |     5.0480 |          1.9070 |           10185
09:47 |   761 |     1.875e-05 |     8.7784 |         46.4849 |    10.8409 |          1.9386 |           10185
10:02 |   762 |     1.875e-05 |     8.8584 |         44.7370 |     6.4473 |          1.9118 |           10185
10:17 |   763 |     1.875e-05 |     8.4109 |         44.7340 |     5.8707 |          1.9111 |           10185
10:32 |   764 |     1.875e-05 |     8.1832 |         44.8670 |     9.9556 |          1.9205 |           10185
10:47 |   765 |     9.375e-06 |     8.0437 |         42.5972 |     4.6514 |          1.8981 |           10185
11:02 |   766 |     9.375e-06 |     7.8187 |         42.5173 |     6.6569 |          1.9027 |           10185
11:17 |   767 |     9.375e-06 |     7.8078 |         42.3787 |     4.9035 |          1.9011 |           10185
11:31 |   768 |     9.375e-06 |     7.8795 |         43.4389 |     8.5500 |          1.9040 |           10185
11:46 |   769 |     9.375e-06 |     7.9509 |         42.3018 |     4.6742 |          1.9009 |           10185
12:01 |   770 |     9.375e-06 |     7.8056 |         41.9512 |     5.1597 |          1.9045 |           10185
12:16 |   771 |     9.375e-06 |     7.7851 |         42.6155 |     6.0078 |          1.8967 |           10185
12:31 |   772 |     9.375e-06 |     7.9554 |         41.7651 |     4.9518 |          1.9050 |           10185
12:46 |   773 |     9.375e-06 |     7.7813 |         42.3472 |     5.4522 |          1.8959 |           10185
13:01 |   774 |     9.375e-06 |     8.0731 |         42.9760 |     5.1683 |          1.9139 |           10185
13:16 |   775 |     9.375e-06 |     8.1375 |         42.4698 |     4.8769 |          1.9057 |           10185
13:30 |   776 |     9.375e-06 |     7.7441 |         45.1481 |    10.8374 |          1.8994 |           10185
13:45 |   777 |     9.375e-06 |     8.0675 |         43.2662 |     5.4013 |          1.9026 |           10185
14:00 |   778 |     9.375e-06 |     7.6185 |         42.7579 |     5.1691 |          1.9107 |           10185
14:15 |   779 |     9.375e-06 |     7.6382 |         43.6252 |     5.1260 |          1.8953 |           10185
14:30 |   780 |     9.375e-06 |     7.8693 |         42.3355 |     6.6654 |          1.8968 |           10185
14:45 |   781 |     9.375e-06 |     7.8891 |         42.8093 |     5.2310 |          1.8994 |           10185
15:00 |   782 |     9.375e-06 |     7.7062 |         42.2826 |     4.8428 |          1.8975 |           10185
15:15 |   783 |     9.375e-06 |     7.7056 |         43.1504 |     6.1047 |          1.8988 |           10185
15:30 |   784 |     9.375e-06 |     8.1048 |         43.3416 |     5.6324 |          1.9019 |           10185
15:44 |   785 |     9.375e-06 |     8.0263 |         42.7924 |     5.4140 |          1.8978 |           10185
15:59 |   786 |     9.375e-06 |     8.1312 |         44.3834 |     6.2276 |          1.9035 |           10185
16:14 |   787 |     9.375e-06 |     7.7998 |         42.7238 |     4.9206 |          1.8969 |           10185
16:29 |   788 |     9.375e-06 |     7.7785 |         42.5044 |     4.5956 |          1.8913 |           10185
16:44 |   789 |     9.375e-06 |     7.8764 |         42.2421 |     5.9537 |          1.8924 |           10185
16:59 |   790 |     9.375e-06 |     8.0365 |         42.7669 |     5.8717 |          1.9067 |           10185
17:14 |   791 |     9.375e-06 |     7.9419 |         44.1690 |     6.8789 |          1.8939 |           10185
17:29 |   792 |     9.375e-06 |     7.7138 |         43.3115 |     5.2077 |          1.8911 |           10185
17:43 |   793 |     9.375e-06 |     7.8665 |         41.9266 |     4.6251 |          1.8970 |           10185
17:58 |   794 |     9.375e-06 |     7.6496 |         43.1584 |     5.0614 |          1.8857 |           10185
18:13 |   795 |     9.375e-06 |     7.6916 |         42.6756 |     7.0384 |          1.8872 |           10185
18:28 |   796 |     9.375e-06 |     7.7573 |         43.0325 |     4.9651 |          1.8870 |           10185
18:43 |   797 |     9.375e-06 |     7.6240 |         42.7625 |     4.7301 |          1.8909 |           10185
18:58 |   798 |     9.375e-06 |     7.6057 |         42.5633 |     5.4283 |          1.8898 |           10185
19:13 |   799 |     9.375e-06 |     8.0582 |         42.8621 |     5.2838 |          1.8971 |           10185
19:28 |   800 |     9.375e-06 |     7.8103 |         42.6370 |     4.7647 |          1.8907 |           10185
19:43 |   801 |     9.375e-06 |     7.6417 |         42.4284 |     4.8291 |          1.8818 |           10185
19:57 |   802 |     9.375e-06 |     7.6886 |         42.3439 |     4.8453 |          1.8915 |           10185
20:12 |   803 |     9.375e-06 |     7.5937 |         42.5038 |     4.6020 |          1.8842 |           10185
20:27 |   804 |     9.375e-06 |     7.8282 |         42.8295 |     4.7574 |          1.8909 |           10185
20:42 |   805 |     9.375e-06 |     7.7793 |         42.4362 |     4.7329 |          1.8839 |           10185
20:57 |   806 |     9.375e-06 |     7.7304 |         42.8923 |     5.4244 |          1.8898 |           10185
21:12 |   807 |     9.375e-06 |     7.8792 |         42.2751 |     4.8510 |          1.8827 |           10185
21:27 |   808 |     9.375e-06 |     8.2121 |         42.4638 |     5.0108 |          1.8834 |           10185
21:42 |   809 |     9.375e-06 |     7.6236 |         44.8222 |     5.6864 |          1.9060 |           10185
21:56 |   810 |     9.375e-06 |     7.7668 |         42.5688 |     4.7007 |          1.8820 |           10185
22:11 |   811 |     9.375e-06 |     7.6788 |         42.2371 |     4.5791 |          1.8786 |           10185
22:26 |   812 |     9.375e-06 |     7.6951 |         45.5100 |     7.0227 |          1.8748 |           10185
22:41 |   813 |     9.375e-06 |     7.7360 |         42.7658 |     4.7083 |          1.8790 |           10185
22:56 |   814 |     9.375e-06 |     7.6655 |         42.1194 |     4.8613 |          1.8826 |           10185
23:11 |   815 |     9.375e-06 |     7.5426 |         42.8762 |     4.9510 |          1.8861 |           10185
23:26 |   816 |     4.687e-06 |     7.3770 |         42.4429 |     5.2465 |          1.8825 |           10185
23:41 |   817 |     4.687e-06 |     7.3168 |         43.4951 |     5.5265 |          1.8771 |           10185
23:55 |   818 |     4.687e-06 |     7.3812 |         42.2969 |     4.3958 |          1.8807 |           10185
24:10 |   819 |     4.687e-06 |     7.3704 |         43.1796 |     4.8763 |          1.8746 |           10185
24:25 |   820 |     4.687e-06 |     7.3780 |         43.0756 |     4.7428 |          1.8778 |           10185
24:40 |   821 |     4.687e-06 |     7.3365 |         42.0966 |     4.7135 |          1.8773 |           10185
24:55 |   822 |     4.687e-06 |     7.3471 |         42.3241 |     4.5660 |          1.8778 |           10185
25:10 |   823 |     4.687e-06 |     7.3089 |         42.8714 |     4.7006 |          1.8802 |           10185
25:25 |   824 |     4.687e-06 |     7.3162 |         42.5443 |     4.5678 |          1.8768 |           10185
25:40 |   825 |     4.687e-06 |     7.3603 |         42.9514 |     4.8302 |          1.8726 |           10185
25:54 |   826 |     4.687e-06 |     7.3687 |         43.3531 |     4.7960 |          1.8689 |           10185
26:09 |   827 |     4.687e-06 |     7.3102 |         42.8698 |     4.9646 |          1.8712 |           10185
26:24 |   828 |     4.687e-06 |     7.3583 |         42.8885 |     4.8461 |          1.8752 |           10185
26:39 |   829 |     4.687e-06 |     7.2946 |         44.2395 |     6.4261 |          1.8686 |           10185
26:54 |   830 |     4.687e-06 |     7.3457 |         42.2401 |     5.2501 |          1.8649 |           10185
27:09 |   831 |     4.687e-06 |     7.2872 |         42.8651 |     4.8508 |          1.8760 |           10185
27:24 |   832 |     4.687e-06 |     7.4614 |         42.2639 |     5.5793 |          1.8681 |           10185
27:39 |   833 |     4.687e-06 |     7.3871 |         42.3716 |     5.3128 |          1.8709 |           10185
27:53 |   834 |     4.687e-06 |     7.3022 |         42.0473 |     4.8070 |          1.8695 |           10185
28:08 |   835 |     4.687e-06 |     7.2770 |         42.2449 |     4.5219 |          1.8703 |           10185
28:23 |   836 |     4.687e-06 |     7.2992 |         42.4454 |     4.3929 |          1.8666 |           10185
28:38 |   837 |     4.687e-06 |     7.3164 |         43.1070 |     5.1798 |          1.8651 |           10185
28:53 |   838 |     4.687e-06 |     7.4310 |         42.3482 |     4.5091 |          1.8780 |           10185
29:08 |   839 |     4.687e-06 |     7.2662 |         42.4389 |     4.4536 |          1.8709 |           10185
29:23 |   840 |     4.687e-06 |     7.3905 |         42.2270 |     6.4312 |          1.8673 |           10185
29:38 |   841 |     4.687e-06 |     7.3437 |         42.1388 |     4.8633 |          1.8695 |           10185
29:52 |   842 |     4.687e-06 |     7.4772 |         42.6670 |     4.4165 |          1.8702 |           10185
30:07 |   843 |     4.687e-06 |     7.3501 |         43.1184 |     4.9403 |          1.8644 |           10185
30:22 |   844 |     4.687e-06 |     7.4579 |         42.4565 |     4.5188 |          1.8643 |           10185
30:37 |   845 |     4.687e-06 |     7.3583 |         41.9591 |     5.9287 |          1.8688 |           10185
30:52 |   846 |     4.687e-06 |     7.5697 |         42.3571 |     5.2011 |          1.8610 |           10185
31:07 |   847 |     4.687e-06 |     7.3300 |         43.6221 |     5.3860 |          1.8658 |           10185
31:22 |   848 |     4.687e-06 |     7.3030 |         42.6726 |     5.8003 |          1.8697 |           10185
31:37 |   849 |     4.687e-06 |     7.2835 |         42.2145 |     4.5258 |          1.8633 |           10185
31:51 |   850 |     4.687e-06 |     7.2855 |         42.4803 |     6.4832 |          1.8679 |           10185
32:06 |   851 |     4.687e-06 |     7.2605 |         42.5530 |     4.6167 |          1.8627 |           10185
32:21 |   852 |     4.687e-06 |     7.2317 |         42.2415 |     5.1751 |          1.8624 |           10185
32:36 |   853 |     4.687e-06 |     7.2233 |         43.3423 |     4.7884 |          1.8610 |           10185
32:51 |   854 |     4.687e-06 |     7.3020 |         42.4364 |     4.5101 |          1.8630 |           10185
33:06 |   855 |     4.687e-06 |     7.4036 |         42.5490 |     4.4556 |          1.8678 |           10185
33:21 |   856 |     4.687e-06 |     7.2188 |         43.5127 |     9.0725 |          1.8683 |           10185
33:36 |   857 |     4.687e-06 |     7.4360 |         43.0972 |     4.6914 |          1.8635 |           10185
33:51 |   858 |     4.687e-06 |     7.2198 |         42.2705 |     4.5197 |          1.8607 |           10185
34:05 |   859 |     4.687e-06 |     7.4467 |         42.4245 |     4.5321 |          1.8607 |           10185
34:20 |   860 |     4.687e-06 |     7.2489 |         41.9471 |     4.7079 |          1.8688 |           10185
34:35 |   861 |     4.687e-06 |     7.2565 |         42.5969 |     4.5665 |          1.8606 |           10185
34:50 |   862 |     4.687e-06 |     7.2422 |         41.9369 |     4.9576 |          1.8603 |           10185
35:05 |   863 |     4.687e-06 |     7.3196 |         42.8250 |     5.1208 |          1.8583 |           10185
35:20 |   864 |     4.687e-06 |     7.2655 |         41.6940 |     4.9991 |          1.8687 |           10185
35:35 |   865 |     4.687e-06 |     7.2364 |         43.1781 |     5.2141 |          1.8708 |           10185
35:50 |   866 |     4.687e-06 |     7.3298 |         42.2013 |     5.1060 |          1.8576 |           10185
36:04 |   867 |     2.344e-06 |     7.0982 |         42.3646 |     4.3511 |          1.8608 |           10185
36:19 |   868 |     2.344e-06 |     7.1159 |         42.6490 |     4.5185 |          1.8600 |           10185
36:34 |   869 |     2.344e-06 |     7.0793 |         42.4595 |     4.5268 |          1.8607 |           10185
36:49 |   870 |     2.344e-06 |     7.1193 |         42.3749 |     4.3275 |          1.8604 |           10185
37:04 |   871 |     2.344e-06 |     7.1748 |         42.8910 |     4.6809 |          1.8580 |           10185
37:19 |   872 |     2.344e-06 |     7.1106 |         42.6953 |     4.5635 |          1.8589 |           10185
37:34 |   873 |     2.344e-06 |     7.1125 |         42.2327 |     4.7116 |          1.8588 |           10185
37:49 |   874 |     2.344e-06 |     7.1108 |         42.3754 |     4.9987 |          1.8575 |           10185
38:04 |   875 |     2.344e-06 |     7.0522 |         43.2346 |     5.2715 |          1.8610 |           10185
38:18 |   876 |     2.344e-06 |     7.0833 |         42.3184 |     4.6087 |          1.8569 |           10185
38:33 |   877 |     2.344e-06 |     7.0954 |         42.2323 |     4.6500 |          1.8571 |           10185
38:48 |   878 |     2.344e-06 |     7.1579 |         42.4773 |     4.3859 |          1.8553 |           10185
39:03 |   879 |     2.344e-06 |     7.0854 |         42.3736 |     4.3790 |          1.8567 |           10185
39:18 |   880 |     2.344e-06 |     7.1101 |         42.3082 |     5.0036 |          1.8620 |           10185
39:33 |   881 |     2.344e-06 |     7.1191 |         42.3851 |     4.7373 |          1.8592 |           10185
39:48 |   882 |     2.344e-06 |     7.0648 |         42.3411 |     4.5213 |          1.8542 |           10185
40:03 |   883 |     2.344e-06 |     7.1235 |         43.7632 |     5.6829 |          1.8602 |           10185
40:17 |   884 |     2.344e-06 |     7.0719 |         42.6678 |     4.3886 |          1.8568 |           10185
40:32 |   885 |     2.344e-06 |     7.0557 |         42.4842 |     4.7646 |          1.8520 |           10185
40:47 |   886 |     2.344e-06 |     7.1476 |         43.1991 |     5.0932 |          1.8590 |           10185
41:02 |   887 |     2.344e-06 |     7.0970 |         42.6332 |     5.4136 |          1.8537 |           10185
41:17 |   888 |     2.344e-06 |     7.0914 |         42.4921 |     4.3121 |          1.8618 |           10185
41:32 |   889 |     2.344e-06 |     7.0789 |         42.2282 |     4.6710 |          1.8580 |           10185
41:47 |   890 |     2.344e-06 |     7.1225 |         42.2994 |     4.4544 |          1.8559 |           10185
42:02 |   891 |     2.344e-06 |     7.0503 |         42.5022 |     4.6544 |          1.8549 |           10185
42:16 |   892 |     2.344e-06 |     7.1026 |         43.0821 |     4.8806 |          1.8578 |           10185
42:31 |   893 |     2.344e-06 |     7.1080 |         42.0917 |     4.4000 |          1.8546 |           10185
42:46 |   894 |     2.344e-06 |     7.0751 |         42.6747 |     4.7791 |          1.8508 |           10185
43:01 |   895 |     2.344e-06 |     7.0376 |         42.6885 |     4.6010 |          1.8552 |           10185
43:16 |   896 |     2.344e-06 |     7.0919 |         42.5463 |     4.4436 |          1.8541 |           10185
43:31 |   897 |     2.344e-06 |     7.1342 |         43.2159 |     5.0579 |          1.8584 |           10185
43:46 |   898 |     2.344e-06 |     7.0514 |         42.2147 |     5.2888 |          1.8567 |           10185
44:01 |   899 |     2.344e-06 |     7.1195 |         42.4175 |     4.3607 |          1.8580 |           10185
44:16 |   900 |     2.344e-06 |     7.1381 |         42.3708 |     4.3293 |          1.8522 |           10185
44:30 |   901 |     2.344e-06 |     7.0374 |         42.0631 |     5.9728 |          1.8600 |           10185
44:45 |   902 |     2.344e-06 |     7.1027 |         42.3964 |     7.2995 |          1.8567 |           10185
45:00 |   903 |     2.344e-06 |     7.0817 |         42.7293 |     4.4207 |          1.8513 |           10185
45:15 |   904 |     2.344e-06 |     7.0443 |         42.1818 |     4.8040 |          1.8531 |           10185
45:30 |   905 |     2.344e-06 |     7.0295 |         42.3220 |     4.8671 |          1.8565 |           10185
45:45 |   906 |     2.344e-06 |     7.0745 |         41.8553 |     4.6161 |          1.8538 |           10185
46:00 |   907 |     2.344e-06 |     7.0216 |         42.4732 |     4.3721 |          1.8533 |           10185
46:15 |   908 |     2.344e-06 |     7.0431 |         42.4190 |     5.3346 |          1.8552 |           10185
46:29 |   909 |     2.344e-06 |     7.0580 |         42.4230 |     4.9030 |          1.8551 |           10185
46:44 |   910 |     2.344e-06 |     7.0396 |         42.3114 |     4.3713 |          1.8518 |           10185
46:59 |   911 |     2.344e-06 |     7.0444 |         42.5170 |     5.2992 |          1.8573 |           10185
47:14 |   912 |     2.344e-06 |     7.0835 |         42.4971 |     4.4745 |          1.8552 |           10185
47:29 |   913 |     2.344e-06 |     7.0400 |         42.1365 |     5.0341 |          1.8506 |           10185
47:44 |   914 |     2.344e-06 |     7.0803 |         42.0592 |     4.3858 |          1.8534 |           10185
47:59 |   915 |     2.344e-06 |     7.1054 |         42.7286 |     4.4491 |          1.8509 |           10185
48:14 |   916 |     2.344e-06 |     7.0674 |         42.8433 |     4.6454 |          1.8499 |           10185
48:28 |   917 |     2.344e-06 |     7.0143 |         42.1553 |     4.4335 |          1.8567 |           10185
48:43 |   918 |     1.172e-06 |     6.9484 |         42.2172 |     4.7086 |          1.8539 |           10185
48:58 |   919 |     1.172e-06 |     6.9453 |         42.3908 |     4.2878 |          1.8503 |           10185
49:13 |   920 |     1.172e-06 |     6.9541 |         42.2357 |     4.3768 |          1.8507 |           10185
49:28 |   921 |     1.172e-06 |     6.9476 |         42.5215 |     4.2741 |          1.8499 |           10185
49:43 |   922 |     1.172e-06 |     6.9609 |         42.2436 |     6.2215 |          1.8511 |           10185
49:58 |   923 |     1.172e-06 |     6.9480 |         42.4848 |     4.3948 |          1.8514 |           10185
50:13 |   924 |     1.172e-06 |     6.9534 |         42.2895 |     4.4457 |          1.8504 |           10185
50:27 |   925 |     1.172e-06 |     7.0017 |         42.4147 |     4.2637 |          1.8484 |           10185
50:42 |   926 |     1.172e-06 |     6.9512 |         42.2256 |     4.6210 |          1.8487 |           10185
50:57 |   927 |     1.172e-06 |     6.9632 |         42.7389 |     4.4146 |          1.8467 |           10185
51:12 |   928 |     1.172e-06 |     6.9983 |         42.4077 |     4.4371 |          1.8492 |           10185
51:27 |   929 |     1.172e-06 |     6.9657 |         42.6027 |     4.4123 |          1.8468 |           10185
51:42 |   930 |     1.172e-06 |     6.9420 |         42.5629 |     4.3600 |          1.8482 |           10185
51:57 |   931 |     1.172e-06 |     6.9465 |         42.2403 |     4.3127 |          1.8490 |           10185
52:12 |   932 |     1.172e-06 |     6.9381 |         42.4504 |     4.3850 |          1.8539 |           10185
52:27 |   933 |     1.172e-06 |     6.9335 |         42.4057 |     4.9389 |          1.8531 |           10185
52:41 |   934 |     1.172e-06 |     6.9496 |         42.2959 |     4.5327 |          1.8508 |           10185
52:56 |   935 |     1.172e-06 |     6.9629 |         42.4659 |     4.2430 |          1.8492 |           10185
53:11 |   936 |     1.172e-06 |     6.9689 |         42.3196 |     4.2997 |          1.8487 |           10185
53:26 |   937 |     1.172e-06 |     6.9396 |         42.3582 |     4.4831 |          1.8468 |           10185
53:41 |   938 |     1.172e-06 |     6.9284 |         42.3835 |     4.3440 |          1.8469 |           10185
53:56 |   939 |     1.172e-06 |     6.9459 |         42.2391 |     5.0304 |          1.8508 |           10185
54:11 |   940 |     1.172e-06 |     6.9442 |         42.3590 |     4.3904 |          1.8521 |           10185
54:26 |   941 |     1.172e-06 |     6.9346 |         42.7189 |     4.4379 |          1.8502 |           10185
54:40 |   942 |     1.172e-06 |     6.9652 |         42.2417 |     4.5759 |          1.8522 |           10185
54:55 |   943 |     1.172e-06 |     6.9379 |         42.5978 |     4.4056 |          1.8501 |           10185
55:10 |   944 |     1.172e-06 |     6.9491 |         42.2849 |     4.3070 |          1.8470 |           10185
55:25 |   945 |     1.172e-06 |     6.9681 |         42.2647 |     4.3307 |          1.8492 |           10185
55:40 |   946 |     1.172e-06 |     6.9269 |         42.4749 |     4.2728 |          1.8484 |           10185
55:55 |   947 |     1.172e-06 |     6.9393 |         42.3041 |     4.3618 |          1.8488 |           10185
56:10 |   948 |     1.172e-06 |     6.9396 |         42.3176 |     4.5572 |          1.8471 |           10185
56:25 |   949 |     1.172e-06 |     6.9245 |         42.3321 |     4.2240 |          1.8473 |           10185
56:39 |   950 |     1.172e-06 |     6.9574 |         42.4546 |     4.3170 |          1.8477 |           10185
56:54 |   951 |     1.172e-06 |     6.9143 |         42.2299 |     4.2655 |          1.8497 |           10185
57:09 |   952 |     1.172e-06 |     6.9045 |         42.1845 |     4.8691 |          1.8535 |           10185
57:24 |   953 |     1.172e-06 |     6.9344 |         42.3196 |     4.9967 |          1.8519 |           10185
57:39 |   954 |     1.172e-06 |     6.9316 |         42.3502 |     4.3201 |          1.8458 |           10185
57:54 |   955 |     1.172e-06 |     6.9411 |         42.9304 |     4.7540 |          1.8469 |           10185
58:09 |   956 |     1.172e-06 |     6.9445 |         42.2075 |     4.5184 |          1.8475 |           10185
58:24 |   957 |     1.172e-06 |     6.9253 |         42.1373 |     4.7205 |          1.8469 |           10185
58:38 |   958 |     1.172e-06 |     6.9389 |         42.2626 |     5.2691 |          1.8485 |           10185
58:53 |   959 |     1.172e-06 |     6.9614 |         42.2631 |     4.4509 |          1.8471 |           10185
59:08 |   960 |     1.172e-06 |     6.9127 |         42.2226 |     4.3682 |          1.8484 |           10185
59:23 |   961 |     1.172e-06 |     6.9260 |         42.1734 |     4.3682 |          1.8466 |           10185
59:38 |   962 |     1.172e-06 |     6.9057 |         42.3549 |     4.4030 |          1.8452 |           10185
59:53 |   963 |     1.172e-06 |     6.9168 |         42.3409 |     4.2616 |          1.8461 |           10185
00:08 |   964 |     1.172e-06 |     6.9332 |         42.3662 |     4.2744 |          1.8468 |           10185
00:23 |   965 |     1.172e-06 |     6.9000 |         42.3055 |     4.5141 |          1.8517 |           10185
00:37 |   966 |     1.172e-06 |     6.9323 |         42.8026 |     4.7661 |          1.8452 |           10185
00:52 |   967 |     1.172e-06 |     6.9531 |         42.8623 |     4.5817 |          1.8430 |           10185
01:07 |   968 |     1.172e-06 |     6.9142 |         42.4281 |     4.2486 |          1.8465 |           10185
